destination_unit_id,destination_name,date,year,month,municipality_count_expected,municipalities_observed_hotel_overnights,complete_outcome_scope,first_analysis_anchor,anchor_precision,membership_continuity_assumed,causal_ready,hotel_overnights,hotel_arrivals,domestic_overnights,foreign_overnights,assumed_active_component_count,assumed_base_member,post_first_entry,event_time_months,log_overnights,treatment_status_basis,outcome_scope_status,source_id
anniviers_magic_portfolio,Anniviers Magic Pass portfolio,2013-01-01,2013,1,1,1,True,2017-11-01,exact_product_validity_date,True,False,23413.0,4760.0,5322.0,18091.0,0,False,False,-58,10.061089413039618,entry_plus_no_exit_continuity_assumption; documented exits override after last active month,approved_complete_observed_municipal_scope,DERIVED_REVIEWED_DESTINATION_PANEL
anniviers_magic_portfolio,Anniviers Magic Pass portfolio,2013-02-01,2013,2,1,1,True,2017-11-01,exact_product_validity_date,True,False,19656.0,4744.0,5382.0,14274.0,0,False,False,-57,9.8861887879578,entry_plus_no_exit_continuity_assumption; documented exits override after last active month,approved_complete_observed_municipal_scope,DERIVED_REVIEWED_DESTINATION_PANEL
anniviers_magic_portfolio,Anniviers Magic Pass portfolio,2013-03-01,2013,3,1,1,True,2017-11-01,exact_product_validity_date,True,False,22339.0,5506.0,5124.0,17215.0,0,False,False,-56,10.014134072623191,entry_plus_no_exit_continuity_assumption; documented exits override after last active month,approved_complete_observed_municipal_scope,DERIVED_REVIEWED_DESTINATION_PANEL
anniviers_magic_portfolio,Anniviers Magic Pass portfolio,2013-04-01,2013,4,1,1,True,2017-11-01,exact_product_validity_date,True,False,8980.0,1385.0,1224.0,7756.0,0,False,False,-55,9.10286651367095,entry_plus_no_exit_continuity_assumption; documented exits override after last active month,approved_complete_observed_municipal_scope,DERIVED_REVIEWED_DESTINATION_PANEL
anniviers_magic_portfolio,Anniviers Magic Pass portfolio,2013-05-01,2013,5,1,1,True,2017-11-01,exact_product_validity_date,True,False,242.0,143.0,161.0,81.0,0,False,False,-54,5.493061443340548,entry_plus_no_exit_continuity_assumption; documented exits override after last active month,approved_complete_observed_municipal_scope,DERIVED_REVIEWED_DESTINATION_PANEL
anniviers_magic_portfolio,Anniviers Magic Pass portfolio,2013-06-01,2013,6,1,1,True,2017-11-01,exact_product_validity_date,True,False,6354.0,1794.0,1690.0,4664.0,0,False,False,-53,8.756997183623554,entry_plus_no_exit_continuity_assumption; documented exits override after last active month,approved_complete_observed_municipal_scope,DERIVED_REVIEWED_DESTINATION_PANEL
anniviers_magic_portfolio,Anniviers Magic Pass portfolio,2013-07-01,2013,7,1,1,True,2017-11-01,exact_product_validity_date,True,False,20083.0,5651.0,4558.0,15525.0,0,False,False,-52,9.907678757154596,entry_plus_no_exit_continuity_assumption; documented exits override after last active month,approved_complete_observed_municipal_scope,DERIVED_REVIEWED_DESTINATION_PANEL
anniviers_magic_portfolio,Anniviers Magic Pass portfolio,2013-08-01,2013,8,1,1,True,2017-11-01,exact_product_validity_date,True,False,24812.0,6803.0,5979.0,18833.0,0,False,False,-51,10.119122988360017,entry_plus_no_exit_continuity_assumption; documented exits override after last active month,approved_complete_observed_municipal_scope,DERIVED_REVIEWED_DESTINATION_PANEL
anniviers_magic_portfolio,Anniviers Magic Pass portfolio,2013-09-01,2013,9,1,1,True,2017-11-01,exact_product_validity_date,True,False,7849.0,3418.0,4074.0,3775.0,0,False,False,-50,8.968268810776454,entry_plus_no_exit_continuity_assumption; documented exits override after last active month,approved_complete_observed_municipal_scope,DERIVED_REVIEWED_DESTINATION_PANEL
anniviers_magic_portfolio,Anniviers Magic Pass portfolio,2013-10-01,2013,10,1,1,True,2017-11-01,exact_product_validity_date,True,False,1167.0,800.0,960.0,207.0,0,False,False,-49,7.0630481633881725,entry_plus_no_exit_continuity_assumption; documented exits override after last active month,approved_complete_observed_municipal_scope,DERIVED_REVIEWED_DESTINATION_PANEL
anniviers_magic_portfolio,Anniviers Magic Pass portfolio,2013-11-01,2013,11,1,1,True,2017-11-01,exact_product_validity_date,True,False,1772.0,886.0,1363.0,409.0,0,False,False,-48,7.480428306074208,entry_plus_no_exit_continuity_assumption; documented exits override after last active month,approved_complete_observed_municipal_scope,DERIVED_REVIEWED_DESTINATION_PANEL
anniviers_magic_portfolio,Anniviers Magic Pass portfolio,2013-12-01,2013,12,1,1,True,2017-11-01,exact_product_validity_date,True,False,15274.0,3604.0,4455.0,10819.0,0,False,False,-47,9.633972784039797,entry_plus_no_exit_continuity_assumption; documented exits override after last active month,approved_complete_observed_municipal_scope,DERIVED_REVIEWED_DESTINATION_PANEL
anniviers_magic_portfolio,Anniviers Magic Pass portfolio,2014-01-01,2014,1,1,1,True,2017-11-01,exact_product_validity_date,True,False,19112.0,4637.0,5699.0,13413.0,0,False,False,-46,9.858124010784598,entry_plus_no_exit_continuity_assumption; documented exits override after last active month,approved_complete_observed_municipal_scope,DERIVED_REVIEWED_DESTINATION_PANEL
anniviers_magic_portfolio,Anniviers Magic Pass portfolio,2014-02-01,2014,2,1,1,True,2017-11-01,exact_product_validity_date,True,False,17613.0,4452.0,5736.0,11877.0,0,False,False,-45,9.776449319365405,entry_plus_no_exit_continuity_assumption; documented exits override after last active month,approved_complete_observed_municipal_scope,DERIVED_REVIEWED_DESTINATION_PANEL
anniviers_magic_portfolio,Anniviers Magic Pass portfolio,2014-03-01,2014,3,1,1,True,2017-11-01,exact_product_validity_date,True,False,21796.0,5716.0,6052.0,15744.0,0,False,False,-44,9.989527624628513,entry_plus_no_exit_continuity_assumption; documented exits override after last active month,approved_complete_observed_municipal_scope,DERIVED_REVIEWED_DESTINATION_PANEL
anniviers_magic_portfolio,Anniviers Magic Pass portfolio,2014-04-01,2014,4,1,1,True,2017-11-01,exact_product_validity_date,True,False,10323.0,3302.0,1906.0,8417.0,0,False,False,-43,9.242226560838505,entry_plus_no_exit_continuity_assumption; documented exits override after last active month,approved_complete_observed_municipal_scope,DERIVED_REVIEWED_DESTINATION_PANEL
anniviers_magic_portfolio,Anniviers Magic Pass portfolio,2014-05-01,2014,5,1,1,True,2017-11-01,exact_product_validity_date,True,False,194.0,137.0,156.0,38.0,0,False,False,-42,5.272999558563747,entry_plus_no_exit_continuity_assumption; documented exits override after last active month,approved_complete_observed_municipal_scope,DERIVED_REVIEWED_DESTINATION_PANEL
anniviers_magic_portfolio,Anniviers Magic Pass portfolio,2014-06-01,2014,6,1,1,True,2017-11-01,exact_product_validity_date,True,False,6411.0,1954.0,1613.0,4798.0,0,False,False,-41,8.765926513729443,entry_plus_no_exit_continuity_assumption; documented exits override after last active month,approved_complete_observed_municipal_scope,DERIVED_REVIEWED_DESTINATION_PANEL
anniviers_magic_portfolio,Anniviers Magic Pass portfolio,2014-07-01,2014,7,1,1,True,2017-11-01,exact_product_validity_date,True,False,19025.0,6058.0,5400.0,13625.0,0,False,False,-40,9.853561743766402,entry_plus_no_exit_continuity_assumption; documented exits override after last active month,approved_complete_observed_municipal_scope,DERIVED_REVIEWED_DESTINATION_PANEL
anniviers_magic_portfolio,Anniviers Magic Pass portfolio,2014-08-01,2014,8,1,1,True,2017-11-01,exact_product_validity_date,True,False,23596.0,6853.0,7182.0,16414.0,0,False,False,-39,10.068874864289374,entry_plus_no_exit_continuity_assumption; documented exits override after last active month,approved_complete_observed_municipal_scope,DERIVED_REVIEWED_DESTINATION_PANEL
anniviers_magic_portfolio,Anniviers Magic Pass portfolio,2014-09-01,2014,9,1,1,True,2017-11-01,exact_product_validity_date,True,False,6957.0,3503.0,3333.0,3624.0,0,False,False,-38,8.847647355711887,entry_plus_no_exit_continuity_assumption; documented exits override after last active month,approved_complete_observed_municipal_scope,DERIVED_REVIEWED_DESTINATION_PANEL
anniviers_magic_portfolio,Anniviers Magic Pass portfolio,2014-10-01,2014,10,1,1,True,2017-11-01,exact_product_validity_date,True,False,1487.0,963.0,1204.0,283.0,0,False,False,-37,7.305188215393037,entry_plus_no_exit_continuity_assumption; documented exits override after last active month,approved_complete_observed_municipal_scope,DERIVED_REVIEWED_DESTINATION_PANEL
anniviers_magic_portfolio,Anniviers Magic Pass portfolio,2014-11-01,2014,11,1,1,True,2017-11-01,exact_product_validity_date,True,False,915.0,413.0,820.0,95.0,0,False,False,-36,6.82001636467413,entry_plus_no_exit_continuity_assumption; documented exits override after last active month,approved_complete_observed_municipal_scope,DERIVED_REVIEWED_DESTINATION_PANEL
anniviers_magic_portfolio,Anniviers Magic Pass portfolio,2014-12-01,2014,12,1,1,True,2017-11-01,exact_product_validity_date,True,False,15193.0,3816.0,4246.0,10947.0,0,False,False,-35,9.628655892063167,entry_plus_no_exit_continuity_assumption; documented exits override after last active month,approved_complete_observed_municipal_scope,DERIVED_REVIEWED_DESTINATION_PANEL
anniviers_magic_portfolio,Anniviers Magic Pass portfolio,2015-01-01,2015,1,1,1,True,2017-11-01,exact_product_validity_date,True,False,17497.0,4317.0,4481.0,13016.0,0,False,False,-34,9.76984186766621,entry_plus_no_exit_continuity_assumption; documented exits override after last active month,approved_complete_observed_municipal_scope,DERIVED_REVIEWED_DESTINATION_PANEL
anniviers_magic_portfolio,Anniviers Magic Pass portfolio,2015-02-01,2015,2,1,1,True,2017-11-01,exact_product_validity_date,True,False,21803.0,5796.0,7542.0,14261.0,0,False,False,-33,9.989848718184172,entry_plus_no_exit_continuity_assumption; documented exits override after last active month,approved_complete_observed_municipal_scope,DERIVED_REVIEWED_DESTINATION_PANEL
anniviers_magic_portfolio,Anniviers Magic Pass portfolio,2015-03-01,2015,3,1,1,True,2017-11-01,exact_product_validity_date,True,False,18123.0,4495.0,5422.0,12701.0,0,False,False,-32,9.804992305787028,entry_plus_no_exit_continuity_assumption; documented exits override after last active month,approved_complete_observed_municipal_scope,DERIVED_REVIEWED_DESTINATION_PANEL
anniviers_magic_portfolio,Anniviers Magic Pass portfolio,2015-04-01,2015,4,1,1,True,2017-11-01,exact_product_validity_date,True,False,10158.0,2369.0,2150.0,8008.0,0,False,False,-31,9.226115291091546,entry_plus_no_exit_continuity_assumption; documented exits override after last active month,approved_complete_observed_municipal_scope,DERIVED_REVIEWED_DESTINATION_PANEL
anniviers_magic_portfolio,Anniviers Magic Pass portfolio,2015-05-01,2015,5,1,1,True,2017-11-01,exact_product_validity_date,True,False,173.0,122.0,128.0,45.0,0,False,False,-30,5.159055299214529,entry_plus_no_exit_continuity_assumption; documented exits override after last active month,approved_complete_observed_municipal_scope,DERIVED_REVIEWED_DESTINATION_PANEL
anniviers_magic_portfolio,Anniviers Magic Pass portfolio,2015-06-01,2015,6,1,1,True,2017-11-01,exact_product_validity_date,True,False,5676.0,1913.0,1452.0,4224.0,0,False,False,-29,8.644178203170727,entry_plus_no_exit_continuity_assumption; documented exits override after last active month,approved_complete_observed_municipal_scope,DERIVED_REVIEWED_DESTINATION_PANEL
anniviers_magic_portfolio,Anniviers Magic Pass portfolio,2015-07-01,2015,7,1,1,True,2017-11-01,exact_product_validity_date,True,False,17272.0,5712.0,4769.0,12503.0,0,False,False,-28,9.756899867693285,entry_plus_no_exit_continuity_assumption; documented exits override after last active month,approved_complete_observed_municipal_scope,DERIVED_REVIEWED_DESTINATION_PANEL
anniviers_magic_portfolio,Anniviers Magic Pass portfolio,2015-08-01,2015,8,1,1,True,2017-11-01,exact_product_validity_date,True,False,18351.0,5964.0,5581.0,12770.0,0,False,False,-27,9.817493839369153,entry_plus_no_exit_continuity_assumption; documented exits override after last active month,approved_complete_observed_municipal_scope,DERIVED_REVIEWED_DESTINATION_PANEL
anniviers_magic_portfolio,Anniviers Magic Pass portfolio,2015-09-01,2015,9,1,1,True,2017-11-01,exact_product_validity_date,True,False,6555.0,3152.0,3022.0,3533.0,0,False,False,-26,8.78813593986372,entry_plus_no_exit_continuity_assumption; documented exits override after last active month,approved_complete_observed_municipal_scope,DERIVED_REVIEWED_DESTINATION_PANEL
anniviers_magic_portfolio,Anniviers Magic Pass portfolio,2015-10-01,2015,10,1,1,True,2017-11-01,exact_product_validity_date,True,False,1617.0,1006.0,1446.0,171.0,0,False,False,-25,7.388946097618437,entry_plus_no_exit_continuity_assumption; documented exits override after last active month,approved_complete_observed_municipal_scope,DERIVED_REVIEWED_DESTINATION_PANEL
anniviers_magic_portfolio,Anniviers Magic Pass portfolio,2015-11-01,2015,11,1,1,True,2017-11-01,exact_product_validity_date,True,False,1259.0,475.0,884.0,375.0,0,False,False,-24,7.138866999945524,entry_plus_no_exit_continuity_assumption; documented exits override after last active month,approved_complete_observed_municipal_scope,DERIVED_REVIEWED_DESTINATION_PANEL
anniviers_magic_portfolio,Anniviers Magic Pass portfolio,2015-12-01,2015,12,1,1,True,2017-11-01,exact_product_validity_date,True,False,15937.0,4039.0,4618.0,11319.0,0,False,False,-23,9.676461473957694,entry_plus_no_exit_continuity_assumption; documented exits override after last active month,approved_complete_observed_municipal_scope,DERIVED_REVIEWED_DESTINATION_PANEL
anniviers_magic_portfolio,Anniviers Magic Pass portfolio,2016-01-01,2016,1,1,1,True,2017-11-01,exact_product_validity_date,True,False,17754.0,4979.0,5543.0,12211.0,0,False,False,-22,9.784422445377189,entry_plus_no_exit_continuity_assumption; documented exits override after last active month,approved_complete_observed_municipal_scope,DERIVED_REVIEWED_DESTINATION_PANEL
anniviers_magic_portfolio,Anniviers Magic Pass portfolio,2016-02-01,2016,2,1,1,True,2017-11-01,exact_product_validity_date,True,False,20853.0,5454.0,7322.0,13531.0,0,False,False,-21,9.945301055349539,entry_plus_no_exit_continuity_assumption; documented exits override after last active month,approved_complete_observed_municipal_scope,DERIVED_REVIEWED_DESTINATION_PANEL
anniviers_magic_portfolio,Anniviers Magic Pass portfolio,2016-03-01,2016,3,1,1,True,2017-11-01,exact_product_validity_date,True,False,19666.0,5563.0,6140.0,13526.0,0,False,False,-20,9.886697383228654,entry_plus_no_exit_continuity_assumption; documented exits override after last active month,approved_complete_observed_municipal_scope,DERIVED_REVIEWED_DESTINATION_PANEL
anniviers_magic_portfolio,Anniviers Magic Pass portfolio,2016-04-01,2016,4,1,1,True,2017-11-01,exact_product_validity_date,True,False,5654.0,1389.0,1254.0,4400.0,0,False,False,-19,8.640295388550221,entry_plus_no_exit_continuity_assumption; documented exits override after last active month,approved_complete_observed_municipal_scope,DERIVED_REVIEWED_DESTINATION_PANEL
anniviers_magic_portfolio,Anniviers Magic Pass portfolio,2016-05-01,2016,5,1,1,True,2017-11-01,exact_product_validity_date,True,False,268.0,172.0,214.0,54.0,0,False,False,-18,5.594711379601839,entry_plus_no_exit_continuity_assumption; documented exits override after last active month,approved_complete_observed_municipal_scope,DERIVED_REVIEWED_DESTINATION_PANEL
anniviers_magic_portfolio,Anniviers Magic Pass portfolio,2016-06-01,2016,6,1,1,True,2017-11-01,exact_product_validity_date,True,False,5338.0,1829.0,1213.0,4125.0,0,False,False,-17,8.582793648500186,entry_plus_no_exit_continuity_assumption; documented exits override after last active month,approved_complete_observed_municipal_scope,DERIVED_REVIEWED_DESTINATION_PANEL
anniviers_magic_portfolio,Anniviers Magic Pass portfolio,2016-07-01,2016,7,1,1,True,2017-11-01,exact_product_validity_date,True,False,20376.0,6084.0,5917.0,14459.0,0,False,False,-16,9.922162092800937,entry_plus_no_exit_continuity_assumption; documented exits override after last active month,approved_complete_observed_municipal_scope,DERIVED_REVIEWED_DESTINATION_PANEL
anniviers_magic_portfolio,Anniviers Magic Pass portfolio,2016-08-01,2016,8,1,1,True,2017-11-01,exact_product_validity_date,True,False,17967.0,6562.0,5712.0,12255.0,0,False,False,-15,9.796347676978224,entry_plus_no_exit_continuity_assumption; documented exits override after last active month,approved_complete_observed_municipal_scope,DERIVED_REVIEWED_DESTINATION_PANEL
anniviers_magic_portfolio,Anniviers Magic Pass portfolio,2016-09-01,2016,9,1,1,True,2017-11-01,exact_product_validity_date,True,False,8234.0,3948.0,3581.0,4653.0,0,False,False,-14,9.016148642611741,entry_plus_no_exit_continuity_assumption; documented exits override after last active month,approved_complete_observed_municipal_scope,DERIVED_REVIEWED_DESTINATION_PANEL
anniviers_magic_portfolio,Anniviers Magic Pass portfolio,2016-10-01,2016,10,1,1,True,2017-11-01,exact_product_validity_date,True,False,1847.0,1130.0,1545.0,302.0,0,False,False,-13,7.521859252201629,entry_plus_no_exit_continuity_assumption; documented exits override after last active month,approved_complete_observed_municipal_scope,DERIVED_REVIEWED_DESTINATION_PANEL
anniviers_magic_portfolio,Anniviers Magic Pass portfolio,2016-11-01,2016,11,1,1,True,2017-11-01,exact_product_validity_date,True,False,2667.0,1121.0,1972.0,695.0,0,False,False,-12,7.889084407035514,entry_plus_no_exit_continuity_assumption; documented exits override after last active month,approved_complete_observed_municipal_scope,DERIVED_REVIEWED_DESTINATION_PANEL
anniviers_magic_portfolio,Anniviers Magic Pass portfolio,2016-12-01,2016,12,1,1,True,2017-11-01,exact_product_validity_date,True,False,12669.0,3659.0,3886.0,8783.0,0,False,False,-11,9.446992273315185,entry_plus_no_exit_continuity_assumption; documented exits override after last active month,approved_complete_observed_municipal_scope,DERIVED_REVIEWED_DESTINATION_PANEL
anniviers_magic_portfolio,Anniviers Magic Pass portfolio,2017-01-01,2017,1,1,1,True,2017-11-01,exact_product_validity_date,True,False,16324.0,3967.0,4785.0,11539.0,0,False,False,-10,9.700452954144632,entry_plus_no_exit_continuity_assumption; documented exits override after last active month,approved_complete_observed_municipal_scope,DERIVED_REVIEWED_DESTINATION_PANEL
anniviers_magic_portfolio,Anniviers Magic Pass portfolio,2017-02-01,2017,2,1,1,True,2017-11-01,exact_product_validity_date,True,False,18069.0,5174.0,7455.0,10614.0,0,False,False,-9,9.802008383586275,entry_plus_no_exit_continuity_assumption; documented exits override after last active month,approved_complete_observed_municipal_scope,DERIVED_REVIEWED_DESTINATION_PANEL
anniviers_magic_portfolio,Anniviers Magic Pass portfolio,2017-03-01,2017,3,1,1,True,2017-11-01,exact_product_validity_date,True,False,19237.0,5057.0,5512.0,13725.0,0,False,False,-8,9.86464276871256,entry_plus_no_exit_continuity_assumption; documented exits override after last active month,approved_complete_observed_municipal_scope,DERIVED_REVIEWED_DESTINATION_PANEL
anniviers_magic_portfolio,Anniviers Magic Pass portfolio,2017-04-01,2017,4,1,1,True,2017-11-01,exact_product_validity_date,True,False,9817.0,2443.0,2241.0,7576.0,0,False,False,-7,9.191972714617998,entry_plus_no_exit_continuity_assumption; documented exits override after last active month,approved_complete_observed_municipal_scope,DERIVED_REVIEWED_DESTINATION_PANEL
anniviers_magic_portfolio,Anniviers Magic Pass portfolio,2017-05-01,2017,5,1,1,True,2017-11-01,exact_product_validity_date,True,False,253.0,156.0,218.0,35.0,0,False,False,-6,5.537334267018537,entry_plus_no_exit_continuity_assumption; documented exits override after last active month,approved_complete_observed_municipal_scope,DERIVED_REVIEWED_DESTINATION_PANEL
anniviers_magic_portfolio,Anniviers Magic Pass portfolio,2017-06-01,2017,6,1,1,True,2017-11-01,exact_product_validity_date,True,False,5749.0,1964.0,1540.0,4209.0,0,False,False,-5,8.656955133791396,entry_plus_no_exit_continuity_assumption; documented exits override after last active month,approved_complete_observed_municipal_scope,DERIVED_REVIEWED_DESTINATION_PANEL
anniviers_magic_portfolio,Anniviers Magic Pass portfolio,2017-07-01,2017,7,1,1,True,2017-11-01,exact_product_validity_date,True,False,20722.0,6585.0,5434.0,15288.0,0,False,False,-4,9.938999473537487,entry_plus_no_exit_continuity_assumption; documented exits override after last active month,approved_complete_observed_municipal_scope,DERIVED_REVIEWED_DESTINATION_PANEL
anniviers_magic_portfolio,Anniviers Magic Pass portfolio,2017-08-01,2017,8,1,1,True,2017-11-01,exact_product_validity_date,True,False,20918.0,7161.0,5901.0,15017.0,0,False,False,-3,9.948413115889121,entry_plus_no_exit_continuity_assumption; documented exits override after last active month,approved_complete_observed_municipal_scope,DERIVED_REVIEWED_DESTINATION_PANEL
anniviers_magic_portfolio,Anniviers Magic Pass portfolio,2017-09-01,2017,9,1,1,True,2017-11-01,exact_product_validity_date,True,False,8028.0,4035.0,3763.0,4265.0,0,False,False,-2,8.990815266184685,entry_plus_no_exit_continuity_assumption; documented exits override after last active month,approved_complete_observed_municipal_scope,DERIVED_REVIEWED_DESTINATION_PANEL
anniviers_magic_portfolio,Anniviers Magic Pass portfolio,2017-10-01,2017,10,1,1,True,2017-11-01,exact_product_validity_date,True,False,2177.0,1329.0,1841.0,336.0,0,False,False,-1,7.686162303492906,entry_plus_no_exit_continuity_assumption; documented exits override after last active month,approved_complete_observed_municipal_scope,DERIVED_REVIEWED_DESTINATION_PANEL
anniviers_magic_portfolio,Anniviers Magic Pass portfolio,2017-11-01,2017,11,1,1,True,2017-11-01,exact_product_validity_date,True,False,2412.0,1042.0,2070.0,342.0,2,True,True,0,7.7886260656250315,entry_plus_no_exit_continuity_assumption; documented exits override after last active month,approved_complete_observed_municipal_scope,DERIVED_REVIEWED_DESTINATION_PANEL
anniviers_magic_portfolio,Anniviers Magic Pass portfolio,2017-12-01,2017,12,1,1,True,2017-11-01,exact_product_validity_date,True,False,15428.0,5450.0,5856.0,9572.0,2,True,True,1,9.644004134443026,entry_plus_no_exit_continuity_assumption; documented exits override after last active month,approved_complete_observed_municipal_scope,DERIVED_REVIEWED_DESTINATION_PANEL
anniviers_magic_portfolio,Anniviers Magic Pass portfolio,2018-01-01,2018,1,1,1,True,2017-11-01,exact_product_validity_date,True,False,18997.0,5565.0,7287.0,11710.0,2,True,True,2,9.852088989450127,entry_plus_no_exit_continuity_assumption; documented exits override after last active month,approved_complete_observed_municipal_scope,DERIVED_REVIEWED_DESTINATION_PANEL
anniviers_magic_portfolio,Anniviers Magic Pass portfolio,2018-02-01,2018,2,1,1,True,2017-11-01,exact_product_validity_date,True,False,25159.0,7216.0,20895.0,4264.0,2,True,True,3,10.133010710814377,entry_plus_no_exit_continuity_assumption; documented exits override after last active month,approved_complete_observed_municipal_scope,DERIVED_REVIEWED_DESTINATION_PANEL
anniviers_magic_portfolio,Anniviers Magic Pass portfolio,2018-03-01,2018,3,1,1,True,2017-11-01,exact_product_validity_date,True,False,22594.0,7455.0,7945.0,14649.0,2,True,True,4,10.02548392184538,entry_plus_no_exit_continuity_assumption; documented exits override after last active month,approved_complete_observed_municipal_scope,DERIVED_REVIEWED_DESTINATION_PANEL
anniviers_magic_portfolio,Anniviers Magic Pass portfolio,2018-04-01,2018,4,1,1,True,2017-11-01,exact_product_validity_date,True,False,10766.0,2663.0,3373.0,7393.0,2,True,True,5,9.284241179815718,entry_plus_no_exit_continuity_assumption; documented exits override after last active month,approved_complete_observed_municipal_scope,DERIVED_REVIEWED_DESTINATION_PANEL
anniviers_magic_portfolio,Anniviers Magic Pass portfolio,2018-05-01,2018,5,1,1,True,2017-11-01,exact_product_validity_date,True,False,266.0,164.0,210.0,56.0,2,True,True,6,5.58724865840025,entry_plus_no_exit_continuity_assumption; documented exits override after last active month,approved_complete_observed_municipal_scope,DERIVED_REVIEWED_DESTINATION_PANEL
anniviers_magic_portfolio,Anniviers Magic Pass portfolio,2018-06-01,2018,6,1,1,True,2017-11-01,exact_product_validity_date,True,False,5896.0,2012.0,1489.0,4407.0,2,True,True,7,8.682199026000504,entry_plus_no_exit_continuity_assumption; documented exits override after last active month,approved_complete_observed_municipal_scope,DERIVED_REVIEWED_DESTINATION_PANEL
anniviers_magic_portfolio,Anniviers Magic Pass portfolio,2018-07-01,2018,7,1,1,True,2017-11-01,exact_product_validity_date,True,False,22111.0,6770.0,5403.0,16708.0,2,True,True,8,10.003875726567397,entry_plus_no_exit_continuity_assumption; documented exits override after last active month,approved_complete_observed_municipal_scope,DERIVED_REVIEWED_DESTINATION_PANEL
anniviers_magic_portfolio,Anniviers Magic Pass portfolio,2018-08-01,2018,8,1,1,True,2017-11-01,exact_product_validity_date,True,False,22062.0,7846.0,6893.0,15169.0,2,True,True,9,10.001657276308372,entry_plus_no_exit_continuity_assumption; documented exits override after last active month,approved_complete_observed_municipal_scope,DERIVED_REVIEWED_DESTINATION_PANEL
anniviers_magic_portfolio,Anniviers Magic Pass portfolio,2018-09-01,2018,9,1,1,True,2017-11-01,exact_product_validity_date,True,False,9820.0,4748.0,4728.0,5092.0,2,True,True,10,9.192278229157774,entry_plus_no_exit_continuity_assumption; documented exits override after last active month,approved_complete_observed_municipal_scope,DERIVED_REVIEWED_DESTINATION_PANEL
anniviers_magic_portfolio,Anniviers Magic Pass portfolio,2018-10-01,2018,10,1,1,True,2017-11-01,exact_product_validity_date,True,False,2219.0,1389.0,1865.0,354.0,2,True,True,11,7.705262474866325,entry_plus_no_exit_continuity_assumption; documented exits override after last active month,approved_complete_observed_municipal_scope,DERIVED_REVIEWED_DESTINATION_PANEL
anniviers_magic_portfolio,Anniviers Magic Pass portfolio,2018-11-01,2018,11,1,1,True,2017-11-01,exact_product_validity_date,True,False,1091.0,477.0,959.0,132.0,2,True,True,12,6.9957661563048505,entry_plus_no_exit_continuity_assumption; documented exits override after last active month,approved_complete_observed_municipal_scope,DERIVED_REVIEWED_DESTINATION_PANEL
anniviers_magic_portfolio,Anniviers Magic Pass portfolio,2018-12-01,2018,12,1,1,True,2017-11-01,exact_product_validity_date,True,False,16466.0,5289.0,6131.0,10335.0,2,True,True,13,9.709113657218,entry_plus_no_exit_continuity_assumption; documented exits override after last active month,approved_complete_observed_municipal_scope,DERIVED_REVIEWED_DESTINATION_PANEL
anniviers_magic_portfolio,Anniviers Magic Pass portfolio,2019-01-01,2019,1,1,1,True,2017-11-01,exact_product_validity_date,True,False,20657.0,5688.0,7661.0,12996.0,2,True,True,14,9.935857932566579,entry_plus_no_exit_continuity_assumption; documented exits override after last active month,approved_complete_observed_municipal_scope,DERIVED_REVIEWED_DESTINATION_PANEL
anniviers_magic_portfolio,Anniviers Magic Pass portfolio,2019-02-01,2019,2,1,1,True,2017-11-01,exact_product_validity_date,True,False,19271.0,5587.0,8414.0,10857.0,2,True,True,15,9.866408544294707,entry_plus_no_exit_continuity_assumption; documented exits override after last active month,approved_complete_observed_municipal_scope,DERIVED_REVIEWED_DESTINATION_PANEL
anniviers_magic_portfolio,Anniviers Magic Pass portfolio,2019-03-01,2019,3,1,1,True,2017-11-01,exact_product_validity_date,True,False,23322.0,6148.0,8998.0,14324.0,2,True,True,16,10.057195277130344,entry_plus_no_exit_continuity_assumption; documented exits override after last active month,approved_complete_observed_municipal_scope,DERIVED_REVIEWED_DESTINATION_PANEL
anniviers_magic_portfolio,Anniviers Magic Pass portfolio,2019-04-01,2019,4,1,1,True,2017-11-01,exact_product_validity_date,True,False,13119.0,2779.0,3917.0,9202.0,2,True,True,17,9.48189306249808,entry_plus_no_exit_continuity_assumption; documented exits override after last active month,approved_complete_observed_municipal_scope,DERIVED_REVIEWED_DESTINATION_PANEL
anniviers_magic_portfolio,Anniviers Magic Pass portfolio,2019-05-01,2019,5,1,1,True,2017-11-01,exact_product_validity_date,True,False,318.0,196.0,227.0,91.0,2,True,True,18,5.765191102784844,entry_plus_no_exit_continuity_assumption; documented exits override after last active month,approved_complete_observed_municipal_scope,DERIVED_REVIEWED_DESTINATION_PANEL
anniviers_magic_portfolio,Anniviers Magic Pass portfolio,2019-06-01,2019,6,1,1,True,2017-11-01,exact_product_validity_date,True,False,8152.0,2231.0,1933.0,6219.0,2,True,True,19,9.006141236662911,entry_plus_no_exit_continuity_assumption; documented exits override after last active month,approved_complete_observed_municipal_scope,DERIVED_REVIEWED_DESTINATION_PANEL
anniviers_magic_portfolio,Anniviers Magic Pass portfolio,2019-07-01,2019,7,1,1,True,2017-11-01,exact_product_validity_date,True,False,20853.0,6730.0,5865.0,14988.0,2,True,True,20,9.945301055349539,entry_plus_no_exit_continuity_assumption; documented exits override after last active month,approved_complete_observed_municipal_scope,DERIVED_REVIEWED_DESTINATION_PANEL
anniviers_magic_portfolio,Anniviers Magic Pass portfolio,2019-08-01,2019,8,1,1,True,2017-11-01,exact_product_validity_date,True,False,22011.0,8021.0,6547.0,15464.0,2,True,True,21,9.99934303817965,entry_plus_no_exit_continuity_assumption; documented exits override after last active month,approved_complete_observed_municipal_scope,DERIVED_REVIEWED_DESTINATION_PANEL
anniviers_magic_portfolio,Anniviers Magic Pass portfolio,2019-09-01,2019,9,1,1,True,2017-11-01,exact_product_validity_date,True,False,8687.0,4246.0,3618.0,5069.0,2,True,True,22,9.069698042173716,entry_plus_no_exit_continuity_assumption; documented exits override after last active month,approved_complete_observed_municipal_scope,DERIVED_REVIEWED_DESTINATION_PANEL
anniviers_magic_portfolio,Anniviers Magic Pass portfolio,2019-10-01,2019,10,1,1,True,2017-11-01,exact_product_validity_date,True,False,4749.0,1698.0,1960.0,2789.0,2,True,True,23,8.465899897028686,entry_plus_no_exit_continuity_assumption; documented exits override after last active month,approved_complete_observed_municipal_scope,DERIVED_REVIEWED_DESTINATION_PANEL
anniviers_magic_portfolio,Anniviers Magic Pass portfolio,2019-11-01,2019,11,1,1,True,2017-11-01,exact_product_validity_date,True,False,3116.0,1223.0,2548.0,568.0,2,True,True,24,8.044626279767337,entry_plus_no_exit_continuity_assumption; documented exits override after last active month,approved_complete_observed_municipal_scope,DERIVED_REVIEWED_DESTINATION_PANEL
anniviers_magic_portfolio,Anniviers Magic Pass portfolio,2019-12-01,2019,12,1,1,True,2017-11-01,exact_product_validity_date,True,False,17442.0,5167.0,6066.0,11376.0,2,True,True,25,9.766693701018134,entry_plus_no_exit_continuity_assumption; documented exits override after last active month,approved_complete_observed_municipal_scope,DERIVED_REVIEWED_DESTINATION_PANEL
anniviers_magic_portfolio,Anniviers Magic Pass portfolio,2020-01-01,2020,1,1,1,True,2017-11-01,exact_product_validity_date,True,False,21058.0,5884.0,7808.0,13250.0,2,True,True,26,9.955083301179778,entry_plus_no_exit_continuity_assumption; documented exits override after last active month,approved_complete_observed_municipal_scope,DERIVED_REVIEWED_DESTINATION_PANEL
anniviers_magic_portfolio,Anniviers Magic Pass portfolio,2020-02-01,2020,2,1,1,True,2017-11-01,exact_product_validity_date,True,False,23572.0,5837.0,9848.0,13724.0,2,True,True,27,10.067857268271947,entry_plus_no_exit_continuity_assumption; documented exits override after last active month,approved_complete_observed_municipal_scope,DERIVED_REVIEWED_DESTINATION_PANEL
anniviers_magic_portfolio,Anniviers Magic Pass portfolio,2020-03-01,2020,3,1,1,True,2017-11-01,exact_product_validity_date,True,False,8708.0,2269.0,3600.0,5108.0,2,True,True,28,9.07211225269274,entry_plus_no_exit_continuity_assumption; documented exits override after last active month,approved_complete_observed_municipal_scope,DERIVED_REVIEWED_DESTINATION_PANEL
anniviers_magic_portfolio,Anniviers Magic Pass portfolio,2020-04-01,2020,4,1,0,False,2017-11-01,exact_product_validity_date,True,False,,,,,2,True,True,29,,entry_plus_no_exit_continuity_assumption; documented exits override after last active month,approved_complete_observed_municipal_scope,DERIVED_REVIEWED_DESTINATION_PANEL
anniviers_magic_portfolio,Anniviers Magic Pass portfolio,2020-05-01,2020,5,1,1,True,2017-11-01,exact_product_validity_date,True,False,391.0,263.0,385.0,6.0,2,True,True,30,5.971261839790462,entry_plus_no_exit_continuity_assumption; documented exits override after last active month,approved_complete_observed_municipal_scope,DERIVED_REVIEWED_DESTINATION_PANEL
anniviers_magic_portfolio,Anniviers Magic Pass portfolio,2020-06-01,2020,6,1,1,True,2017-11-01,exact_product_validity_date,True,False,2942.0,1732.0,2697.0,245.0,2,True,True,31,7.987184748233473,entry_plus_no_exit_continuity_assumption; documented exits override after last active month,approved_complete_observed_municipal_scope,DERIVED_REVIEWED_DESTINATION_PANEL
anniviers_magic_portfolio,Anniviers Magic Pass portfolio,2020-07-01,2020,7,1,1,True,2017-11-01,exact_product_validity_date,True,False,20224.0,7226.0,10240.0,9984.0,2,True,True,32,9.914674741926692,entry_plus_no_exit_continuity_assumption; documented exits override after last active month,approved_complete_observed_municipal_scope,DERIVED_REVIEWED_DESTINATION_PANEL
anniviers_magic_portfolio,Anniviers Magic Pass portfolio,2020-08-01,2020,8,1,1,True,2017-11-01,exact_product_validity_date,True,False,18048.0,7149.0,9955.0,8093.0,2,True,True,33,9.800845560564248,entry_plus_no_exit_continuity_assumption; documented exits override after last active month,approved_complete_observed_municipal_scope,DERIVED_REVIEWED_DESTINATION_PANEL
anniviers_magic_portfolio,Anniviers Magic Pass portfolio,2020-09-01,2020,9,1,1,True,2017-11-01,exact_product_validity_date,True,False,8246.0,4673.0,7187.0,1059.0,2,True,True,34,9.017604776833355,entry_plus_no_exit_continuity_assumption; documented exits override after last active month,approved_complete_observed_municipal_scope,DERIVED_REVIEWED_DESTINATION_PANEL
anniviers_magic_portfolio,Anniviers Magic Pass portfolio,2020-10-01,2020,10,1,1,True,2017-11-01,exact_product_validity_date,True,False,3067.0,1625.0,2886.0,181.0,2,True,True,35,8.028781162487148,entry_plus_no_exit_continuity_assumption; documented exits override after last active month,approved_complete_observed_municipal_scope,DERIVED_REVIEWED_DESTINATION_PANEL
anniviers_magic_portfolio,Anniviers Magic Pass portfolio,2020-11-01,2020,11,1,0,False,2017-11-01,exact_product_validity_date,True,False,,,,,2,True,True,36,,entry_plus_no_exit_continuity_assumption; documented exits override after last active month,approved_complete_observed_municipal_scope,DERIVED_REVIEWED_DESTINATION_PANEL
anniviers_magic_portfolio,Anniviers Magic Pass portfolio,2020-12-01,2020,12,1,1,True,2017-11-01,exact_product_validity_date,True,False,7904.0,3663.0,6814.0,1090.0,2,True,True,37,8.975250749643573,entry_plus_no_exit_continuity_assumption; documented exits override after last active month,approved_complete_observed_municipal_scope,DERIVED_REVIEWED_DESTINATION_PANEL
anniviers_magic_portfolio,Anniviers Magic Pass portfolio,2021-01-01,2021,1,1,1,True,2017-11-01,exact_product_validity_date,True,False,8860.0,4071.0,7401.0,1459.0,2,True,True,38,9.089414904047302,entry_plus_no_exit_continuity_assumption; documented exits override after last active month,approved_complete_observed_municipal_scope,DERIVED_REVIEWED_DESTINATION_PANEL
anniviers_magic_portfolio,Anniviers Magic Pass portfolio,2021-02-01,2021,2,1,1,True,2017-11-01,exact_product_validity_date,True,False,13790.0,6109.0,12809.0,981.0,2,True,True,39,9.531771484474337,entry_plus_no_exit_continuity_assumption; documented exits override after last active month,approved_complete_observed_municipal_scope,DERIVED_REVIEWED_DESTINATION_PANEL
anniviers_magic_portfolio,Anniviers Magic Pass portfolio,2021-03-01,2021,3,1,1,True,2017-11-01,exact_product_validity_date,True,False,13041.0,6354.0,12231.0,810.0,2,True,True,40,9.475930197953147,entry_plus_no_exit_continuity_assumption; documented exits override after last active month,approved_complete_observed_municipal_scope,DERIVED_REVIEWED_DESTINATION_PANEL
anniviers_magic_portfolio,Anniviers Magic Pass portfolio,2021-04-01,2021,4,1,1,True,2017-11-01,exact_product_validity_date,True,False,6797.0,3680.0,6344.0,453.0,2,True,True,41,8.824383730256061,entry_plus_no_exit_continuity_assumption; documented exits override after last active month,approved_complete_observed_municipal_scope,DERIVED_REVIEWED_DESTINATION_PANEL
anniviers_magic_portfolio,Anniviers Magic Pass portfolio,2021-05-01,2021,5,1,1,True,2017-11-01,exact_product_validity_date,True,False,857.0,491.0,734.0,123.0,2,True,True,42,6.754604099487962,entry_plus_no_exit_continuity_assumption; documented exits override after last active month,approved_complete_observed_municipal_scope,DERIVED_REVIEWED_DESTINATION_PANEL
anniviers_magic_portfolio,Anniviers Magic Pass portfolio,2021-06-01,2021,6,1,1,True,2017-11-01,exact_product_validity_date,True,False,3082.0,1770.0,2818.0,264.0,2,True,True,43,8.03365842788615,entry_plus_no_exit_continuity_assumption; documented exits override after last active month,approved_complete_observed_municipal_scope,DERIVED_REVIEWED_DESTINATION_PANEL
anniviers_magic_portfolio,Anniviers Magic Pass portfolio,2021-07-01,2021,7,1,1,True,2017-11-01,exact_product_validity_date,True,False,19067.0,6737.0,8137.0,10930.0,2,True,True,44,9.855766816324715,entry_plus_no_exit_continuity_assumption; documented exits override after last active month,approved_complete_observed_municipal_scope,DERIVED_REVIEWED_DESTINATION_PANEL
anniviers_magic_portfolio,Anniviers Magic Pass portfolio,2021-08-01,2021,8,1,1,True,2017-11-01,exact_product_validity_date,True,False,20066.0,8232.0,9715.0,10351.0,2,True,True,45,9.906831953786519,entry_plus_no_exit_continuity_assumption; documented exits override after last active month,approved_complete_observed_municipal_scope,DERIVED_REVIEWED_DESTINATION_PANEL
anniviers_magic_portfolio,Anniviers Magic Pass portfolio,2021-09-01,2021,9,1,1,True,2017-11-01,exact_product_validity_date,True,False,11076.0,5099.0,5871.0,5205.0,2,True,True,46,9.312626165516933,entry_plus_no_exit_continuity_assumption; documented exits override after last active month,approved_complete_observed_municipal_scope,DERIVED_REVIEWED_DESTINATION_PANEL
anniviers_magic_portfolio,Anniviers Magic Pass portfolio,2021-10-01,2021,10,1,1,True,2017-11-01,exact_product_validity_date,True,False,5106.0,3034.0,4633.0,473.0,2,True,True,47,8.538367426647644,entry_plus_no_exit_continuity_assumption; documented exits override after last active month,approved_complete_observed_municipal_scope,DERIVED_REVIEWED_DESTINATION_PANEL
anniviers_magic_portfolio,Anniviers Magic Pass portfolio,2021-11-01,2021,11,1,1,True,2017-11-01,exact_product_validity_date,True,False,3123.0,1338.0,2830.0,293.0,2,True,True,48,8.046869510959576,entry_plus_no_exit_continuity_assumption; documented exits override after last active month,approved_complete_observed_municipal_scope,DERIVED_REVIEWED_DESTINATION_PANEL
anniviers_magic_portfolio,Anniviers Magic Pass portfolio,2021-12-01,2021,12,1,1,True,2017-11-01,exact_product_validity_date,True,False,10291.0,3669.0,6631.0,3660.0,2,True,True,49,9.239122173401634,entry_plus_no_exit_continuity_assumption; documented exits override after last active month,approved_complete_observed_municipal_scope,DERIVED_REVIEWED_DESTINATION_PANEL
anniviers_magic_portfolio,Anniviers Magic Pass portfolio,2022-01-01,2022,1,1,1,True,2017-11-01,exact_product_validity_date,True,False,14374.0,5797.0,11912.0,2462.0,2,True,True,50,9.573245865665552,entry_plus_no_exit_continuity_assumption; documented exits override after last active month,approved_complete_observed_municipal_scope,DERIVED_REVIEWED_DESTINATION_PANEL
anniviers_magic_portfolio,Anniviers Magic Pass portfolio,2022-02-01,2022,2,1,1,True,2017-11-01,exact_product_validity_date,True,False,19856.0,6450.0,11640.0,8216.0,2,True,True,51,9.896311868787032,entry_plus_no_exit_continuity_assumption; documented exits override after last active month,approved_complete_observed_municipal_scope,DERIVED_REVIEWED_DESTINATION_PANEL
anniviers_magic_portfolio,Anniviers Magic Pass portfolio,2022-03-01,2022,3,1,1,True,2017-11-01,exact_product_validity_date,True,False,21119.0,6310.0,9335.0,11784.0,2,True,True,52,9.957975737820197,entry_plus_no_exit_continuity_assumption; documented exits override after last active month,approved_complete_observed_municipal_scope,DERIVED_REVIEWED_DESTINATION_PANEL
anniviers_magic_portfolio,Anniviers Magic Pass portfolio,2022-04-01,2022,4,1,1,True,2017-11-01,exact_product_validity_date,True,False,8401.0,3662.0,4774.0,3627.0,2,True,True,53,9.036225051729327,entry_plus_no_exit_continuity_assumption; documented exits override after last active month,approved_complete_observed_municipal_scope,DERIVED_REVIEWED_DESTINATION_PANEL
anniviers_magic_portfolio,Anniviers Magic Pass portfolio,2022-05-01,2022,5,1,1,True,2017-11-01,exact_product_validity_date,True,False,1217.0,609.0,525.0,692.0,2,True,True,54,7.1049654482698426,entry_plus_no_exit_continuity_assumption; documented exits override after last active month,approved_complete_observed_municipal_scope,DERIVED_REVIEWED_DESTINATION_PANEL
anniviers_magic_portfolio,Anniviers Magic Pass portfolio,2022-06-01,2022,6,1,1,True,2017-11-01,exact_product_validity_date,True,False,6714.0,2194.0,2033.0,4681.0,2,True,True,55,8.812099108957337,entry_plus_no_exit_continuity_assumption; documented exits override after last active month,approved_complete_observed_municipal_scope,DERIVED_REVIEWED_DESTINATION_PANEL
anniviers_magic_portfolio,Anniviers Magic Pass portfolio,2022-07-01,2022,7,1,1,True,2017-11-01,exact_product_validity_date,True,False,23096.0,7433.0,7084.0,16012.0,2,True,True,56,10.047458017946159,entry_plus_no_exit_continuity_assumption; documented exits override after last active month,approved_complete_observed_municipal_scope,DERIVED_REVIEWED_DESTINATION_PANEL
anniviers_magic_portfolio,Anniviers Magic Pass portfolio,2022-08-01,2022,8,1,1,True,2017-11-01,exact_product_validity_date,True,False,24830.0,8220.0,7785.0,17045.0,2,True,True,57,10.119848151553505,entry_plus_no_exit_continuity_assumption; documented exits override after last active month,approved_complete_observed_municipal_scope,DERIVED_REVIEWED_DESTINATION_PANEL
anniviers_magic_portfolio,Anniviers Magic Pass portfolio,2022-09-01,2022,9,1,1,True,2017-11-01,exact_product_validity_date,True,False,8853.0,4458.0,4759.0,4094.0,2,True,True,58,9.088624613292087,entry_plus_no_exit_continuity_assumption; documented exits override after last active month,approved_complete_observed_municipal_scope,DERIVED_REVIEWED_DESTINATION_PANEL
anniviers_magic_portfolio,Anniviers Magic Pass portfolio,2022-10-01,2022,10,1,1,True,2017-11-01,exact_product_validity_date,True,False,3890.0,2456.0,3500.0,390.0,2,True,True,59,8.266421472984554,entry_plus_no_exit_continuity_assumption; documented exits override after last active month,approved_complete_observed_municipal_scope,DERIVED_REVIEWED_DESTINATION_PANEL
anniviers_magic_portfolio,Anniviers Magic Pass portfolio,2022-11-01,2022,11,1,1,True,2017-11-01,exact_product_validity_date,True,False,2226.0,1162.0,2036.0,190.0,2,True,True,60,7.708410667257367,entry_plus_no_exit_continuity_assumption; documented exits override after last active month,approved_complete_observed_municipal_scope,DERIVED_REVIEWED_DESTINATION_PANEL
anniviers_magic_portfolio,Anniviers Magic Pass portfolio,2022-12-01,2022,12,1,1,True,2017-11-01,exact_product_validity_date,True,False,17483.0,5726.0,7591.0,9892.0,2,True,True,61,9.769041455983205,entry_plus_no_exit_continuity_assumption; documented exits override after last active month,approved_complete_observed_municipal_scope,DERIVED_REVIEWED_DESTINATION_PANEL
anniviers_magic_portfolio,Anniviers Magic Pass portfolio,2023-01-01,2023,1,1,1,True,2017-11-01,exact_product_validity_date,True,False,24923.0,6289.0,12070.0,12853.0,2,True,True,62,10.123586473664112,entry_plus_no_exit_continuity_assumption; documented exits override after last active month,approved_complete_observed_municipal_scope,DERIVED_REVIEWED_DESTINATION_PANEL
anniviers_magic_portfolio,Anniviers Magic Pass portfolio,2023-02-01,2023,2,1,1,True,2017-11-01,exact_product_validity_date,True,False,27596.0,8130.0,14047.0,13549.0,2,True,True,63,10.225462350145268,entry_plus_no_exit_continuity_assumption; documented exits override after last active month,approved_complete_observed_municipal_scope,DERIVED_REVIEWED_DESTINATION_PANEL
anniviers_magic_portfolio,Anniviers Magic Pass portfolio,2023-03-01,2023,3,1,1,True,2017-11-01,exact_product_validity_date,True,False,21809.0,6979.0,9888.0,11921.0,2,True,True,64,9.990123859195675,entry_plus_no_exit_continuity_assumption; documented exits override after last active month,approved_complete_observed_municipal_scope,DERIVED_REVIEWED_DESTINATION_PANEL
anniviers_magic_portfolio,Anniviers Magic Pass portfolio,2023-04-01,2023,4,1,1,True,2017-11-01,exact_product_validity_date,True,False,12804.0,3940.0,5201.0,7603.0,2,True,True,65,9.457590998633625,entry_plus_no_exit_continuity_assumption; documented exits override after last active month,approved_complete_observed_municipal_scope,DERIVED_REVIEWED_DESTINATION_PANEL
anniviers_magic_portfolio,Anniviers Magic Pass portfolio,2023-05-01,2023,5,1,1,True,2017-11-01,exact_product_validity_date,True,False,1658.0,893.0,967.0,691.0,2,True,True,66,7.413970290190444,entry_plus_no_exit_continuity_assumption; documented exits override after last active month,approved_complete_observed_municipal_scope,DERIVED_REVIEWED_DESTINATION_PANEL
anniviers_magic_portfolio,Anniviers Magic Pass portfolio,2023-06-01,2023,6,1,1,True,2017-11-01,exact_product_validity_date,True,False,7249.0,2389.0,2447.0,4802.0,2,True,True,67,8.88875674784872,entry_plus_no_exit_continuity_assumption; documented exits override after last active month,approved_complete_observed_municipal_scope,DERIVED_REVIEWED_DESTINATION_PANEL
anniviers_magic_portfolio,Anniviers Magic Pass portfolio,2023-07-01,2023,7,1,1,True,2017-11-01,exact_product_validity_date,True,False,25152.0,8601.0,7525.0,17627.0,2,True,True,68,10.132732452708314,entry_plus_no_exit_continuity_assumption; documented exits override after last active month,approved_complete_observed_municipal_scope,DERIVED_REVIEWED_DESTINATION_PANEL
anniviers_magic_portfolio,Anniviers Magic Pass portfolio,2023-08-01,2023,8,1,1,True,2017-11-01,exact_product_validity_date,True,False,22668.0,7670.0,7557.0,15111.0,2,True,True,69,10.028753631368525,entry_plus_no_exit_continuity_assumption; documented exits override after last active month,approved_complete_observed_municipal_scope,DERIVED_REVIEWED_DESTINATION_PANEL
anniviers_magic_portfolio,Anniviers Magic Pass portfolio,2023-09-01,2023,9,1,1,True,2017-11-01,exact_product_validity_date,True,False,9029.0,5119.0,5522.0,3507.0,2,True,True,70,9.108307646411031,entry_plus_no_exit_continuity_assumption; documented exits override after last active month,approved_complete_observed_municipal_scope,DERIVED_REVIEWED_DESTINATION_PANEL
anniviers_magic_portfolio,Anniviers Magic Pass portfolio,2023-10-01,2023,10,1,1,True,2017-11-01,exact_product_validity_date,True,False,4737.0,2686.0,4202.0,535.0,2,True,True,71,8.463370384718731,entry_plus_no_exit_continuity_assumption; documented exits override after last active month,approved_complete_observed_municipal_scope,DERIVED_REVIEWED_DESTINATION_PANEL
anniviers_magic_portfolio,Anniviers Magic Pass portfolio,2023-11-01,2023,11,1,1,True,2017-11-01,exact_product_validity_date,True,False,1562.0,852.0,1388.0,174.0,2,True,True,72,7.354362330421477,entry_plus_no_exit_continuity_assumption; documented exits override after last active month,approved_complete_observed_municipal_scope,DERIVED_REVIEWED_DESTINATION_PANEL
anniviers_magic_portfolio,Anniviers Magic Pass portfolio,2023-12-01,2023,12,1,1,True,2017-11-01,exact_product_validity_date,True,False,12715.0,4784.0,6699.0,6016.0,2,True,True,73,9.450616322030694,entry_plus_no_exit_continuity_assumption; documented exits override after last active month,approved_complete_observed_municipal_scope,DERIVED_REVIEWED_DESTINATION_PANEL
anniviers_magic_portfolio,Anniviers Magic Pass portfolio,2024-01-01,2024,1,1,1,True,2017-11-01,exact_product_validity_date,True,False,23093.0,7456.0,11523.0,11570.0,2,True,True,74,10.047328122511802,entry_plus_no_exit_continuity_assumption; documented exits override after last active month,approved_complete_observed_municipal_scope,DERIVED_REVIEWED_DESTINATION_PANEL
anniviers_magic_portfolio,Anniviers Magic Pass portfolio,2024-02-01,2024,2,1,1,True,2017-11-01,exact_product_validity_date,True,False,27953.0,7994.0,13659.0,14294.0,2,True,True,75,10.238315581044851,entry_plus_no_exit_continuity_assumption; documented exits override after last active month,approved_complete_observed_municipal_scope,DERIVED_REVIEWED_DESTINATION_PANEL
anniviers_magic_portfolio,Anniviers Magic Pass portfolio,2024-03-01,2024,3,1,1,True,2017-11-01,exact_product_validity_date,True,False,24074.0,8377.0,12024.0,12050.0,2,True,True,76,10.088929236666326,entry_plus_no_exit_continuity_assumption; documented exits override after last active month,approved_complete_observed_municipal_scope,DERIVED_REVIEWED_DESTINATION_PANEL
anniviers_magic_portfolio,Anniviers Magic Pass portfolio,2024-04-01,2024,4,1,1,True,2017-11-01,exact_product_validity_date,True,False,10628.0,2914.0,3956.0,6672.0,2,True,True,77,9.271341393533582,entry_plus_no_exit_continuity_assumption; documented exits override after last active month,approved_complete_observed_municipal_scope,DERIVED_REVIEWED_DESTINATION_PANEL
anniviers_magic_portfolio,Anniviers Magic Pass portfolio,2024-05-01,2024,5,1,1,True,2017-11-01,exact_product_validity_date,True,False,1107.0,566.0,653.0,454.0,2,True,True,78,7.010311867307229,entry_plus_no_exit_continuity_assumption; documented exits override after last active month,approved_complete_observed_municipal_scope,DERIVED_REVIEWED_DESTINATION_PANEL
anniviers_magic_portfolio,Anniviers Magic Pass portfolio,2024-06-01,2024,6,1,1,True,2017-11-01,exact_product_validity_date,True,False,7264.0,2236.0,1614.0,5650.0,2,True,True,79,8.890823576004383,entry_plus_no_exit_continuity_assumption; documented exits override after last active month,approved_complete_observed_municipal_scope,DERIVED_REVIEWED_DESTINATION_PANEL
anniviers_magic_portfolio,Anniviers Magic Pass portfolio,2024-07-01,2024,7,1,1,True,2017-11-01,exact_product_validity_date,True,False,22772.0,7639.0,5622.0,17150.0,2,True,True,80,10.033330902684877,entry_plus_no_exit_continuity_assumption; documented exits override after last active month,approved_complete_observed_municipal_scope,DERIVED_REVIEWED_DESTINATION_PANEL
anniviers_magic_portfolio,Anniviers Magic Pass portfolio,2024-08-01,2024,8,1,1,True,2017-11-01,exact_product_validity_date,True,False,24867.0,8428.0,8215.0,16652.0,2,True,True,81,10.121337115389228,entry_plus_no_exit_continuity_assumption; documented exits override after last active month,approved_complete_observed_municipal_scope,DERIVED_REVIEWED_DESTINATION_PANEL
anniviers_magic_portfolio,Anniviers Magic Pass portfolio,2024-09-01,2024,9,1,1,True,2017-11-01,exact_product_validity_date,True,False,9097.0,4838.0,4624.0,4473.0,2,True,True,82,9.115809888129949,entry_plus_no_exit_continuity_assumption; documented exits override after last active month,approved_complete_observed_municipal_scope,DERIVED_REVIEWED_DESTINATION_PANEL
anniviers_magic_portfolio,Anniviers Magic Pass portfolio,2024-10-01,2024,10,1,1,True,2017-11-01,exact_product_validity_date,True,False,3552.0,2187.0,3091.0,461.0,2,True,True,83,8.175547596021026,entry_plus_no_exit_continuity_assumption; documented exits override after last active month,approved_complete_observed_municipal_scope,DERIVED_REVIEWED_DESTINATION_PANEL
anniviers_magic_portfolio,Anniviers Magic Pass portfolio,2024-11-01,2024,11,1,1,True,2017-11-01,exact_product_validity_date,True,False,1592.0,912.0,1413.0,179.0,2,True,True,84,7.373374309910049,entry_plus_no_exit_continuity_assumption; documented exits override after last active month,approved_complete_observed_municipal_scope,DERIVED_REVIEWED_DESTINATION_PANEL
anniviers_magic_portfolio,Anniviers Magic Pass portfolio,2024-12-01,2024,12,1,1,True,2017-11-01,exact_product_validity_date,True,False,14740.0,4981.0,7690.0,7050.0,2,True,True,85,9.598388006047278,entry_plus_no_exit_continuity_assumption; documented exits override after last active month,approved_complete_observed_municipal_scope,DERIVED_REVIEWED_DESTINATION_PANEL
anniviers_magic_portfolio,Anniviers Magic Pass portfolio,2025-01-01,2025,1,1,1,True,2017-11-01,exact_product_validity_date,True,False,21371.0,7705.0,11882.0,9489.0,2,True,True,86,9.969836933077662,entry_plus_no_exit_continuity_assumption; documented exits override after last active month,approved_complete_observed_municipal_scope,DERIVED_REVIEWED_DESTINATION_PANEL
anniviers_magic_portfolio,Anniviers Magic Pass portfolio,2025-02-01,2025,2,1,1,True,2017-11-01,exact_product_validity_date,True,False,26236.0,7681.0,13488.0,12748.0,2,True,True,87,10.174925907253643,entry_plus_no_exit_continuity_assumption; documented exits override after last active month,approved_complete_observed_municipal_scope,DERIVED_REVIEWED_DESTINATION_PANEL
anniviers_magic_portfolio,Anniviers Magic Pass portfolio,2025-03-01,2025,3,1,1,True,2017-11-01,exact_product_validity_date,True,False,22933.0,7925.0,11872.0,11061.0,2,True,True,88,10.04037580459825,entry_plus_no_exit_continuity_assumption; documented exits override after last active month,approved_complete_observed_municipal_scope,DERIVED_REVIEWED_DESTINATION_PANEL
anniviers_magic_portfolio,Anniviers Magic Pass portfolio,2025-04-01,2025,4,1,1,True,2017-11-01,exact_product_validity_date,True,False,10686.0,3298.0,4379.0,6307.0,2,True,True,89,9.276783328524896,entry_plus_no_exit_continuity_assumption; documented exits override after last active month,approved_complete_observed_municipal_scope,DERIVED_REVIEWED_DESTINATION_PANEL
anniviers_magic_portfolio,Anniviers Magic Pass portfolio,2025-05-01,2025,5,1,1,True,2017-11-01,exact_product_validity_date,True,False,1122.0,544.0,654.0,468.0,2,True,True,90,7.023758954738443,entry_plus_no_exit_continuity_assumption; documented exits override after last active month,approved_complete_observed_municipal_scope,DERIVED_REVIEWED_DESTINATION_PANEL
anniviers_magic_portfolio,Anniviers Magic Pass portfolio,2025-06-01,2025,6,1,1,True,2017-11-01,exact_product_validity_date,True,False,7612.0,2716.0,2457.0,5155.0,2,True,True,91,8.937612591306213,entry_plus_no_exit_continuity_assumption; documented exits override after last active month,approved_complete_observed_municipal_scope,DERIVED_REVIEWED_DESTINATION_PANEL
anniviers_magic_portfolio,Anniviers Magic Pass portfolio,2025-07-01,2025,7,1,1,True,2017-11-01,exact_product_validity_date,True,False,21633.0,7674.0,6392.0,15241.0,2,True,True,92,9.982021430190235,entry_plus_no_exit_continuity_assumption; documented exits override after last active month,approved_complete_observed_municipal_scope,DERIVED_REVIEWED_DESTINATION_PANEL
anniviers_magic_portfolio,Anniviers Magic Pass portfolio,2025-08-01,2025,8,1,1,True,2017-11-01,exact_product_validity_date,True,False,21160.0,8856.0,7922.0,13238.0,2,True,True,93,9.959915143834772,entry_plus_no_exit_continuity_assumption; documented exits override after last active month,approved_complete_observed_municipal_scope,DERIVED_REVIEWED_DESTINATION_PANEL
anniviers_magic_portfolio,Anniviers Magic Pass portfolio,2025-09-01,2025,9,1,1,True,2017-11-01,exact_product_validity_date,True,False,9227.0,5105.0,5174.0,4053.0,2,True,True,94,9.129997619293645,entry_plus_no_exit_continuity_assumption; documented exits override after last active month,approved_complete_observed_municipal_scope,DERIVED_REVIEWED_DESTINATION_PANEL
anniviers_magic_portfolio,Anniviers Magic Pass portfolio,2025-10-01,2025,10,1,1,True,2017-11-01,exact_product_validity_date,True,False,5659.0,2663.0,3593.0,2066.0,2,True,True,95,8.641179171197228,entry_plus_no_exit_continuity_assumption; documented exits override after last active month,approved_complete_observed_municipal_scope,DERIVED_REVIEWED_DESTINATION_PANEL
anniviers_magic_portfolio,Anniviers Magic Pass portfolio,2025-11-01,2025,11,1,1,True,2017-11-01,exact_product_validity_date,True,False,1458.0,728.0,1158.0,300.0,2,True,True,96,7.285506548522785,entry_plus_no_exit_continuity_assumption; documented exits override after last active month,approved_complete_observed_municipal_scope,DERIVED_REVIEWED_DESTINATION_PANEL
anniviers_magic_portfolio,Anniviers Magic Pass portfolio,2025-12-01,2025,12,1,1,True,2017-11-01,exact_product_validity_date,True,False,15581.0,5560.0,8275.0,7306.0,2,True,True,97,9.653871680890804,entry_plus_no_exit_continuity_assumption; documented exits override after last active month,approved_complete_observed_municipal_scope,DERIVED_REVIEWED_DESTINATION_PANEL
anniviers_magic_portfolio,Anniviers Magic Pass portfolio,2026-01-01,2026,1,1,1,True,2017-11-01,exact_product_validity_date,True,False,22749.0,7570.0,12167.0,10582.0,2,True,True,98,10.032320424379096,entry_plus_no_exit_continuity_assumption; documented exits override after last active month,approved_complete_observed_municipal_scope,DERIVED_REVIEWED_DESTINATION_PANEL
anniviers_magic_portfolio,Anniviers Magic Pass portfolio,2026-02-01,2026,2,1,1,True,2017-11-01,exact_product_validity_date,True,False,25097.0,7464.0,13146.0,11951.0,2,True,True,99,10.130543440670253,entry_plus_no_exit_continuity_assumption; documented exits override after last active month,approved_complete_observed_municipal_scope,DERIVED_REVIEWED_DESTINATION_PANEL
anniviers_magic_portfolio,Anniviers Magic Pass portfolio,2026-03-01,2026,3,1,1,True,2017-11-01,exact_product_validity_date,True,False,19197.0,7269.0,11618.0,7579.0,2,True,True,100,9.862561385923483,entry_plus_no_exit_continuity_assumption; documented exits override after last active month,approved_complete_observed_municipal_scope,DERIVED_REVIEWED_DESTINATION_PANEL
anniviers_magic_portfolio,Anniviers Magic Pass portfolio,2026-04-01,2026,4,1,0,False,2017-11-01,exact_product_validity_date,True,False,,,,,2,True,True,101,,entry_plus_no_exit_continuity_assumption; documented exits override after last active month,approved_complete_observed_municipal_scope,DERIVED_REVIEWED_DESTINATION_PANEL
anniviers_magic_portfolio,Anniviers Magic Pass portfolio,2026-05-01,2026,5,1,0,False,2017-11-01,exact_product_validity_date,True,False,,,,,2,True,True,102,,entry_plus_no_exit_continuity_assumption; documented exits override after last active month,approved_complete_observed_municipal_scope,DERIVED_REVIEWED_DESTINATION_PANEL
anniviers_magic_portfolio,Anniviers Magic Pass portfolio,2026-06-01,2026,6,1,0,False,2017-11-01,exact_product_validity_date,True,False,,,,,2,True,True,103,,entry_plus_no_exit_continuity_assumption; documented exits override after last active month,approved_complete_observed_municipal_scope,DERIVED_REVIEWED_DESTINATION_PANEL
anniviers_magic_portfolio,Anniviers Magic Pass portfolio,2026-07-01,2026,7,1,0,False,2017-11-01,exact_product_validity_date,True,False,,,,,2,True,True,104,,entry_plus_no_exit_continuity_assumption; documented exits override after last active month,approved_complete_observed_municipal_scope,DERIVED_REVIEWED_DESTINATION_PANEL
anniviers_magic_portfolio,Anniviers Magic Pass portfolio,2026-08-01,2026,8,1,0,False,2017-11-01,exact_product_validity_date,True,False,,,,,2,True,True,105,,entry_plus_no_exit_continuity_assumption; documented exits override after last active month,approved_complete_observed_municipal_scope,DERIVED_REVIEWED_DESTINATION_PANEL
anniviers_magic_portfolio,Anniviers Magic Pass portfolio,2026-09-01,2026,9,1,0,False,2017-11-01,exact_product_validity_date,True,False,,,,,2,True,True,106,,entry_plus_no_exit_continuity_assumption; documented exits override after last active month,approved_complete_observed_municipal_scope,DERIVED_REVIEWED_DESTINATION_PANEL
anniviers_magic_portfolio,Anniviers Magic Pass portfolio,2026-10-01,2026,10,1,0,False,2017-11-01,exact_product_validity_date,True,False,,,,,2,True,True,107,,entry_plus_no_exit_continuity_assumption; documented exits override after last active month,approved_complete_observed_municipal_scope,DERIVED_REVIEWED_DESTINATION_PANEL
anniviers_magic_portfolio,Anniviers Magic Pass portfolio,2026-11-01,2026,11,1,0,False,2017-11-01,exact_product_validity_date,True,False,,,,,2,True,True,108,,entry_plus_no_exit_continuity_assumption; documented exits override after last active month,approved_complete_observed_municipal_scope,DERIVED_REVIEWED_DESTINATION_PANEL
anniviers_magic_portfolio,Anniviers Magic Pass portfolio,2026-12-01,2026,12,1,0,False,2017-11-01,exact_product_validity_date,True,False,,,,,2,True,True,109,,entry_plus_no_exit_continuity_assumption; documented exits override after last active month,approved_complete_observed_municipal_scope,DERIVED_REVIEWED_DESTINATION_PANEL
axalp,Axalp,2013-01-01,2013,1,1,1,True,2022-05-01,analytical_month_anchor,True,False,1489.0,471.0,1254.0,235.0,0,False,False,-112,7.306531398939505,entry_plus_no_exit_continuity_assumption; documented exits override after last active month,approved_core_municipality_proxy,DERIVED_REVIEWED_DESTINATION_PANEL
axalp,Axalp,2013-02-01,2013,2,1,1,True,2022-05-01,analytical_month_anchor,True,False,2113.0,587.0,1426.0,687.0,0,False,False,-111,7.656337166430183,entry_plus_no_exit_continuity_assumption; documented exits override after last active month,approved_core_municipality_proxy,DERIVED_REVIEWED_DESTINATION_PANEL
axalp,Axalp,2013-03-01,2013,3,1,1,True,2022-05-01,analytical_month_anchor,True,False,1324.0,772.0,1043.0,281.0,0,False,False,-110,7.1891677384203225,entry_plus_no_exit_continuity_assumption; documented exits override after last active month,approved_core_municipality_proxy,DERIVED_REVIEWED_DESTINATION_PANEL
axalp,Axalp,2013-04-01,2013,4,1,1,True,2022-05-01,analytical_month_anchor,True,False,2284.0,1664.0,1614.0,670.0,0,False,False,-109,7.734121303328305,entry_plus_no_exit_continuity_assumption; documented exits override after last active month,approved_core_municipality_proxy,DERIVED_REVIEWED_DESTINATION_PANEL
axalp,Axalp,2013-05-01,2013,5,1,1,True,2022-05-01,analytical_month_anchor,True,False,6839.0,4308.0,4732.0,2107.0,0,False,False,-108,8.830543010616596,entry_plus_no_exit_continuity_assumption; documented exits override after last active month,approved_core_municipality_proxy,DERIVED_REVIEWED_DESTINATION_PANEL
axalp,Axalp,2013-06-01,2013,6,1,1,True,2022-05-01,analytical_month_anchor,True,False,10042.0,6173.0,6341.0,3701.0,0,False,False,-107,9.21463115339334,entry_plus_no_exit_continuity_assumption; documented exits override after last active month,approved_core_municipality_proxy,DERIVED_REVIEWED_DESTINATION_PANEL
axalp,Axalp,2013-07-01,2013,7,1,1,True,2022-05-01,analytical_month_anchor,True,False,13771.0,8675.0,9817.0,3954.0,0,False,False,-106,9.530392824458414,entry_plus_no_exit_continuity_assumption; documented exits override after last active month,approved_core_municipality_proxy,DERIVED_REVIEWED_DESTINATION_PANEL
axalp,Axalp,2013-08-01,2013,8,1,1,True,2022-05-01,analytical_month_anchor,True,False,14988.0,9140.0,9138.0,5850.0,0,False,False,-105,9.615071877730596,entry_plus_no_exit_continuity_assumption; documented exits override after last active month,approved_core_municipality_proxy,DERIVED_REVIEWED_DESTINATION_PANEL
axalp,Axalp,2013-09-01,2013,9,1,1,True,2022-05-01,analytical_month_anchor,True,False,9454.0,5769.0,6214.0,3240.0,0,False,False,-104,9.154298981092557,entry_plus_no_exit_continuity_assumption; documented exits override after last active month,approved_core_municipality_proxy,DERIVED_REVIEWED_DESTINATION_PANEL
axalp,Axalp,2013-10-01,2013,10,1,1,True,2022-05-01,analytical_month_anchor,True,False,6057.0,3660.0,4514.0,1543.0,0,False,False,-103,8.709134991587183,entry_plus_no_exit_continuity_assumption; documented exits override after last active month,approved_core_municipality_proxy,DERIVED_REVIEWED_DESTINATION_PANEL
axalp,Axalp,2013-11-01,2013,11,1,1,True,2022-05-01,analytical_month_anchor,True,False,1516.0,972.0,1253.0,263.0,0,False,False,-102,7.324489979348532,entry_plus_no_exit_continuity_assumption; documented exits override after last active month,approved_core_municipality_proxy,DERIVED_REVIEWED_DESTINATION_PANEL
axalp,Axalp,2013-12-01,2013,12,1,1,True,2022-05-01,analytical_month_anchor,True,False,1353.0,617.0,884.0,469.0,0,False,False,-101,7.21081845347222,entry_plus_no_exit_continuity_assumption; documented exits override after last active month,approved_core_municipality_proxy,DERIVED_REVIEWED_DESTINATION_PANEL
axalp,Axalp,2014-01-01,2014,1,1,1,True,2022-05-01,analytical_month_anchor,True,False,1165.0,538.0,784.0,381.0,0,False,False,-100,7.061334366910438,entry_plus_no_exit_continuity_assumption; documented exits override after last active month,approved_core_municipality_proxy,DERIVED_REVIEWED_DESTINATION_PANEL
axalp,Axalp,2014-02-01,2014,2,1,1,True,2022-05-01,analytical_month_anchor,True,False,2137.0,740.0,1496.0,641.0,0,False,False,-99,7.6676260915849905,entry_plus_no_exit_continuity_assumption; documented exits override after last active month,approved_core_municipality_proxy,DERIVED_REVIEWED_DESTINATION_PANEL
axalp,Axalp,2014-03-01,2014,3,1,1,True,2022-05-01,analytical_month_anchor,True,False,1693.0,918.0,1267.0,426.0,0,False,False,-98,7.434847875211999,entry_plus_no_exit_continuity_assumption; documented exits override after last active month,approved_core_municipality_proxy,DERIVED_REVIEWED_DESTINATION_PANEL
axalp,Axalp,2014-04-01,2014,4,1,1,True,2022-05-01,analytical_month_anchor,True,False,3969.0,2841.0,2237.0,1732.0,0,False,False,-97,8.286521373681236,entry_plus_no_exit_continuity_assumption; documented exits override after last active month,approved_core_municipality_proxy,DERIVED_REVIEWED_DESTINATION_PANEL
axalp,Axalp,2014-05-01,2014,5,1,1,True,2022-05-01,analytical_month_anchor,True,False,6797.0,4657.0,4135.0,2662.0,0,False,False,-96,8.824383730256061,entry_plus_no_exit_continuity_assumption; documented exits override after last active month,approved_core_municipality_proxy,DERIVED_REVIEWED_DESTINATION_PANEL
axalp,Axalp,2014-06-01,2014,6,1,1,True,2022-05-01,analytical_month_anchor,True,False,9476.0,6014.0,5564.0,3912.0,0,False,False,-95,9.156623089470195,entry_plus_no_exit_continuity_assumption; documented exits override after last active month,approved_core_municipality_proxy,DERIVED_REVIEWED_DESTINATION_PANEL
axalp,Axalp,2014-07-01,2014,7,1,1,True,2022-05-01,analytical_month_anchor,True,False,11399.0,6859.0,7846.0,3553.0,0,False,False,-94,9.341368634382587,entry_plus_no_exit_continuity_assumption; documented exits override after last active month,approved_core_municipality_proxy,DERIVED_REVIEWED_DESTINATION_PANEL
axalp,Axalp,2014-08-01,2014,8,1,1,True,2022-05-01,analytical_month_anchor,True,False,14065.0,8147.0,8574.0,5491.0,0,False,False,-93,9.551515816867964,entry_plus_no_exit_continuity_assumption; documented exits override after last active month,approved_core_municipality_proxy,DERIVED_REVIEWED_DESTINATION_PANEL
axalp,Axalp,2014-09-01,2014,9,1,1,True,2022-05-01,analytical_month_anchor,True,False,9855.0,5697.0,6925.0,2930.0,0,False,False,-92,9.1958356857733,entry_plus_no_exit_continuity_assumption; documented exits override after last active month,approved_core_municipality_proxy,DERIVED_REVIEWED_DESTINATION_PANEL
axalp,Axalp,2014-10-01,2014,10,1,1,True,2022-05-01,analytical_month_anchor,True,False,6771.0,4448.0,5252.0,1519.0,0,False,False,-91,8.820551743253025,entry_plus_no_exit_continuity_assumption; documented exits override after last active month,approved_core_municipality_proxy,DERIVED_REVIEWED_DESTINATION_PANEL
axalp,Axalp,2014-11-01,2014,11,1,1,True,2022-05-01,analytical_month_anchor,True,False,993.0,695.0,881.0,112.0,0,False,False,-90,6.901737206656574,entry_plus_no_exit_continuity_assumption; documented exits override after last active month,approved_core_municipality_proxy,DERIVED_REVIEWED_DESTINATION_PANEL
axalp,Axalp,2014-12-01,2014,12,1,1,True,2022-05-01,analytical_month_anchor,True,False,1276.0,574.0,841.0,435.0,0,False,False,-89,7.152268856032539,entry_plus_no_exit_continuity_assumption; documented exits override after last active month,approved_core_municipality_proxy,DERIVED_REVIEWED_DESTINATION_PANEL
axalp,Axalp,2015-01-01,2015,1,1,1,True,2022-05-01,analytical_month_anchor,True,False,1515.0,458.0,1289.0,226.0,0,False,False,-88,7.323830566202317,entry_plus_no_exit_continuity_assumption; documented exits override after last active month,approved_core_municipality_proxy,DERIVED_REVIEWED_DESTINATION_PANEL
axalp,Axalp,2015-02-01,2015,2,1,1,True,2022-05-01,analytical_month_anchor,True,False,2480.0,1237.0,1587.0,893.0,0,False,False,-87,7.816416983691801,entry_plus_no_exit_continuity_assumption; documented exits override after last active month,approved_core_municipality_proxy,DERIVED_REVIEWED_DESTINATION_PANEL
axalp,Axalp,2015-03-01,2015,3,1,1,True,2022-05-01,analytical_month_anchor,True,False,1138.0,663.0,881.0,257.0,0,False,False,-86,7.037905963447182,entry_plus_no_exit_continuity_assumption; documented exits override after last active month,approved_core_municipality_proxy,DERIVED_REVIEWED_DESTINATION_PANEL
axalp,Axalp,2015-04-01,2015,4,1,1,True,2022-05-01,analytical_month_anchor,True,False,4024.0,2937.0,2366.0,1658.0,0,False,False,-85,8.300280189852664,entry_plus_no_exit_continuity_assumption; documented exits override after last active month,approved_core_municipality_proxy,DERIVED_REVIEWED_DESTINATION_PANEL
axalp,Axalp,2015-05-01,2015,5,1,1,True,2022-05-01,analytical_month_anchor,True,False,8031.0,5533.0,4257.0,3774.0,0,False,False,-84,8.99118884193151,entry_plus_no_exit_continuity_assumption; documented exits override after last active month,approved_core_municipality_proxy,DERIVED_REVIEWED_DESTINATION_PANEL
axalp,Axalp,2015-06-01,2015,6,1,1,True,2022-05-01,analytical_month_anchor,True,False,9888.0,6637.0,5975.0,3913.0,0,False,False,-83,9.19917830726999,entry_plus_no_exit_continuity_assumption; documented exits override after last active month,approved_core_municipality_proxy,DERIVED_REVIEWED_DESTINATION_PANEL
axalp,Axalp,2015-07-01,2015,7,1,1,True,2022-05-01,analytical_month_anchor,True,False,13965.0,9050.0,9219.0,4746.0,0,False,False,-82,9.54438108340598,entry_plus_no_exit_continuity_assumption; documented exits override after last active month,approved_core_municipality_proxy,DERIVED_REVIEWED_DESTINATION_PANEL
axalp,Axalp,2015-08-01,2015,8,1,1,True,2022-05-01,analytical_month_anchor,True,False,14588.0,8606.0,8735.0,5853.0,0,False,False,-81,9.588023099071895,entry_plus_no_exit_continuity_assumption; documented exits override after last active month,approved_core_municipality_proxy,DERIVED_REVIEWED_DESTINATION_PANEL
axalp,Axalp,2015-09-01,2015,9,1,1,True,2022-05-01,analytical_month_anchor,True,False,10039.0,6095.0,6566.0,3473.0,0,False,False,-80,9.214332393245721,entry_plus_no_exit_continuity_assumption; documented exits override after last active month,approved_core_municipality_proxy,DERIVED_REVIEWED_DESTINATION_PANEL
axalp,Axalp,2015-10-01,2015,10,1,1,True,2022-05-01,analytical_month_anchor,True,False,7494.0,4705.0,5204.0,2290.0,0,False,False,-79,8.921991410536698,entry_plus_no_exit_continuity_assumption; documented exits override after last active month,approved_core_municipality_proxy,DERIVED_REVIEWED_DESTINATION_PANEL
axalp,Axalp,2015-11-01,2015,11,1,1,True,2022-05-01,analytical_month_anchor,True,False,1241.0,879.0,1013.0,228.0,0,False,False,-78,7.124478262493424,entry_plus_no_exit_continuity_assumption; documented exits override after last active month,approved_core_municipality_proxy,DERIVED_REVIEWED_DESTINATION_PANEL
axalp,Axalp,2015-12-01,2015,12,1,1,True,2022-05-01,analytical_month_anchor,True,False,1109.0,611.0,869.0,240.0,0,False,False,-77,7.01211529430638,entry_plus_no_exit_continuity_assumption; documented exits override after last active month,approved_core_municipality_proxy,DERIVED_REVIEWED_DESTINATION_PANEL
axalp,Axalp,2016-01-01,2016,1,1,1,True,2022-05-01,analytical_month_anchor,True,False,843.0,406.0,705.0,138.0,0,False,False,-76,6.738152494595957,entry_plus_no_exit_continuity_assumption; documented exits override after last active month,approved_core_municipality_proxy,DERIVED_REVIEWED_DESTINATION_PANEL
axalp,Axalp,2016-02-01,2016,2,1,1,True,2022-05-01,analytical_month_anchor,True,False,2475.0,731.0,1287.0,1188.0,0,False,False,-75,7.814399633804487,entry_plus_no_exit_continuity_assumption; documented exits override after last active month,approved_core_municipality_proxy,DERIVED_REVIEWED_DESTINATION_PANEL
axalp,Axalp,2016-03-01,2016,3,1,1,True,2022-05-01,analytical_month_anchor,True,False,1278.0,739.0,996.0,282.0,0,False,False,-74,7.153833801578843,entry_plus_no_exit_continuity_assumption; documented exits override after last active month,approved_core_municipality_proxy,DERIVED_REVIEWED_DESTINATION_PANEL
axalp,Axalp,2016-04-01,2016,4,1,1,True,2022-05-01,analytical_month_anchor,True,False,3422.0,2505.0,2028.0,1394.0,0,False,False,-73,8.138272638530186,entry_plus_no_exit_continuity_assumption; documented exits override after last active month,approved_core_municipality_proxy,DERIVED_REVIEWED_DESTINATION_PANEL
axalp,Axalp,2016-05-01,2016,5,1,1,True,2022-05-01,analytical_month_anchor,True,False,7729.0,5025.0,4472.0,3257.0,0,False,False,-72,8.952864141581468,entry_plus_no_exit_continuity_assumption; documented exits override after last active month,approved_core_municipality_proxy,DERIVED_REVIEWED_DESTINATION_PANEL
axalp,Axalp,2016-06-01,2016,6,1,1,True,2022-05-01,analytical_month_anchor,True,False,8245.0,4665.0,5185.0,3060.0,0,False,False,-71,9.017483513266844,entry_plus_no_exit_continuity_assumption; documented exits override after last active month,approved_core_municipality_proxy,DERIVED_REVIEWED_DESTINATION_PANEL
axalp,Axalp,2016-07-01,2016,7,1,1,True,2022-05-01,analytical_month_anchor,True,False,13516.0,8450.0,8722.0,4794.0,0,False,False,-70,9.511703431483827,entry_plus_no_exit_continuity_assumption; documented exits override after last active month,approved_core_municipality_proxy,DERIVED_REVIEWED_DESTINATION_PANEL
axalp,Axalp,2016-08-01,2016,8,1,1,True,2022-05-01,analytical_month_anchor,True,False,14583.0,8874.0,8968.0,5615.0,0,False,False,-69,9.5876803163585,entry_plus_no_exit_continuity_assumption; documented exits override after last active month,approved_core_municipality_proxy,DERIVED_REVIEWED_DESTINATION_PANEL
axalp,Axalp,2016-09-01,2016,9,1,1,True,2022-05-01,analytical_month_anchor,True,False,9734.0,6188.0,6117.0,3617.0,0,False,False,-68,9.1834829178063,entry_plus_no_exit_continuity_assumption; documented exits override after last active month,approved_core_municipality_proxy,DERIVED_REVIEWED_DESTINATION_PANEL
axalp,Axalp,2016-10-01,2016,10,1,1,True,2022-05-01,analytical_month_anchor,True,False,6561.0,3988.0,4887.0,1674.0,0,False,False,-67,8.789050713521046,entry_plus_no_exit_continuity_assumption; documented exits override after last active month,approved_core_municipality_proxy,DERIVED_REVIEWED_DESTINATION_PANEL
axalp,Axalp,2016-11-01,2016,11,1,1,True,2022-05-01,analytical_month_anchor,True,False,1261.0,749.0,1125.0,136.0,0,False,False,-66,7.140453043101158,entry_plus_no_exit_continuity_assumption; documented exits override after last active month,approved_core_municipality_proxy,DERIVED_REVIEWED_DESTINATION_PANEL
axalp,Axalp,2016-12-01,2016,12,1,1,True,2022-05-01,analytical_month_anchor,True,False,1217.0,649.0,843.0,374.0,0,False,False,-65,7.1049654482698426,entry_plus_no_exit_continuity_assumption; documented exits override after last active month,approved_core_municipality_proxy,DERIVED_REVIEWED_DESTINATION_PANEL
axalp,Axalp,2017-01-01,2017,1,1,1,True,2022-05-01,analytical_month_anchor,True,False,892.0,449.0,711.0,181.0,0,False,False,-64,6.794586580876499,entry_plus_no_exit_continuity_assumption; documented exits override after last active month,approved_core_municipality_proxy,DERIVED_REVIEWED_DESTINATION_PANEL
axalp,Axalp,2017-02-01,2017,2,1,1,True,2022-05-01,analytical_month_anchor,True,False,1905.0,730.0,1411.0,494.0,0,False,False,-63,7.552762084214147,entry_plus_no_exit_continuity_assumption; documented exits override after last active month,approved_core_municipality_proxy,DERIVED_REVIEWED_DESTINATION_PANEL
axalp,Axalp,2017-03-01,2017,3,1,1,True,2022-05-01,analytical_month_anchor,True,False,2246.0,992.0,2046.0,200.0,0,False,False,-62,7.717351272185329,entry_plus_no_exit_continuity_assumption; documented exits override after last active month,approved_core_municipality_proxy,DERIVED_REVIEWED_DESTINATION_PANEL
axalp,Axalp,2017-04-01,2017,4,1,1,True,2022-05-01,analytical_month_anchor,True,False,4302.0,2902.0,2811.0,1491.0,0,False,False,-61,8.3670677328386,entry_plus_no_exit_continuity_assumption; documented exits override after last active month,approved_core_municipality_proxy,DERIVED_REVIEWED_DESTINATION_PANEL
axalp,Axalp,2017-05-01,2017,5,1,1,True,2022-05-01,analytical_month_anchor,True,False,7471.0,5111.0,4165.0,3306.0,0,False,False,-60,8.918917979908679,entry_plus_no_exit_continuity_assumption; documented exits override after last active month,approved_core_municipality_proxy,DERIVED_REVIEWED_DESTINATION_PANEL
axalp,Axalp,2017-06-01,2017,6,1,1,True,2022-05-01,analytical_month_anchor,True,False,10203.0,6762.0,6101.0,4102.0,0,False,False,-59,9.230535079261703,entry_plus_no_exit_continuity_assumption; documented exits override after last active month,approved_core_municipality_proxy,DERIVED_REVIEWED_DESTINATION_PANEL
axalp,Axalp,2017-07-01,2017,7,1,1,True,2022-05-01,analytical_month_anchor,True,False,14457.0,8898.0,8864.0,5593.0,0,False,False,-58,9.579003173560242,entry_plus_no_exit_continuity_assumption; documented exits override after last active month,approved_core_municipality_proxy,DERIVED_REVIEWED_DESTINATION_PANEL
axalp,Axalp,2017-08-01,2017,8,1,1,True,2022-05-01,analytical_month_anchor,True,False,14561.0,8704.0,8509.0,6052.0,0,False,False,-57,9.586170674954657,entry_plus_no_exit_continuity_assumption; documented exits override after last active month,approved_core_municipality_proxy,DERIVED_REVIEWED_DESTINATION_PANEL
axalp,Axalp,2017-09-01,2017,9,1,1,True,2022-05-01,analytical_month_anchor,True,False,10256.0,6276.0,6278.0,3978.0,0,False,False,-56,9.235715678307411,entry_plus_no_exit_continuity_assumption; documented exits override after last active month,approved_core_municipality_proxy,DERIVED_REVIEWED_DESTINATION_PANEL
axalp,Axalp,2017-10-01,2017,10,1,1,True,2022-05-01,analytical_month_anchor,True,False,8469.0,5425.0,5998.0,2471.0,0,False,False,-55,9.0442857876461,entry_plus_no_exit_continuity_assumption; documented exits override after last active month,approved_core_municipality_proxy,DERIVED_REVIEWED_DESTINATION_PANEL
axalp,Axalp,2017-11-01,2017,11,1,1,True,2022-05-01,analytical_month_anchor,True,False,1050.0,609.0,732.0,318.0,0,False,False,-54,6.957497370876951,entry_plus_no_exit_continuity_assumption; documented exits override after last active month,approved_core_municipality_proxy,DERIVED_REVIEWED_DESTINATION_PANEL
axalp,Axalp,2017-12-01,2017,12,1,1,True,2022-05-01,analytical_month_anchor,True,False,1958.0,1128.0,1192.0,766.0,0,False,False,-53,7.580189417944541,entry_plus_no_exit_continuity_assumption; documented exits override after last active month,approved_core_municipality_proxy,DERIVED_REVIEWED_DESTINATION_PANEL
axalp,Axalp,2018-01-01,2018,1,1,1,True,2022-05-01,analytical_month_anchor,True,False,2160.0,868.0,1873.0,287.0,0,False,False,-52,7.6783263565068856,entry_plus_no_exit_continuity_assumption; documented exits override after last active month,approved_core_municipality_proxy,DERIVED_REVIEWED_DESTINATION_PANEL
axalp,Axalp,2018-02-01,2018,2,1,1,True,2022-05-01,analytical_month_anchor,True,False,1810.0,729.0,1597.0,213.0,0,False,False,-51,7.501634457883413,entry_plus_no_exit_continuity_assumption; documented exits override after last active month,approved_core_municipality_proxy,DERIVED_REVIEWED_DESTINATION_PANEL
axalp,Axalp,2018-03-01,2018,3,1,1,True,2022-05-01,analytical_month_anchor,True,False,2313.0,1367.0,1930.0,383.0,0,False,False,-50,7.746732907753622,entry_plus_no_exit_continuity_assumption; documented exits override after last active month,approved_core_municipality_proxy,DERIVED_REVIEWED_DESTINATION_PANEL
axalp,Axalp,2018-04-01,2018,4,1,1,True,2022-05-01,analytical_month_anchor,True,False,4434.0,3035.0,2822.0,1612.0,0,False,False,-49,8.39728289474368,entry_plus_no_exit_continuity_assumption; documented exits override after last active month,approved_core_municipality_proxy,DERIVED_REVIEWED_DESTINATION_PANEL
axalp,Axalp,2018-05-01,2018,5,1,1,True,2022-05-01,analytical_month_anchor,True,False,7993.0,5577.0,4631.0,3362.0,0,False,False,-48,8.986446539271268,entry_plus_no_exit_continuity_assumption; documented exits override after last active month,approved_core_municipality_proxy,DERIVED_REVIEWED_DESTINATION_PANEL
axalp,Axalp,2018-06-01,2018,6,1,1,True,2022-05-01,analytical_month_anchor,True,False,11146.0,7657.0,6866.0,4280.0,0,False,False,-47,9.318925682389624,entry_plus_no_exit_continuity_assumption; documented exits override after last active month,approved_core_municipality_proxy,DERIVED_REVIEWED_DESTINATION_PANEL
axalp,Axalp,2018-07-01,2018,7,1,1,True,2022-05-01,analytical_month_anchor,True,False,15741.0,9598.0,10238.0,5503.0,0,False,False,-46,9.664087578702395,entry_plus_no_exit_continuity_assumption; documented exits override after last active month,approved_core_municipality_proxy,DERIVED_REVIEWED_DESTINATION_PANEL
axalp,Axalp,2018-08-01,2018,8,1,1,True,2022-05-01,analytical_month_anchor,True,False,14929.0,9002.0,9569.0,5360.0,0,False,False,-45,9.611127890533236,entry_plus_no_exit_continuity_assumption; documented exits override after last active month,approved_core_municipality_proxy,DERIVED_REVIEWED_DESTINATION_PANEL
axalp,Axalp,2018-09-01,2018,9,1,1,True,2022-05-01,analytical_month_anchor,True,False,10883.0,6907.0,7275.0,3608.0,0,False,False,-44,9.295049099903137,entry_plus_no_exit_continuity_assumption; documented exits override after last active month,approved_core_municipality_proxy,DERIVED_REVIEWED_DESTINATION_PANEL
axalp,Axalp,2018-10-01,2018,10,1,1,True,2022-05-01,analytical_month_anchor,True,False,8087.0,4990.0,6133.0,1954.0,0,False,False,-43,8.998136760700307,entry_plus_no_exit_continuity_assumption; documented exits override after last active month,approved_core_municipality_proxy,DERIVED_REVIEWED_DESTINATION_PANEL
axalp,Axalp,2018-11-01,2018,11,1,1,True,2022-05-01,analytical_month_anchor,True,False,1779.0,1015.0,1479.0,300.0,0,False,False,-42,7.484368643286131,entry_plus_no_exit_continuity_assumption; documented exits override after last active month,approved_core_municipality_proxy,DERIVED_REVIEWED_DESTINATION_PANEL
axalp,Axalp,2018-12-01,2018,12,1,1,True,2022-05-01,analytical_month_anchor,True,False,1240.0,705.0,928.0,312.0,0,False,False,-41,7.123672785204607,entry_plus_no_exit_continuity_assumption; documented exits override after last active month,approved_core_municipality_proxy,DERIVED_REVIEWED_DESTINATION_PANEL
axalp,Axalp,2019-01-01,2019,1,1,1,True,2022-05-01,analytical_month_anchor,True,False,1255.0,645.0,1006.0,249.0,0,False,False,-40,7.135687347028144,entry_plus_no_exit_continuity_assumption; documented exits override after last active month,approved_core_municipality_proxy,DERIVED_REVIEWED_DESTINATION_PANEL
axalp,Axalp,2019-02-01,2019,2,1,1,True,2022-05-01,analytical_month_anchor,True,False,2282.0,1156.0,1763.0,519.0,0,False,False,-39,7.733245646529795,entry_plus_no_exit_continuity_assumption; documented exits override after last active month,approved_core_municipality_proxy,DERIVED_REVIEWED_DESTINATION_PANEL
axalp,Axalp,2019-03-01,2019,3,1,1,True,2022-05-01,analytical_month_anchor,True,False,2163.0,1275.0,1619.0,544.0,0,False,False,-38,7.679713639966372,entry_plus_no_exit_continuity_assumption; documented exits override after last active month,approved_core_municipality_proxy,DERIVED_REVIEWED_DESTINATION_PANEL
axalp,Axalp,2019-04-01,2019,4,1,1,True,2022-05-01,analytical_month_anchor,True,False,4940.0,3401.0,3126.0,1814.0,0,False,False,-37,8.50532301884575,entry_plus_no_exit_continuity_assumption; documented exits override after last active month,approved_core_municipality_proxy,DERIVED_REVIEWED_DESTINATION_PANEL
axalp,Axalp,2019-05-01,2019,5,1,1,True,2022-05-01,analytical_month_anchor,True,False,7044.0,4709.0,4142.0,2902.0,0,False,False,-36,8.86007342433278,entry_plus_no_exit_continuity_assumption; documented exits override after last active month,approved_core_municipality_proxy,DERIVED_REVIEWED_DESTINATION_PANEL
axalp,Axalp,2019-06-01,2019,6,1,1,True,2022-05-01,analytical_month_anchor,True,False,11882.0,7126.0,7084.0,4798.0,0,False,False,-35,9.382864086290027,entry_plus_no_exit_continuity_assumption; documented exits override after last active month,approved_core_municipality_proxy,DERIVED_REVIEWED_DESTINATION_PANEL
axalp,Axalp,2019-07-01,2019,7,1,1,True,2022-05-01,analytical_month_anchor,True,False,15581.0,9111.0,9048.0,6533.0,0,False,False,-34,9.653871680890804,entry_plus_no_exit_continuity_assumption; documented exits override after last active month,approved_core_municipality_proxy,DERIVED_REVIEWED_DESTINATION_PANEL
axalp,Axalp,2019-08-01,2019,8,1,1,True,2022-05-01,analytical_month_anchor,True,False,14724.0,8571.0,8206.0,6518.0,0,False,False,-33,9.597302008519787,entry_plus_no_exit_continuity_assumption; documented exits override after last active month,approved_core_municipality_proxy,DERIVED_REVIEWED_DESTINATION_PANEL
axalp,Axalp,2019-09-01,2019,9,1,1,True,2022-05-01,analytical_month_anchor,True,False,10555.0,6311.0,5965.0,4590.0,0,False,False,-32,9.264449697623215,entry_plus_no_exit_continuity_assumption; documented exits override after last active month,approved_core_municipality_proxy,DERIVED_REVIEWED_DESTINATION_PANEL
axalp,Axalp,2019-10-01,2019,10,1,1,True,2022-05-01,analytical_month_anchor,True,False,7201.0,4028.0,4685.0,2516.0,0,False,False,-31,8.882114044208821,entry_plus_no_exit_continuity_assumption; documented exits override after last active month,approved_core_municipality_proxy,DERIVED_REVIEWED_DESTINATION_PANEL
axalp,Axalp,2019-11-01,2019,11,1,1,True,2022-05-01,analytical_month_anchor,True,False,1171.0,861.0,985.0,186.0,0,False,False,-30,7.066466970136958,entry_plus_no_exit_continuity_assumption; documented exits override after last active month,approved_core_municipality_proxy,DERIVED_REVIEWED_DESTINATION_PANEL
axalp,Axalp,2019-12-01,2019,12,1,1,True,2022-05-01,analytical_month_anchor,True,False,1467.0,929.0,999.0,468.0,0,False,False,-29,7.291656209174461,entry_plus_no_exit_continuity_assumption; documented exits override after last active month,approved_core_municipality_proxy,DERIVED_REVIEWED_DESTINATION_PANEL
axalp,Axalp,2020-01-01,2020,1,1,1,True,2022-05-01,analytical_month_anchor,True,False,1255.0,738.0,635.0,620.0,0,False,False,-28,7.135687347028144,entry_plus_no_exit_continuity_assumption; documented exits override after last active month,approved_core_municipality_proxy,DERIVED_REVIEWED_DESTINATION_PANEL
axalp,Axalp,2020-02-01,2020,2,1,1,True,2022-05-01,analytical_month_anchor,True,False,1708.0,643.0,1187.0,521.0,0,False,False,-27,7.443663683115591,entry_plus_no_exit_continuity_assumption; documented exits override after last active month,approved_core_municipality_proxy,DERIVED_REVIEWED_DESTINATION_PANEL
axalp,Axalp,2020-03-01,2020,3,1,1,True,2022-05-01,analytical_month_anchor,True,False,315.0,161.0,245.0,70.0,0,False,False,-26,5.755742213586912,entry_plus_no_exit_continuity_assumption; documented exits override after last active month,approved_core_municipality_proxy,DERIVED_REVIEWED_DESTINATION_PANEL
axalp,Axalp,2020-04-01,2020,4,1,1,True,2022-05-01,analytical_month_anchor,True,False,239.0,129.0,227.0,12.0,0,False,False,-25,5.480638923341991,entry_plus_no_exit_continuity_assumption; documented exits override after last active month,approved_core_municipality_proxy,DERIVED_REVIEWED_DESTINATION_PANEL
axalp,Axalp,2020-05-01,2020,5,1,1,True,2022-05-01,analytical_month_anchor,True,False,4547.0,2887.0,4506.0,41.0,0,False,False,-24,8.422442854870427,entry_plus_no_exit_continuity_assumption; documented exits override after last active month,approved_core_municipality_proxy,DERIVED_REVIEWED_DESTINATION_PANEL
axalp,Axalp,2020-06-01,2020,6,1,1,True,2022-05-01,analytical_month_anchor,True,False,7757.0,4561.0,7449.0,308.0,0,False,False,-23,8.956479847999912,entry_plus_no_exit_continuity_assumption; documented exits override after last active month,approved_core_municipality_proxy,DERIVED_REVIEWED_DESTINATION_PANEL
axalp,Axalp,2020-07-01,2020,7,1,1,True,2022-05-01,analytical_month_anchor,True,False,16244.0,8735.0,14874.0,1370.0,0,False,False,-22,9.6955404481032,entry_plus_no_exit_continuity_assumption; documented exits override after last active month,approved_core_municipality_proxy,DERIVED_REVIEWED_DESTINATION_PANEL
axalp,Axalp,2020-08-01,2020,8,1,1,True,2022-05-01,analytical_month_anchor,True,False,14402.0,8159.0,12365.0,2037.0,0,False,False,-21,9.57519179719905,entry_plus_no_exit_continuity_assumption; documented exits override after last active month,approved_core_municipality_proxy,DERIVED_REVIEWED_DESTINATION_PANEL
axalp,Axalp,2020-09-01,2020,9,1,1,True,2022-05-01,analytical_month_anchor,True,False,11956.0,6758.0,10664.0,1292.0,0,False,False,-20,9.38907215991958,entry_plus_no_exit_continuity_assumption; documented exits override after last active month,approved_core_municipality_proxy,DERIVED_REVIEWED_DESTINATION_PANEL
axalp,Axalp,2020-10-01,2020,10,1,1,True,2022-05-01,analytical_month_anchor,True,False,8018.0,4610.0,7480.0,538.0,0,False,False,-19,8.989569004807029,entry_plus_no_exit_continuity_assumption; documented exits override after last active month,approved_core_municipality_proxy,DERIVED_REVIEWED_DESTINATION_PANEL
axalp,Axalp,2020-11-01,2020,11,1,1,True,2022-05-01,analytical_month_anchor,True,False,1169.0,778.0,1115.0,54.0,0,False,False,-18,7.064759027791802,entry_plus_no_exit_continuity_assumption; documented exits override after last active month,approved_core_municipality_proxy,DERIVED_REVIEWED_DESTINATION_PANEL
axalp,Axalp,2020-12-01,2020,12,1,1,True,2022-05-01,analytical_month_anchor,True,False,1205.0,674.0,1067.0,138.0,0,False,False,-17,7.095064377287131,entry_plus_no_exit_continuity_assumption; documented exits override after last active month,approved_core_municipality_proxy,DERIVED_REVIEWED_DESTINATION_PANEL
axalp,Axalp,2021-01-01,2021,1,1,1,True,2022-05-01,analytical_month_anchor,True,False,935.0,403.0,858.0,77.0,0,False,False,-16,6.841615476477592,entry_plus_no_exit_continuity_assumption; documented exits override after last active month,approved_core_municipality_proxy,DERIVED_REVIEWED_DESTINATION_PANEL
axalp,Axalp,2021-02-01,2021,2,1,1,True,2022-05-01,analytical_month_anchor,True,False,1846.0,834.0,1803.0,43.0,0,False,False,-15,7.52131798019924,entry_plus_no_exit_continuity_assumption; documented exits override after last active month,approved_core_municipality_proxy,DERIVED_REVIEWED_DESTINATION_PANEL
axalp,Axalp,2021-03-01,2021,3,1,1,True,2022-05-01,analytical_month_anchor,True,False,1630.0,927.0,1532.0,98.0,0,False,False,-14,7.396948602621014,entry_plus_no_exit_continuity_assumption; documented exits override after last active month,approved_core_municipality_proxy,DERIVED_REVIEWED_DESTINATION_PANEL
axalp,Axalp,2021-04-01,2021,4,1,1,True,2022-05-01,analytical_month_anchor,True,False,8115.0,4751.0,7898.0,217.0,0,False,False,-13,9.001592700945706,entry_plus_no_exit_continuity_assumption; documented exits override after last active month,approved_core_municipality_proxy,DERIVED_REVIEWED_DESTINATION_PANEL
axalp,Axalp,2021-05-01,2021,5,1,1,True,2022-05-01,analytical_month_anchor,True,False,9193.0,5152.0,8785.0,408.0,0,False,False,-12,9.126306376366173,entry_plus_no_exit_continuity_assumption; documented exits override after last active month,approved_core_municipality_proxy,DERIVED_REVIEWED_DESTINATION_PANEL
axalp,Axalp,2021-06-01,2021,6,1,1,True,2022-05-01,analytical_month_anchor,True,False,10453.0,6243.0,9714.0,739.0,0,False,False,-11,9.254739959272866,entry_plus_no_exit_continuity_assumption; documented exits override after last active month,approved_core_municipality_proxy,DERIVED_REVIEWED_DESTINATION_PANEL
axalp,Axalp,2021-07-01,2021,7,1,1,True,2022-05-01,analytical_month_anchor,True,False,14208.0,7672.0,12465.0,1743.0,0,False,False,-10,9.561630845638076,entry_plus_no_exit_continuity_assumption; documented exits override after last active month,approved_core_municipality_proxy,DERIVED_REVIEWED_DESTINATION_PANEL
axalp,Axalp,2021-08-01,2021,8,1,1,True,2022-05-01,analytical_month_anchor,True,False,15627.0,8829.0,12559.0,3068.0,0,False,False,-9,9.656819456174961,entry_plus_no_exit_continuity_assumption; documented exits override after last active month,approved_core_municipality_proxy,DERIVED_REVIEWED_DESTINATION_PANEL
axalp,Axalp,2021-09-01,2021,9,1,1,True,2022-05-01,analytical_month_anchor,True,False,10824.0,6507.0,8687.0,2137.0,0,False,False,-8,9.28961355287069,entry_plus_no_exit_continuity_assumption; documented exits override after last active month,approved_core_municipality_proxy,DERIVED_REVIEWED_DESTINATION_PANEL
axalp,Axalp,2021-10-01,2021,10,1,1,True,2022-05-01,analytical_month_anchor,True,False,9072.0,5784.0,7572.0,1500.0,0,False,False,-7,9.11305824916963,entry_plus_no_exit_continuity_assumption; documented exits override after last active month,approved_core_municipality_proxy,DERIVED_REVIEWED_DESTINATION_PANEL
axalp,Axalp,2021-11-01,2021,11,1,1,True,2022-05-01,analytical_month_anchor,True,False,2050.0,1643.0,1800.0,250.0,0,False,False,-6,7.62608275807238,entry_plus_no_exit_continuity_assumption; documented exits override after last active month,approved_core_municipality_proxy,DERIVED_REVIEWED_DESTINATION_PANEL
axalp,Axalp,2021-12-01,2021,12,1,1,True,2022-05-01,analytical_month_anchor,True,False,1831.0,1053.0,1351.0,480.0,0,False,False,-5,7.513163545234075,entry_plus_no_exit_continuity_assumption; documented exits override after last active month,approved_core_municipality_proxy,DERIVED_REVIEWED_DESTINATION_PANEL
axalp,Axalp,2022-01-01,2022,1,1,1,True,2022-05-01,analytical_month_anchor,True,False,1837.0,764.0,1586.0,251.0,0,False,False,-4,7.516433302915632,entry_plus_no_exit_continuity_assumption; documented exits override after last active month,approved_core_municipality_proxy,DERIVED_REVIEWED_DESTINATION_PANEL
axalp,Axalp,2022-02-01,2022,2,1,1,True,2022-05-01,analytical_month_anchor,True,False,2775.0,1390.0,2397.0,378.0,0,False,False,-3,7.9287663216266955,entry_plus_no_exit_continuity_assumption; documented exits override after last active month,approved_core_municipality_proxy,DERIVED_REVIEWED_DESTINATION_PANEL
axalp,Axalp,2022-03-01,2022,3,1,1,True,2022-05-01,analytical_month_anchor,True,False,2486.0,1404.0,2047.0,439.0,0,False,False,-2,7.818832443803404,entry_plus_no_exit_continuity_assumption; documented exits override after last active month,approved_core_municipality_proxy,DERIVED_REVIEWED_DESTINATION_PANEL
axalp,Axalp,2022-04-01,2022,4,1,1,True,2022-05-01,analytical_month_anchor,True,False,5637.0,3391.0,4566.0,1071.0,0,False,False,-1,8.637284671674058,entry_plus_no_exit_continuity_assumption; documented exits override after last active month,approved_core_municipality_proxy,DERIVED_REVIEWED_DESTINATION_PANEL
axalp,Axalp,2022-05-01,2022,5,1,1,True,2022-05-01,analytical_month_anchor,True,False,8365.0,4646.0,5940.0,2425.0,1,True,True,0,9.031931152002144,entry_plus_no_exit_continuity_assumption; documented exits override after last active month,approved_core_municipality_proxy,DERIVED_REVIEWED_DESTINATION_PANEL
axalp,Axalp,2022-06-01,2022,6,1,1,True,2022-05-01,analytical_month_anchor,True,False,12511.0,7183.0,8292.0,4219.0,1,True,True,1,9.434443462785092,entry_plus_no_exit_continuity_assumption; documented exits override after last active month,approved_core_municipality_proxy,DERIVED_REVIEWED_DESTINATION_PANEL
axalp,Axalp,2022-07-01,2022,7,1,1,True,2022-05-01,analytical_month_anchor,True,False,17957.0,10482.0,12196.0,5761.0,1,True,True,2,9.795790977080754,entry_plus_no_exit_continuity_assumption; documented exits override after last active month,approved_core_municipality_proxy,DERIVED_REVIEWED_DESTINATION_PANEL
axalp,Axalp,2022-08-01,2022,8,1,1,True,2022-05-01,analytical_month_anchor,True,False,16729.0,9514.0,10204.0,6525.0,1,True,True,3,9.72495879398087,entry_plus_no_exit_continuity_assumption; documented exits override after last active month,approved_core_municipality_proxy,DERIVED_REVIEWED_DESTINATION_PANEL
axalp,Axalp,2022-09-01,2022,9,1,1,True,2022-05-01,analytical_month_anchor,True,False,11262.0,6562.0,6951.0,4311.0,1,True,True,4,9.329278296047697,entry_plus_no_exit_continuity_assumption; documented exits override after last active month,approved_core_municipality_proxy,DERIVED_REVIEWED_DESTINATION_PANEL
axalp,Axalp,2022-10-01,2022,10,1,1,True,2022-05-01,analytical_month_anchor,True,False,10115.0,6038.0,6967.0,3148.0,1,True,True,5,9.221873607789856,entry_plus_no_exit_continuity_assumption; documented exits override after last active month,approved_core_municipality_proxy,DERIVED_REVIEWED_DESTINATION_PANEL
axalp,Axalp,2022-11-01,2022,11,1,1,True,2022-05-01,analytical_month_anchor,True,False,2468.0,1657.0,1982.0,486.0,1,True,True,6,7.81156848934518,entry_plus_no_exit_continuity_assumption; documented exits override after last active month,approved_core_municipality_proxy,DERIVED_REVIEWED_DESTINATION_PANEL
axalp,Axalp,2022-12-01,2022,12,1,1,True,2022-05-01,analytical_month_anchor,True,False,2800.0,1637.0,1315.0,1485.0,1,True,True,7,7.937731775260109,entry_plus_no_exit_continuity_assumption; documented exits override after last active month,approved_core_municipality_proxy,DERIVED_REVIEWED_DESTINATION_PANEL
axalp,Axalp,2023-01-01,2023,1,1,1,True,2022-05-01,analytical_month_anchor,True,False,2610.0,1347.0,1807.0,803.0,1,True,True,8,7.8674885686991285,entry_plus_no_exit_continuity_assumption; documented exits override after last active month,approved_core_municipality_proxy,DERIVED_REVIEWED_DESTINATION_PANEL
axalp,Axalp,2023-02-01,2023,2,1,1,True,2022-05-01,analytical_month_anchor,True,False,4240.0,2309.0,3258.0,982.0,1,True,True,9,8.352554369474591,entry_plus_no_exit_continuity_assumption; documented exits override after last active month,approved_core_municipality_proxy,DERIVED_REVIEWED_DESTINATION_PANEL
axalp,Axalp,2023-03-01,2023,3,1,1,True,2022-05-01,analytical_month_anchor,True,False,3138.0,1932.0,2098.0,1040.0,1,True,True,10,8.051659556841953,entry_plus_no_exit_continuity_assumption; documented exits override after last active month,approved_core_municipality_proxy,DERIVED_REVIEWED_DESTINATION_PANEL
axalp,Axalp,2023-04-01,2023,4,1,1,True,2022-05-01,analytical_month_anchor,True,False,6865.0,4437.0,4239.0,2626.0,1,True,True,11,8.834336974017637,entry_plus_no_exit_continuity_assumption; documented exits override after last active month,approved_core_municipality_proxy,DERIVED_REVIEWED_DESTINATION_PANEL
axalp,Axalp,2023-05-01,2023,5,1,1,True,2022-05-01,analytical_month_anchor,True,False,10743.0,6199.0,5791.0,4952.0,1,True,True,12,9.282102738203074,entry_plus_no_exit_continuity_assumption; documented exits override after last active month,approved_core_municipality_proxy,DERIVED_REVIEWED_DESTINATION_PANEL
axalp,Axalp,2023-06-01,2023,6,1,1,True,2022-05-01,analytical_month_anchor,True,False,15113.0,8949.0,7030.0,8083.0,1,True,True,13,9.623376745580666,entry_plus_no_exit_continuity_assumption; documented exits override after last active month,approved_core_municipality_proxy,DERIVED_REVIEWED_DESTINATION_PANEL
axalp,Axalp,2023-07-01,2023,7,1,1,True,2022-05-01,analytical_month_anchor,True,False,18285.0,10585.0,10016.0,8269.0,1,True,True,14,9.813891018724371,entry_plus_no_exit_continuity_assumption; documented exits override after last active month,approved_core_municipality_proxy,DERIVED_REVIEWED_DESTINATION_PANEL
axalp,Axalp,2023-08-01,2023,8,1,1,True,2022-05-01,analytical_month_anchor,True,False,17688.0,10043.0,9281.0,8407.0,1,True,True,15,9.780698256443507,entry_plus_no_exit_continuity_assumption; documented exits override after last active month,approved_core_municipality_proxy,DERIVED_REVIEWED_DESTINATION_PANEL
axalp,Axalp,2023-09-01,2023,9,1,1,True,2022-05-01,analytical_month_anchor,True,False,15465.0,9250.0,8247.0,7218.0,1,True,True,16,9.64639934516898,entry_plus_no_exit_continuity_assumption; documented exits override after last active month,approved_core_municipality_proxy,DERIVED_REVIEWED_DESTINATION_PANEL
axalp,Axalp,2023-10-01,2023,10,1,1,True,2022-05-01,analytical_month_anchor,True,False,11662.0,7036.0,6183.0,5479.0,1,True,True,17,9.36417671669105,entry_plus_no_exit_continuity_assumption; documented exits override after last active month,approved_core_municipality_proxy,DERIVED_REVIEWED_DESTINATION_PANEL
axalp,Axalp,2023-11-01,2023,11,1,1,True,2022-05-01,analytical_month_anchor,True,False,3092.0,2193.0,1771.0,1321.0,1,True,True,18,8.03689677268507,entry_plus_no_exit_continuity_assumption; documented exits override after last active month,approved_core_municipality_proxy,DERIVED_REVIEWED_DESTINATION_PANEL
axalp,Axalp,2023-12-01,2023,12,1,1,True,2022-05-01,analytical_month_anchor,True,False,3877.0,2333.0,1737.0,2140.0,1,True,True,19,8.263074835802596,entry_plus_no_exit_continuity_assumption; documented exits override after last active month,approved_core_municipality_proxy,DERIVED_REVIEWED_DESTINATION_PANEL
axalp,Axalp,2024-01-01,2024,1,1,1,True,2022-05-01,analytical_month_anchor,True,False,2561.0,1485.0,1572.0,989.0,1,True,True,20,7.848543482456679,entry_plus_no_exit_continuity_assumption; documented exits override after last active month,approved_core_municipality_proxy,DERIVED_REVIEWED_DESTINATION_PANEL
axalp,Axalp,2024-02-01,2024,2,1,1,True,2022-05-01,analytical_month_anchor,True,False,4646.0,2563.0,3245.0,1401.0,1,True,True,21,8.443977129084978,entry_plus_no_exit_continuity_assumption; documented exits override after last active month,approved_core_municipality_proxy,DERIVED_REVIEWED_DESTINATION_PANEL
axalp,Axalp,2024-03-01,2024,3,1,1,True,2022-05-01,analytical_month_anchor,True,False,4250.0,2699.0,2911.0,1339.0,1,True,True,22,8.35490952835879,entry_plus_no_exit_continuity_assumption; documented exits override after last active month,approved_core_municipality_proxy,DERIVED_REVIEWED_DESTINATION_PANEL
axalp,Axalp,2024-04-01,2024,4,1,1,True,2022-05-01,analytical_month_anchor,True,False,6424.0,3908.0,3977.0,2447.0,1,True,True,23,8.76795190976342,entry_plus_no_exit_continuity_assumption; documented exits override after last active month,approved_core_municipality_proxy,DERIVED_REVIEWED_DESTINATION_PANEL
axalp,Axalp,2024-05-01,2024,5,1,1,True,2022-05-01,analytical_month_anchor,True,False,12858.0,7191.0,5866.0,6992.0,1,True,True,24,9.461799234270439,entry_plus_no_exit_continuity_assumption; documented exits override after last active month,approved_core_municipality_proxy,DERIVED_REVIEWED_DESTINATION_PANEL
axalp,Axalp,2024-06-01,2024,6,1,1,True,2022-05-01,analytical_month_anchor,True,False,16302.0,8804.0,6321.0,9981.0,1,True,True,25,9.699104418939655,entry_plus_no_exit_continuity_assumption; documented exits override after last active month,approved_core_municipality_proxy,DERIVED_REVIEWED_DESTINATION_PANEL
axalp,Axalp,2024-07-01,2024,7,1,1,True,2022-05-01,analytical_month_anchor,True,False,19399.0,10706.0,9110.0,10289.0,1,True,True,26,9.87302834505142,entry_plus_no_exit_continuity_assumption; documented exits override after last active month,approved_core_municipality_proxy,DERIVED_REVIEWED_DESTINATION_PANEL
axalp,Axalp,2024-08-01,2024,8,1,1,True,2022-05-01,analytical_month_anchor,True,False,17957.0,9489.0,8671.0,9286.0,1,True,True,27,9.795790977080754,entry_plus_no_exit_continuity_assumption; documented exits override after last active month,approved_core_municipality_proxy,DERIVED_REVIEWED_DESTINATION_PANEL
axalp,Axalp,2024-09-01,2024,9,1,1,True,2022-05-01,analytical_month_anchor,True,False,13839.0,6947.0,5855.0,7984.0,1,True,True,28,9.535318229171661,entry_plus_no_exit_continuity_assumption; documented exits override after last active month,approved_core_municipality_proxy,DERIVED_REVIEWED_DESTINATION_PANEL
axalp,Axalp,2024-10-01,2024,10,1,1,True,2022-05-01,analytical_month_anchor,True,False,10636.0,4926.0,6508.0,4128.0,1,True,True,29,9.272093768251665,entry_plus_no_exit_continuity_assumption; documented exits override after last active month,approved_core_municipality_proxy,DERIVED_REVIEWED_DESTINATION_PANEL
axalp,Axalp,2024-11-01,2024,11,1,1,True,2022-05-01,analytical_month_anchor,True,False,3561.0,2464.0,2501.0,1060.0,1,True,True,30,8.178077463849608,entry_plus_no_exit_continuity_assumption; documented exits override after last active month,approved_core_municipality_proxy,DERIVED_REVIEWED_DESTINATION_PANEL
axalp,Axalp,2024-12-01,2024,12,1,1,True,2022-05-01,analytical_month_anchor,True,False,4037.0,2301.0,1815.0,2222.0,1,True,True,31,8.303504798872783,entry_plus_no_exit_continuity_assumption; documented exits override after last active month,approved_core_municipality_proxy,DERIVED_REVIEWED_DESTINATION_PANEL
axalp,Axalp,2025-01-01,2025,1,1,1,True,2022-05-01,analytical_month_anchor,True,False,2836.0,1531.0,1565.0,1271.0,1,True,True,32,7.950502434808851,entry_plus_no_exit_continuity_assumption; documented exits override after last active month,approved_core_municipality_proxy,DERIVED_REVIEWED_DESTINATION_PANEL
axalp,Axalp,2025-02-01,2025,2,1,1,True,2022-05-01,analytical_month_anchor,True,False,3878.0,2146.0,2964.0,914.0,1,True,True,33,8.263332667439967,entry_plus_no_exit_continuity_assumption; documented exits override after last active month,approved_core_municipality_proxy,DERIVED_REVIEWED_DESTINATION_PANEL
axalp,Axalp,2025-03-01,2025,3,1,1,True,2022-05-01,analytical_month_anchor,True,False,4508.0,2433.0,3241.0,1267.0,1,True,True,34,8.413830678421084,entry_plus_no_exit_continuity_assumption; documented exits override after last active month,approved_core_municipality_proxy,DERIVED_REVIEWED_DESTINATION_PANEL
axalp,Axalp,2025-04-01,2025,4,1,1,True,2022-05-01,analytical_month_anchor,True,False,7303.0,4366.0,3885.0,3418.0,1,True,True,35,8.896177422274805,entry_plus_no_exit_continuity_assumption; documented exits override after last active month,approved_core_municipality_proxy,DERIVED_REVIEWED_DESTINATION_PANEL
axalp,Axalp,2025-05-01,2025,5,1,1,True,2022-05-01,analytical_month_anchor,True,False,11466.0,6255.0,4710.0,6756.0,1,True,True,36,9.347228624038305,entry_plus_no_exit_continuity_assumption; documented exits override after last active month,approved_core_municipality_proxy,DERIVED_REVIEWED_DESTINATION_PANEL
axalp,Axalp,2025-06-01,2025,6,1,1,True,2022-05-01,analytical_month_anchor,True,False,15496.0,8248.0,6876.0,8620.0,1,True,True,37,9.648401735787335,entry_plus_no_exit_continuity_assumption; documented exits override after last active month,approved_core_municipality_proxy,DERIVED_REVIEWED_DESTINATION_PANEL
axalp,Axalp,2025-07-01,2025,7,1,1,True,2022-05-01,analytical_month_anchor,True,False,18425.0,9815.0,8870.0,9555.0,1,True,True,38,9.821517989668877,entry_plus_no_exit_continuity_assumption; documented exits override after last active month,approved_core_municipality_proxy,DERIVED_REVIEWED_DESTINATION_PANEL
axalp,Axalp,2025-08-01,2025,8,1,1,True,2022-05-01,analytical_month_anchor,True,False,17911.0,9683.0,8632.0,9279.0,1,True,True,39,9.79322615827859,entry_plus_no_exit_continuity_assumption; documented exits override after last active month,approved_core_municipality_proxy,DERIVED_REVIEWED_DESTINATION_PANEL
axalp,Axalp,2025-09-01,2025,9,1,1,True,2022-05-01,analytical_month_anchor,True,False,13925.0,7727.0,6890.0,7035.0,1,True,True,40,9.541512875502493,entry_plus_no_exit_continuity_assumption; documented exits override after last active month,approved_core_municipality_proxy,DERIVED_REVIEWED_DESTINATION_PANEL
axalp,Axalp,2025-10-01,2025,10,1,1,True,2022-05-01,analytical_month_anchor,True,False,10289.0,6317.0,6152.0,4137.0,1,True,True,41,9.238927828828094,entry_plus_no_exit_continuity_assumption; documented exits override after last active month,approved_core_municipality_proxy,DERIVED_REVIEWED_DESTINATION_PANEL
axalp,Axalp,2025-11-01,2025,11,1,1,True,2022-05-01,analytical_month_anchor,True,False,3969.0,2499.0,2946.0,1023.0,1,True,True,42,8.286521373681236,entry_plus_no_exit_continuity_assumption; documented exits override after last active month,approved_core_municipality_proxy,DERIVED_REVIEWED_DESTINATION_PANEL
axalp,Axalp,2025-12-01,2025,12,1,1,True,2022-05-01,analytical_month_anchor,True,False,4417.0,2316.0,2587.0,1830.0,1,True,True,43,8.393442383980062,entry_plus_no_exit_continuity_assumption; documented exits override after last active month,approved_core_municipality_proxy,DERIVED_REVIEWED_DESTINATION_PANEL
axalp,Axalp,2026-01-01,2026,1,1,1,True,2022-05-01,analytical_month_anchor,True,False,3840.0,2041.0,2671.0,1169.0,1,True,True,44,8.253488028345904,entry_plus_no_exit_continuity_assumption; documented exits override after last active month,approved_core_municipality_proxy,DERIVED_REVIEWED_DESTINATION_PANEL
axalp,Axalp,2026-02-01,2026,2,1,1,True,2022-05-01,analytical_month_anchor,True,False,4999.0,2497.0,3409.0,1590.0,1,True,True,45,8.517193191416238,entry_plus_no_exit_continuity_assumption; documented exits override after last active month,approved_core_municipality_proxy,DERIVED_REVIEWED_DESTINATION_PANEL
axalp,Axalp,2026-03-01,2026,3,1,1,True,2022-05-01,analytical_month_anchor,True,False,4145.0,2393.0,3290.0,855.0,1,True,True,46,8.329899292995725,entry_plus_no_exit_continuity_assumption; documented exits override after last active month,approved_core_municipality_proxy,DERIVED_REVIEWED_DESTINATION_PANEL
axalp,Axalp,2026-04-01,2026,4,1,0,False,2022-05-01,analytical_month_anchor,True,False,,,,,1,True,True,47,,entry_plus_no_exit_continuity_assumption; documented exits override after last active month,approved_core_municipality_proxy,DERIVED_REVIEWED_DESTINATION_PANEL
axalp,Axalp,2026-05-01,2026,5,1,0,False,2022-05-01,analytical_month_anchor,True,False,,,,,1,True,True,48,,entry_plus_no_exit_continuity_assumption; documented exits override after last active month,approved_core_municipality_proxy,DERIVED_REVIEWED_DESTINATION_PANEL
axalp,Axalp,2026-06-01,2026,6,1,0,False,2022-05-01,analytical_month_anchor,True,False,,,,,1,True,True,49,,entry_plus_no_exit_continuity_assumption; documented exits override after last active month,approved_core_municipality_proxy,DERIVED_REVIEWED_DESTINATION_PANEL
axalp,Axalp,2026-07-01,2026,7,1,0,False,2022-05-01,analytical_month_anchor,True,False,,,,,1,True,True,50,,entry_plus_no_exit_continuity_assumption; documented exits override after last active month,approved_core_municipality_proxy,DERIVED_REVIEWED_DESTINATION_PANEL
axalp,Axalp,2026-08-01,2026,8,1,0,False,2022-05-01,analytical_month_anchor,True,False,,,,,1,True,True,51,,entry_plus_no_exit_continuity_assumption; documented exits override after last active month,approved_core_municipality_proxy,DERIVED_REVIEWED_DESTINATION_PANEL
axalp,Axalp,2026-09-01,2026,9,1,0,False,2022-05-01,analytical_month_anchor,True,False,,,,,1,True,True,52,,entry_plus_no_exit_continuity_assumption; documented exits override after last active month,approved_core_municipality_proxy,DERIVED_REVIEWED_DESTINATION_PANEL
axalp,Axalp,2026-10-01,2026,10,1,0,False,2022-05-01,analytical_month_anchor,True,False,,,,,1,True,True,53,,entry_plus_no_exit_continuity_assumption; documented exits override after last active month,approved_core_municipality_proxy,DERIVED_REVIEWED_DESTINATION_PANEL
axalp,Axalp,2026-11-01,2026,11,1,0,False,2022-05-01,analytical_month_anchor,True,False,,,,,1,True,True,54,,entry_plus_no_exit_continuity_assumption; documented exits override after last active month,approved_core_municipality_proxy,DERIVED_REVIEWED_DESTINATION_PANEL
axalp,Axalp,2026-12-01,2026,12,1,0,False,2022-05-01,analytical_month_anchor,True,False,,,,,1,True,True,55,,entry_plus_no_exit_continuity_assumption; documented exits override after last active month,approved_core_municipality_proxy,DERIVED_REVIEWED_DESTINATION_PANEL
bumbach,Bumbach,2013-01-01,2013,1,1,1,True,2023-05-01,analytical_month_anchor,True,False,1345.0,1133.0,1337.0,8.0,0,False,False,-124,7.204892510204673,entry_plus_no_exit_continuity_assumption; documented exits override after last active month,approved_core_municipality_proxy,DERIVED_REVIEWED_DESTINATION_PANEL
bumbach,Bumbach,2013-02-01,2013,2,1,1,True,2023-05-01,analytical_month_anchor,True,False,1192.0,1029.0,1182.0,10.0,0,False,False,-123,7.084226422097916,entry_plus_no_exit_continuity_assumption; documented exits override after last active month,approved_core_municipality_proxy,DERIVED_REVIEWED_DESTINATION_PANEL
bumbach,Bumbach,2013-03-01,2013,3,1,1,True,2023-05-01,analytical_month_anchor,True,False,1180.0,1046.0,1159.0,21.0,0,False,False,-122,7.074116816197362,entry_plus_no_exit_continuity_assumption; documented exits override after last active month,approved_core_municipality_proxy,DERIVED_REVIEWED_DESTINATION_PANEL
bumbach,Bumbach,2013-04-01,2013,4,1,1,True,2023-05-01,analytical_month_anchor,True,False,641.0,536.0,638.0,3.0,0,False,False,-121,6.464588303689961,entry_plus_no_exit_continuity_assumption; documented exits override after last active month,approved_core_municipality_proxy,DERIVED_REVIEWED_DESTINATION_PANEL
bumbach,Bumbach,2013-05-01,2013,5,1,1,True,2023-05-01,analytical_month_anchor,True,False,989.0,841.0,953.0,36.0,0,False,False,-120,6.897704943128636,entry_plus_no_exit_continuity_assumption; documented exits override after last active month,approved_core_municipality_proxy,DERIVED_REVIEWED_DESTINATION_PANEL
bumbach,Bumbach,2013-06-01,2013,6,1,1,True,2023-05-01,analytical_month_anchor,True,False,1226.0,1002.0,1152.0,74.0,0,False,False,-119,7.112327444710911,entry_plus_no_exit_continuity_assumption; documented exits override after last active month,approved_core_municipality_proxy,DERIVED_REVIEWED_DESTINATION_PANEL
bumbach,Bumbach,2013-07-01,2013,7,1,1,True,2023-05-01,analytical_month_anchor,True,False,1656.0,1379.0,1632.0,24.0,0,False,False,-118,7.4127640174265625,entry_plus_no_exit_continuity_assumption; documented exits override after last active month,approved_core_municipality_proxy,DERIVED_REVIEWED_DESTINATION_PANEL
bumbach,Bumbach,2013-08-01,2013,8,1,1,True,2023-05-01,analytical_month_anchor,True,False,1685.0,1321.0,1573.0,112.0,0,False,False,-117,7.430114138561801,entry_plus_no_exit_continuity_assumption; documented exits override after last active month,approved_core_municipality_proxy,DERIVED_REVIEWED_DESTINATION_PANEL
bumbach,Bumbach,2013-09-01,2013,9,1,1,True,2023-05-01,analytical_month_anchor,True,False,1537.0,1265.0,1485.0,52.0,0,False,False,-116,7.338238150065589,entry_plus_no_exit_continuity_assumption; documented exits override after last active month,approved_core_municipality_proxy,DERIVED_REVIEWED_DESTINATION_PANEL
bumbach,Bumbach,2013-10-01,2013,10,1,1,True,2023-05-01,analytical_month_anchor,True,False,1074.0,927.0,1060.0,14.0,0,False,False,-115,6.980075940561763,entry_plus_no_exit_continuity_assumption; documented exits override after last active month,approved_core_municipality_proxy,DERIVED_REVIEWED_DESTINATION_PANEL
bumbach,Bumbach,2013-11-01,2013,11,1,1,True,2023-05-01,analytical_month_anchor,True,False,767.0,658.0,743.0,24.0,0,False,False,-114,6.643789733147672,entry_plus_no_exit_continuity_assumption; documented exits override after last active month,approved_core_municipality_proxy,DERIVED_REVIEWED_DESTINATION_PANEL
bumbach,Bumbach,2013-12-01,2013,12,1,1,True,2023-05-01,analytical_month_anchor,True,False,423.0,334.0,421.0,2.0,0,False,False,-113,6.049733455231958,entry_plus_no_exit_continuity_assumption; documented exits override after last active month,approved_core_municipality_proxy,DERIVED_REVIEWED_DESTINATION_PANEL
bumbach,Bumbach,2014-01-01,2014,1,1,1,True,2023-05-01,analytical_month_anchor,True,False,1399.0,1131.0,1386.0,13.0,0,False,False,-112,7.24422751560335,entry_plus_no_exit_continuity_assumption; documented exits override after last active month,approved_core_municipality_proxy,DERIVED_REVIEWED_DESTINATION_PANEL
bumbach,Bumbach,2014-02-01,2014,2,1,1,True,2023-05-01,analytical_month_anchor,True,False,1131.0,1044.0,1127.0,4.0,0,False,False,-111,7.0317412587631285,entry_plus_no_exit_continuity_assumption; documented exits override after last active month,approved_core_municipality_proxy,DERIVED_REVIEWED_DESTINATION_PANEL
bumbach,Bumbach,2014-03-01,2014,3,1,1,True,2023-05-01,analytical_month_anchor,True,False,1032.0,913.0,1010.0,22.0,0,False,False,-110,6.940222469119639,entry_plus_no_exit_continuity_assumption; documented exits override after last active month,approved_core_municipality_proxy,DERIVED_REVIEWED_DESTINATION_PANEL
bumbach,Bumbach,2014-04-01,2014,4,1,1,True,2023-05-01,analytical_month_anchor,True,False,767.0,609.0,745.0,22.0,0,False,False,-109,6.643789733147672,entry_plus_no_exit_continuity_assumption; documented exits override after last active month,approved_core_municipality_proxy,DERIVED_REVIEWED_DESTINATION_PANEL
bumbach,Bumbach,2014-05-01,2014,5,1,1,True,2023-05-01,analytical_month_anchor,True,False,1203.0,999.0,1182.0,21.0,0,False,False,-108,7.093404625868766,entry_plus_no_exit_continuity_assumption; documented exits override after last active month,approved_core_municipality_proxy,DERIVED_REVIEWED_DESTINATION_PANEL
bumbach,Bumbach,2014-06-01,2014,6,1,1,True,2023-05-01,analytical_month_anchor,True,False,1422.0,1210.0,1385.0,37.0,0,False,False,-107,7.260522598089852,entry_plus_no_exit_continuity_assumption; documented exits override after last active month,approved_core_municipality_proxy,DERIVED_REVIEWED_DESTINATION_PANEL
bumbach,Bumbach,2014-07-01,2014,7,1,1,True,2023-05-01,analytical_month_anchor,True,False,1264.0,1006.0,1228.0,36.0,0,False,False,-106,7.142827401161621,entry_plus_no_exit_continuity_assumption; documented exits override after last active month,approved_core_municipality_proxy,DERIVED_REVIEWED_DESTINATION_PANEL
bumbach,Bumbach,2014-08-01,2014,8,1,1,True,2023-05-01,analytical_month_anchor,True,False,1539.0,1122.0,1435.0,104.0,0,False,False,-105,7.3395376954076745,entry_plus_no_exit_continuity_assumption; documented exits override after last active month,approved_core_municipality_proxy,DERIVED_REVIEWED_DESTINATION_PANEL
bumbach,Bumbach,2014-09-01,2014,9,1,1,True,2023-05-01,analytical_month_anchor,True,False,1413.0,1131.0,1375.0,38.0,0,False,False,-104,7.254177846456518,entry_plus_no_exit_continuity_assumption; documented exits override after last active month,approved_core_municipality_proxy,DERIVED_REVIEWED_DESTINATION_PANEL
bumbach,Bumbach,2014-10-01,2014,10,1,1,True,2023-05-01,analytical_month_anchor,True,False,1428.0,1076.0,1273.0,155.0,0,False,False,-103,7.264730177929867,entry_plus_no_exit_continuity_assumption; documented exits override after last active month,approved_core_municipality_proxy,DERIVED_REVIEWED_DESTINATION_PANEL
bumbach,Bumbach,2014-11-01,2014,11,1,1,True,2023-05-01,analytical_month_anchor,True,False,857.0,750.0,834.0,23.0,0,False,False,-102,6.754604099487962,entry_plus_no_exit_continuity_assumption; documented exits override after last active month,approved_core_municipality_proxy,DERIVED_REVIEWED_DESTINATION_PANEL
bumbach,Bumbach,2014-12-01,2014,12,1,1,True,2023-05-01,analytical_month_anchor,True,False,563.0,324.0,559.0,4.0,0,False,False,-101,6.335054251498059,entry_plus_no_exit_continuity_assumption; documented exits override after last active month,approved_core_municipality_proxy,DERIVED_REVIEWED_DESTINATION_PANEL
bumbach,Bumbach,2015-01-01,2015,1,1,1,True,2023-05-01,analytical_month_anchor,True,False,1362.0,1140.0,1358.0,4.0,0,False,False,-100,7.217443431696533,entry_plus_no_exit_continuity_assumption; documented exits override after last active month,approved_core_municipality_proxy,DERIVED_REVIEWED_DESTINATION_PANEL
bumbach,Bumbach,2015-02-01,2015,2,1,1,True,2023-05-01,analytical_month_anchor,True,False,1147.0,1037.0,1134.0,13.0,0,False,False,-99,7.045776576879511,entry_plus_no_exit_continuity_assumption; documented exits override after last active month,approved_core_municipality_proxy,DERIVED_REVIEWED_DESTINATION_PANEL
bumbach,Bumbach,2015-03-01,2015,3,1,1,True,2023-05-01,analytical_month_anchor,True,False,1140.0,983.0,1055.0,85.0,0,False,False,-98,7.039660349862076,entry_plus_no_exit_continuity_assumption; documented exits override after last active month,approved_core_municipality_proxy,DERIVED_REVIEWED_DESTINATION_PANEL
bumbach,Bumbach,2015-04-01,2015,4,1,1,True,2023-05-01,analytical_month_anchor,True,False,762.0,655.0,752.0,10.0,0,False,False,-97,6.637258031284457,entry_plus_no_exit_continuity_assumption; documented exits override after last active month,approved_core_municipality_proxy,DERIVED_REVIEWED_DESTINATION_PANEL
bumbach,Bumbach,2015-05-01,2015,5,1,1,True,2023-05-01,analytical_month_anchor,True,False,1340.0,1080.0,1326.0,14.0,0,False,False,-96,7.201170883281678,entry_plus_no_exit_continuity_assumption; documented exits override after last active month,approved_core_municipality_proxy,DERIVED_REVIEWED_DESTINATION_PANEL
bumbach,Bumbach,2015-06-01,2015,6,1,1,True,2023-05-01,analytical_month_anchor,True,False,1462.0,1255.0,1398.0,64.0,0,False,False,-95,7.288244401020124,entry_plus_no_exit_continuity_assumption; documented exits override after last active month,approved_core_municipality_proxy,DERIVED_REVIEWED_DESTINATION_PANEL
bumbach,Bumbach,2015-07-01,2015,7,1,1,True,2023-05-01,analytical_month_anchor,True,False,1611.0,1339.0,1580.0,31.0,0,False,False,-94,7.385230923066573,entry_plus_no_exit_continuity_assumption; documented exits override after last active month,approved_core_municipality_proxy,DERIVED_REVIEWED_DESTINATION_PANEL
bumbach,Bumbach,2015-08-01,2015,8,1,1,True,2023-05-01,analytical_month_anchor,True,False,1680.0,1372.0,1634.0,46.0,0,False,False,-93,7.427144133408616,entry_plus_no_exit_continuity_assumption; documented exits override after last active month,approved_core_municipality_proxy,DERIVED_REVIEWED_DESTINATION_PANEL
bumbach,Bumbach,2015-09-01,2015,9,1,1,True,2023-05-01,analytical_month_anchor,True,False,1539.0,1247.0,1515.0,24.0,0,False,False,-92,7.3395376954076745,entry_plus_no_exit_continuity_assumption; documented exits override after last active month,approved_core_municipality_proxy,DERIVED_REVIEWED_DESTINATION_PANEL
bumbach,Bumbach,2015-10-01,2015,10,1,1,True,2023-05-01,analytical_month_anchor,True,False,1386.0,1211.0,1357.0,29.0,0,False,False,-91,7.234898420314831,entry_plus_no_exit_continuity_assumption; documented exits override after last active month,approved_core_municipality_proxy,DERIVED_REVIEWED_DESTINATION_PANEL
bumbach,Bumbach,2015-11-01,2015,11,1,1,True,2023-05-01,analytical_month_anchor,True,False,657.0,609.0,649.0,8.0,0,False,False,-90,6.489204931325317,entry_plus_no_exit_continuity_assumption; documented exits override after last active month,approved_core_municipality_proxy,DERIVED_REVIEWED_DESTINATION_PANEL
bumbach,Bumbach,2015-12-01,2015,12,1,1,True,2023-05-01,analytical_month_anchor,True,False,320.0,281.0,319.0,1.0,0,False,False,-89,5.771441123130016,entry_plus_no_exit_continuity_assumption; documented exits override after last active month,approved_core_municipality_proxy,DERIVED_REVIEWED_DESTINATION_PANEL
bumbach,Bumbach,2016-01-01,2016,1,1,1,True,2023-05-01,analytical_month_anchor,True,False,1293.0,1077.0,1273.0,20.0,0,False,False,-88,7.165493475060845,entry_plus_no_exit_continuity_assumption; documented exits override after last active month,approved_core_municipality_proxy,DERIVED_REVIEWED_DESTINATION_PANEL
bumbach,Bumbach,2016-02-01,2016,2,1,1,True,2023-05-01,analytical_month_anchor,True,False,1500.0,1294.0,1483.0,17.0,0,False,False,-87,7.313886831633462,entry_plus_no_exit_continuity_assumption; documented exits override after last active month,approved_core_municipality_proxy,DERIVED_REVIEWED_DESTINATION_PANEL
bumbach,Bumbach,2016-03-01,2016,3,1,1,True,2023-05-01,analytical_month_anchor,True,False,1147.0,1025.0,1133.0,14.0,0,False,False,-86,7.045776576879511,entry_plus_no_exit_continuity_assumption; documented exits override after last active month,approved_core_municipality_proxy,DERIVED_REVIEWED_DESTINATION_PANEL
bumbach,Bumbach,2016-04-01,2016,4,1,1,True,2023-05-01,analytical_month_anchor,True,False,786.0,638.0,779.0,7.0,0,False,False,-85,6.668228248417403,entry_plus_no_exit_continuity_assumption; documented exits override after last active month,approved_core_municipality_proxy,DERIVED_REVIEWED_DESTINATION_PANEL
bumbach,Bumbach,2016-05-01,2016,5,1,1,True,2023-05-01,analytical_month_anchor,True,False,1362.0,1149.0,1337.0,25.0,0,False,False,-84,7.217443431696533,entry_plus_no_exit_continuity_assumption; documented exits override after last active month,approved_core_municipality_proxy,DERIVED_REVIEWED_DESTINATION_PANEL
bumbach,Bumbach,2016-06-01,2016,6,1,1,True,2023-05-01,analytical_month_anchor,True,False,1309.0,1112.0,1296.0,13.0,0,False,False,-83,7.177782416195197,entry_plus_no_exit_continuity_assumption; documented exits override after last active month,approved_core_municipality_proxy,DERIVED_REVIEWED_DESTINATION_PANEL
bumbach,Bumbach,2016-07-01,2016,7,1,1,True,2023-05-01,analytical_month_anchor,True,False,1963.0,1585.0,1843.0,120.0,0,False,False,-82,7.582738488914411,entry_plus_no_exit_continuity_assumption; documented exits override after last active month,approved_core_municipality_proxy,DERIVED_REVIEWED_DESTINATION_PANEL
bumbach,Bumbach,2016-08-01,2016,8,1,1,True,2023-05-01,analytical_month_anchor,True,False,1869.0,1517.0,1826.0,43.0,0,False,False,-81,7.533693709848633,entry_plus_no_exit_continuity_assumption; documented exits override after last active month,approved_core_municipality_proxy,DERIVED_REVIEWED_DESTINATION_PANEL
bumbach,Bumbach,2016-09-01,2016,9,1,1,True,2023-05-01,analytical_month_anchor,True,False,1518.0,1261.0,1505.0,13.0,0,False,False,-80,7.325807502595773,entry_plus_no_exit_continuity_assumption; documented exits override after last active month,approved_core_municipality_proxy,DERIVED_REVIEWED_DESTINATION_PANEL
bumbach,Bumbach,2016-10-01,2016,10,1,1,True,2023-05-01,analytical_month_anchor,True,False,1431.0,1191.0,1419.0,12.0,0,False,False,-79,7.266827347520591,entry_plus_no_exit_continuity_assumption; documented exits override after last active month,approved_core_municipality_proxy,DERIVED_REVIEWED_DESTINATION_PANEL
bumbach,Bumbach,2016-11-01,2016,11,1,1,True,2023-05-01,analytical_month_anchor,True,False,999.0,865.0,976.0,23.0,0,False,False,-78,6.907755278982137,entry_plus_no_exit_continuity_assumption; documented exits override after last active month,approved_core_municipality_proxy,DERIVED_REVIEWED_DESTINATION_PANEL
bumbach,Bumbach,2016-12-01,2016,12,1,1,True,2023-05-01,analytical_month_anchor,True,False,408.0,291.0,407.0,1.0,0,False,False,-77,6.013715156042802,entry_plus_no_exit_continuity_assumption; documented exits override after last active month,approved_core_municipality_proxy,DERIVED_REVIEWED_DESTINATION_PANEL
bumbach,Bumbach,2017-01-01,2017,1,1,1,True,2023-05-01,analytical_month_anchor,True,False,1244.0,1088.0,1234.0,10.0,0,False,False,-76,7.126890808898808,entry_plus_no_exit_continuity_assumption; documented exits override after last active month,approved_core_municipality_proxy,DERIVED_REVIEWED_DESTINATION_PANEL
bumbach,Bumbach,2017-02-01,2017,2,1,1,True,2023-05-01,analytical_month_anchor,True,False,1327.0,1120.0,1299.0,28.0,0,False,False,-75,7.191429330036379,entry_plus_no_exit_continuity_assumption; documented exits override after last active month,approved_core_municipality_proxy,DERIVED_REVIEWED_DESTINATION_PANEL
bumbach,Bumbach,2017-03-01,2017,3,1,1,True,2023-05-01,analytical_month_anchor,True,False,1292.0,1125.0,1273.0,19.0,0,False,False,-74,7.164720378771857,entry_plus_no_exit_continuity_assumption; documented exits override after last active month,approved_core_municipality_proxy,DERIVED_REVIEWED_DESTINATION_PANEL
bumbach,Bumbach,2017-04-01,2017,4,1,1,True,2023-05-01,analytical_month_anchor,True,False,975.0,778.0,960.0,15.0,0,False,False,-73,6.883462586413092,entry_plus_no_exit_continuity_assumption; documented exits override after last active month,approved_core_municipality_proxy,DERIVED_REVIEWED_DESTINATION_PANEL
bumbach,Bumbach,2017-05-01,2017,5,1,1,True,2023-05-01,analytical_month_anchor,True,False,1343.0,1099.0,1311.0,32.0,0,False,False,-72,7.203405521083095,entry_plus_no_exit_continuity_assumption; documented exits override after last active month,approved_core_municipality_proxy,DERIVED_REVIEWED_DESTINATION_PANEL
bumbach,Bumbach,2017-06-01,2017,6,1,1,True,2023-05-01,analytical_month_anchor,True,False,1563.0,1246.0,1525.0,38.0,0,False,False,-71,7.355001921105257,entry_plus_no_exit_continuity_assumption; documented exits override after last active month,approved_core_municipality_proxy,DERIVED_REVIEWED_DESTINATION_PANEL
bumbach,Bumbach,2017-07-01,2017,7,1,1,True,2023-05-01,analytical_month_anchor,True,False,1950.0,1602.0,1894.0,56.0,0,False,False,-70,7.576097340623111,entry_plus_no_exit_continuity_assumption; documented exits override after last active month,approved_core_municipality_proxy,DERIVED_REVIEWED_DESTINATION_PANEL
bumbach,Bumbach,2017-08-01,2017,8,1,1,True,2023-05-01,analytical_month_anchor,True,False,1984.0,1630.0,1958.0,26.0,0,False,False,-69,7.59337419312129,entry_plus_no_exit_continuity_assumption; documented exits override after last active month,approved_core_municipality_proxy,DERIVED_REVIEWED_DESTINATION_PANEL
bumbach,Bumbach,2017-09-01,2017,9,1,1,True,2023-05-01,analytical_month_anchor,True,False,1764.0,1434.0,1718.0,46.0,0,False,False,-68,7.475905969367397,entry_plus_no_exit_continuity_assumption; documented exits override after last active month,approved_core_municipality_proxy,DERIVED_REVIEWED_DESTINATION_PANEL
bumbach,Bumbach,2017-10-01,2017,10,1,1,True,2023-05-01,analytical_month_anchor,True,False,1618.0,1330.0,1605.0,13.0,0,False,False,-67,7.389563953677635,entry_plus_no_exit_continuity_assumption; documented exits override after last active month,approved_core_municipality_proxy,DERIVED_REVIEWED_DESTINATION_PANEL
bumbach,Bumbach,2017-11-01,2017,11,1,1,True,2023-05-01,analytical_month_anchor,True,False,805.0,713.0,789.0,16.0,0,False,False,-66,6.692083742506628,entry_plus_no_exit_continuity_assumption; documented exits override after last active month,approved_core_municipality_proxy,DERIVED_REVIEWED_DESTINATION_PANEL
bumbach,Bumbach,2017-12-01,2017,12,1,1,True,2023-05-01,analytical_month_anchor,True,False,433.0,303.0,417.0,16.0,0,False,False,-65,6.073044534100405,entry_plus_no_exit_continuity_assumption; documented exits override after last active month,approved_core_municipality_proxy,DERIVED_REVIEWED_DESTINATION_PANEL
bumbach,Bumbach,2018-01-01,2018,1,1,1,True,2023-05-01,analytical_month_anchor,True,False,1475.0,1238.0,1449.0,26.0,0,False,False,-64,7.297091005160418,entry_plus_no_exit_continuity_assumption; documented exits override after last active month,approved_core_municipality_proxy,DERIVED_REVIEWED_DESTINATION_PANEL
bumbach,Bumbach,2018-02-01,2018,2,1,1,True,2023-05-01,analytical_month_anchor,True,False,1267.0,1092.0,1238.0,29.0,0,False,False,-63,7.145196134997171,entry_plus_no_exit_continuity_assumption; documented exits override after last active month,approved_core_municipality_proxy,DERIVED_REVIEWED_DESTINATION_PANEL
bumbach,Bumbach,2018-03-01,2018,3,1,1,True,2023-05-01,analytical_month_anchor,True,False,993.0,861.0,969.0,24.0,0,False,False,-62,6.901737206656574,entry_plus_no_exit_continuity_assumption; documented exits override after last active month,approved_core_municipality_proxy,DERIVED_REVIEWED_DESTINATION_PANEL
bumbach,Bumbach,2018-04-01,2018,4,1,1,True,2023-05-01,analytical_month_anchor,True,False,717.0,601.0,712.0,5.0,0,False,False,-61,6.576469569048224,entry_plus_no_exit_continuity_assumption; documented exits override after last active month,approved_core_municipality_proxy,DERIVED_REVIEWED_DESTINATION_PANEL
bumbach,Bumbach,2018-05-01,2018,5,1,1,True,2023-05-01,analytical_month_anchor,True,False,1406.0,1153.0,1348.0,58.0,0,False,False,-60,7.249215057114389,entry_plus_no_exit_continuity_assumption; documented exits override after last active month,approved_core_municipality_proxy,DERIVED_REVIEWED_DESTINATION_PANEL
bumbach,Bumbach,2018-06-01,2018,6,1,1,True,2023-05-01,analytical_month_anchor,True,False,1511.0,1319.0,1467.0,44.0,0,False,False,-59,7.321188556739478,entry_plus_no_exit_continuity_assumption; documented exits override after last active month,approved_core_municipality_proxy,DERIVED_REVIEWED_DESTINATION_PANEL
bumbach,Bumbach,2018-07-01,2018,7,1,1,True,2023-05-01,analytical_month_anchor,True,False,1924.0,1465.0,1896.0,28.0,0,False,False,-58,7.562681246721884,entry_plus_no_exit_continuity_assumption; documented exits override after last active month,approved_core_municipality_proxy,DERIVED_REVIEWED_DESTINATION_PANEL
bumbach,Bumbach,2018-08-01,2018,8,1,1,True,2023-05-01,analytical_month_anchor,True,False,1802.0,1401.0,1754.0,48.0,0,False,False,-57,7.497207223203318,entry_plus_no_exit_continuity_assumption; documented exits override after last active month,approved_core_municipality_proxy,DERIVED_REVIEWED_DESTINATION_PANEL
bumbach,Bumbach,2018-09-01,2018,9,1,1,True,2023-05-01,analytical_month_anchor,True,False,1690.0,1423.0,1607.0,83.0,0,False,False,-56,7.43307534889858,entry_plus_no_exit_continuity_assumption; documented exits override after last active month,approved_core_municipality_proxy,DERIVED_REVIEWED_DESTINATION_PANEL
bumbach,Bumbach,2018-10-01,2018,10,1,1,True,2023-05-01,analytical_month_anchor,True,False,1606.0,1239.0,1498.0,108.0,0,False,False,-55,7.382124365737512,entry_plus_no_exit_continuity_assumption; documented exits override after last active month,approved_core_municipality_proxy,DERIVED_REVIEWED_DESTINATION_PANEL
bumbach,Bumbach,2018-11-01,2018,11,1,1,True,2023-05-01,analytical_month_anchor,True,False,931.0,815.0,913.0,18.0,0,False,False,-54,6.837332814685591,entry_plus_no_exit_continuity_assumption; documented exits override after last active month,approved_core_municipality_proxy,DERIVED_REVIEWED_DESTINATION_PANEL
bumbach,Bumbach,2018-12-01,2018,12,1,1,True,2023-05-01,analytical_month_anchor,True,False,430.0,301.0,403.0,27.0,0,False,False,-53,6.066108090103747,entry_plus_no_exit_continuity_assumption; documented exits override after last active month,approved_core_municipality_proxy,DERIVED_REVIEWED_DESTINATION_PANEL
bumbach,Bumbach,2019-01-01,2019,1,1,1,True,2023-05-01,analytical_month_anchor,True,False,1325.0,1080.0,1307.0,18.0,0,False,False,-52,7.189922170745808,entry_plus_no_exit_continuity_assumption; documented exits override after last active month,approved_core_municipality_proxy,DERIVED_REVIEWED_DESTINATION_PANEL
bumbach,Bumbach,2019-02-01,2019,2,1,1,True,2023-05-01,analytical_month_anchor,True,False,1426.0,1215.0,1378.0,48.0,0,False,False,-51,7.2633296174768365,entry_plus_no_exit_continuity_assumption; documented exits override after last active month,approved_core_municipality_proxy,DERIVED_REVIEWED_DESTINATION_PANEL
bumbach,Bumbach,2019-03-01,2019,3,1,1,True,2023-05-01,analytical_month_anchor,True,False,1177.0,985.0,1167.0,10.0,0,False,False,-50,7.071573364211532,entry_plus_no_exit_continuity_assumption; documented exits override after last active month,approved_core_municipality_proxy,DERIVED_REVIEWED_DESTINATION_PANEL
bumbach,Bumbach,2019-04-01,2019,4,1,1,True,2023-05-01,analytical_month_anchor,True,False,858.0,683.0,845.0,13.0,0,False,False,-49,6.755768921984255,entry_plus_no_exit_continuity_assumption; documented exits override after last active month,approved_core_municipality_proxy,DERIVED_REVIEWED_DESTINATION_PANEL
bumbach,Bumbach,2019-05-01,2019,5,1,1,True,2023-05-01,analytical_month_anchor,True,False,1338.0,1095.0,1316.0,22.0,0,False,False,-48,7.199678345691172,entry_plus_no_exit_continuity_assumption; documented exits override after last active month,approved_core_municipality_proxy,DERIVED_REVIEWED_DESTINATION_PANEL
bumbach,Bumbach,2019-06-01,2019,6,1,1,True,2023-05-01,analytical_month_anchor,True,False,1637.0,1313.0,1606.0,31.0,0,False,False,-47,7.401231264413015,entry_plus_no_exit_continuity_assumption; documented exits override after last active month,approved_core_municipality_proxy,DERIVED_REVIEWED_DESTINATION_PANEL
bumbach,Bumbach,2019-07-01,2019,7,1,1,True,2023-05-01,analytical_month_anchor,True,False,2015.0,1674.0,1941.0,74.0,0,False,False,-46,7.60887062919126,entry_plus_no_exit_continuity_assumption; documented exits override after last active month,approved_core_municipality_proxy,DERIVED_REVIEWED_DESTINATION_PANEL
bumbach,Bumbach,2019-08-01,2019,8,1,1,True,2023-05-01,analytical_month_anchor,True,False,1954.0,1558.0,1919.0,35.0,0,False,False,-45,7.578145472419466,entry_plus_no_exit_continuity_assumption; documented exits override after last active month,approved_core_municipality_proxy,DERIVED_REVIEWED_DESTINATION_PANEL
bumbach,Bumbach,2019-09-01,2019,9,1,1,True,2023-05-01,analytical_month_anchor,True,False,1750.0,1471.0,1704.0,46.0,0,False,False,-44,7.467942332285852,entry_plus_no_exit_continuity_assumption; documented exits override after last active month,approved_core_municipality_proxy,DERIVED_REVIEWED_DESTINATION_PANEL
bumbach,Bumbach,2019-10-01,2019,10,1,1,True,2023-05-01,analytical_month_anchor,True,False,1640.0,1355.0,1596.0,44.0,0,False,False,-43,7.403061091090091,entry_plus_no_exit_continuity_assumption; documented exits override after last active month,approved_core_municipality_proxy,DERIVED_REVIEWED_DESTINATION_PANEL
bumbach,Bumbach,2019-11-01,2019,11,1,1,True,2023-05-01,analytical_month_anchor,True,False,806.0,652.0,787.0,19.0,0,False,False,-42,6.693323668269949,entry_plus_no_exit_continuity_assumption; documented exits override after last active month,approved_core_municipality_proxy,DERIVED_REVIEWED_DESTINATION_PANEL
bumbach,Bumbach,2019-12-01,2019,12,1,1,True,2023-05-01,analytical_month_anchor,True,False,438.0,304.0,417.0,21.0,0,False,False,-41,6.0844994130751715,entry_plus_no_exit_continuity_assumption; documented exits override after last active month,approved_core_municipality_proxy,DERIVED_REVIEWED_DESTINATION_PANEL
bumbach,Bumbach,2020-01-01,2020,1,1,1,True,2023-05-01,analytical_month_anchor,True,False,1441.0,1135.0,1381.0,60.0,0,False,False,-40,7.273786317844895,entry_plus_no_exit_continuity_assumption; documented exits override after last active month,approved_core_municipality_proxy,DERIVED_REVIEWED_DESTINATION_PANEL
bumbach,Bumbach,2020-02-01,2020,2,1,1,True,2023-05-01,analytical_month_anchor,True,False,1417.0,1229.0,1387.0,30.0,0,False,False,-39,7.257002707092073,entry_plus_no_exit_continuity_assumption; documented exits override after last active month,approved_core_municipality_proxy,DERIVED_REVIEWED_DESTINATION_PANEL
bumbach,Bumbach,2020-03-01,2020,3,1,1,True,2023-05-01,analytical_month_anchor,True,False,623.0,494.0,577.0,46.0,0,False,False,-38,6.436150368369428,entry_plus_no_exit_continuity_assumption; documented exits override after last active month,approved_core_municipality_proxy,DERIVED_REVIEWED_DESTINATION_PANEL
bumbach,Bumbach,2020-04-01,2020,4,1,0,False,2023-05-01,analytical_month_anchor,True,False,,,,,0,False,False,-37,,entry_plus_no_exit_continuity_assumption; documented exits override after last active month,approved_core_municipality_proxy,DERIVED_REVIEWED_DESTINATION_PANEL
bumbach,Bumbach,2020-05-01,2020,5,1,0,False,2023-05-01,analytical_month_anchor,True,False,,,,,0,False,False,-36,,entry_plus_no_exit_continuity_assumption; documented exits override after last active month,approved_core_municipality_proxy,DERIVED_REVIEWED_DESTINATION_PANEL
bumbach,Bumbach,2020-06-01,2020,6,1,1,True,2023-05-01,analytical_month_anchor,True,False,1327.0,1071.0,1324.0,3.0,0,False,False,-35,7.191429330036379,entry_plus_no_exit_continuity_assumption; documented exits override after last active month,approved_core_municipality_proxy,DERIVED_REVIEWED_DESTINATION_PANEL
bumbach,Bumbach,2020-07-01,2020,7,1,1,True,2023-05-01,analytical_month_anchor,True,False,2570.0,1980.0,2519.0,51.0,0,False,False,-34,7.852050207265889,entry_plus_no_exit_continuity_assumption; documented exits override after last active month,approved_core_municipality_proxy,DERIVED_REVIEWED_DESTINATION_PANEL
bumbach,Bumbach,2020-08-01,2020,8,1,1,True,2023-05-01,analytical_month_anchor,True,False,2235.0,1772.0,2165.0,70.0,0,False,False,-33,7.71244383427499,entry_plus_no_exit_continuity_assumption; documented exits override after last active month,approved_core_municipality_proxy,DERIVED_REVIEWED_DESTINATION_PANEL
bumbach,Bumbach,2020-09-01,2020,9,1,1,True,2023-05-01,analytical_month_anchor,True,False,2014.0,1672.0,1967.0,47.0,0,False,False,-32,7.608374474380783,entry_plus_no_exit_continuity_assumption; documented exits override after last active month,approved_core_municipality_proxy,DERIVED_REVIEWED_DESTINATION_PANEL
bumbach,Bumbach,2020-10-01,2020,10,1,1,True,2023-05-01,analytical_month_anchor,True,False,1760.0,1382.0,1739.0,21.0,0,False,False,-31,7.473637108496206,entry_plus_no_exit_continuity_assumption; documented exits override after last active month,approved_core_municipality_proxy,DERIVED_REVIEWED_DESTINATION_PANEL
bumbach,Bumbach,2020-11-01,2020,11,1,1,True,2023-05-01,analytical_month_anchor,True,False,966.0,795.0,963.0,3.0,0,False,False,-30,6.874198495453294,entry_plus_no_exit_continuity_assumption; documented exits override after last active month,approved_core_municipality_proxy,DERIVED_REVIEWED_DESTINATION_PANEL
bumbach,Bumbach,2020-12-01,2020,12,1,1,True,2023-05-01,analytical_month_anchor,True,False,1355.0,964.0,1351.0,4.0,0,False,False,-29,7.212294468500341,entry_plus_no_exit_continuity_assumption; documented exits override after last active month,approved_core_municipality_proxy,DERIVED_REVIEWED_DESTINATION_PANEL
bumbach,Bumbach,2021-01-01,2021,1,1,1,True,2023-05-01,analytical_month_anchor,True,False,1655.0,1308.0,1644.0,11.0,0,False,False,-28,7.412160334945205,entry_plus_no_exit_continuity_assumption; documented exits override after last active month,approved_core_municipality_proxy,DERIVED_REVIEWED_DESTINATION_PANEL
bumbach,Bumbach,2021-02-01,2021,2,1,1,True,2023-05-01,analytical_month_anchor,True,False,1853.0,1439.0,1849.0,4.0,0,False,False,-27,7.5251007461258,entry_plus_no_exit_continuity_assumption; documented exits override after last active month,approved_core_municipality_proxy,DERIVED_REVIEWED_DESTINATION_PANEL
bumbach,Bumbach,2021-03-01,2021,3,1,1,True,2023-05-01,analytical_month_anchor,True,False,31.0,31.0,31.0,0.0,0,False,False,-26,3.4657359027997265,entry_plus_no_exit_continuity_assumption; documented exits override after last active month,approved_core_municipality_proxy,DERIVED_REVIEWED_DESTINATION_PANEL
bumbach,Bumbach,2021-04-01,2021,4,1,1,True,2023-05-01,analytical_month_anchor,True,False,504.0,401.0,504.0,0.0,0,False,False,-25,6.22455842927536,entry_plus_no_exit_continuity_assumption; documented exits override after last active month,approved_core_municipality_proxy,DERIVED_REVIEWED_DESTINATION_PANEL
bumbach,Bumbach,2021-05-01,2021,5,1,1,True,2023-05-01,analytical_month_anchor,True,False,1988.0,1477.0,1963.0,25.0,0,False,False,-24,7.5953872788539725,entry_plus_no_exit_continuity_assumption; documented exits override after last active month,approved_core_municipality_proxy,DERIVED_REVIEWED_DESTINATION_PANEL
bumbach,Bumbach,2021-06-01,2021,6,1,1,True,2023-05-01,analytical_month_anchor,True,False,1991.0,1548.0,1979.0,12.0,0,False,False,-23,7.596894438144544,entry_plus_no_exit_continuity_assumption; documented exits override after last active month,approved_core_municipality_proxy,DERIVED_REVIEWED_DESTINATION_PANEL
bumbach,Bumbach,2021-07-01,2021,7,1,1,True,2023-05-01,analytical_month_anchor,True,False,2207.0,1533.0,2167.0,40.0,0,False,False,-22,7.699842407396986,entry_plus_no_exit_continuity_assumption; documented exits override after last active month,approved_core_municipality_proxy,DERIVED_REVIEWED_DESTINATION_PANEL
bumbach,Bumbach,2021-08-01,2021,8,1,1,True,2023-05-01,analytical_month_anchor,True,False,2171.0,1640.0,2116.0,55.0,0,False,False,-21,7.683403681053826,entry_plus_no_exit_continuity_assumption; documented exits override after last active month,approved_core_municipality_proxy,DERIVED_REVIEWED_DESTINATION_PANEL
bumbach,Bumbach,2021-09-01,2021,9,1,1,True,2023-05-01,analytical_month_anchor,True,False,1923.0,1560.0,1887.0,36.0,0,False,False,-20,7.562161631225652,entry_plus_no_exit_continuity_assumption; documented exits override after last active month,approved_core_municipality_proxy,DERIVED_REVIEWED_DESTINATION_PANEL
bumbach,Bumbach,2021-10-01,2021,10,1,1,True,2023-05-01,analytical_month_anchor,True,False,1947.0,1558.0,1913.0,34.0,0,False,False,-19,7.5745584842024805,entry_plus_no_exit_continuity_assumption; documented exits override after last active month,approved_core_municipality_proxy,DERIVED_REVIEWED_DESTINATION_PANEL
bumbach,Bumbach,2021-11-01,2021,11,1,1,True,2023-05-01,analytical_month_anchor,True,False,522.0,467.0,508.0,14.0,0,False,False,-18,6.259581464064923,entry_plus_no_exit_continuity_assumption; documented exits override after last active month,approved_core_municipality_proxy,DERIVED_REVIEWED_DESTINATION_PANEL
bumbach,Bumbach,2021-12-01,2021,12,1,1,True,2023-05-01,analytical_month_anchor,True,False,1257.0,1026.0,1244.0,13.0,0,False,False,-17,7.1372784372603855,entry_plus_no_exit_continuity_assumption; documented exits override after last active month,approved_core_municipality_proxy,DERIVED_REVIEWED_DESTINATION_PANEL
bumbach,Bumbach,2022-01-01,2022,1,1,1,True,2023-05-01,analytical_month_anchor,True,False,1550.0,1260.0,1509.0,41.0,0,False,False,-16,7.346655163176539,entry_plus_no_exit_continuity_assumption; documented exits override after last active month,approved_core_municipality_proxy,DERIVED_REVIEWED_DESTINATION_PANEL
bumbach,Bumbach,2022-02-01,2022,2,1,1,True,2023-05-01,analytical_month_anchor,True,False,1536.0,1286.0,1501.0,35.0,0,False,False,-15,7.337587743538596,entry_plus_no_exit_continuity_assumption; documented exits override after last active month,approved_core_municipality_proxy,DERIVED_REVIEWED_DESTINATION_PANEL
bumbach,Bumbach,2022-03-01,2022,3,1,1,True,2023-05-01,analytical_month_anchor,True,False,1381.0,1082.0,1333.0,48.0,0,False,False,-14,7.231287004327616,entry_plus_no_exit_continuity_assumption; documented exits override after last active month,approved_core_municipality_proxy,DERIVED_REVIEWED_DESTINATION_PANEL
bumbach,Bumbach,2022-04-01,2022,4,1,1,True,2023-05-01,analytical_month_anchor,True,False,409.0,323.0,89.0,320.0,0,False,False,-13,6.016157159698354,entry_plus_no_exit_continuity_assumption; documented exits override after last active month,approved_core_municipality_proxy,DERIVED_REVIEWED_DESTINATION_PANEL
bumbach,Bumbach,2022-05-01,2022,5,1,1,True,2023-05-01,analytical_month_anchor,True,False,1555.0,1144.0,1517.0,38.0,0,False,False,-12,7.349873704738337,entry_plus_no_exit_continuity_assumption; documented exits override after last active month,approved_core_municipality_proxy,DERIVED_REVIEWED_DESTINATION_PANEL
bumbach,Bumbach,2022-06-01,2022,6,1,1,True,2023-05-01,analytical_month_anchor,True,False,1704.0,1265.0,1647.0,57.0,0,False,False,-11,7.4413203897176174,entry_plus_no_exit_continuity_assumption; documented exits override after last active month,approved_core_municipality_proxy,DERIVED_REVIEWED_DESTINATION_PANEL
bumbach,Bumbach,2022-07-01,2022,7,1,1,True,2023-05-01,analytical_month_anchor,True,False,465.0,304.0,463.0,2.0,0,False,False,-10,6.144185634125646,entry_plus_no_exit_continuity_assumption; documented exits override after last active month,approved_core_municipality_proxy,DERIVED_REVIEWED_DESTINATION_PANEL
bumbach,Bumbach,2022-08-01,2022,8,1,1,True,2023-05-01,analytical_month_anchor,True,False,216.0,123.0,216.0,0.0,0,False,False,-9,5.37989735354046,entry_plus_no_exit_continuity_assumption; documented exits override after last active month,approved_core_municipality_proxy,DERIVED_REVIEWED_DESTINATION_PANEL
bumbach,Bumbach,2022-09-01,2022,9,1,1,True,2023-05-01,analytical_month_anchor,True,False,251.0,142.0,251.0,0.0,0,False,False,-8,5.529429087511423,entry_plus_no_exit_continuity_assumption; documented exits override after last active month,approved_core_municipality_proxy,DERIVED_REVIEWED_DESTINATION_PANEL
bumbach,Bumbach,2022-10-01,2022,10,1,1,True,2023-05-01,analytical_month_anchor,True,False,146.0,75.0,146.0,0.0,0,False,False,-7,4.990432586778736,entry_plus_no_exit_continuity_assumption; documented exits override after last active month,approved_core_municipality_proxy,DERIVED_REVIEWED_DESTINATION_PANEL
bumbach,Bumbach,2022-11-01,2022,11,1,1,True,2023-05-01,analytical_month_anchor,True,False,96.0,24.0,96.0,0.0,0,False,False,-6,4.574710978503383,entry_plus_no_exit_continuity_assumption; documented exits override after last active month,approved_core_municipality_proxy,DERIVED_REVIEWED_DESTINATION_PANEL
bumbach,Bumbach,2022-12-01,2022,12,1,1,True,2023-05-01,analytical_month_anchor,True,False,58.0,27.0,58.0,0.0,0,False,False,-5,4.07753744390572,entry_plus_no_exit_continuity_assumption; documented exits override after last active month,approved_core_municipality_proxy,DERIVED_REVIEWED_DESTINATION_PANEL
bumbach,Bumbach,2023-01-01,2023,1,1,1,True,2023-05-01,analytical_month_anchor,True,False,109.0,33.0,109.0,0.0,0,False,False,-4,4.700480365792417,entry_plus_no_exit_continuity_assumption; documented exits override after last active month,approved_core_municipality_proxy,DERIVED_REVIEWED_DESTINATION_PANEL
bumbach,Bumbach,2023-02-01,2023,2,1,1,True,2023-05-01,analytical_month_anchor,True,False,79.0,33.0,79.0,0.0,0,False,False,-3,4.382026634673881,entry_plus_no_exit_continuity_assumption; documented exits override after last active month,approved_core_municipality_proxy,DERIVED_REVIEWED_DESTINATION_PANEL
bumbach,Bumbach,2023-03-01,2023,3,1,1,True,2023-05-01,analytical_month_anchor,True,False,163.0,64.0,163.0,0.0,0,False,False,-2,5.099866427824199,entry_plus_no_exit_continuity_assumption; documented exits override after last active month,approved_core_municipality_proxy,DERIVED_REVIEWED_DESTINATION_PANEL
bumbach,Bumbach,2023-04-01,2023,4,1,1,True,2023-05-01,analytical_month_anchor,True,False,100.0,44.0,100.0,0.0,0,False,False,-1,4.61512051684126,entry_plus_no_exit_continuity_assumption; documented exits override after last active month,approved_core_municipality_proxy,DERIVED_REVIEWED_DESTINATION_PANEL
bumbach,Bumbach,2023-05-01,2023,5,1,1,True,2023-05-01,analytical_month_anchor,True,False,221.0,104.0,221.0,0.0,1,True,True,0,5.402677381872279,entry_plus_no_exit_continuity_assumption; documented exits override after last active month,approved_core_municipality_proxy,DERIVED_REVIEWED_DESTINATION_PANEL
bumbach,Bumbach,2023-06-01,2023,6,1,1,True,2023-05-01,analytical_month_anchor,True,False,571.0,376.0,565.0,6.0,1,True,True,1,6.349138991379798,entry_plus_no_exit_continuity_assumption; documented exits override after last active month,approved_core_municipality_proxy,DERIVED_REVIEWED_DESTINATION_PANEL
bumbach,Bumbach,2023-07-01,2023,7,1,1,True,2023-05-01,analytical_month_anchor,True,False,2138.0,1473.0,2023.0,115.0,1,True,True,2,7.668093709082406,entry_plus_no_exit_continuity_assumption; documented exits override after last active month,approved_core_municipality_proxy,DERIVED_REVIEWED_DESTINATION_PANEL
bumbach,Bumbach,2023-08-01,2023,8,1,1,True,2023-05-01,analytical_month_anchor,True,False,1824.0,1379.0,1749.0,75.0,1,True,True,3,7.509335266016592,entry_plus_no_exit_continuity_assumption; documented exits override after last active month,approved_core_municipality_proxy,DERIVED_REVIEWED_DESTINATION_PANEL
bumbach,Bumbach,2023-09-01,2023,9,1,1,True,2023-05-01,analytical_month_anchor,True,False,1771.0,1396.0,1703.0,68.0,1,True,True,4,7.4798641311650265,entry_plus_no_exit_continuity_assumption; documented exits override after last active month,approved_core_municipality_proxy,DERIVED_REVIEWED_DESTINATION_PANEL
bumbach,Bumbach,2023-10-01,2023,10,1,1,True,2023-05-01,analytical_month_anchor,True,False,1654.0,1270.0,1584.0,70.0,1,True,True,5,7.411556287811163,entry_plus_no_exit_continuity_assumption; documented exits override after last active month,approved_core_municipality_proxy,DERIVED_REVIEWED_DESTINATION_PANEL
bumbach,Bumbach,2023-11-01,2023,11,1,1,True,2023-05-01,analytical_month_anchor,True,False,854.0,722.0,849.0,5.0,1,True,True,6,6.75110146893676,entry_plus_no_exit_continuity_assumption; documented exits override after last active month,approved_core_municipality_proxy,DERIVED_REVIEWED_DESTINATION_PANEL
bumbach,Bumbach,2023-12-01,2023,12,1,1,True,2023-05-01,analytical_month_anchor,True,False,1068.0,775.0,1043.0,25.0,1,True,True,7,6.974478911025045,entry_plus_no_exit_continuity_assumption; documented exits override after last active month,approved_core_municipality_proxy,DERIVED_REVIEWED_DESTINATION_PANEL
bumbach,Bumbach,2024-01-01,2024,1,1,1,True,2023-05-01,analytical_month_anchor,True,False,1276.0,1005.0,1239.0,37.0,1,True,True,8,7.152268856032539,entry_plus_no_exit_continuity_assumption; documented exits override after last active month,approved_core_municipality_proxy,DERIVED_REVIEWED_DESTINATION_PANEL
bumbach,Bumbach,2024-02-01,2024,2,1,1,True,2023-05-01,analytical_month_anchor,True,False,1123.0,899.0,1082.0,41.0,1,True,True,9,7.024649030453636,entry_plus_no_exit_continuity_assumption; documented exits override after last active month,approved_core_municipality_proxy,DERIVED_REVIEWED_DESTINATION_PANEL
bumbach,Bumbach,2024-03-01,2024,3,1,1,True,2023-05-01,analytical_month_anchor,True,False,1124.0,901.0,1099.0,25.0,1,True,True,10,7.025538314638521,entry_plus_no_exit_continuity_assumption; documented exits override after last active month,approved_core_municipality_proxy,DERIVED_REVIEWED_DESTINATION_PANEL
bumbach,Bumbach,2024-04-01,2024,4,1,1,True,2023-05-01,analytical_month_anchor,True,False,211.0,155.0,211.0,0.0,1,True,True,11,5.356586274672012,entry_plus_no_exit_continuity_assumption; documented exits override after last active month,approved_core_municipality_proxy,DERIVED_REVIEWED_DESTINATION_PANEL
bumbach,Bumbach,2024-05-01,2024,5,1,1,True,2023-05-01,analytical_month_anchor,True,False,1543.0,1069.0,1504.0,39.0,1,True,True,12,7.342131730584722,entry_plus_no_exit_continuity_assumption; documented exits override after last active month,approved_core_municipality_proxy,DERIVED_REVIEWED_DESTINATION_PANEL
bumbach,Bumbach,2024-06-01,2024,6,1,1,True,2023-05-01,analytical_month_anchor,True,False,1684.0,1257.0,1627.0,57.0,1,True,True,13,7.429520842786462,entry_plus_no_exit_continuity_assumption; documented exits override after last active month,approved_core_municipality_proxy,DERIVED_REVIEWED_DESTINATION_PANEL
bumbach,Bumbach,2024-07-01,2024,7,1,1,True,2023-05-01,analytical_month_anchor,True,False,2178.0,1625.0,2082.0,96.0,1,True,True,14,7.68662133494462,entry_plus_no_exit_continuity_assumption; documented exits override after last active month,approved_core_municipality_proxy,DERIVED_REVIEWED_DESTINATION_PANEL
bumbach,Bumbach,2024-08-01,2024,8,1,1,True,2023-05-01,analytical_month_anchor,True,False,1940.0,1492.0,1866.0,74.0,1,True,True,15,7.57095858316901,entry_plus_no_exit_continuity_assumption; documented exits override after last active month,approved_core_municipality_proxy,DERIVED_REVIEWED_DESTINATION_PANEL
bumbach,Bumbach,2024-09-01,2024,9,1,1,True,2023-05-01,analytical_month_anchor,True,False,1579.0,1224.0,1564.0,15.0,1,True,True,16,7.365180126021013,entry_plus_no_exit_continuity_assumption; documented exits override after last active month,approved_core_municipality_proxy,DERIVED_REVIEWED_DESTINATION_PANEL
bumbach,Bumbach,2024-10-01,2024,10,1,1,True,2023-05-01,analytical_month_anchor,True,False,1550.0,1213.0,1525.0,25.0,1,True,True,17,7.346655163176539,entry_plus_no_exit_continuity_assumption; documented exits override after last active month,approved_core_municipality_proxy,DERIVED_REVIEWED_DESTINATION_PANEL
bumbach,Bumbach,2024-11-01,2024,11,1,1,True,2023-05-01,analytical_month_anchor,True,False,319.0,274.0,316.0,3.0,1,True,True,18,5.768320995793772,entry_plus_no_exit_continuity_assumption; documented exits override after last active month,approved_core_municipality_proxy,DERIVED_REVIEWED_DESTINATION_PANEL
bumbach,Bumbach,2024-12-01,2024,12,1,1,True,2023-05-01,analytical_month_anchor,True,False,999.0,762.0,973.0,26.0,1,True,True,19,6.907755278982137,entry_plus_no_exit_continuity_assumption; documented exits override after last active month,approved_core_municipality_proxy,DERIVED_REVIEWED_DESTINATION_PANEL
bumbach,Bumbach,2025-01-01,2025,1,1,1,True,2023-05-01,analytical_month_anchor,True,False,1234.0,917.0,1195.0,39.0,1,True,True,20,7.118826249062078,entry_plus_no_exit_continuity_assumption; documented exits override after last active month,approved_core_municipality_proxy,DERIVED_REVIEWED_DESTINATION_PANEL
bumbach,Bumbach,2025-02-01,2025,2,1,1,True,2023-05-01,analytical_month_anchor,True,False,1238.0,910.0,1188.0,50.0,1,True,True,21,7.122059881629142,entry_plus_no_exit_continuity_assumption; documented exits override after last active month,approved_core_municipality_proxy,DERIVED_REVIEWED_DESTINATION_PANEL
bumbach,Bumbach,2025-03-01,2025,3,1,1,True,2023-05-01,analytical_month_anchor,True,False,1034.0,820.0,1014.0,20.0,1,True,True,22,6.942156705699469,entry_plus_no_exit_continuity_assumption; documented exits override after last active month,approved_core_municipality_proxy,DERIVED_REVIEWED_DESTINATION_PANEL
bumbach,Bumbach,2025-04-01,2025,4,1,1,True,2023-05-01,analytical_month_anchor,True,False,77.0,40.0,77.0,0.0,1,True,True,23,4.356708826689592,entry_plus_no_exit_continuity_assumption; documented exits override after last active month,approved_core_municipality_proxy,DERIVED_REVIEWED_DESTINATION_PANEL
bumbach,Bumbach,2025-05-01,2025,5,1,1,True,2023-05-01,analytical_month_anchor,True,False,1613.0,1191.0,1576.0,37.0,1,True,True,24,7.3864708488298945,entry_plus_no_exit_continuity_assumption; documented exits override after last active month,approved_core_municipality_proxy,DERIVED_REVIEWED_DESTINATION_PANEL
bumbach,Bumbach,2025-06-01,2025,6,1,1,True,2023-05-01,analytical_month_anchor,True,False,1737.0,1331.0,1699.0,38.0,1,True,True,25,7.460490305825338,entry_plus_no_exit_continuity_assumption; documented exits override after last active month,approved_core_municipality_proxy,DERIVED_REVIEWED_DESTINATION_PANEL
bumbach,Bumbach,2025-07-01,2025,7,1,1,True,2023-05-01,analytical_month_anchor,True,False,1699.0,1132.0,1585.0,114.0,1,True,True,26,7.438383530044307,entry_plus_no_exit_continuity_assumption; documented exits override after last active month,approved_core_municipality_proxy,DERIVED_REVIEWED_DESTINATION_PANEL
bumbach,Bumbach,2025-08-01,2025,8,1,1,True,2023-05-01,analytical_month_anchor,True,False,1925.0,1382.0,1822.0,103.0,1,True,True,27,7.563200592358071,entry_plus_no_exit_continuity_assumption; documented exits override after last active month,approved_core_municipality_proxy,DERIVED_REVIEWED_DESTINATION_PANEL
bumbach,Bumbach,2025-09-01,2025,9,1,1,True,2023-05-01,analytical_month_anchor,True,False,1679.0,1303.0,1596.0,83.0,1,True,True,28,7.426549072397305,entry_plus_no_exit_continuity_assumption; documented exits override after last active month,approved_core_municipality_proxy,DERIVED_REVIEWED_DESTINATION_PANEL
bumbach,Bumbach,2025-10-01,2025,10,1,1,True,2023-05-01,analytical_month_anchor,True,False,1644.0,1283.0,1629.0,15.0,1,True,True,29,7.405495663199472,entry_plus_no_exit_continuity_assumption; documented exits override after last active month,approved_core_municipality_proxy,DERIVED_REVIEWED_DESTINATION_PANEL
bumbach,Bumbach,2025-11-01,2025,11,1,1,True,2023-05-01,analytical_month_anchor,True,False,786.0,649.0,782.0,4.0,1,True,True,30,6.668228248417403,entry_plus_no_exit_continuity_assumption; documented exits override after last active month,approved_core_municipality_proxy,DERIVED_REVIEWED_DESTINATION_PANEL
bumbach,Bumbach,2025-12-01,2025,12,1,1,True,2023-05-01,analytical_month_anchor,True,False,938.0,686.0,910.0,28.0,1,True,True,31,6.844815479208263,entry_plus_no_exit_continuity_assumption; documented exits override after last active month,approved_core_municipality_proxy,DERIVED_REVIEWED_DESTINATION_PANEL
bumbach,Bumbach,2026-01-01,2026,1,1,1,True,2023-05-01,analytical_month_anchor,True,False,1259.0,910.0,1204.0,55.0,1,True,True,32,7.138866999945524,entry_plus_no_exit_continuity_assumption; documented exits override after last active month,approved_core_municipality_proxy,DERIVED_REVIEWED_DESTINATION_PANEL
bumbach,Bumbach,2026-02-01,2026,2,1,1,True,2023-05-01,analytical_month_anchor,True,False,1276.0,922.0,1245.0,31.0,1,True,True,33,7.152268856032539,entry_plus_no_exit_continuity_assumption; documented exits override after last active month,approved_core_municipality_proxy,DERIVED_REVIEWED_DESTINATION_PANEL
bumbach,Bumbach,2026-03-01,2026,3,1,1,True,2023-05-01,analytical_month_anchor,True,False,970.0,746.0,960.0,10.0,1,True,True,34,6.878326468291325,entry_plus_no_exit_continuity_assumption; documented exits override after last active month,approved_core_municipality_proxy,DERIVED_REVIEWED_DESTINATION_PANEL
bumbach,Bumbach,2026-04-01,2026,4,1,0,False,2023-05-01,analytical_month_anchor,True,False,,,,,1,True,True,35,,entry_plus_no_exit_continuity_assumption; documented exits override after last active month,approved_core_municipality_proxy,DERIVED_REVIEWED_DESTINATION_PANEL
bumbach,Bumbach,2026-05-01,2026,5,1,0,False,2023-05-01,analytical_month_anchor,True,False,,,,,1,True,True,36,,entry_plus_no_exit_continuity_assumption; documented exits override after last active month,approved_core_municipality_proxy,DERIVED_REVIEWED_DESTINATION_PANEL
bumbach,Bumbach,2026-06-01,2026,6,1,0,False,2023-05-01,analytical_month_anchor,True,False,,,,,1,True,True,37,,entry_plus_no_exit_continuity_assumption; documented exits override after last active month,approved_core_municipality_proxy,DERIVED_REVIEWED_DESTINATION_PANEL
bumbach,Bumbach,2026-07-01,2026,7,1,0,False,2023-05-01,analytical_month_anchor,True,False,,,,,1,True,True,38,,entry_plus_no_exit_continuity_assumption; documented exits override after last active month,approved_core_municipality_proxy,DERIVED_REVIEWED_DESTINATION_PANEL
bumbach,Bumbach,2026-08-01,2026,8,1,0,False,2023-05-01,analytical_month_anchor,True,False,,,,,1,True,True,39,,entry_plus_no_exit_continuity_assumption; documented exits override after last active month,approved_core_municipality_proxy,DERIVED_REVIEWED_DESTINATION_PANEL
bumbach,Bumbach,2026-09-01,2026,9,1,0,False,2023-05-01,analytical_month_anchor,True,False,,,,,1,True,True,40,,entry_plus_no_exit_continuity_assumption; documented exits override after last active month,approved_core_municipality_proxy,DERIVED_REVIEWED_DESTINATION_PANEL
bumbach,Bumbach,2026-10-01,2026,10,1,0,False,2023-05-01,analytical_month_anchor,True,False,,,,,1,True,True,41,,entry_plus_no_exit_continuity_assumption; documented exits override after last active month,approved_core_municipality_proxy,DERIVED_REVIEWED_DESTINATION_PANEL
bumbach,Bumbach,2026-11-01,2026,11,1,0,False,2023-05-01,analytical_month_anchor,True,False,,,,,1,True,True,42,,entry_plus_no_exit_continuity_assumption; documented exits override after last active month,approved_core_municipality_proxy,DERIVED_REVIEWED_DESTINATION_PANEL
bumbach,Bumbach,2026-12-01,2026,12,1,0,False,2023-05-01,analytical_month_anchor,True,False,,,,,1,True,True,43,,entry_plus_no_exit_continuity_assumption; documented exits override after last active month,approved_core_municipality_proxy,DERIVED_REVIEWED_DESTINATION_PANEL
crans_montana,Crans-Montana,2013-01-01,2013,1,1,0,False,2017-11-01,exact_product_validity_date,True,False,,,,,0,False,False,-58,,entry_plus_no_exit_continuity_assumption; documented exits override after last active month,approved_core_municipality_proxy,DERIVED_REVIEWED_DESTINATION_PANEL
crans_montana,Crans-Montana,2013-02-01,2013,2,1,0,False,2017-11-01,exact_product_validity_date,True,False,,,,,0,False,False,-57,,entry_plus_no_exit_continuity_assumption; documented exits override after last active month,approved_core_municipality_proxy,DERIVED_REVIEWED_DESTINATION_PANEL
crans_montana,Crans-Montana,2013-03-01,2013,3,1,0,False,2017-11-01,exact_product_validity_date,True,False,,,,,0,False,False,-56,,entry_plus_no_exit_continuity_assumption; documented exits override after last active month,approved_core_municipality_proxy,DERIVED_REVIEWED_DESTINATION_PANEL
crans_montana,Crans-Montana,2013-04-01,2013,4,1,0,False,2017-11-01,exact_product_validity_date,True,False,,,,,0,False,False,-55,,entry_plus_no_exit_continuity_assumption; documented exits override after last active month,approved_core_municipality_proxy,DERIVED_REVIEWED_DESTINATION_PANEL
crans_montana,Crans-Montana,2013-05-01,2013,5,1,0,False,2017-11-01,exact_product_validity_date,True,False,,,,,0,False,False,-54,,entry_plus_no_exit_continuity_assumption; documented exits override after last active month,approved_core_municipality_proxy,DERIVED_REVIEWED_DESTINATION_PANEL
crans_montana,Crans-Montana,2013-06-01,2013,6,1,0,False,2017-11-01,exact_product_validity_date,True,False,,,,,0,False,False,-53,,entry_plus_no_exit_continuity_assumption; documented exits override after last active month,approved_core_municipality_proxy,DERIVED_REVIEWED_DESTINATION_PANEL
crans_montana,Crans-Montana,2013-07-01,2013,7,1,0,False,2017-11-01,exact_product_validity_date,True,False,,,,,0,False,False,-52,,entry_plus_no_exit_continuity_assumption; documented exits override after last active month,approved_core_municipality_proxy,DERIVED_REVIEWED_DESTINATION_PANEL
crans_montana,Crans-Montana,2013-08-01,2013,8,1,0,False,2017-11-01,exact_product_validity_date,True,False,,,,,0,False,False,-51,,entry_plus_no_exit_continuity_assumption; documented exits override after last active month,approved_core_municipality_proxy,DERIVED_REVIEWED_DESTINATION_PANEL
crans_montana,Crans-Montana,2013-09-01,2013,9,1,0,False,2017-11-01,exact_product_validity_date,True,False,,,,,0,False,False,-50,,entry_plus_no_exit_continuity_assumption; documented exits override after last active month,approved_core_municipality_proxy,DERIVED_REVIEWED_DESTINATION_PANEL
crans_montana,Crans-Montana,2013-10-01,2013,10,1,0,False,2017-11-01,exact_product_validity_date,True,False,,,,,0,False,False,-49,,entry_plus_no_exit_continuity_assumption; documented exits override after last active month,approved_core_municipality_proxy,DERIVED_REVIEWED_DESTINATION_PANEL
crans_montana,Crans-Montana,2013-11-01,2013,11,1,0,False,2017-11-01,exact_product_validity_date,True,False,,,,,0,False,False,-48,,entry_plus_no_exit_continuity_assumption; documented exits override after last active month,approved_core_municipality_proxy,DERIVED_REVIEWED_DESTINATION_PANEL
crans_montana,Crans-Montana,2013-12-01,2013,12,1,0,False,2017-11-01,exact_product_validity_date,True,False,,,,,0,False,False,-47,,entry_plus_no_exit_continuity_assumption; documented exits override after last active month,approved_core_municipality_proxy,DERIVED_REVIEWED_DESTINATION_PANEL
crans_montana,Crans-Montana,2014-01-01,2014,1,1,0,False,2017-11-01,exact_product_validity_date,True,False,,,,,0,False,False,-46,,entry_plus_no_exit_continuity_assumption; documented exits override after last active month,approved_core_municipality_proxy,DERIVED_REVIEWED_DESTINATION_PANEL
crans_montana,Crans-Montana,2014-02-01,2014,2,1,0,False,2017-11-01,exact_product_validity_date,True,False,,,,,0,False,False,-45,,entry_plus_no_exit_continuity_assumption; documented exits override after last active month,approved_core_municipality_proxy,DERIVED_REVIEWED_DESTINATION_PANEL
crans_montana,Crans-Montana,2014-03-01,2014,3,1,0,False,2017-11-01,exact_product_validity_date,True,False,,,,,0,False,False,-44,,entry_plus_no_exit_continuity_assumption; documented exits override after last active month,approved_core_municipality_proxy,DERIVED_REVIEWED_DESTINATION_PANEL
crans_montana,Crans-Montana,2014-04-01,2014,4,1,0,False,2017-11-01,exact_product_validity_date,True,False,,,,,0,False,False,-43,,entry_plus_no_exit_continuity_assumption; documented exits override after last active month,approved_core_municipality_proxy,DERIVED_REVIEWED_DESTINATION_PANEL
crans_montana,Crans-Montana,2014-05-01,2014,5,1,0,False,2017-11-01,exact_product_validity_date,True,False,,,,,0,False,False,-42,,entry_plus_no_exit_continuity_assumption; documented exits override after last active month,approved_core_municipality_proxy,DERIVED_REVIEWED_DESTINATION_PANEL
crans_montana,Crans-Montana,2014-06-01,2014,6,1,0,False,2017-11-01,exact_product_validity_date,True,False,,,,,0,False,False,-41,,entry_plus_no_exit_continuity_assumption; documented exits override after last active month,approved_core_municipality_proxy,DERIVED_REVIEWED_DESTINATION_PANEL
crans_montana,Crans-Montana,2014-07-01,2014,7,1,0,False,2017-11-01,exact_product_validity_date,True,False,,,,,0,False,False,-40,,entry_plus_no_exit_continuity_assumption; documented exits override after last active month,approved_core_municipality_proxy,DERIVED_REVIEWED_DESTINATION_PANEL
crans_montana,Crans-Montana,2014-08-01,2014,8,1,0,False,2017-11-01,exact_product_validity_date,True,False,,,,,0,False,False,-39,,entry_plus_no_exit_continuity_assumption; documented exits override after last active month,approved_core_municipality_proxy,DERIVED_REVIEWED_DESTINATION_PANEL
crans_montana,Crans-Montana,2014-09-01,2014,9,1,0,False,2017-11-01,exact_product_validity_date,True,False,,,,,0,False,False,-38,,entry_plus_no_exit_continuity_assumption; documented exits override after last active month,approved_core_municipality_proxy,DERIVED_REVIEWED_DESTINATION_PANEL
crans_montana,Crans-Montana,2014-10-01,2014,10,1,0,False,2017-11-01,exact_product_validity_date,True,False,,,,,0,False,False,-37,,entry_plus_no_exit_continuity_assumption; documented exits override after last active month,approved_core_municipality_proxy,DERIVED_REVIEWED_DESTINATION_PANEL
crans_montana,Crans-Montana,2014-11-01,2014,11,1,0,False,2017-11-01,exact_product_validity_date,True,False,,,,,0,False,False,-36,,entry_plus_no_exit_continuity_assumption; documented exits override after last active month,approved_core_municipality_proxy,DERIVED_REVIEWED_DESTINATION_PANEL
crans_montana,Crans-Montana,2014-12-01,2014,12,1,0,False,2017-11-01,exact_product_validity_date,True,False,,,,,0,False,False,-35,,entry_plus_no_exit_continuity_assumption; documented exits override after last active month,approved_core_municipality_proxy,DERIVED_REVIEWED_DESTINATION_PANEL
crans_montana,Crans-Montana,2015-01-01,2015,1,1,0,False,2017-11-01,exact_product_validity_date,True,False,,,,,0,False,False,-34,,entry_plus_no_exit_continuity_assumption; documented exits override after last active month,approved_core_municipality_proxy,DERIVED_REVIEWED_DESTINATION_PANEL
crans_montana,Crans-Montana,2015-02-01,2015,2,1,0,False,2017-11-01,exact_product_validity_date,True,False,,,,,0,False,False,-33,,entry_plus_no_exit_continuity_assumption; documented exits override after last active month,approved_core_municipality_proxy,DERIVED_REVIEWED_DESTINATION_PANEL
crans_montana,Crans-Montana,2015-03-01,2015,3,1,0,False,2017-11-01,exact_product_validity_date,True,False,,,,,0,False,False,-32,,entry_plus_no_exit_continuity_assumption; documented exits override after last active month,approved_core_municipality_proxy,DERIVED_REVIEWED_DESTINATION_PANEL
crans_montana,Crans-Montana,2015-04-01,2015,4,1,0,False,2017-11-01,exact_product_validity_date,True,False,,,,,0,False,False,-31,,entry_plus_no_exit_continuity_assumption; documented exits override after last active month,approved_core_municipality_proxy,DERIVED_REVIEWED_DESTINATION_PANEL
crans_montana,Crans-Montana,2015-05-01,2015,5,1,0,False,2017-11-01,exact_product_validity_date,True,False,,,,,0,False,False,-30,,entry_plus_no_exit_continuity_assumption; documented exits override after last active month,approved_core_municipality_proxy,DERIVED_REVIEWED_DESTINATION_PANEL
crans_montana,Crans-Montana,2015-06-01,2015,6,1,0,False,2017-11-01,exact_product_validity_date,True,False,,,,,0,False,False,-29,,entry_plus_no_exit_continuity_assumption; documented exits override after last active month,approved_core_municipality_proxy,DERIVED_REVIEWED_DESTINATION_PANEL
crans_montana,Crans-Montana,2015-07-01,2015,7,1,0,False,2017-11-01,exact_product_validity_date,True,False,,,,,0,False,False,-28,,entry_plus_no_exit_continuity_assumption; documented exits override after last active month,approved_core_municipality_proxy,DERIVED_REVIEWED_DESTINATION_PANEL
crans_montana,Crans-Montana,2015-08-01,2015,8,1,0,False,2017-11-01,exact_product_validity_date,True,False,,,,,0,False,False,-27,,entry_plus_no_exit_continuity_assumption; documented exits override after last active month,approved_core_municipality_proxy,DERIVED_REVIEWED_DESTINATION_PANEL
crans_montana,Crans-Montana,2015-09-01,2015,9,1,0,False,2017-11-01,exact_product_validity_date,True,False,,,,,0,False,False,-26,,entry_plus_no_exit_continuity_assumption; documented exits override after last active month,approved_core_municipality_proxy,DERIVED_REVIEWED_DESTINATION_PANEL
crans_montana,Crans-Montana,2015-10-01,2015,10,1,0,False,2017-11-01,exact_product_validity_date,True,False,,,,,0,False,False,-25,,entry_plus_no_exit_continuity_assumption; documented exits override after last active month,approved_core_municipality_proxy,DERIVED_REVIEWED_DESTINATION_PANEL
crans_montana,Crans-Montana,2015-11-01,2015,11,1,0,False,2017-11-01,exact_product_validity_date,True,False,,,,,0,False,False,-24,,entry_plus_no_exit_continuity_assumption; documented exits override after last active month,approved_core_municipality_proxy,DERIVED_REVIEWED_DESTINATION_PANEL
crans_montana,Crans-Montana,2015-12-01,2015,12,1,0,False,2017-11-01,exact_product_validity_date,True,False,,,,,0,False,False,-23,,entry_plus_no_exit_continuity_assumption; documented exits override after last active month,approved_core_municipality_proxy,DERIVED_REVIEWED_DESTINATION_PANEL
crans_montana,Crans-Montana,2016-01-01,2016,1,1,0,False,2017-11-01,exact_product_validity_date,True,False,,,,,0,False,False,-22,,entry_plus_no_exit_continuity_assumption; documented exits override after last active month,approved_core_municipality_proxy,DERIVED_REVIEWED_DESTINATION_PANEL
crans_montana,Crans-Montana,2016-02-01,2016,2,1,0,False,2017-11-01,exact_product_validity_date,True,False,,,,,0,False,False,-21,,entry_plus_no_exit_continuity_assumption; documented exits override after last active month,approved_core_municipality_proxy,DERIVED_REVIEWED_DESTINATION_PANEL
crans_montana,Crans-Montana,2016-03-01,2016,3,1,0,False,2017-11-01,exact_product_validity_date,True,False,,,,,0,False,False,-20,,entry_plus_no_exit_continuity_assumption; documented exits override after last active month,approved_core_municipality_proxy,DERIVED_REVIEWED_DESTINATION_PANEL
crans_montana,Crans-Montana,2016-04-01,2016,4,1,0,False,2017-11-01,exact_product_validity_date,True,False,,,,,0,False,False,-19,,entry_plus_no_exit_continuity_assumption; documented exits override after last active month,approved_core_municipality_proxy,DERIVED_REVIEWED_DESTINATION_PANEL
crans_montana,Crans-Montana,2016-05-01,2016,5,1,0,False,2017-11-01,exact_product_validity_date,True,False,,,,,0,False,False,-18,,entry_plus_no_exit_continuity_assumption; documented exits override after last active month,approved_core_municipality_proxy,DERIVED_REVIEWED_DESTINATION_PANEL
crans_montana,Crans-Montana,2016-06-01,2016,6,1,0,False,2017-11-01,exact_product_validity_date,True,False,,,,,0,False,False,-17,,entry_plus_no_exit_continuity_assumption; documented exits override after last active month,approved_core_municipality_proxy,DERIVED_REVIEWED_DESTINATION_PANEL
crans_montana,Crans-Montana,2016-07-01,2016,7,1,0,False,2017-11-01,exact_product_validity_date,True,False,,,,,0,False,False,-16,,entry_plus_no_exit_continuity_assumption; documented exits override after last active month,approved_core_municipality_proxy,DERIVED_REVIEWED_DESTINATION_PANEL
crans_montana,Crans-Montana,2016-08-01,2016,8,1,0,False,2017-11-01,exact_product_validity_date,True,False,,,,,0,False,False,-15,,entry_plus_no_exit_continuity_assumption; documented exits override after last active month,approved_core_municipality_proxy,DERIVED_REVIEWED_DESTINATION_PANEL
crans_montana,Crans-Montana,2016-09-01,2016,9,1,0,False,2017-11-01,exact_product_validity_date,True,False,,,,,0,False,False,-14,,entry_plus_no_exit_continuity_assumption; documented exits override after last active month,approved_core_municipality_proxy,DERIVED_REVIEWED_DESTINATION_PANEL
crans_montana,Crans-Montana,2016-10-01,2016,10,1,0,False,2017-11-01,exact_product_validity_date,True,False,,,,,0,False,False,-13,,entry_plus_no_exit_continuity_assumption; documented exits override after last active month,approved_core_municipality_proxy,DERIVED_REVIEWED_DESTINATION_PANEL
crans_montana,Crans-Montana,2016-11-01,2016,11,1,0,False,2017-11-01,exact_product_validity_date,True,False,,,,,0,False,False,-12,,entry_plus_no_exit_continuity_assumption; documented exits override after last active month,approved_core_municipality_proxy,DERIVED_REVIEWED_DESTINATION_PANEL
crans_montana,Crans-Montana,2016-12-01,2016,12,1,0,False,2017-11-01,exact_product_validity_date,True,False,,,,,0,False,False,-11,,entry_plus_no_exit_continuity_assumption; documented exits override after last active month,approved_core_municipality_proxy,DERIVED_REVIEWED_DESTINATION_PANEL
crans_montana,Crans-Montana,2017-01-01,2017,1,1,1,True,2017-11-01,exact_product_validity_date,True,False,21838.0,7448.0,13985.0,7853.0,0,False,False,-10,9.991452641264772,entry_plus_no_exit_continuity_assumption; documented exits override after last active month,approved_core_municipality_proxy,DERIVED_REVIEWED_DESTINATION_PANEL
crans_montana,Crans-Montana,2017-02-01,2017,2,1,1,True,2017-11-01,exact_product_validity_date,True,False,30924.0,9346.0,17432.0,13492.0,0,False,False,-9,10.339320197260689,entry_plus_no_exit_continuity_assumption; documented exits override after last active month,approved_core_municipality_proxy,DERIVED_REVIEWED_DESTINATION_PANEL
crans_montana,Crans-Montana,2017-03-01,2017,3,1,1,True,2017-11-01,exact_product_validity_date,True,False,19072.0,7023.0,11619.0,7453.0,0,False,False,-8,9.856029001376427,entry_plus_no_exit_continuity_assumption; documented exits override after last active month,approved_core_municipality_proxy,DERIVED_REVIEWED_DESTINATION_PANEL
crans_montana,Crans-Montana,2017-04-01,2017,4,1,1,True,2017-11-01,exact_product_validity_date,True,False,7624.0,2943.0,4507.0,3117.0,0,False,False,-7,8.939187601475613,entry_plus_no_exit_continuity_assumption; documented exits override after last active month,approved_core_municipality_proxy,DERIVED_REVIEWED_DESTINATION_PANEL
crans_montana,Crans-Montana,2017-05-01,2017,5,1,1,True,2017-11-01,exact_product_validity_date,True,False,3479.0,1847.0,2128.0,1351.0,0,False,False,-6,8.15478757276852,entry_plus_no_exit_continuity_assumption; documented exits override after last active month,approved_core_municipality_proxy,DERIVED_REVIEWED_DESTINATION_PANEL
crans_montana,Crans-Montana,2017-06-01,2017,6,1,1,True,2017-11-01,exact_product_validity_date,True,False,17273.0,6468.0,8753.0,8520.0,0,False,False,-5,9.756957759840232,entry_plus_no_exit_continuity_assumption; documented exits override after last active month,approved_core_municipality_proxy,DERIVED_REVIEWED_DESTINATION_PANEL
crans_montana,Crans-Montana,2017-07-01,2017,7,1,1,True,2017-11-01,exact_product_validity_date,True,False,30573.0,9506.0,15155.0,15418.0,0,False,False,-4,10.32790525356098,entry_plus_no_exit_continuity_assumption; documented exits override after last active month,approved_core_municipality_proxy,DERIVED_REVIEWED_DESTINATION_PANEL
crans_montana,Crans-Montana,2017-08-01,2017,8,1,1,True,2017-11-01,exact_product_validity_date,True,False,24092.0,6794.0,11538.0,12554.0,0,False,False,-3,10.089676620856572,entry_plus_no_exit_continuity_assumption; documented exits override after last active month,approved_core_municipality_proxy,DERIVED_REVIEWED_DESTINATION_PANEL
crans_montana,Crans-Montana,2017-09-01,2017,9,1,1,True,2017-11-01,exact_product_validity_date,True,False,17977.0,7058.0,12332.0,5645.0,0,False,False,-2,9.796904067133344,entry_plus_no_exit_continuity_assumption; documented exits override after last active month,approved_core_municipality_proxy,DERIVED_REVIEWED_DESTINATION_PANEL
crans_montana,Crans-Montana,2017-10-01,2017,10,1,1,True,2017-11-01,exact_product_validity_date,True,False,5893.0,2588.0,4312.0,1581.0,0,False,False,-1,8.68169016329764,entry_plus_no_exit_continuity_assumption; documented exits override after last active month,approved_core_municipality_proxy,DERIVED_REVIEWED_DESTINATION_PANEL
crans_montana,Crans-Montana,2017-11-01,2017,11,1,1,True,2017-11-01,exact_product_validity_date,True,False,2252.0,1303.0,1211.0,1041.0,1,True,True,0,7.720017940432244,entry_plus_no_exit_continuity_assumption; documented exits override after last active month,approved_core_municipality_proxy,DERIVED_REVIEWED_DESTINATION_PANEL
crans_montana,Crans-Montana,2017-12-01,2017,12,1,1,True,2017-11-01,exact_product_validity_date,True,False,16934.0,5734.0,8640.0,8294.0,1,True,True,1,9.737137765251871,entry_plus_no_exit_continuity_assumption; documented exits override after last active month,approved_core_municipality_proxy,DERIVED_REVIEWED_DESTINATION_PANEL
crans_montana,Crans-Montana,2018-01-01,2018,1,1,1,True,2017-11-01,exact_product_validity_date,True,False,25889.0,9446.0,16916.0,8973.0,1,True,True,2,10.161612072745584,entry_plus_no_exit_continuity_assumption; documented exits override after last active month,approved_core_municipality_proxy,DERIVED_REVIEWED_DESTINATION_PANEL
crans_montana,Crans-Montana,2018-02-01,2018,2,1,1,True,2017-11-01,exact_product_validity_date,True,False,37222.0,10958.0,22876.0,14346.0,1,True,True,3,10.524682128775064,entry_plus_no_exit_continuity_assumption; documented exits override after last active month,approved_core_municipality_proxy,DERIVED_REVIEWED_DESTINATION_PANEL
crans_montana,Crans-Montana,2018-03-01,2018,3,1,1,True,2017-11-01,exact_product_validity_date,True,False,26675.0,10238.0,14918.0,11757.0,1,True,True,4,10.191519563752196,entry_plus_no_exit_continuity_assumption; documented exits override after last active month,approved_core_municipality_proxy,DERIVED_REVIEWED_DESTINATION_PANEL
crans_montana,Crans-Montana,2018-04-01,2018,4,1,1,True,2017-11-01,exact_product_validity_date,True,False,10071.0,3338.0,6802.0,3269.0,1,True,True,5,9.217514575724183,entry_plus_no_exit_continuity_assumption; documented exits override after last active month,approved_core_municipality_proxy,DERIVED_REVIEWED_DESTINATION_PANEL
crans_montana,Crans-Montana,2018-05-01,2018,5,1,1,True,2017-11-01,exact_product_validity_date,True,False,5010.0,2518.0,2353.0,2657.0,1,True,True,6,8.519390774959724,entry_plus_no_exit_continuity_assumption; documented exits override after last active month,approved_core_municipality_proxy,DERIVED_REVIEWED_DESTINATION_PANEL
crans_montana,Crans-Montana,2018-06-01,2018,6,1,1,True,2017-11-01,exact_product_validity_date,True,False,15100.0,5788.0,7738.0,7362.0,1,True,True,7,9.62251624577579,entry_plus_no_exit_continuity_assumption; documented exits override after last active month,approved_core_municipality_proxy,DERIVED_REVIEWED_DESTINATION_PANEL
crans_montana,Crans-Montana,2018-07-01,2018,7,1,1,True,2017-11-01,exact_product_validity_date,True,False,31328.0,10137.0,14704.0,16624.0,1,True,True,8,10.352299465147658,entry_plus_no_exit_continuity_assumption; documented exits override after last active month,approved_core_municipality_proxy,DERIVED_REVIEWED_DESTINATION_PANEL
crans_montana,Crans-Montana,2018-08-01,2018,8,1,1,True,2017-11-01,exact_product_validity_date,True,False,28987.0,8846.0,13684.0,15303.0,1,True,True,9,10.274637230229173,entry_plus_no_exit_continuity_assumption; documented exits override after last active month,approved_core_municipality_proxy,DERIVED_REVIEWED_DESTINATION_PANEL
crans_montana,Crans-Montana,2018-09-01,2018,9,1,1,True,2017-11-01,exact_product_validity_date,True,False,19347.0,8155.0,13481.0,5866.0,1,True,True,10,9.870344333942874,entry_plus_no_exit_continuity_assumption; documented exits override after last active month,approved_core_municipality_proxy,DERIVED_REVIEWED_DESTINATION_PANEL
crans_montana,Crans-Montana,2018-10-01,2018,10,1,1,True,2017-11-01,exact_product_validity_date,True,False,6771.0,3235.0,5392.0,1379.0,1,True,True,11,8.820551743253025,entry_plus_no_exit_continuity_assumption; documented exits override after last active month,approved_core_municipality_proxy,DERIVED_REVIEWED_DESTINATION_PANEL
crans_montana,Crans-Montana,2018-11-01,2018,11,1,1,True,2017-11-01,exact_product_validity_date,True,False,2273.0,1288.0,1500.0,773.0,1,True,True,12,7.729295674310482,entry_plus_no_exit_continuity_assumption; documented exits override after last active month,approved_core_municipality_proxy,DERIVED_REVIEWED_DESTINATION_PANEL
crans_montana,Crans-Montana,2018-12-01,2018,12,1,1,True,2017-11-01,exact_product_validity_date,True,False,20123.0,6756.0,10354.0,9769.0,1,True,True,13,9.909668411611209,entry_plus_no_exit_continuity_assumption; documented exits override after last active month,approved_core_municipality_proxy,DERIVED_REVIEWED_DESTINATION_PANEL
crans_montana,Crans-Montana,2019-01-01,2019,1,1,1,True,2017-11-01,exact_product_validity_date,True,False,28329.0,10109.0,18578.0,9751.0,1,True,True,14,10.251676592824563,entry_plus_no_exit_continuity_assumption; documented exits override after last active month,approved_core_municipality_proxy,DERIVED_REVIEWED_DESTINATION_PANEL
crans_montana,Crans-Montana,2019-02-01,2019,2,1,1,True,2017-11-01,exact_product_validity_date,True,False,37662.0,12060.0,24011.0,13651.0,1,True,True,15,10.53643345915528,entry_plus_no_exit_continuity_assumption; documented exits override after last active month,approved_core_municipality_proxy,DERIVED_REVIEWED_DESTINATION_PANEL
crans_montana,Crans-Montana,2019-03-01,2019,3,1,1,True,2017-11-01,exact_product_validity_date,True,False,27544.0,9671.0,17477.0,10067.0,1,True,True,16,10.223576309906816,entry_plus_no_exit_continuity_assumption; documented exits override after last active month,approved_core_municipality_proxy,DERIVED_REVIEWED_DESTINATION_PANEL
crans_montana,Crans-Montana,2019-04-01,2019,4,1,1,True,2017-11-01,exact_product_validity_date,True,False,7896.0,3440.0,5500.0,2396.0,1,True,True,17,8.97423821949758,entry_plus_no_exit_continuity_assumption; documented exits override after last active month,approved_core_municipality_proxy,DERIVED_REVIEWED_DESTINATION_PANEL
crans_montana,Crans-Montana,2019-05-01,2019,5,1,1,True,2017-11-01,exact_product_validity_date,True,False,4308.0,2050.0,2543.0,1765.0,1,True,True,18,8.368461137615839,entry_plus_no_exit_continuity_assumption; documented exits override after last active month,approved_core_municipality_proxy,DERIVED_REVIEWED_DESTINATION_PANEL
crans_montana,Crans-Montana,2019-06-01,2019,6,1,1,True,2017-11-01,exact_product_validity_date,True,False,15993.0,6373.0,8526.0,7467.0,1,True,True,19,9.679968930891835,entry_plus_no_exit_continuity_assumption; documented exits override after last active month,approved_core_municipality_proxy,DERIVED_REVIEWED_DESTINATION_PANEL
crans_montana,Crans-Montana,2019-07-01,2019,7,1,1,True,2017-11-01,exact_product_validity_date,True,False,31812.0,9944.0,15812.0,16000.0,1,True,True,20,10.367630290261705,entry_plus_no_exit_continuity_assumption; documented exits override after last active month,approved_core_municipality_proxy,DERIVED_REVIEWED_DESTINATION_PANEL
crans_montana,Crans-Montana,2019-08-01,2019,8,1,1,True,2017-11-01,exact_product_validity_date,True,False,32775.0,10196.0,17565.0,15210.0,1,True,True,21,10.397451819226706,entry_plus_no_exit_continuity_assumption; documented exits override after last active month,approved_core_municipality_proxy,DERIVED_REVIEWED_DESTINATION_PANEL
crans_montana,Crans-Montana,2019-09-01,2019,9,1,1,True,2017-11-01,exact_product_validity_date,True,False,16168.0,7154.0,11875.0,4293.0,1,True,True,22,9.690851107739814,entry_plus_no_exit_continuity_assumption; documented exits override after last active month,approved_core_municipality_proxy,DERIVED_REVIEWED_DESTINATION_PANEL
crans_montana,Crans-Montana,2019-10-01,2019,10,1,1,True,2017-11-01,exact_product_validity_date,True,False,5845.0,2802.0,4576.0,1269.0,1,True,True,23,8.673512945671192,entry_plus_no_exit_continuity_assumption; documented exits override after last active month,approved_core_municipality_proxy,DERIVED_REVIEWED_DESTINATION_PANEL
crans_montana,Crans-Montana,2019-11-01,2019,11,1,1,True,2017-11-01,exact_product_validity_date,True,False,1868.0,1137.0,1294.0,574.0,1,True,True,24,7.533158807455563,entry_plus_no_exit_continuity_assumption; documented exits override after last active month,approved_core_municipality_proxy,DERIVED_REVIEWED_DESTINATION_PANEL
crans_montana,Crans-Montana,2019-12-01,2019,12,1,1,True,2017-11-01,exact_product_validity_date,True,False,20824.0,6777.0,11636.0,9188.0,1,True,True,25,9.943909467035043,entry_plus_no_exit_continuity_assumption; documented exits override after last active month,approved_core_municipality_proxy,DERIVED_REVIEWED_DESTINATION_PANEL
crans_montana,Crans-Montana,2020-01-01,2020,1,1,1,True,2017-11-01,exact_product_validity_date,True,False,31967.0,11280.0,21280.0,10687.0,1,True,True,26,10.37249068144828,entry_plus_no_exit_continuity_assumption; documented exits override after last active month,approved_core_municipality_proxy,DERIVED_REVIEWED_DESTINATION_PANEL
crans_montana,Crans-Montana,2020-02-01,2020,2,1,1,True,2017-11-01,exact_product_validity_date,True,False,42262.0,12121.0,24368.0,17894.0,1,True,True,27,10.651667277765442,entry_plus_no_exit_continuity_assumption; documented exits override after last active month,approved_core_municipality_proxy,DERIVED_REVIEWED_DESTINATION_PANEL
crans_montana,Crans-Montana,2020-03-01,2020,3,1,1,True,2017-11-01,exact_product_validity_date,True,False,11354.0,4072.0,7291.0,4063.0,1,True,True,28,9.337413454539659,entry_plus_no_exit_continuity_assumption; documented exits override after last active month,approved_core_municipality_proxy,DERIVED_REVIEWED_DESTINATION_PANEL
crans_montana,Crans-Montana,2020-04-01,2020,4,1,1,True,2017-11-01,exact_product_validity_date,True,False,85.0,51.0,70.0,15.0,1,True,True,29,4.454347296253507,entry_plus_no_exit_continuity_assumption; documented exits override after last active month,approved_core_municipality_proxy,DERIVED_REVIEWED_DESTINATION_PANEL
crans_montana,Crans-Montana,2020-05-01,2020,5,1,1,True,2017-11-01,exact_product_validity_date,True,False,2151.0,1229.0,1960.0,191.0,0,False,True,30,7.674152921281675,entry_plus_no_exit_continuity_assumption; documented exits override after last active month,approved_core_municipality_proxy,DERIVED_REVIEWED_DESTINATION_PANEL
crans_montana,Crans-Montana,2020-06-01,2020,6,1,1,True,2017-11-01,exact_product_validity_date,True,False,5127.0,2609.0,4357.0,770.0,0,False,True,31,8.542470998600505,entry_plus_no_exit_continuity_assumption; documented exits override after last active month,approved_core_municipality_proxy,DERIVED_REVIEWED_DESTINATION_PANEL
crans_montana,Crans-Montana,2020-07-01,2020,7,1,1,True,2017-11-01,exact_product_validity_date,True,False,24785.0,9027.0,19437.0,5348.0,0,False,True,32,10.118034256624819,entry_plus_no_exit_continuity_assumption; documented exits override after last active month,approved_core_municipality_proxy,DERIVED_REVIEWED_DESTINATION_PANEL
crans_montana,Crans-Montana,2020-08-01,2020,8,1,1,True,2017-11-01,exact_product_validity_date,True,False,25654.0,8938.0,18067.0,7587.0,0,False,True,33,10.152493763376064,entry_plus_no_exit_continuity_assumption; documented exits override after last active month,approved_core_municipality_proxy,DERIVED_REVIEWED_DESTINATION_PANEL
crans_montana,Crans-Montana,2020-09-01,2020,9,1,1,True,2017-11-01,exact_product_validity_date,True,False,18592.0,7096.0,14878.0,3714.0,0,False,True,34,9.830540444780063,entry_plus_no_exit_continuity_assumption; documented exits override after last active month,approved_core_municipality_proxy,DERIVED_REVIEWED_DESTINATION_PANEL
crans_montana,Crans-Montana,2020-10-01,2020,10,1,1,True,2017-11-01,exact_product_validity_date,True,False,8438.0,3851.0,7754.0,684.0,0,False,True,35,9.040619097157967,entry_plus_no_exit_continuity_assumption; documented exits override after last active month,approved_core_municipality_proxy,DERIVED_REVIEWED_DESTINATION_PANEL
crans_montana,Crans-Montana,2020-11-01,2020,11,1,1,True,2017-11-01,exact_product_validity_date,True,False,1872.0,1186.0,1451.0,421.0,0,False,True,36,7.5352967024440884,entry_plus_no_exit_continuity_assumption; documented exits override after last active month,approved_core_municipality_proxy,DERIVED_REVIEWED_DESTINATION_PANEL
crans_montana,Crans-Montana,2020-12-01,2020,12,1,1,True,2017-11-01,exact_product_validity_date,True,False,16036.0,5647.0,11659.0,4377.0,0,False,True,37,9.682653831508809,entry_plus_no_exit_continuity_assumption; documented exits override after last active month,approved_core_municipality_proxy,DERIVED_REVIEWED_DESTINATION_PANEL
crans_montana,Crans-Montana,2021-01-01,2021,1,1,1,True,2017-11-01,exact_product_validity_date,True,False,18679.0,7258.0,14298.0,4381.0,0,False,True,38,9.835208711782833,entry_plus_no_exit_continuity_assumption; documented exits override after last active month,approved_core_municipality_proxy,DERIVED_REVIEWED_DESTINATION_PANEL
crans_montana,Crans-Montana,2021-02-01,2021,2,1,1,True,2017-11-01,exact_product_validity_date,True,False,30772.0,11249.0,22163.0,8609.0,0,False,True,39,10.33439296112607,entry_plus_no_exit_continuity_assumption; documented exits override after last active month,approved_core_municipality_proxy,DERIVED_REVIEWED_DESTINATION_PANEL
crans_montana,Crans-Montana,2021-03-01,2021,3,1,1,True,2017-11-01,exact_product_validity_date,True,False,17780.0,8266.0,14632.0,3148.0,0,False,True,40,9.785885750455948,entry_plus_no_exit_continuity_assumption; documented exits override after last active month,approved_core_municipality_proxy,DERIVED_REVIEWED_DESTINATION_PANEL
crans_montana,Crans-Montana,2021-04-01,2021,4,1,1,True,2017-11-01,exact_product_validity_date,True,False,9924.0,4700.0,8672.0,1252.0,0,False,True,41,9.202812105555392,entry_plus_no_exit_continuity_assumption; documented exits override after last active month,approved_core_municipality_proxy,DERIVED_REVIEWED_DESTINATION_PANEL
crans_montana,Crans-Montana,2021-05-01,2021,5,1,1,True,2017-11-01,exact_product_validity_date,True,False,5145.0,2928.0,4497.0,648.0,0,False,True,42,8.545974992841689,entry_plus_no_exit_continuity_assumption; documented exits override after last active month,approved_core_municipality_proxy,DERIVED_REVIEWED_DESTINATION_PANEL
crans_montana,Crans-Montana,2021-06-01,2021,6,1,1,True,2017-11-01,exact_product_validity_date,True,False,11555.0,4604.0,10376.0,1179.0,0,False,True,43,9.354960061586127,entry_plus_no_exit_continuity_assumption; documented exits override after last active month,approved_core_municipality_proxy,DERIVED_REVIEWED_DESTINATION_PANEL
crans_montana,Crans-Montana,2021-07-01,2021,7,1,1,True,2017-11-01,exact_product_validity_date,True,False,26260.0,9430.0,21266.0,4994.0,0,False,True,44,10.175840227862885,entry_plus_no_exit_continuity_assumption; documented exits override after last active month,approved_core_municipality_proxy,DERIVED_REVIEWED_DESTINATION_PANEL
crans_montana,Crans-Montana,2021-08-01,2021,8,1,1,True,2017-11-01,exact_product_validity_date,True,False,32739.0,10601.0,21130.0,11609.0,0,False,True,45,10.396352850925126,entry_plus_no_exit_continuity_assumption; documented exits override after last active month,approved_core_municipality_proxy,DERIVED_REVIEWED_DESTINATION_PANEL
crans_montana,Crans-Montana,2021-09-01,2021,9,1,1,True,2017-11-01,exact_product_validity_date,True,False,20338.0,8749.0,16271.0,4067.0,0,False,True,46,9.920295504185495,entry_plus_no_exit_continuity_assumption; documented exits override after last active month,approved_core_municipality_proxy,DERIVED_REVIEWED_DESTINATION_PANEL
crans_montana,Crans-Montana,2021-10-01,2021,10,1,1,True,2017-11-01,exact_product_validity_date,True,False,10092.0,4553.0,8884.0,1208.0,0,False,True,47,9.219597393238859,entry_plus_no_exit_continuity_assumption; documented exits override after last active month,approved_core_municipality_proxy,DERIVED_REVIEWED_DESTINATION_PANEL
crans_montana,Crans-Montana,2021-11-01,2021,11,1,1,True,2017-11-01,exact_product_validity_date,True,False,2274.0,1426.0,1641.0,633.0,0,False,True,48,7.729735331385051,entry_plus_no_exit_continuity_assumption; documented exits override after last active month,approved_core_municipality_proxy,DERIVED_REVIEWED_DESTINATION_PANEL
crans_montana,Crans-Montana,2021-12-01,2021,12,1,1,True,2017-11-01,exact_product_validity_date,True,False,19765.0,6710.0,11596.0,8169.0,0,False,True,49,9.89171856893613,entry_plus_no_exit_continuity_assumption; documented exits override after last active month,approved_core_municipality_proxy,DERIVED_REVIEWED_DESTINATION_PANEL
crans_montana,Crans-Montana,2022-01-01,2022,1,1,1,True,2017-11-01,exact_product_validity_date,True,False,27684.0,9557.0,18850.0,8834.0,0,False,True,50,10.228646029257067,entry_plus_no_exit_continuity_assumption; documented exits override after last active month,approved_core_municipality_proxy,DERIVED_REVIEWED_DESTINATION_PANEL
crans_montana,Crans-Montana,2022-02-01,2022,2,1,1,True,2017-11-01,exact_product_validity_date,True,False,37667.0,12099.0,24200.0,13467.0,0,False,True,51,10.536566206629955,entry_plus_no_exit_continuity_assumption; documented exits override after last active month,approved_core_municipality_proxy,DERIVED_REVIEWED_DESTINATION_PANEL
crans_montana,Crans-Montana,2022-03-01,2022,3,1,1,True,2017-11-01,exact_product_validity_date,True,False,25816.0,9446.0,18181.0,7635.0,0,False,True,52,10.158788468649394,entry_plus_no_exit_continuity_assumption; documented exits override after last active month,approved_core_municipality_proxy,DERIVED_REVIEWED_DESTINATION_PANEL
crans_montana,Crans-Montana,2022-04-01,2022,4,1,1,True,2017-11-01,exact_product_validity_date,True,False,12219.0,5999.0,8453.0,3766.0,0,False,True,53,9.410829232725586,entry_plus_no_exit_continuity_assumption; documented exits override after last active month,approved_core_municipality_proxy,DERIVED_REVIEWED_DESTINATION_PANEL
crans_montana,Crans-Montana,2022-05-01,2022,5,1,1,True,2017-11-01,exact_product_validity_date,True,False,5607.0,2774.0,4230.0,1377.0,0,False,True,54,8.631949428714426,entry_plus_no_exit_continuity_assumption; documented exits override after last active month,approved_core_municipality_proxy,DERIVED_REVIEWED_DESTINATION_PANEL
crans_montana,Crans-Montana,2022-06-01,2022,6,1,1,True,2017-11-01,exact_product_validity_date,True,False,11644.0,5297.0,8755.0,2889.0,0,False,True,55,9.36263218231844,entry_plus_no_exit_continuity_assumption; documented exits override after last active month,approved_core_municipality_proxy,DERIVED_REVIEWED_DESTINATION_PANEL
crans_montana,Crans-Montana,2022-07-01,2022,7,1,1,True,2017-11-01,exact_product_validity_date,True,False,24761.0,9041.0,14254.0,10507.0,0,False,True,56,10.117065498980637,entry_plus_no_exit_continuity_assumption; documented exits override after last active month,approved_core_municipality_proxy,DERIVED_REVIEWED_DESTINATION_PANEL
crans_montana,Crans-Montana,2022-08-01,2022,8,1,1,True,2017-11-01,exact_product_validity_date,True,False,29621.0,9637.0,15505.0,14116.0,0,False,True,57,10.296272607486918,entry_plus_no_exit_continuity_assumption; documented exits override after last active month,approved_core_municipality_proxy,DERIVED_REVIEWED_DESTINATION_PANEL
crans_montana,Crans-Montana,2022-09-01,2022,9,1,1,True,2017-11-01,exact_product_validity_date,True,False,16969.0,8116.0,11056.0,5913.0,0,False,True,58,9.739202358228273,entry_plus_no_exit_continuity_assumption; documented exits override after last active month,approved_core_municipality_proxy,DERIVED_REVIEWED_DESTINATION_PANEL
crans_montana,Crans-Montana,2022-10-01,2022,10,1,1,True,2017-11-01,exact_product_validity_date,True,False,8823.0,4121.0,5505.0,3318.0,0,False,True,59,9.085230560933338,entry_plus_no_exit_continuity_assumption; documented exits override after last active month,approved_core_municipality_proxy,DERIVED_REVIEWED_DESTINATION_PANEL
crans_montana,Crans-Montana,2022-11-01,2022,11,1,1,True,2017-11-01,exact_product_validity_date,True,False,2443.0,1240.0,1831.0,612.0,0,False,True,60,7.8013913202914855,entry_plus_no_exit_continuity_assumption; documented exits override after last active month,approved_core_municipality_proxy,DERIVED_REVIEWED_DESTINATION_PANEL
crans_montana,Crans-Montana,2022-12-01,2022,12,1,1,True,2017-11-01,exact_product_validity_date,True,False,18308.0,6681.0,9049.0,9259.0,0,False,True,61,9.815148021212604,entry_plus_no_exit_continuity_assumption; documented exits override after last active month,approved_core_municipality_proxy,DERIVED_REVIEWED_DESTINATION_PANEL
crans_montana,Crans-Montana,2023-01-01,2023,1,1,1,True,2017-11-01,exact_product_validity_date,True,False,26166.0,9936.0,17513.0,8653.0,0,False,True,62,10.172254353874754,entry_plus_no_exit_continuity_assumption; documented exits override after last active month,approved_core_municipality_proxy,DERIVED_REVIEWED_DESTINATION_PANEL
crans_montana,Crans-Montana,2023-02-01,2023,2,1,1,True,2017-11-01,exact_product_validity_date,True,False,38667.0,12248.0,26148.0,12519.0,0,False,True,63,10.562767663584497,entry_plus_no_exit_continuity_assumption; documented exits override after last active month,approved_core_municipality_proxy,DERIVED_REVIEWED_DESTINATION_PANEL
crans_montana,Crans-Montana,2023-03-01,2023,3,1,1,True,2017-11-01,exact_product_validity_date,True,False,24518.0,8782.0,15257.0,9261.0,0,False,True,64,10.107203606184239,entry_plus_no_exit_continuity_assumption; documented exits override after last active month,approved_core_municipality_proxy,DERIVED_REVIEWED_DESTINATION_PANEL
crans_montana,Crans-Montana,2023-04-01,2023,4,1,1,True,2017-11-01,exact_product_validity_date,True,False,11960.0,6331.0,7754.0,4206.0,0,False,True,65,9.389406636049465,entry_plus_no_exit_continuity_assumption; documented exits override after last active month,approved_core_municipality_proxy,DERIVED_REVIEWED_DESTINATION_PANEL
crans_montana,Crans-Montana,2023-05-01,2023,5,1,1,True,2017-11-01,exact_product_validity_date,True,False,5437.0,3100.0,3885.0,1552.0,0,False,True,66,8.601166625192416,entry_plus_no_exit_continuity_assumption; documented exits override after last active month,approved_core_municipality_proxy,DERIVED_REVIEWED_DESTINATION_PANEL
crans_montana,Crans-Montana,2023-06-01,2023,6,1,1,True,2017-11-01,exact_product_validity_date,True,False,17033.0,7343.0,9763.0,7270.0,0,False,True,67,9.742966625701026,entry_plus_no_exit_continuity_assumption; documented exits override after last active month,approved_core_municipality_proxy,DERIVED_REVIEWED_DESTINATION_PANEL
crans_montana,Crans-Montana,2023-07-01,2023,7,1,1,True,2017-11-01,exact_product_validity_date,True,False,28129.0,10638.0,18102.0,10027.0,0,False,True,68,10.244591901483902,entry_plus_no_exit_continuity_assumption; documented exits override after last active month,approved_core_municipality_proxy,DERIVED_REVIEWED_DESTINATION_PANEL
crans_montana,Crans-Montana,2023-08-01,2023,8,1,1,True,2017-11-01,exact_product_validity_date,True,False,27304.0,10214.0,16654.0,10650.0,0,False,True,69,10.214825114586255,entry_plus_no_exit_continuity_assumption; documented exits override after last active month,approved_core_municipality_proxy,DERIVED_REVIEWED_DESTINATION_PANEL
crans_montana,Crans-Montana,2023-09-01,2023,9,1,1,True,2017-11-01,exact_product_validity_date,True,False,19224.0,9468.0,14099.0,5125.0,0,False,True,70,9.863966794373844,entry_plus_no_exit_continuity_assumption; documented exits override after last active month,approved_core_municipality_proxy,DERIVED_REVIEWED_DESTINATION_PANEL
crans_montana,Crans-Montana,2023-10-01,2023,10,1,1,True,2017-11-01,exact_product_validity_date,True,False,7078.0,3696.0,5833.0,1245.0,0,False,True,71,8.86488793377419,entry_plus_no_exit_continuity_assumption; documented exits override after last active month,approved_core_municipality_proxy,DERIVED_REVIEWED_DESTINATION_PANEL
crans_montana,Crans-Montana,2023-11-01,2023,11,1,1,True,2017-11-01,exact_product_validity_date,True,False,2910.0,1715.0,2203.0,707.0,0,False,True,72,7.976251943745623,entry_plus_no_exit_continuity_assumption; documented exits override after last active month,approved_core_municipality_proxy,DERIVED_REVIEWED_DESTINATION_PANEL
crans_montana,Crans-Montana,2023-12-01,2023,12,1,1,True,2017-11-01,exact_product_validity_date,True,False,19117.0,7521.0,12157.0,6960.0,0,False,True,73,9.858385578623707,entry_plus_no_exit_continuity_assumption; documented exits override after last active month,approved_core_municipality_proxy,DERIVED_REVIEWED_DESTINATION_PANEL
crans_montana,Crans-Montana,2024-01-01,2024,1,1,1,True,2017-11-01,exact_product_validity_date,True,False,29305.0,11264.0,22372.0,6933.0,0,False,True,74,10.28554755219797,entry_plus_no_exit_continuity_assumption; documented exits override after last active month,approved_core_municipality_proxy,DERIVED_REVIEWED_DESTINATION_PANEL
crans_montana,Crans-Montana,2024-02-01,2024,2,1,1,True,2017-11-01,exact_product_validity_date,True,False,34739.0,11046.0,23891.0,10848.0,0,False,True,75,10.455647039795096,entry_plus_no_exit_continuity_assumption; documented exits override after last active month,approved_core_municipality_proxy,DERIVED_REVIEWED_DESTINATION_PANEL
crans_montana,Crans-Montana,2024-03-01,2024,3,1,1,True,2017-11-01,exact_product_validity_date,True,False,21574.0,9552.0,15765.0,5809.0,0,False,True,76,9.979290515951629,entry_plus_no_exit_continuity_assumption; documented exits override after last active month,approved_core_municipality_proxy,DERIVED_REVIEWED_DESTINATION_PANEL
crans_montana,Crans-Montana,2024-04-01,2024,4,1,1,True,2017-11-01,exact_product_validity_date,True,False,5311.0,3149.0,4095.0,1216.0,0,False,True,77,8.57772369115627,entry_plus_no_exit_continuity_assumption; documented exits override after last active month,approved_core_municipality_proxy,DERIVED_REVIEWED_DESTINATION_PANEL
crans_montana,Crans-Montana,2024-05-01,2024,5,1,1,True,2017-11-01,exact_product_validity_date,True,False,4539.0,2718.0,3394.0,1145.0,0,False,True,78,8.420682291035394,entry_plus_no_exit_continuity_assumption; documented exits override after last active month,approved_core_municipality_proxy,DERIVED_REVIEWED_DESTINATION_PANEL
crans_montana,Crans-Montana,2024-06-01,2024,6,1,1,True,2017-11-01,exact_product_validity_date,True,False,14164.0,6576.0,9137.0,5027.0,0,False,True,79,9.558529412264617,entry_plus_no_exit_continuity_assumption; documented exits override after last active month,approved_core_municipality_proxy,DERIVED_REVIEWED_DESTINATION_PANEL
crans_montana,Crans-Montana,2024-07-01,2024,7,1,1,True,2017-11-01,exact_product_validity_date,True,False,21908.0,9099.0,13620.0,8288.0,0,False,True,80,9.99465279028822,entry_plus_no_exit_continuity_assumption; documented exits override after last active month,approved_core_municipality_proxy,DERIVED_REVIEWED_DESTINATION_PANEL
crans_montana,Crans-Montana,2024-08-01,2024,8,1,1,True,2017-11-01,exact_product_validity_date,True,False,25124.0,10243.0,16567.0,8557.0,0,False,True,81,10.131618645361376,entry_plus_no_exit_continuity_assumption; documented exits override after last active month,approved_core_municipality_proxy,DERIVED_REVIEWED_DESTINATION_PANEL
crans_montana,Crans-Montana,2024-09-01,2024,9,1,1,True,2017-11-01,exact_product_validity_date,True,False,20795.0,9236.0,15176.0,5619.0,0,False,True,82,9.942515939503606,entry_plus_no_exit_continuity_assumption; documented exits override after last active month,approved_core_municipality_proxy,DERIVED_REVIEWED_DESTINATION_PANEL
crans_montana,Crans-Montana,2024-10-01,2024,10,1,1,True,2017-11-01,exact_product_validity_date,True,False,5207.0,2691.0,4057.0,1150.0,0,False,True,83,8.557951183888406,entry_plus_no_exit_continuity_assumption; documented exits override after last active month,approved_core_municipality_proxy,DERIVED_REVIEWED_DESTINATION_PANEL
crans_montana,Crans-Montana,2024-11-01,2024,11,1,1,True,2017-11-01,exact_product_validity_date,True,False,3538.0,1968.0,2726.0,812.0,0,False,True,84,8.171599480345463,entry_plus_no_exit_continuity_assumption; documented exits override after last active month,approved_core_municipality_proxy,DERIVED_REVIEWED_DESTINATION_PANEL
crans_montana,Crans-Montana,2024-12-01,2024,12,1,1,True,2017-11-01,exact_product_validity_date,True,False,20768.0,7677.0,13460.0,7308.0,0,False,True,85,9.941216769346136,entry_plus_no_exit_continuity_assumption; documented exits override after last active month,approved_core_municipality_proxy,DERIVED_REVIEWED_DESTINATION_PANEL
crans_montana,Crans-Montana,2025-01-01,2025,1,1,1,True,2017-11-01,exact_product_validity_date,True,False,27356.0,10593.0,18237.0,9119.0,0,False,True,86,10.216727716601776,entry_plus_no_exit_continuity_assumption; documented exits override after last active month,approved_core_municipality_proxy,DERIVED_REVIEWED_DESTINATION_PANEL
crans_montana,Crans-Montana,2025-02-01,2025,2,1,1,True,2017-11-01,exact_product_validity_date,True,False,29907.0,10335.0,19466.0,10441.0,0,False,True,87,10.305881282119806,entry_plus_no_exit_continuity_assumption; documented exits override after last active month,approved_core_municipality_proxy,DERIVED_REVIEWED_DESTINATION_PANEL
crans_montana,Crans-Montana,2025-03-01,2025,3,1,1,True,2017-11-01,exact_product_validity_date,True,False,17971.0,7624.0,11476.0,6495.0,0,False,True,88,9.79657027019005,entry_plus_no_exit_continuity_assumption; documented exits override after last active month,approved_core_municipality_proxy,DERIVED_REVIEWED_DESTINATION_PANEL
crans_montana,Crans-Montana,2025-04-01,2025,4,1,1,True,2017-11-01,exact_product_validity_date,True,False,6952.0,4316.0,5305.0,1647.0,0,False,True,89,8.846928500099018,entry_plus_no_exit_continuity_assumption; documented exits override after last active month,approved_core_municipality_proxy,DERIVED_REVIEWED_DESTINATION_PANEL
crans_montana,Crans-Montana,2025-05-01,2025,5,1,1,True,2017-11-01,exact_product_validity_date,True,False,3882.0,2058.0,2940.0,942.0,0,False,True,90,8.264363329731667,entry_plus_no_exit_continuity_assumption; documented exits override after last active month,approved_core_municipality_proxy,DERIVED_REVIEWED_DESTINATION_PANEL
crans_montana,Crans-Montana,2025-06-01,2025,6,1,1,True,2017-11-01,exact_product_validity_date,True,False,12974.0,5886.0,8428.0,4546.0,0,False,True,91,9.470779708034089,entry_plus_no_exit_continuity_assumption; documented exits override after last active month,approved_core_municipality_proxy,DERIVED_REVIEWED_DESTINATION_PANEL
crans_montana,Crans-Montana,2025-07-01,2025,7,1,1,True,2017-11-01,exact_product_validity_date,True,False,23235.0,9316.0,14447.0,8788.0,0,False,True,92,10.053458079112422,entry_plus_no_exit_continuity_assumption; documented exits override after last active month,approved_core_municipality_proxy,DERIVED_REVIEWED_DESTINATION_PANEL
crans_montana,Crans-Montana,2025-08-01,2025,8,1,1,True,2017-11-01,exact_product_validity_date,True,False,25754.0,10045.0,16704.0,9050.0,0,False,True,93,10.156384061999686,entry_plus_no_exit_continuity_assumption; documented exits override after last active month,approved_core_municipality_proxy,DERIVED_REVIEWED_DESTINATION_PANEL
crans_montana,Crans-Montana,2025-09-01,2025,9,1,1,True,2017-11-01,exact_product_validity_date,True,False,17949.0,8447.0,12442.0,5507.0,0,False,True,94,9.795345393916424,entry_plus_no_exit_continuity_assumption; documented exits override after last active month,approved_core_municipality_proxy,DERIVED_REVIEWED_DESTINATION_PANEL
crans_montana,Crans-Montana,2025-10-01,2025,10,1,1,True,2017-11-01,exact_product_validity_date,True,False,5495.0,3072.0,4481.0,1014.0,0,False,True,95,8.611775833902186,entry_plus_no_exit_continuity_assumption; documented exits override after last active month,approved_core_municipality_proxy,DERIVED_REVIEWED_DESTINATION_PANEL
crans_montana,Crans-Montana,2025-11-01,2025,11,1,1,True,2017-11-01,exact_product_validity_date,True,False,2960.0,1905.0,2261.0,699.0,0,False,True,96,7.993282328101591,entry_plus_no_exit_continuity_assumption; documented exits override after last active month,approved_core_municipality_proxy,DERIVED_REVIEWED_DESTINATION_PANEL
crans_montana,Crans-Montana,2025-12-01,2025,12,1,1,True,2017-11-01,exact_product_validity_date,True,False,22492.0,8670.0,14860.0,7632.0,0,False,True,97,10.0209594286763,entry_plus_no_exit_continuity_assumption; documented exits override after last active month,approved_core_municipality_proxy,DERIVED_REVIEWED_DESTINATION_PANEL
crans_montana,Crans-Montana,2026-01-01,2026,1,1,1,True,2017-11-01,exact_product_validity_date,True,False,24275.0,8902.0,16392.0,7883.0,0,False,True,98,10.097243486955746,entry_plus_no_exit_continuity_assumption; documented exits override after last active month,approved_core_municipality_proxy,DERIVED_REVIEWED_DESTINATION_PANEL
crans_montana,Crans-Montana,2026-02-01,2026,2,1,1,True,2017-11-01,exact_product_validity_date,True,False,26699.0,8094.0,16043.0,10656.0,0,False,True,99,10.19241884438834,entry_plus_no_exit_continuity_assumption; documented exits override after last active month,approved_core_municipality_proxy,DERIVED_REVIEWED_DESTINATION_PANEL
crans_montana,Crans-Montana,2026-03-01,2026,3,1,1,True,2017-11-01,exact_product_validity_date,True,False,15215.0,6307.0,11012.0,4203.0,0,False,True,100,9.630102784785171,entry_plus_no_exit_continuity_assumption; documented exits override after last active month,approved_core_municipality_proxy,DERIVED_REVIEWED_DESTINATION_PANEL
crans_montana,Crans-Montana,2026-04-01,2026,4,1,0,False,2017-11-01,exact_product_validity_date,True,False,,,,,0,False,True,101,,entry_plus_no_exit_continuity_assumption; documented exits override after last active month,approved_core_municipality_proxy,DERIVED_REVIEWED_DESTINATION_PANEL
crans_montana,Crans-Montana,2026-05-01,2026,5,1,0,False,2017-11-01,exact_product_validity_date,True,False,,,,,0,False,True,102,,entry_plus_no_exit_continuity_assumption; documented exits override after last active month,approved_core_municipality_proxy,DERIVED_REVIEWED_DESTINATION_PANEL
crans_montana,Crans-Montana,2026-06-01,2026,6,1,0,False,2017-11-01,exact_product_validity_date,True,False,,,,,0,False,True,103,,entry_plus_no_exit_continuity_assumption; documented exits override after last active month,approved_core_municipality_proxy,DERIVED_REVIEWED_DESTINATION_PANEL
crans_montana,Crans-Montana,2026-07-01,2026,7,1,0,False,2017-11-01,exact_product_validity_date,True,False,,,,,0,False,True,104,,entry_plus_no_exit_continuity_assumption; documented exits override after last active month,approved_core_municipality_proxy,DERIVED_REVIEWED_DESTINATION_PANEL
crans_montana,Crans-Montana,2026-08-01,2026,8,1,0,False,2017-11-01,exact_product_validity_date,True,False,,,,,0,False,True,105,,entry_plus_no_exit_continuity_assumption; documented exits override after last active month,approved_core_municipality_proxy,DERIVED_REVIEWED_DESTINATION_PANEL
crans_montana,Crans-Montana,2026-09-01,2026,9,1,0,False,2017-11-01,exact_product_validity_date,True,False,,,,,0,False,True,106,,entry_plus_no_exit_continuity_assumption; documented exits override after last active month,approved_core_municipality_proxy,DERIVED_REVIEWED_DESTINATION_PANEL
crans_montana,Crans-Montana,2026-10-01,2026,10,1,0,False,2017-11-01,exact_product_validity_date,True,False,,,,,0,False,True,107,,entry_plus_no_exit_continuity_assumption; documented exits override after last active month,approved_core_municipality_proxy,DERIVED_REVIEWED_DESTINATION_PANEL
crans_montana,Crans-Montana,2026-11-01,2026,11,1,0,False,2017-11-01,exact_product_validity_date,True,False,,,,,0,False,True,108,,entry_plus_no_exit_continuity_assumption; documented exits override after last active month,approved_core_municipality_proxy,DERIVED_REVIEWED_DESTINATION_PANEL
crans_montana,Crans-Montana,2026-12-01,2026,12,1,0,False,2017-11-01,exact_product_validity_date,True,False,,,,,0,False,True,109,,entry_plus_no_exit_continuity_assumption; documented exits override after last active month,approved_core_municipality_proxy,DERIVED_REVIEWED_DESTINATION_PANEL
espace_dent_blanche,Espace Dent Blanche,2013-01-01,2013,1,1,1,True,2018-05-01,analytical_month_anchor,True,False,3676.0,1520.0,2474.0,1202.0,0,False,False,-64,8.209852481301272,entry_plus_no_exit_continuity_assumption; documented exits override after last active month,approved_complete_observed_municipal_scope,DERIVED_REVIEWED_DESTINATION_PANEL
espace_dent_blanche,Espace Dent Blanche,2013-02-01,2013,2,1,1,True,2018-05-01,analytical_month_anchor,True,False,3656.0,1496.0,2246.0,1410.0,0,False,False,-63,8.204398418149381,entry_plus_no_exit_continuity_assumption; documented exits override after last active month,approved_complete_observed_municipal_scope,DERIVED_REVIEWED_DESTINATION_PANEL
espace_dent_blanche,Espace Dent Blanche,2013-03-01,2013,3,1,1,True,2018-05-01,analytical_month_anchor,True,False,3299.0,1559.0,1854.0,1445.0,0,False,False,-62,8.101677747454572,entry_plus_no_exit_continuity_assumption; documented exits override after last active month,approved_complete_observed_municipal_scope,DERIVED_REVIEWED_DESTINATION_PANEL
espace_dent_blanche,Espace Dent Blanche,2013-04-01,2013,4,1,1,True,2018-05-01,analytical_month_anchor,True,False,1643.0,804.0,709.0,934.0,0,False,False,-61,7.404887575616125,entry_plus_no_exit_continuity_assumption; documented exits override after last active month,approved_complete_observed_municipal_scope,DERIVED_REVIEWED_DESTINATION_PANEL
espace_dent_blanche,Espace Dent Blanche,2013-05-01,2013,5,1,1,True,2018-05-01,analytical_month_anchor,True,False,688.0,444.0,528.0,160.0,0,False,False,-60,6.535241271013659,entry_plus_no_exit_continuity_assumption; documented exits override after last active month,approved_complete_observed_municipal_scope,DERIVED_REVIEWED_DESTINATION_PANEL
espace_dent_blanche,Espace Dent Blanche,2013-06-01,2013,6,1,1,True,2018-05-01,analytical_month_anchor,True,False,2121.0,1327.0,1153.0,968.0,0,False,False,-59,7.660114319173928,entry_plus_no_exit_continuity_assumption; documented exits override after last active month,approved_complete_observed_municipal_scope,DERIVED_REVIEWED_DESTINATION_PANEL
espace_dent_blanche,Espace Dent Blanche,2013-07-01,2013,7,1,1,True,2018-05-01,analytical_month_anchor,True,False,6094.0,3693.0,3298.0,2796.0,0,False,False,-58,8.715224041915372,entry_plus_no_exit_continuity_assumption; documented exits override after last active month,approved_complete_observed_municipal_scope,DERIVED_REVIEWED_DESTINATION_PANEL
espace_dent_blanche,Espace Dent Blanche,2013-08-01,2013,8,1,1,True,2018-05-01,analytical_month_anchor,True,False,7244.0,4031.0,4005.0,3239.0,0,False,False,-57,8.888066854754783,entry_plus_no_exit_continuity_assumption; documented exits override after last active month,approved_complete_observed_municipal_scope,DERIVED_REVIEWED_DESTINATION_PANEL
espace_dent_blanche,Espace Dent Blanche,2013-09-01,2013,9,1,1,True,2018-05-01,analytical_month_anchor,True,False,3381.0,2312.0,2117.0,1264.0,0,False,False,-56,8.126222529458525,entry_plus_no_exit_continuity_assumption; documented exits override after last active month,approved_complete_observed_municipal_scope,DERIVED_REVIEWED_DESTINATION_PANEL
espace_dent_blanche,Espace Dent Blanche,2013-10-01,2013,10,1,1,True,2018-05-01,analytical_month_anchor,True,False,678.0,461.0,478.0,200.0,0,False,False,-55,6.520621127558696,entry_plus_no_exit_continuity_assumption; documented exits override after last active month,approved_complete_observed_municipal_scope,DERIVED_REVIEWED_DESTINATION_PANEL
espace_dent_blanche,Espace Dent Blanche,2013-11-01,2013,11,1,1,True,2018-05-01,analytical_month_anchor,True,False,134.0,94.0,86.0,48.0,0,False,False,-54,4.90527477843843,entry_plus_no_exit_continuity_assumption; documented exits override after last active month,approved_complete_observed_municipal_scope,DERIVED_REVIEWED_DESTINATION_PANEL
espace_dent_blanche,Espace Dent Blanche,2013-12-01,2013,12,1,1,True,2018-05-01,analytical_month_anchor,True,False,2256.0,827.0,1510.0,746.0,0,False,False,-53,7.721791776817535,entry_plus_no_exit_continuity_assumption; documented exits override after last active month,approved_complete_observed_municipal_scope,DERIVED_REVIEWED_DESTINATION_PANEL
espace_dent_blanche,Espace Dent Blanche,2014-01-01,2014,1,1,1,True,2018-05-01,analytical_month_anchor,True,False,2712.0,1159.0,2137.0,575.0,0,False,False,-52,7.905810312658931,entry_plus_no_exit_continuity_assumption; documented exits override after last active month,approved_complete_observed_municipal_scope,DERIVED_REVIEWED_DESTINATION_PANEL
espace_dent_blanche,Espace Dent Blanche,2014-02-01,2014,2,1,1,True,2018-05-01,analytical_month_anchor,True,False,2914.0,1170.0,1835.0,1079.0,0,False,False,-51,7.977625098784593,entry_plus_no_exit_continuity_assumption; documented exits override after last active month,approved_complete_observed_municipal_scope,DERIVED_REVIEWED_DESTINATION_PANEL
espace_dent_blanche,Espace Dent Blanche,2014-03-01,2014,3,1,1,True,2018-05-01,analytical_month_anchor,True,False,4061.0,1849.0,2485.0,1576.0,0,False,False,-50,8.30943074214033,entry_plus_no_exit_continuity_assumption; documented exits override after last active month,approved_complete_observed_municipal_scope,DERIVED_REVIEWED_DESTINATION_PANEL
espace_dent_blanche,Espace Dent Blanche,2014-04-01,2014,4,1,1,True,2018-05-01,analytical_month_anchor,True,False,3450.0,1846.0,2767.0,683.0,0,False,False,-49,8.146419323098003,entry_plus_no_exit_continuity_assumption; documented exits override after last active month,approved_complete_observed_municipal_scope,DERIVED_REVIEWED_DESTINATION_PANEL
espace_dent_blanche,Espace Dent Blanche,2014-05-01,2014,5,1,1,True,2018-05-01,analytical_month_anchor,True,False,1457.0,644.0,870.0,587.0,0,False,False,-48,7.284820912568604,entry_plus_no_exit_continuity_assumption; documented exits override after last active month,approved_complete_observed_municipal_scope,DERIVED_REVIEWED_DESTINATION_PANEL
espace_dent_blanche,Espace Dent Blanche,2014-06-01,2014,6,1,1,True,2018-05-01,analytical_month_anchor,True,False,2051.0,998.0,1147.0,904.0,0,False,False,-47,7.62657020629066,entry_plus_no_exit_continuity_assumption; documented exits override after last active month,approved_complete_observed_municipal_scope,DERIVED_REVIEWED_DESTINATION_PANEL
espace_dent_blanche,Espace Dent Blanche,2014-07-01,2014,7,1,1,True,2018-05-01,analytical_month_anchor,True,False,5018.0,2871.0,2439.0,2579.0,0,False,False,-46,8.520985989654934,entry_plus_no_exit_continuity_assumption; documented exits override after last active month,approved_complete_observed_municipal_scope,DERIVED_REVIEWED_DESTINATION_PANEL
espace_dent_blanche,Espace Dent Blanche,2014-08-01,2014,8,1,1,True,2018-05-01,analytical_month_anchor,True,False,5194.0,3202.0,2773.0,2421.0,0,False,False,-45,8.555451903533328,entry_plus_no_exit_continuity_assumption; documented exits override after last active month,approved_complete_observed_municipal_scope,DERIVED_REVIEWED_DESTINATION_PANEL
espace_dent_blanche,Espace Dent Blanche,2014-09-01,2014,9,1,1,True,2018-05-01,analytical_month_anchor,True,False,2817.0,1803.0,1404.0,1413.0,0,False,False,-44,7.943782692458625,entry_plus_no_exit_continuity_assumption; documented exits override after last active month,approved_complete_observed_municipal_scope,DERIVED_REVIEWED_DESTINATION_PANEL
espace_dent_blanche,Espace Dent Blanche,2014-10-01,2014,10,1,1,True,2018-05-01,analytical_month_anchor,True,False,792.0,513.0,638.0,154.0,0,False,False,-43,6.675823221634848,entry_plus_no_exit_continuity_assumption; documented exits override after last active month,approved_complete_observed_municipal_scope,DERIVED_REVIEWED_DESTINATION_PANEL
espace_dent_blanche,Espace Dent Blanche,2014-11-01,2014,11,1,1,True,2018-05-01,analytical_month_anchor,True,False,122.0,85.0,98.0,24.0,0,False,False,-42,4.812184355372417,entry_plus_no_exit_continuity_assumption; documented exits override after last active month,approved_complete_observed_municipal_scope,DERIVED_REVIEWED_DESTINATION_PANEL
espace_dent_blanche,Espace Dent Blanche,2014-12-01,2014,12,1,1,True,2018-05-01,analytical_month_anchor,True,False,1680.0,650.0,977.0,703.0,0,False,False,-41,7.427144133408616,entry_plus_no_exit_continuity_assumption; documented exits override after last active month,approved_complete_observed_municipal_scope,DERIVED_REVIEWED_DESTINATION_PANEL
espace_dent_blanche,Espace Dent Blanche,2015-01-01,2015,1,1,1,True,2018-05-01,analytical_month_anchor,True,False,2391.0,1062.0,1836.0,555.0,0,False,False,-40,7.779885115070522,entry_plus_no_exit_continuity_assumption; documented exits override after last active month,approved_complete_observed_municipal_scope,DERIVED_REVIEWED_DESTINATION_PANEL
espace_dent_blanche,Espace Dent Blanche,2015-02-01,2015,2,1,1,True,2018-05-01,analytical_month_anchor,True,False,2927.0,1164.0,2141.0,786.0,0,False,False,-39,7.982074875081202,entry_plus_no_exit_continuity_assumption; documented exits override after last active month,approved_complete_observed_municipal_scope,DERIVED_REVIEWED_DESTINATION_PANEL
espace_dent_blanche,Espace Dent Blanche,2015-03-01,2015,3,1,1,True,2018-05-01,analytical_month_anchor,True,False,2268.0,1244.0,1609.0,659.0,0,False,False,-38,7.727094484779841,entry_plus_no_exit_continuity_assumption; documented exits override after last active month,approved_complete_observed_municipal_scope,DERIVED_REVIEWED_DESTINATION_PANEL
espace_dent_blanche,Espace Dent Blanche,2015-04-01,2015,4,1,1,True,2018-05-01,analytical_month_anchor,True,False,1415.0,807.0,1043.0,372.0,0,False,False,-37,7.255591274253665,entry_plus_no_exit_continuity_assumption; documented exits override after last active month,approved_complete_observed_municipal_scope,DERIVED_REVIEWED_DESTINATION_PANEL
espace_dent_blanche,Espace Dent Blanche,2015-05-01,2015,5,1,1,True,2018-05-01,analytical_month_anchor,True,False,879.0,632.0,664.0,215.0,0,False,False,-36,6.779921907472252,entry_plus_no_exit_continuity_assumption; documented exits override after last active month,approved_complete_observed_municipal_scope,DERIVED_REVIEWED_DESTINATION_PANEL
espace_dent_blanche,Espace Dent Blanche,2015-06-01,2015,6,1,1,True,2018-05-01,analytical_month_anchor,True,False,1494.0,983.0,1041.0,453.0,0,False,False,-35,7.3098814858247865,entry_plus_no_exit_continuity_assumption; documented exits override after last active month,approved_complete_observed_municipal_scope,DERIVED_REVIEWED_DESTINATION_PANEL
espace_dent_blanche,Espace Dent Blanche,2015-07-01,2015,7,1,1,True,2018-05-01,analytical_month_anchor,True,False,5111.0,3307.0,3215.0,1896.0,0,False,False,-34,8.53934599605737,entry_plus_no_exit_continuity_assumption; documented exits override after last active month,approved_complete_observed_municipal_scope,DERIVED_REVIEWED_DESTINATION_PANEL
espace_dent_blanche,Espace Dent Blanche,2015-08-01,2015,8,1,1,True,2018-05-01,analytical_month_anchor,True,False,5684.0,3291.0,3491.0,2193.0,0,False,False,-33,8.645586406184636,entry_plus_no_exit_continuity_assumption; documented exits override after last active month,approved_complete_observed_municipal_scope,DERIVED_REVIEWED_DESTINATION_PANEL
espace_dent_blanche,Espace Dent Blanche,2015-09-01,2015,9,1,1,True,2018-05-01,analytical_month_anchor,True,False,3157.0,1927.0,1884.0,1273.0,0,False,False,-32,8.057694194815587,entry_plus_no_exit_continuity_assumption; documented exits override after last active month,approved_complete_observed_municipal_scope,DERIVED_REVIEWED_DESTINATION_PANEL
espace_dent_blanche,Espace Dent Blanche,2015-10-01,2015,10,1,1,True,2018-05-01,analytical_month_anchor,True,False,815.0,530.0,682.0,133.0,0,False,False,-31,6.704414354964107,entry_plus_no_exit_continuity_assumption; documented exits override after last active month,approved_complete_observed_municipal_scope,DERIVED_REVIEWED_DESTINATION_PANEL
espace_dent_blanche,Espace Dent Blanche,2015-11-01,2015,11,1,1,True,2018-05-01,analytical_month_anchor,True,False,231.0,148.0,193.0,38.0,0,False,False,-30,5.44673737166631,entry_plus_no_exit_continuity_assumption; documented exits override after last active month,approved_complete_observed_municipal_scope,DERIVED_REVIEWED_DESTINATION_PANEL
espace_dent_blanche,Espace Dent Blanche,2015-12-01,2015,12,1,1,True,2018-05-01,analytical_month_anchor,True,False,1476.0,577.0,1091.0,385.0,0,False,False,-29,7.29776828253138,entry_plus_no_exit_continuity_assumption; documented exits override after last active month,approved_complete_observed_municipal_scope,DERIVED_REVIEWED_DESTINATION_PANEL
espace_dent_blanche,Espace Dent Blanche,2016-01-01,2016,1,1,1,True,2018-05-01,analytical_month_anchor,True,False,2316.0,1225.0,1770.0,546.0,0,False,False,-28,7.748028524432376,entry_plus_no_exit_continuity_assumption; documented exits override after last active month,approved_complete_observed_municipal_scope,DERIVED_REVIEWED_DESTINATION_PANEL
espace_dent_blanche,Espace Dent Blanche,2016-02-01,2016,2,1,1,True,2018-05-01,analytical_month_anchor,True,False,3637.0,1373.0,2478.0,1159.0,0,False,False,-27,8.199189359078067,entry_plus_no_exit_continuity_assumption; documented exits override after last active month,approved_complete_observed_municipal_scope,DERIVED_REVIEWED_DESTINATION_PANEL
espace_dent_blanche,Espace Dent Blanche,2016-03-01,2016,3,1,1,True,2018-05-01,analytical_month_anchor,True,False,3687.0,1852.0,3171.0,516.0,0,False,False,-26,8.212839584676484,entry_plus_no_exit_continuity_assumption; documented exits override after last active month,approved_complete_observed_municipal_scope,DERIVED_REVIEWED_DESTINATION_PANEL
espace_dent_blanche,Espace Dent Blanche,2016-04-01,2016,4,1,1,True,2018-05-01,analytical_month_anchor,True,False,3092.0,2066.0,2777.0,315.0,0,False,False,-25,8.03689677268507,entry_plus_no_exit_continuity_assumption; documented exits override after last active month,approved_complete_observed_municipal_scope,DERIVED_REVIEWED_DESTINATION_PANEL
espace_dent_blanche,Espace Dent Blanche,2016-05-01,2016,5,1,1,True,2018-05-01,analytical_month_anchor,True,False,550.0,324.0,351.0,199.0,0,False,False,-24,6.311734809152915,entry_plus_no_exit_continuity_assumption; documented exits override after last active month,approved_complete_observed_municipal_scope,DERIVED_REVIEWED_DESTINATION_PANEL
espace_dent_blanche,Espace Dent Blanche,2016-06-01,2016,6,1,1,True,2018-05-01,analytical_month_anchor,True,False,1871.0,932.0,1420.0,451.0,0,False,False,-23,7.534762657037537,entry_plus_no_exit_continuity_assumption; documented exits override after last active month,approved_complete_observed_municipal_scope,DERIVED_REVIEWED_DESTINATION_PANEL
espace_dent_blanche,Espace Dent Blanche,2016-07-01,2016,7,1,1,True,2018-05-01,analytical_month_anchor,True,False,5165.0,3215.0,3120.0,2045.0,0,False,False,-22,8.549853973655786,entry_plus_no_exit_continuity_assumption; documented exits override after last active month,approved_complete_observed_municipal_scope,DERIVED_REVIEWED_DESTINATION_PANEL
espace_dent_blanche,Espace Dent Blanche,2016-08-01,2016,8,1,1,True,2018-05-01,analytical_month_anchor,True,False,5019.0,3147.0,3075.0,1944.0,0,False,False,-21,8.521185212685776,entry_plus_no_exit_continuity_assumption; documented exits override after last active month,approved_complete_observed_municipal_scope,DERIVED_REVIEWED_DESTINATION_PANEL
espace_dent_blanche,Espace Dent Blanche,2016-09-01,2016,9,1,1,True,2018-05-01,analytical_month_anchor,True,False,3118.0,1869.0,1996.0,1122.0,0,False,False,-20,8.045267716607803,entry_plus_no_exit_continuity_assumption; documented exits override after last active month,approved_complete_observed_municipal_scope,DERIVED_REVIEWED_DESTINATION_PANEL
espace_dent_blanche,Espace Dent Blanche,2016-10-01,2016,10,1,1,True,2018-05-01,analytical_month_anchor,True,False,1094.0,686.0,881.0,213.0,0,False,False,-19,6.9985096422506015,entry_plus_no_exit_continuity_assumption; documented exits override after last active month,approved_complete_observed_municipal_scope,DERIVED_REVIEWED_DESTINATION_PANEL
espace_dent_blanche,Espace Dent Blanche,2016-11-01,2016,11,1,1,True,2018-05-01,analytical_month_anchor,True,False,176.0,104.0,123.0,53.0,0,False,False,-18,5.176149732573829,entry_plus_no_exit_continuity_assumption; documented exits override after last active month,approved_complete_observed_municipal_scope,DERIVED_REVIEWED_DESTINATION_PANEL
espace_dent_blanche,Espace Dent Blanche,2016-12-01,2016,12,1,1,True,2018-05-01,analytical_month_anchor,True,False,1282.0,569.0,993.0,289.0,0,False,False,-17,7.1569563646156364,entry_plus_no_exit_continuity_assumption; documented exits override after last active month,approved_complete_observed_municipal_scope,DERIVED_REVIEWED_DESTINATION_PANEL
espace_dent_blanche,Espace Dent Blanche,2017-01-01,2017,1,1,1,True,2018-05-01,analytical_month_anchor,True,False,1682.0,801.0,1409.0,273.0,0,False,False,-16,7.428333194190806,entry_plus_no_exit_continuity_assumption; documented exits override after last active month,approved_complete_observed_municipal_scope,DERIVED_REVIEWED_DESTINATION_PANEL
espace_dent_blanche,Espace Dent Blanche,2017-02-01,2017,2,1,1,True,2018-05-01,analytical_month_anchor,True,False,3420.0,1364.0,2426.0,994.0,0,False,False,-15,8.137688184977605,entry_plus_no_exit_continuity_assumption; documented exits override after last active month,approved_complete_observed_municipal_scope,DERIVED_REVIEWED_DESTINATION_PANEL
espace_dent_blanche,Espace Dent Blanche,2017-03-01,2017,3,1,1,True,2018-05-01,analytical_month_anchor,True,False,2514.0,1391.0,1894.0,620.0,0,False,False,-14,7.83002808253384,entry_plus_no_exit_continuity_assumption; documented exits override after last active month,approved_complete_observed_municipal_scope,DERIVED_REVIEWED_DESTINATION_PANEL
espace_dent_blanche,Espace Dent Blanche,2017-04-01,2017,4,1,1,True,2018-05-01,analytical_month_anchor,True,False,1499.0,1006.0,1155.0,344.0,0,False,False,-13,7.313220387090301,entry_plus_no_exit_continuity_assumption; documented exits override after last active month,approved_complete_observed_municipal_scope,DERIVED_REVIEWED_DESTINATION_PANEL
espace_dent_blanche,Espace Dent Blanche,2017-05-01,2017,5,1,1,True,2018-05-01,analytical_month_anchor,True,False,657.0,408.0,476.0,181.0,0,False,False,-12,6.489204931325317,entry_plus_no_exit_continuity_assumption; documented exits override after last active month,approved_complete_observed_municipal_scope,DERIVED_REVIEWED_DESTINATION_PANEL
espace_dent_blanche,Espace Dent Blanche,2017-06-01,2017,6,1,1,True,2018-05-01,analytical_month_anchor,True,False,1411.0,778.0,844.0,567.0,0,False,False,-11,7.252762418053187,entry_plus_no_exit_continuity_assumption; documented exits override after last active month,approved_complete_observed_municipal_scope,DERIVED_REVIEWED_DESTINATION_PANEL
espace_dent_blanche,Espace Dent Blanche,2017-07-01,2017,7,1,1,True,2018-05-01,analytical_month_anchor,True,False,4746.0,2898.0,2462.0,2284.0,0,False,False,-10,8.465268118551318,entry_plus_no_exit_continuity_assumption; documented exits override after last active month,approved_complete_observed_municipal_scope,DERIVED_REVIEWED_DESTINATION_PANEL
espace_dent_blanche,Espace Dent Blanche,2017-08-01,2017,8,1,1,True,2018-05-01,analytical_month_anchor,True,False,4860.0,3145.0,2763.0,2097.0,0,False,False,-9,8.488999457045455,entry_plus_no_exit_continuity_assumption; documented exits override after last active month,approved_complete_observed_municipal_scope,DERIVED_REVIEWED_DESTINATION_PANEL
espace_dent_blanche,Espace Dent Blanche,2017-09-01,2017,9,1,1,True,2018-05-01,analytical_month_anchor,True,False,2738.0,1745.0,1525.0,1213.0,0,False,False,-8,7.915348169263078,entry_plus_no_exit_continuity_assumption; documented exits override after last active month,approved_complete_observed_municipal_scope,DERIVED_REVIEWED_DESTINATION_PANEL
espace_dent_blanche,Espace Dent Blanche,2017-10-01,2017,10,1,1,True,2018-05-01,analytical_month_anchor,True,False,1083.0,565.0,943.0,140.0,0,False,False,-7,6.988413181999592,entry_plus_no_exit_continuity_assumption; documented exits override after last active month,approved_complete_observed_municipal_scope,DERIVED_REVIEWED_DESTINATION_PANEL
espace_dent_blanche,Espace Dent Blanche,2017-11-01,2017,11,1,1,True,2018-05-01,analytical_month_anchor,True,False,101.0,65.0,85.0,16.0,0,False,False,-6,4.624972813284271,entry_plus_no_exit_continuity_assumption; documented exits override after last active month,approved_complete_observed_municipal_scope,DERIVED_REVIEWED_DESTINATION_PANEL
espace_dent_blanche,Espace Dent Blanche,2017-12-01,2017,12,1,1,True,2018-05-01,analytical_month_anchor,True,False,1316.0,602.0,986.0,330.0,0,False,False,-5,7.183111701743281,entry_plus_no_exit_continuity_assumption; documented exits override after last active month,approved_complete_observed_municipal_scope,DERIVED_REVIEWED_DESTINATION_PANEL
espace_dent_blanche,Espace Dent Blanche,2018-01-01,2018,1,1,1,True,2018-05-01,analytical_month_anchor,True,False,2011.0,982.0,1629.0,382.0,0,False,False,-4,7.60688453121963,entry_plus_no_exit_continuity_assumption; documented exits override after last active month,approved_complete_observed_municipal_scope,DERIVED_REVIEWED_DESTINATION_PANEL
espace_dent_blanche,Espace Dent Blanche,2018-02-01,2018,2,1,1,True,2018-05-01,analytical_month_anchor,True,False,4695.0,1804.0,3328.0,1367.0,0,False,False,-3,8.454466361507933,entry_plus_no_exit_continuity_assumption; documented exits override after last active month,approved_complete_observed_municipal_scope,DERIVED_REVIEWED_DESTINATION_PANEL
espace_dent_blanche,Espace Dent Blanche,2018-03-01,2018,3,1,1,True,2018-05-01,analytical_month_anchor,True,False,3272.0,1741.0,2446.0,826.0,0,False,False,-2,8.09346227450118,entry_plus_no_exit_continuity_assumption; documented exits override after last active month,approved_complete_observed_municipal_scope,DERIVED_REVIEWED_DESTINATION_PANEL
espace_dent_blanche,Espace Dent Blanche,2018-04-01,2018,4,1,1,True,2018-05-01,analytical_month_anchor,True,False,3704.0,2224.0,3379.0,325.0,0,False,False,-1,8.217438537730187,entry_plus_no_exit_continuity_assumption; documented exits override after last active month,approved_complete_observed_municipal_scope,DERIVED_REVIEWED_DESTINATION_PANEL
espace_dent_blanche,Espace Dent Blanche,2018-05-01,2018,5,1,1,True,2018-05-01,analytical_month_anchor,True,False,855.0,496.0,666.0,189.0,3,True,True,0,6.752270376141742,entry_plus_no_exit_continuity_assumption; documented exits override after last active month,approved_complete_observed_municipal_scope,DERIVED_REVIEWED_DESTINATION_PANEL
espace_dent_blanche,Espace Dent Blanche,2018-06-01,2018,6,1,1,True,2018-05-01,analytical_month_anchor,True,False,1686.0,1031.0,1192.0,494.0,3,True,True,1,7.430707082545968,entry_plus_no_exit_continuity_assumption; documented exits override after last active month,approved_complete_observed_municipal_scope,DERIVED_REVIEWED_DESTINATION_PANEL
espace_dent_blanche,Espace Dent Blanche,2018-07-01,2018,7,1,1,True,2018-05-01,analytical_month_anchor,True,False,5463.0,3624.0,3496.0,1967.0,3,True,True,2,8.605936401250625,entry_plus_no_exit_continuity_assumption; documented exits override after last active month,approved_complete_observed_municipal_scope,DERIVED_REVIEWED_DESTINATION_PANEL
espace_dent_blanche,Espace Dent Blanche,2018-08-01,2018,8,1,1,True,2018-05-01,analytical_month_anchor,True,False,5544.0,3621.0,3365.0,2179.0,3,True,True,3,8.620651899784468,entry_plus_no_exit_continuity_assumption; documented exits override after last active month,approved_complete_observed_municipal_scope,DERIVED_REVIEWED_DESTINATION_PANEL
espace_dent_blanche,Espace Dent Blanche,2018-09-01,2018,9,1,1,True,2018-05-01,analytical_month_anchor,True,False,2967.0,1823.0,1508.0,1459.0,3,True,True,4,7.995643604287271,entry_plus_no_exit_continuity_assumption; documented exits override after last active month,approved_complete_observed_municipal_scope,DERIVED_REVIEWED_DESTINATION_PANEL
espace_dent_blanche,Espace Dent Blanche,2018-10-01,2018,10,1,1,True,2018-05-01,analytical_month_anchor,True,False,1342.0,771.0,1162.0,180.0,3,True,True,5,7.202661196523238,entry_plus_no_exit_continuity_assumption; documented exits override after last active month,approved_complete_observed_municipal_scope,DERIVED_REVIEWED_DESTINATION_PANEL
espace_dent_blanche,Espace Dent Blanche,2018-11-01,2018,11,1,1,True,2018-05-01,analytical_month_anchor,True,False,126.0,57.0,76.0,50.0,3,True,True,6,4.844187086458591,entry_plus_no_exit_continuity_assumption; documented exits override after last active month,approved_complete_observed_municipal_scope,DERIVED_REVIEWED_DESTINATION_PANEL
espace_dent_blanche,Espace Dent Blanche,2018-12-01,2018,12,1,1,True,2018-05-01,analytical_month_anchor,True,False,1723.0,750.0,1327.0,396.0,3,True,True,7,7.452402451223638,entry_plus_no_exit_continuity_assumption; documented exits override after last active month,approved_complete_observed_municipal_scope,DERIVED_REVIEWED_DESTINATION_PANEL
espace_dent_blanche,Espace Dent Blanche,2019-01-01,2019,1,1,1,True,2018-05-01,analytical_month_anchor,True,False,2065.0,960.0,1773.0,292.0,3,True,True,8,7.633369649679584,entry_plus_no_exit_continuity_assumption; documented exits override after last active month,approved_complete_observed_municipal_scope,DERIVED_REVIEWED_DESTINATION_PANEL
espace_dent_blanche,Espace Dent Blanche,2019-02-01,2019,2,1,1,True,2018-05-01,analytical_month_anchor,True,False,3555.0,1591.0,2717.0,838.0,3,True,True,9,8.176391596633795,entry_plus_no_exit_continuity_assumption; documented exits override after last active month,approved_complete_observed_municipal_scope,DERIVED_REVIEWED_DESTINATION_PANEL
espace_dent_blanche,Espace Dent Blanche,2019-03-01,2019,3,1,1,True,2018-05-01,analytical_month_anchor,True,False,3105.0,1601.0,2382.0,723.0,3,True,True,10,8.041091003708633,entry_plus_no_exit_continuity_assumption; documented exits override after last active month,approved_complete_observed_municipal_scope,DERIVED_REVIEWED_DESTINATION_PANEL
espace_dent_blanche,Espace Dent Blanche,2019-04-01,2019,4,1,1,True,2018-05-01,analytical_month_anchor,True,False,1544.0,1024.0,1165.0,379.0,3,True,True,11,7.3427791893318455,entry_plus_no_exit_continuity_assumption; documented exits override after last active month,approved_complete_observed_municipal_scope,DERIVED_REVIEWED_DESTINATION_PANEL
espace_dent_blanche,Espace Dent Blanche,2019-05-01,2019,5,1,1,True,2018-05-01,analytical_month_anchor,True,False,618.0,339.0,438.0,180.0,3,True,True,12,6.428105272684596,entry_plus_no_exit_continuity_assumption; documented exits override after last active month,approved_complete_observed_municipal_scope,DERIVED_REVIEWED_DESTINATION_PANEL
espace_dent_blanche,Espace Dent Blanche,2019-06-01,2019,6,1,1,True,2018-05-01,analytical_month_anchor,True,False,1902.0,998.0,1327.0,575.0,3,True,True,13,7.551186867296149,entry_plus_no_exit_continuity_assumption; documented exits override after last active month,approved_complete_observed_municipal_scope,DERIVED_REVIEWED_DESTINATION_PANEL
espace_dent_blanche,Espace Dent Blanche,2019-07-01,2019,7,1,1,True,2018-05-01,analytical_month_anchor,True,False,5457.0,3425.0,3170.0,2287.0,3,True,True,14,8.604837701268284,entry_plus_no_exit_continuity_assumption; documented exits override after last active month,approved_complete_observed_municipal_scope,DERIVED_REVIEWED_DESTINATION_PANEL
espace_dent_blanche,Espace Dent Blanche,2019-08-01,2019,8,1,1,True,2018-05-01,analytical_month_anchor,True,False,5535.0,3559.0,3293.0,2242.0,3,True,True,15,8.619027497297505,entry_plus_no_exit_continuity_assumption; documented exits override after last active month,approved_complete_observed_municipal_scope,DERIVED_REVIEWED_DESTINATION_PANEL
espace_dent_blanche,Espace Dent Blanche,2019-09-01,2019,9,1,1,True,2018-05-01,analytical_month_anchor,True,False,3031.0,2064.0,1739.0,1292.0,3,True,True,16,8.016977746762262,entry_plus_no_exit_continuity_assumption; documented exits override after last active month,approved_complete_observed_municipal_scope,DERIVED_REVIEWED_DESTINATION_PANEL
espace_dent_blanche,Espace Dent Blanche,2019-10-01,2019,10,1,1,True,2018-05-01,analytical_month_anchor,True,False,1210.0,732.0,968.0,242.0,3,True,True,17,7.099201743553092,entry_plus_no_exit_continuity_assumption; documented exits override after last active month,approved_complete_observed_municipal_scope,DERIVED_REVIEWED_DESTINATION_PANEL
espace_dent_blanche,Espace Dent Blanche,2019-11-01,2019,11,1,1,True,2018-05-01,analytical_month_anchor,True,False,100.0,68.0,59.0,41.0,3,True,True,18,4.61512051684126,entry_plus_no_exit_continuity_assumption; documented exits override after last active month,approved_complete_observed_municipal_scope,DERIVED_REVIEWED_DESTINATION_PANEL
espace_dent_blanche,Espace Dent Blanche,2019-12-01,2019,12,1,1,True,2018-05-01,analytical_month_anchor,True,False,1737.0,769.0,1292.0,445.0,3,True,True,19,7.460490305825338,entry_plus_no_exit_continuity_assumption; documented exits override after last active month,approved_complete_observed_municipal_scope,DERIVED_REVIEWED_DESTINATION_PANEL
espace_dent_blanche,Espace Dent Blanche,2020-01-01,2020,1,1,1,True,2018-05-01,analytical_month_anchor,True,False,2831.0,1439.0,2409.0,422.0,3,True,True,20,7.94873845481361,entry_plus_no_exit_continuity_assumption; documented exits override after last active month,approved_complete_observed_municipal_scope,DERIVED_REVIEWED_DESTINATION_PANEL
espace_dent_blanche,Espace Dent Blanche,2020-02-01,2020,2,1,1,True,2018-05-01,analytical_month_anchor,True,False,4283.0,1907.0,2801.0,1482.0,3,True,True,21,8.36264243156764,entry_plus_no_exit_continuity_assumption; documented exits override after last active month,approved_complete_observed_municipal_scope,DERIVED_REVIEWED_DESTINATION_PANEL
espace_dent_blanche,Espace Dent Blanche,2020-03-01,2020,3,1,1,True,2018-05-01,analytical_month_anchor,True,False,1612.0,748.0,1296.0,316.0,3,True,True,22,7.385851078125209,entry_plus_no_exit_continuity_assumption; documented exits override after last active month,approved_complete_observed_municipal_scope,DERIVED_REVIEWED_DESTINATION_PANEL
espace_dent_blanche,Espace Dent Blanche,2020-04-01,2020,4,1,0,False,2018-05-01,analytical_month_anchor,True,False,,,,,3,True,True,23,,entry_plus_no_exit_continuity_assumption; documented exits override after last active month,approved_complete_observed_municipal_scope,DERIVED_REVIEWED_DESTINATION_PANEL
espace_dent_blanche,Espace Dent Blanche,2020-05-01,2020,5,1,0,False,2018-05-01,analytical_month_anchor,True,False,,,,,3,True,True,24,,entry_plus_no_exit_continuity_assumption; documented exits override after last active month,approved_complete_observed_municipal_scope,DERIVED_REVIEWED_DESTINATION_PANEL
espace_dent_blanche,Espace Dent Blanche,2020-06-01,2020,6,1,1,True,2018-05-01,analytical_month_anchor,True,False,1751.0,946.0,1636.0,115.0,3,True,True,25,7.468513271496337,entry_plus_no_exit_continuity_assumption; documented exits override after last active month,approved_complete_observed_municipal_scope,DERIVED_REVIEWED_DESTINATION_PANEL
espace_dent_blanche,Espace Dent Blanche,2020-07-01,2020,7,1,1,True,2018-05-01,analytical_month_anchor,True,False,5876.0,3449.0,4711.0,1165.0,3,True,True,26,8.678801706612651,entry_plus_no_exit_continuity_assumption; documented exits override after last active month,approved_complete_observed_municipal_scope,DERIVED_REVIEWED_DESTINATION_PANEL
espace_dent_blanche,Espace Dent Blanche,2020-08-01,2020,8,1,1,True,2018-05-01,analytical_month_anchor,True,False,5296.0,3032.0,4149.0,1147.0,3,True,True,27,8.574895901544526,entry_plus_no_exit_continuity_assumption; documented exits override after last active month,approved_complete_observed_municipal_scope,DERIVED_REVIEWED_DESTINATION_PANEL
espace_dent_blanche,Espace Dent Blanche,2020-09-01,2020,9,1,1,True,2018-05-01,analytical_month_anchor,True,False,3125.0,2047.0,2724.0,401.0,3,True,True,28,8.047509510981422,entry_plus_no_exit_continuity_assumption; documented exits override after last active month,approved_complete_observed_municipal_scope,DERIVED_REVIEWED_DESTINATION_PANEL
espace_dent_blanche,Espace Dent Blanche,2020-10-01,2020,10,1,1,True,2018-05-01,analytical_month_anchor,True,False,1590.0,897.0,1497.0,93.0,3,True,True,29,7.372118028337787,entry_plus_no_exit_continuity_assumption; documented exits override after last active month,approved_complete_observed_municipal_scope,DERIVED_REVIEWED_DESTINATION_PANEL
espace_dent_blanche,Espace Dent Blanche,2020-11-01,2020,11,1,1,True,2018-05-01,analytical_month_anchor,True,False,115.0,76.0,103.0,12.0,3,True,True,30,4.7535901911063645,entry_plus_no_exit_continuity_assumption; documented exits override after last active month,approved_complete_observed_municipal_scope,DERIVED_REVIEWED_DESTINATION_PANEL
espace_dent_blanche,Espace Dent Blanche,2020-12-01,2020,12,1,1,True,2018-05-01,analytical_month_anchor,True,False,2118.0,940.0,1942.0,176.0,3,True,True,31,7.6586995582682995,entry_plus_no_exit_continuity_assumption; documented exits override after last active month,approved_complete_observed_municipal_scope,DERIVED_REVIEWED_DESTINATION_PANEL
espace_dent_blanche,Espace Dent Blanche,2021-01-01,2021,1,1,1,True,2018-05-01,analytical_month_anchor,True,False,1474.0,640.0,1409.0,65.0,3,True,True,32,7.29641326877392,entry_plus_no_exit_continuity_assumption; documented exits override after last active month,approved_complete_observed_municipal_scope,DERIVED_REVIEWED_DESTINATION_PANEL
espace_dent_blanche,Espace Dent Blanche,2021-02-01,2021,2,1,1,True,2018-05-01,analytical_month_anchor,True,False,3635.0,1782.0,3476.0,159.0,3,True,True,33,8.19863945529737,entry_plus_no_exit_continuity_assumption; documented exits override after last active month,approved_complete_observed_municipal_scope,DERIVED_REVIEWED_DESTINATION_PANEL
espace_dent_blanche,Espace Dent Blanche,2021-03-01,2021,3,1,1,True,2018-05-01,analytical_month_anchor,True,False,2780.0,1489.0,2674.0,106.0,3,True,True,34,7.930565854233965,entry_plus_no_exit_continuity_assumption; documented exits override after last active month,approved_complete_observed_municipal_scope,DERIVED_REVIEWED_DESTINATION_PANEL
espace_dent_blanche,Espace Dent Blanche,2021-04-01,2021,4,1,1,True,2018-05-01,analytical_month_anchor,True,False,2236.0,1331.0,2094.0,142.0,3,True,True,35,7.71289096149013,entry_plus_no_exit_continuity_assumption; documented exits override after last active month,approved_complete_observed_municipal_scope,DERIVED_REVIEWED_DESTINATION_PANEL
espace_dent_blanche,Espace Dent Blanche,2021-05-01,2021,5,1,1,True,2018-05-01,analytical_month_anchor,True,False,793.0,524.0,700.0,93.0,3,True,True,36,6.677083461247136,entry_plus_no_exit_continuity_assumption; documented exits override after last active month,approved_complete_observed_municipal_scope,DERIVED_REVIEWED_DESTINATION_PANEL
espace_dent_blanche,Espace Dent Blanche,2021-06-01,2021,6,1,1,True,2018-05-01,analytical_month_anchor,True,False,1583.0,914.0,1252.0,331.0,3,True,True,37,7.367708572374371,entry_plus_no_exit_continuity_assumption; documented exits override after last active month,approved_complete_observed_municipal_scope,DERIVED_REVIEWED_DESTINATION_PANEL
espace_dent_blanche,Espace Dent Blanche,2021-07-01,2021,7,1,1,True,2018-05-01,analytical_month_anchor,True,False,4107.0,2112.0,3137.0,970.0,3,True,True,38,8.32069157104845,entry_plus_no_exit_continuity_assumption; documented exits override after last active month,approved_complete_observed_municipal_scope,DERIVED_REVIEWED_DESTINATION_PANEL
espace_dent_blanche,Espace Dent Blanche,2021-08-01,2021,8,1,1,True,2018-05-01,analytical_month_anchor,True,False,5359.0,3385.0,3884.0,1475.0,3,True,True,39,8.586719254064848,entry_plus_no_exit_continuity_assumption; documented exits override after last active month,approved_complete_observed_municipal_scope,DERIVED_REVIEWED_DESTINATION_PANEL
espace_dent_blanche,Espace Dent Blanche,2021-09-01,2021,9,1,1,True,2018-05-01,analytical_month_anchor,True,False,2544.0,1723.0,2008.0,536.0,3,True,True,40,7.841885928984623,entry_plus_no_exit_continuity_assumption; documented exits override after last active month,approved_complete_observed_municipal_scope,DERIVED_REVIEWED_DESTINATION_PANEL
espace_dent_blanche,Espace Dent Blanche,2021-10-01,2021,10,1,1,True,2018-05-01,analytical_month_anchor,True,False,1241.0,818.0,1127.0,114.0,3,True,True,41,7.124478262493424,entry_plus_no_exit_continuity_assumption; documented exits override after last active month,approved_complete_observed_municipal_scope,DERIVED_REVIEWED_DESTINATION_PANEL
espace_dent_blanche,Espace Dent Blanche,2021-11-01,2021,11,1,1,True,2018-05-01,analytical_month_anchor,True,False,159.0,108.0,143.0,16.0,3,True,True,42,5.075173815233827,entry_plus_no_exit_continuity_assumption; documented exits override after last active month,approved_complete_observed_municipal_scope,DERIVED_REVIEWED_DESTINATION_PANEL
espace_dent_blanche,Espace Dent Blanche,2021-12-01,2021,12,1,1,True,2018-05-01,analytical_month_anchor,True,False,2368.0,1107.0,1989.0,379.0,3,True,True,43,7.7702232041587855,entry_plus_no_exit_continuity_assumption; documented exits override after last active month,approved_complete_observed_municipal_scope,DERIVED_REVIEWED_DESTINATION_PANEL
espace_dent_blanche,Espace Dent Blanche,2022-01-01,2022,1,1,1,True,2018-05-01,analytical_month_anchor,True,False,2813.0,1453.0,2414.0,399.0,3,True,True,44,7.942362237674335,entry_plus_no_exit_continuity_assumption; documented exits override after last active month,approved_complete_observed_municipal_scope,DERIVED_REVIEWED_DESTINATION_PANEL
espace_dent_blanche,Espace Dent Blanche,2022-02-01,2022,2,1,1,True,2018-05-01,analytical_month_anchor,True,False,4359.0,2023.0,3831.0,528.0,3,True,True,45,8.38022733634308,entry_plus_no_exit_continuity_assumption; documented exits override after last active month,approved_complete_observed_municipal_scope,DERIVED_REVIEWED_DESTINATION_PANEL
espace_dent_blanche,Espace Dent Blanche,2022-03-01,2022,3,1,1,True,2018-05-01,analytical_month_anchor,True,False,3038.0,1548.0,2670.0,368.0,3,True,True,46,8.019283792916793,entry_plus_no_exit_continuity_assumption; documented exits override after last active month,approved_complete_observed_municipal_scope,DERIVED_REVIEWED_DESTINATION_PANEL
espace_dent_blanche,Espace Dent Blanche,2022-04-01,2022,4,1,1,True,2018-05-01,analytical_month_anchor,True,False,3136.0,1771.0,2962.0,174.0,3,True,True,47,8.051022208190679,entry_plus_no_exit_continuity_assumption; documented exits override after last active month,approved_complete_observed_municipal_scope,DERIVED_REVIEWED_DESTINATION_PANEL
espace_dent_blanche,Espace Dent Blanche,2022-05-01,2022,5,1,1,True,2018-05-01,analytical_month_anchor,True,False,603.0,304.0,450.0,153.0,3,True,True,48,6.403574197934815,entry_plus_no_exit_continuity_assumption; documented exits override after last active month,approved_complete_observed_municipal_scope,DERIVED_REVIEWED_DESTINATION_PANEL
espace_dent_blanche,Espace Dent Blanche,2022-06-01,2022,6,1,1,True,2018-05-01,analytical_month_anchor,True,False,2387.0,1375.0,1718.0,669.0,3,True,True,49,7.778211474512493,entry_plus_no_exit_continuity_assumption; documented exits override after last active month,approved_complete_observed_municipal_scope,DERIVED_REVIEWED_DESTINATION_PANEL
espace_dent_blanche,Espace Dent Blanche,2022-07-01,2022,7,1,1,True,2018-05-01,analytical_month_anchor,True,False,5275.0,3097.0,3516.0,1759.0,3,True,True,50,8.570923513837204,entry_plus_no_exit_continuity_assumption; documented exits override after last active month,approved_complete_observed_municipal_scope,DERIVED_REVIEWED_DESTINATION_PANEL
espace_dent_blanche,Espace Dent Blanche,2022-08-01,2022,8,1,1,True,2018-05-01,analytical_month_anchor,True,False,6177.0,3801.0,4075.0,2102.0,3,True,True,51,8.728749873478527,entry_plus_no_exit_continuity_assumption; documented exits override after last active month,approved_complete_observed_municipal_scope,DERIVED_REVIEWED_DESTINATION_PANEL
espace_dent_blanche,Espace Dent Blanche,2022-09-01,2022,9,1,1,True,2018-05-01,analytical_month_anchor,True,False,2791.0,2010.0,1722.0,1069.0,3,True,True,52,7.934513463882263,entry_plus_no_exit_continuity_assumption; documented exits override after last active month,approved_complete_observed_municipal_scope,DERIVED_REVIEWED_DESTINATION_PANEL
espace_dent_blanche,Espace Dent Blanche,2022-10-01,2022,10,1,1,True,2018-05-01,analytical_month_anchor,True,False,2303.0,1396.0,2129.0,174.0,3,True,True,53,7.742402021815782,entry_plus_no_exit_continuity_assumption; documented exits override after last active month,approved_complete_observed_municipal_scope,DERIVED_REVIEWED_DESTINATION_PANEL
espace_dent_blanche,Espace Dent Blanche,2022-11-01,2022,11,1,1,True,2018-05-01,analytical_month_anchor,True,False,252.0,155.0,184.0,68.0,3,True,True,54,5.53338948872752,entry_plus_no_exit_continuity_assumption; documented exits override after last active month,approved_complete_observed_municipal_scope,DERIVED_REVIEWED_DESTINATION_PANEL
espace_dent_blanche,Espace Dent Blanche,2022-12-01,2022,12,1,1,True,2018-05-01,analytical_month_anchor,True,False,2428.0,1146.0,1973.0,455.0,3,True,True,55,7.795234929002173,entry_plus_no_exit_continuity_assumption; documented exits override after last active month,approved_complete_observed_municipal_scope,DERIVED_REVIEWED_DESTINATION_PANEL
espace_dent_blanche,Espace Dent Blanche,2023-01-01,2023,1,1,1,True,2018-05-01,analytical_month_anchor,True,False,3295.0,1582.0,2774.0,521.0,3,True,True,56,8.100464891029363,entry_plus_no_exit_continuity_assumption; documented exits override after last active month,approved_complete_observed_municipal_scope,DERIVED_REVIEWED_DESTINATION_PANEL
espace_dent_blanche,Espace Dent Blanche,2023-02-01,2023,2,1,1,True,2018-05-01,analytical_month_anchor,True,False,5460.0,2370.0,4350.0,1110.0,3,True,True,57,8.605387202152153,entry_plus_no_exit_continuity_assumption; documented exits override after last active month,approved_complete_observed_municipal_scope,DERIVED_REVIEWED_DESTINATION_PANEL
espace_dent_blanche,Espace Dent Blanche,2023-03-01,2023,3,1,1,True,2018-05-01,analytical_month_anchor,True,False,3317.0,1730.0,2755.0,562.0,3,True,True,58,8.10711747075039,entry_plus_no_exit_continuity_assumption; documented exits override after last active month,approved_complete_observed_municipal_scope,DERIVED_REVIEWED_DESTINATION_PANEL
espace_dent_blanche,Espace Dent Blanche,2023-04-01,2023,4,1,1,True,2018-05-01,analytical_month_anchor,True,False,2210.0,1238.0,1748.0,462.0,3,True,True,59,7.701200180857446,entry_plus_no_exit_continuity_assumption; documented exits override after last active month,approved_complete_observed_municipal_scope,DERIVED_REVIEWED_DESTINATION_PANEL
espace_dent_blanche,Espace Dent Blanche,2023-05-01,2023,5,1,1,True,2018-05-01,analytical_month_anchor,True,False,809.0,481.0,668.0,141.0,3,True,True,60,6.697034247666484,entry_plus_no_exit_continuity_assumption; documented exits override after last active month,approved_complete_observed_municipal_scope,DERIVED_REVIEWED_DESTINATION_PANEL
espace_dent_blanche,Espace Dent Blanche,2023-06-01,2023,6,1,1,True,2018-05-01,analytical_month_anchor,True,False,2191.0,1227.0,1580.0,611.0,3,True,True,61,7.692569648067906,entry_plus_no_exit_continuity_assumption; documented exits override after last active month,approved_complete_observed_municipal_scope,DERIVED_REVIEWED_DESTINATION_PANEL
espace_dent_blanche,Espace Dent Blanche,2023-07-01,2023,7,1,1,True,2018-05-01,analytical_month_anchor,True,False,6143.0,3977.0,3920.0,2223.0,3,True,True,62,8.723231274827508,entry_plus_no_exit_continuity_assumption; documented exits override after last active month,approved_complete_observed_municipal_scope,DERIVED_REVIEWED_DESTINATION_PANEL
espace_dent_blanche,Espace Dent Blanche,2023-08-01,2023,8,1,1,True,2018-05-01,analytical_month_anchor,True,False,6207.0,4013.0,3893.0,2314.0,3,True,True,63,8.733594061863055,entry_plus_no_exit_continuity_assumption; documented exits override after last active month,approved_complete_observed_municipal_scope,DERIVED_REVIEWED_DESTINATION_PANEL
espace_dent_blanche,Espace Dent Blanche,2023-09-01,2023,9,1,1,True,2018-05-01,analytical_month_anchor,True,False,3936.0,2638.0,2765.0,1171.0,3,True,True,64,8.278174290943738,entry_plus_no_exit_continuity_assumption; documented exits override after last active month,approved_complete_observed_municipal_scope,DERIVED_REVIEWED_DESTINATION_PANEL
espace_dent_blanche,Espace Dent Blanche,2023-10-01,2023,10,1,1,True,2018-05-01,analytical_month_anchor,True,False,2178.0,1364.0,1984.0,194.0,3,True,True,65,7.68662133494462,entry_plus_no_exit_continuity_assumption; documented exits override after last active month,approved_complete_observed_municipal_scope,DERIVED_REVIEWED_DESTINATION_PANEL
espace_dent_blanche,Espace Dent Blanche,2023-11-01,2023,11,1,1,True,2018-05-01,analytical_month_anchor,True,False,447.0,306.0,390.0,57.0,3,True,True,66,6.104793232414985,entry_plus_no_exit_continuity_assumption; documented exits override after last active month,approved_complete_observed_municipal_scope,DERIVED_REVIEWED_DESTINATION_PANEL
espace_dent_blanche,Espace Dent Blanche,2023-12-01,2023,12,1,1,True,2018-05-01,analytical_month_anchor,True,False,2251.0,1075.0,1776.0,475.0,3,True,True,67,7.719573989259581,entry_plus_no_exit_continuity_assumption; documented exits override after last active month,approved_complete_observed_municipal_scope,DERIVED_REVIEWED_DESTINATION_PANEL
espace_dent_blanche,Espace Dent Blanche,2024-01-01,2024,1,1,1,True,2018-05-01,analytical_month_anchor,True,False,3461.0,1689.0,2980.0,481.0,3,True,True,68,8.149601735736155,entry_plus_no_exit_continuity_assumption; documented exits override after last active month,approved_complete_observed_municipal_scope,DERIVED_REVIEWED_DESTINATION_PANEL
espace_dent_blanche,Espace Dent Blanche,2024-02-01,2024,2,1,1,True,2018-05-01,analytical_month_anchor,True,False,5311.0,2251.0,4474.0,837.0,3,True,True,69,8.57772369115627,entry_plus_no_exit_continuity_assumption; documented exits override after last active month,approved_complete_observed_municipal_scope,DERIVED_REVIEWED_DESTINATION_PANEL
espace_dent_blanche,Espace Dent Blanche,2024-03-01,2024,3,1,1,True,2018-05-01,analytical_month_anchor,True,False,4446.0,2148.0,3558.0,888.0,3,True,True,70,8.399984990510696,entry_plus_no_exit_continuity_assumption; documented exits override after last active month,approved_complete_observed_municipal_scope,DERIVED_REVIEWED_DESTINATION_PANEL
espace_dent_blanche,Espace Dent Blanche,2024-04-01,2024,4,1,1,True,2018-05-01,analytical_month_anchor,True,False,3624.0,1717.0,3222.0,402.0,3,True,True,71,8.195609567288775,entry_plus_no_exit_continuity_assumption; documented exits override after last active month,approved_complete_observed_municipal_scope,DERIVED_REVIEWED_DESTINATION_PANEL
espace_dent_blanche,Espace Dent Blanche,2024-05-01,2024,5,1,1,True,2018-05-01,analytical_month_anchor,True,False,489.0,319.0,389.0,100.0,3,True,True,72,6.194405391104672,entry_plus_no_exit_continuity_assumption; documented exits override after last active month,approved_complete_observed_municipal_scope,DERIVED_REVIEWED_DESTINATION_PANEL
espace_dent_blanche,Espace Dent Blanche,2024-06-01,2024,6,1,1,True,2018-05-01,analytical_month_anchor,True,False,2285.0,1433.0,1771.0,514.0,3,True,True,73,7.734558844354756,entry_plus_no_exit_continuity_assumption; documented exits override after last active month,approved_complete_observed_municipal_scope,DERIVED_REVIEWED_DESTINATION_PANEL
espace_dent_blanche,Espace Dent Blanche,2024-07-01,2024,7,1,1,True,2018-05-01,analytical_month_anchor,True,False,5145.0,3332.0,3229.0,1916.0,3,True,True,74,8.545974992841689,entry_plus_no_exit_continuity_assumption; documented exits override after last active month,approved_complete_observed_municipal_scope,DERIVED_REVIEWED_DESTINATION_PANEL
espace_dent_blanche,Espace Dent Blanche,2024-08-01,2024,8,1,1,True,2018-05-01,analytical_month_anchor,True,False,6013.0,3996.0,3752.0,2261.0,3,True,True,75,8.701845363548474,entry_plus_no_exit_continuity_assumption; documented exits override after last active month,approved_complete_observed_municipal_scope,DERIVED_REVIEWED_DESTINATION_PANEL
espace_dent_blanche,Espace Dent Blanche,2024-09-01,2024,9,1,1,True,2018-05-01,analytical_month_anchor,True,False,3023.0,2288.0,1908.0,1115.0,3,True,True,76,8.014335737299424,entry_plus_no_exit_continuity_assumption; documented exits override after last active month,approved_complete_observed_municipal_scope,DERIVED_REVIEWED_DESTINATION_PANEL
espace_dent_blanche,Espace Dent Blanche,2024-10-01,2024,10,1,1,True,2018-05-01,analytical_month_anchor,True,False,1973.0,1335.0,1704.0,269.0,3,True,True,77,7.587817219993427,entry_plus_no_exit_continuity_assumption; documented exits override after last active month,approved_complete_observed_municipal_scope,DERIVED_REVIEWED_DESTINATION_PANEL
espace_dent_blanche,Espace Dent Blanche,2024-11-01,2024,11,1,1,True,2018-05-01,analytical_month_anchor,True,False,259.0,151.0,209.0,50.0,3,True,True,78,5.560681631015528,entry_plus_no_exit_continuity_assumption; documented exits override after last active month,approved_complete_observed_municipal_scope,DERIVED_REVIEWED_DESTINATION_PANEL
espace_dent_blanche,Espace Dent Blanche,2024-12-01,2024,12,1,1,True,2018-05-01,analytical_month_anchor,True,False,3114.0,1240.0,2649.0,465.0,3,True,True,79,8.043984431221553,entry_plus_no_exit_continuity_assumption; documented exits override after last active month,approved_complete_observed_municipal_scope,DERIVED_REVIEWED_DESTINATION_PANEL
espace_dent_blanche,Espace Dent Blanche,2025-01-01,2025,1,1,1,True,2018-05-01,analytical_month_anchor,True,False,3385.0,1588.0,2757.0,628.0,3,True,True,80,8.12740456269308,entry_plus_no_exit_continuity_assumption; documented exits override after last active month,approved_complete_observed_municipal_scope,DERIVED_REVIEWED_DESTINATION_PANEL
espace_dent_blanche,Espace Dent Blanche,2025-02-01,2025,2,1,1,True,2018-05-01,analytical_month_anchor,True,False,4993.0,2138.0,3966.0,1027.0,3,True,True,81,8.515992470839718,entry_plus_no_exit_continuity_assumption; documented exits override after last active month,approved_complete_observed_municipal_scope,DERIVED_REVIEWED_DESTINATION_PANEL
espace_dent_blanche,Espace Dent Blanche,2025-03-01,2025,3,1,1,True,2018-05-01,analytical_month_anchor,True,False,4500.0,2114.0,3848.0,652.0,3,True,True,82,8.412054873292933,entry_plus_no_exit_continuity_assumption; documented exits override after last active month,approved_complete_observed_municipal_scope,DERIVED_REVIEWED_DESTINATION_PANEL
espace_dent_blanche,Espace Dent Blanche,2025-04-01,2025,4,1,1,True,2018-05-01,analytical_month_anchor,True,False,1572.0,1064.0,1201.0,371.0,3,True,True,83,7.360739903058278,entry_plus_no_exit_continuity_assumption; documented exits override after last active month,approved_complete_observed_municipal_scope,DERIVED_REVIEWED_DESTINATION_PANEL
espace_dent_blanche,Espace Dent Blanche,2025-05-01,2025,5,1,1,True,2018-05-01,analytical_month_anchor,True,False,750.0,487.0,577.0,173.0,3,True,True,84,6.621405651764134,entry_plus_no_exit_continuity_assumption; documented exits override after last active month,approved_complete_observed_municipal_scope,DERIVED_REVIEWED_DESTINATION_PANEL
espace_dent_blanche,Espace Dent Blanche,2025-06-01,2025,6,1,1,True,2018-05-01,analytical_month_anchor,True,False,2373.0,1423.0,1680.0,693.0,3,True,True,85,7.772331575169614,entry_plus_no_exit_continuity_assumption; documented exits override after last active month,approved_complete_observed_municipal_scope,DERIVED_REVIEWED_DESTINATION_PANEL
espace_dent_blanche,Espace Dent Blanche,2025-07-01,2025,7,1,1,True,2018-05-01,analytical_month_anchor,True,False,6056.0,4254.0,3636.0,2420.0,3,True,True,86,8.708969906980947,entry_plus_no_exit_continuity_assumption; documented exits override after last active month,approved_complete_observed_municipal_scope,DERIVED_REVIEWED_DESTINATION_PANEL
espace_dent_blanche,Espace Dent Blanche,2025-08-01,2025,8,1,1,True,2018-05-01,analytical_month_anchor,True,False,6760.0,4685.0,4002.0,2758.0,3,True,True,87,8.818926087090677,entry_plus_no_exit_continuity_assumption; documented exits override after last active month,approved_complete_observed_municipal_scope,DERIVED_REVIEWED_DESTINATION_PANEL
espace_dent_blanche,Espace Dent Blanche,2025-09-01,2025,9,1,1,True,2018-05-01,analytical_month_anchor,True,False,3512.0,2578.0,2299.0,1213.0,3,True,True,88,8.164225652265827,entry_plus_no_exit_continuity_assumption; documented exits override after last active month,approved_complete_observed_municipal_scope,DERIVED_REVIEWED_DESTINATION_PANEL
espace_dent_blanche,Espace Dent Blanche,2025-10-01,2025,10,1,1,True,2018-05-01,analytical_month_anchor,True,False,2185.0,1484.0,1929.0,256.0,3,True,True,89,7.689828668736484,entry_plus_no_exit_continuity_assumption; documented exits override after last active month,approved_complete_observed_municipal_scope,DERIVED_REVIEWED_DESTINATION_PANEL
espace_dent_blanche,Espace Dent Blanche,2025-11-01,2025,11,1,1,True,2018-05-01,analytical_month_anchor,True,False,267.0,191.0,245.0,22.0,3,True,True,90,5.5909869805108565,entry_plus_no_exit_continuity_assumption; documented exits override after last active month,approved_complete_observed_municipal_scope,DERIVED_REVIEWED_DESTINATION_PANEL
espace_dent_blanche,Espace Dent Blanche,2025-12-01,2025,12,1,1,True,2018-05-01,analytical_month_anchor,True,False,2931.0,1280.0,2433.0,498.0,3,True,True,91,7.983440063006542,entry_plus_no_exit_continuity_assumption; documented exits override after last active month,approved_complete_observed_municipal_scope,DERIVED_REVIEWED_DESTINATION_PANEL
espace_dent_blanche,Espace Dent Blanche,2026-01-01,2026,1,1,1,True,2018-05-01,analytical_month_anchor,True,False,2719.0,1442.0,2194.0,525.0,3,True,True,92,7.908387159290043,entry_plus_no_exit_continuity_assumption; documented exits override after last active month,approved_complete_observed_municipal_scope,DERIVED_REVIEWED_DESTINATION_PANEL
espace_dent_blanche,Espace Dent Blanche,2026-02-01,2026,2,1,1,True,2018-05-01,analytical_month_anchor,True,False,4703.0,1905.0,3931.0,772.0,3,True,True,93,8.456168489578463,entry_plus_no_exit_continuity_assumption; documented exits override after last active month,approved_complete_observed_municipal_scope,DERIVED_REVIEWED_DESTINATION_PANEL
espace_dent_blanche,Espace Dent Blanche,2026-03-01,2026,3,1,1,True,2018-05-01,analytical_month_anchor,True,False,3676.0,1838.0,2995.0,681.0,3,True,True,94,8.209852481301272,entry_plus_no_exit_continuity_assumption; documented exits override after last active month,approved_complete_observed_municipal_scope,DERIVED_REVIEWED_DESTINATION_PANEL
espace_dent_blanche,Espace Dent Blanche,2026-04-01,2026,4,1,0,False,2018-05-01,analytical_month_anchor,True,False,,,,,3,True,True,95,,entry_plus_no_exit_continuity_assumption; documented exits override after last active month,approved_complete_observed_municipal_scope,DERIVED_REVIEWED_DESTINATION_PANEL
espace_dent_blanche,Espace Dent Blanche,2026-05-01,2026,5,1,0,False,2018-05-01,analytical_month_anchor,True,False,,,,,3,True,True,96,,entry_plus_no_exit_continuity_assumption; documented exits override after last active month,approved_complete_observed_municipal_scope,DERIVED_REVIEWED_DESTINATION_PANEL
espace_dent_blanche,Espace Dent Blanche,2026-06-01,2026,6,1,0,False,2018-05-01,analytical_month_anchor,True,False,,,,,3,True,True,97,,entry_plus_no_exit_continuity_assumption; documented exits override after last active month,approved_complete_observed_municipal_scope,DERIVED_REVIEWED_DESTINATION_PANEL
espace_dent_blanche,Espace Dent Blanche,2026-07-01,2026,7,1,0,False,2018-05-01,analytical_month_anchor,True,False,,,,,3,True,True,98,,entry_plus_no_exit_continuity_assumption; documented exits override after last active month,approved_complete_observed_municipal_scope,DERIVED_REVIEWED_DESTINATION_PANEL
espace_dent_blanche,Espace Dent Blanche,2026-08-01,2026,8,1,0,False,2018-05-01,analytical_month_anchor,True,False,,,,,3,True,True,99,,entry_plus_no_exit_continuity_assumption; documented exits override after last active month,approved_complete_observed_municipal_scope,DERIVED_REVIEWED_DESTINATION_PANEL
espace_dent_blanche,Espace Dent Blanche,2026-09-01,2026,9,1,0,False,2018-05-01,analytical_month_anchor,True,False,,,,,3,True,True,100,,entry_plus_no_exit_continuity_assumption; documented exits override after last active month,approved_complete_observed_municipal_scope,DERIVED_REVIEWED_DESTINATION_PANEL
espace_dent_blanche,Espace Dent Blanche,2026-10-01,2026,10,1,0,False,2018-05-01,analytical_month_anchor,True,False,,,,,3,True,True,101,,entry_plus_no_exit_continuity_assumption; documented exits override after last active month,approved_complete_observed_municipal_scope,DERIVED_REVIEWED_DESTINATION_PANEL
espace_dent_blanche,Espace Dent Blanche,2026-11-01,2026,11,1,0,False,2018-05-01,analytical_month_anchor,True,False,,,,,3,True,True,102,,entry_plus_no_exit_continuity_assumption; documented exits override after last active month,approved_complete_observed_municipal_scope,DERIVED_REVIEWED_DESTINATION_PANEL
espace_dent_blanche,Espace Dent Blanche,2026-12-01,2026,12,1,0,False,2018-05-01,analytical_month_anchor,True,False,,,,,3,True,True,103,,entry_plus_no_exit_continuity_assumption; documented exits override after last active month,approved_complete_observed_municipal_scope,DERIVED_REVIEWED_DESTINATION_PANEL
les_pleiades,Les Pléiades,2013-01-01,2013,1,1,0,False,2018-05-01,analytical_month_anchor,True,False,,,,,0,False,False,-64,,entry_plus_no_exit_continuity_assumption; documented exits override after last active month,approved_core_municipality_proxy,DERIVED_REVIEWED_DESTINATION_PANEL
les_pleiades,Les Pléiades,2013-02-01,2013,2,1,0,False,2018-05-01,analytical_month_anchor,True,False,,,,,0,False,False,-63,,entry_plus_no_exit_continuity_assumption; documented exits override after last active month,approved_core_municipality_proxy,DERIVED_REVIEWED_DESTINATION_PANEL
les_pleiades,Les Pléiades,2013-03-01,2013,3,1,0,False,2018-05-01,analytical_month_anchor,True,False,,,,,0,False,False,-62,,entry_plus_no_exit_continuity_assumption; documented exits override after last active month,approved_core_municipality_proxy,DERIVED_REVIEWED_DESTINATION_PANEL
les_pleiades,Les Pléiades,2013-04-01,2013,4,1,0,False,2018-05-01,analytical_month_anchor,True,False,,,,,0,False,False,-61,,entry_plus_no_exit_continuity_assumption; documented exits override after last active month,approved_core_municipality_proxy,DERIVED_REVIEWED_DESTINATION_PANEL
les_pleiades,Les Pléiades,2013-05-01,2013,5,1,0,False,2018-05-01,analytical_month_anchor,True,False,,,,,0,False,False,-60,,entry_plus_no_exit_continuity_assumption; documented exits override after last active month,approved_core_municipality_proxy,DERIVED_REVIEWED_DESTINATION_PANEL
les_pleiades,Les Pléiades,2013-06-01,2013,6,1,0,False,2018-05-01,analytical_month_anchor,True,False,,,,,0,False,False,-59,,entry_plus_no_exit_continuity_assumption; documented exits override after last active month,approved_core_municipality_proxy,DERIVED_REVIEWED_DESTINATION_PANEL
les_pleiades,Les Pléiades,2013-07-01,2013,7,1,0,False,2018-05-01,analytical_month_anchor,True,False,,,,,0,False,False,-58,,entry_plus_no_exit_continuity_assumption; documented exits override after last active month,approved_core_municipality_proxy,DERIVED_REVIEWED_DESTINATION_PANEL
les_pleiades,Les Pléiades,2013-08-01,2013,8,1,0,False,2018-05-01,analytical_month_anchor,True,False,,,,,0,False,False,-57,,entry_plus_no_exit_continuity_assumption; documented exits override after last active month,approved_core_municipality_proxy,DERIVED_REVIEWED_DESTINATION_PANEL
les_pleiades,Les Pléiades,2013-09-01,2013,9,1,0,False,2018-05-01,analytical_month_anchor,True,False,,,,,0,False,False,-56,,entry_plus_no_exit_continuity_assumption; documented exits override after last active month,approved_core_municipality_proxy,DERIVED_REVIEWED_DESTINATION_PANEL
les_pleiades,Les Pléiades,2013-10-01,2013,10,1,0,False,2018-05-01,analytical_month_anchor,True,False,,,,,0,False,False,-55,,entry_plus_no_exit_continuity_assumption; documented exits override after last active month,approved_core_municipality_proxy,DERIVED_REVIEWED_DESTINATION_PANEL
les_pleiades,Les Pléiades,2013-11-01,2013,11,1,0,False,2018-05-01,analytical_month_anchor,True,False,,,,,0,False,False,-54,,entry_plus_no_exit_continuity_assumption; documented exits override after last active month,approved_core_municipality_proxy,DERIVED_REVIEWED_DESTINATION_PANEL
les_pleiades,Les Pléiades,2013-12-01,2013,12,1,0,False,2018-05-01,analytical_month_anchor,True,False,,,,,0,False,False,-53,,entry_plus_no_exit_continuity_assumption; documented exits override after last active month,approved_core_municipality_proxy,DERIVED_REVIEWED_DESTINATION_PANEL
les_pleiades,Les Pléiades,2014-01-01,2014,1,1,0,False,2018-05-01,analytical_month_anchor,True,False,,,,,0,False,False,-52,,entry_plus_no_exit_continuity_assumption; documented exits override after last active month,approved_core_municipality_proxy,DERIVED_REVIEWED_DESTINATION_PANEL
les_pleiades,Les Pléiades,2014-02-01,2014,2,1,0,False,2018-05-01,analytical_month_anchor,True,False,,,,,0,False,False,-51,,entry_plus_no_exit_continuity_assumption; documented exits override after last active month,approved_core_municipality_proxy,DERIVED_REVIEWED_DESTINATION_PANEL
les_pleiades,Les Pléiades,2014-03-01,2014,3,1,0,False,2018-05-01,analytical_month_anchor,True,False,,,,,0,False,False,-50,,entry_plus_no_exit_continuity_assumption; documented exits override after last active month,approved_core_municipality_proxy,DERIVED_REVIEWED_DESTINATION_PANEL
les_pleiades,Les Pléiades,2014-04-01,2014,4,1,0,False,2018-05-01,analytical_month_anchor,True,False,,,,,0,False,False,-49,,entry_plus_no_exit_continuity_assumption; documented exits override after last active month,approved_core_municipality_proxy,DERIVED_REVIEWED_DESTINATION_PANEL
les_pleiades,Les Pléiades,2014-05-01,2014,5,1,0,False,2018-05-01,analytical_month_anchor,True,False,,,,,0,False,False,-48,,entry_plus_no_exit_continuity_assumption; documented exits override after last active month,approved_core_municipality_proxy,DERIVED_REVIEWED_DESTINATION_PANEL
les_pleiades,Les Pléiades,2014-06-01,2014,6,1,0,False,2018-05-01,analytical_month_anchor,True,False,,,,,0,False,False,-47,,entry_plus_no_exit_continuity_assumption; documented exits override after last active month,approved_core_municipality_proxy,DERIVED_REVIEWED_DESTINATION_PANEL
les_pleiades,Les Pléiades,2014-07-01,2014,7,1,0,False,2018-05-01,analytical_month_anchor,True,False,,,,,0,False,False,-46,,entry_plus_no_exit_continuity_assumption; documented exits override after last active month,approved_core_municipality_proxy,DERIVED_REVIEWED_DESTINATION_PANEL
les_pleiades,Les Pléiades,2014-08-01,2014,8,1,0,False,2018-05-01,analytical_month_anchor,True,False,,,,,0,False,False,-45,,entry_plus_no_exit_continuity_assumption; documented exits override after last active month,approved_core_municipality_proxy,DERIVED_REVIEWED_DESTINATION_PANEL
les_pleiades,Les Pléiades,2014-09-01,2014,9,1,0,False,2018-05-01,analytical_month_anchor,True,False,,,,,0,False,False,-44,,entry_plus_no_exit_continuity_assumption; documented exits override after last active month,approved_core_municipality_proxy,DERIVED_REVIEWED_DESTINATION_PANEL
les_pleiades,Les Pléiades,2014-10-01,2014,10,1,0,False,2018-05-01,analytical_month_anchor,True,False,,,,,0,False,False,-43,,entry_plus_no_exit_continuity_assumption; documented exits override after last active month,approved_core_municipality_proxy,DERIVED_REVIEWED_DESTINATION_PANEL
les_pleiades,Les Pléiades,2014-11-01,2014,11,1,0,False,2018-05-01,analytical_month_anchor,True,False,,,,,0,False,False,-42,,entry_plus_no_exit_continuity_assumption; documented exits override after last active month,approved_core_municipality_proxy,DERIVED_REVIEWED_DESTINATION_PANEL
les_pleiades,Les Pléiades,2014-12-01,2014,12,1,0,False,2018-05-01,analytical_month_anchor,True,False,,,,,0,False,False,-41,,entry_plus_no_exit_continuity_assumption; documented exits override after last active month,approved_core_municipality_proxy,DERIVED_REVIEWED_DESTINATION_PANEL
les_pleiades,Les Pléiades,2015-01-01,2015,1,1,0,False,2018-05-01,analytical_month_anchor,True,False,,,,,0,False,False,-40,,entry_plus_no_exit_continuity_assumption; documented exits override after last active month,approved_core_municipality_proxy,DERIVED_REVIEWED_DESTINATION_PANEL
les_pleiades,Les Pléiades,2015-02-01,2015,2,1,0,False,2018-05-01,analytical_month_anchor,True,False,,,,,0,False,False,-39,,entry_plus_no_exit_continuity_assumption; documented exits override after last active month,approved_core_municipality_proxy,DERIVED_REVIEWED_DESTINATION_PANEL
les_pleiades,Les Pléiades,2015-03-01,2015,3,1,0,False,2018-05-01,analytical_month_anchor,True,False,,,,,0,False,False,-38,,entry_plus_no_exit_continuity_assumption; documented exits override after last active month,approved_core_municipality_proxy,DERIVED_REVIEWED_DESTINATION_PANEL
les_pleiades,Les Pléiades,2015-04-01,2015,4,1,0,False,2018-05-01,analytical_month_anchor,True,False,,,,,0,False,False,-37,,entry_plus_no_exit_continuity_assumption; documented exits override after last active month,approved_core_municipality_proxy,DERIVED_REVIEWED_DESTINATION_PANEL
les_pleiades,Les Pléiades,2015-05-01,2015,5,1,0,False,2018-05-01,analytical_month_anchor,True,False,,,,,0,False,False,-36,,entry_plus_no_exit_continuity_assumption; documented exits override after last active month,approved_core_municipality_proxy,DERIVED_REVIEWED_DESTINATION_PANEL
les_pleiades,Les Pléiades,2015-06-01,2015,6,1,0,False,2018-05-01,analytical_month_anchor,True,False,,,,,0,False,False,-35,,entry_plus_no_exit_continuity_assumption; documented exits override after last active month,approved_core_municipality_proxy,DERIVED_REVIEWED_DESTINATION_PANEL
les_pleiades,Les Pléiades,2015-07-01,2015,7,1,0,False,2018-05-01,analytical_month_anchor,True,False,,,,,0,False,False,-34,,entry_plus_no_exit_continuity_assumption; documented exits override after last active month,approved_core_municipality_proxy,DERIVED_REVIEWED_DESTINATION_PANEL
les_pleiades,Les Pléiades,2015-08-01,2015,8,1,0,False,2018-05-01,analytical_month_anchor,True,False,,,,,0,False,False,-33,,entry_plus_no_exit_continuity_assumption; documented exits override after last active month,approved_core_municipality_proxy,DERIVED_REVIEWED_DESTINATION_PANEL
les_pleiades,Les Pléiades,2015-09-01,2015,9,1,0,False,2018-05-01,analytical_month_anchor,True,False,,,,,0,False,False,-32,,entry_plus_no_exit_continuity_assumption; documented exits override after last active month,approved_core_municipality_proxy,DERIVED_REVIEWED_DESTINATION_PANEL
les_pleiades,Les Pléiades,2015-10-01,2015,10,1,0,False,2018-05-01,analytical_month_anchor,True,False,,,,,0,False,False,-31,,entry_plus_no_exit_continuity_assumption; documented exits override after last active month,approved_core_municipality_proxy,DERIVED_REVIEWED_DESTINATION_PANEL
les_pleiades,Les Pléiades,2015-11-01,2015,11,1,0,False,2018-05-01,analytical_month_anchor,True,False,,,,,0,False,False,-30,,entry_plus_no_exit_continuity_assumption; documented exits override after last active month,approved_core_municipality_proxy,DERIVED_REVIEWED_DESTINATION_PANEL
les_pleiades,Les Pléiades,2015-12-01,2015,12,1,0,False,2018-05-01,analytical_month_anchor,True,False,,,,,0,False,False,-29,,entry_plus_no_exit_continuity_assumption; documented exits override after last active month,approved_core_municipality_proxy,DERIVED_REVIEWED_DESTINATION_PANEL
les_pleiades,Les Pléiades,2016-01-01,2016,1,1,0,False,2018-05-01,analytical_month_anchor,True,False,,,,,0,False,False,-28,,entry_plus_no_exit_continuity_assumption; documented exits override after last active month,approved_core_municipality_proxy,DERIVED_REVIEWED_DESTINATION_PANEL
les_pleiades,Les Pléiades,2016-02-01,2016,2,1,0,False,2018-05-01,analytical_month_anchor,True,False,,,,,0,False,False,-27,,entry_plus_no_exit_continuity_assumption; documented exits override after last active month,approved_core_municipality_proxy,DERIVED_REVIEWED_DESTINATION_PANEL
les_pleiades,Les Pléiades,2016-03-01,2016,3,1,0,False,2018-05-01,analytical_month_anchor,True,False,,,,,0,False,False,-26,,entry_plus_no_exit_continuity_assumption; documented exits override after last active month,approved_core_municipality_proxy,DERIVED_REVIEWED_DESTINATION_PANEL
les_pleiades,Les Pléiades,2016-04-01,2016,4,1,0,False,2018-05-01,analytical_month_anchor,True,False,,,,,0,False,False,-25,,entry_plus_no_exit_continuity_assumption; documented exits override after last active month,approved_core_municipality_proxy,DERIVED_REVIEWED_DESTINATION_PANEL
les_pleiades,Les Pléiades,2016-05-01,2016,5,1,0,False,2018-05-01,analytical_month_anchor,True,False,,,,,0,False,False,-24,,entry_plus_no_exit_continuity_assumption; documented exits override after last active month,approved_core_municipality_proxy,DERIVED_REVIEWED_DESTINATION_PANEL
les_pleiades,Les Pléiades,2016-06-01,2016,6,1,0,False,2018-05-01,analytical_month_anchor,True,False,,,,,0,False,False,-23,,entry_plus_no_exit_continuity_assumption; documented exits override after last active month,approved_core_municipality_proxy,DERIVED_REVIEWED_DESTINATION_PANEL
les_pleiades,Les Pléiades,2016-07-01,2016,7,1,0,False,2018-05-01,analytical_month_anchor,True,False,,,,,0,False,False,-22,,entry_plus_no_exit_continuity_assumption; documented exits override after last active month,approved_core_municipality_proxy,DERIVED_REVIEWED_DESTINATION_PANEL
les_pleiades,Les Pléiades,2016-08-01,2016,8,1,0,False,2018-05-01,analytical_month_anchor,True,False,,,,,0,False,False,-21,,entry_plus_no_exit_continuity_assumption; documented exits override after last active month,approved_core_municipality_proxy,DERIVED_REVIEWED_DESTINATION_PANEL
les_pleiades,Les Pléiades,2016-09-01,2016,9,1,0,False,2018-05-01,analytical_month_anchor,True,False,,,,,0,False,False,-20,,entry_plus_no_exit_continuity_assumption; documented exits override after last active month,approved_core_municipality_proxy,DERIVED_REVIEWED_DESTINATION_PANEL
les_pleiades,Les Pléiades,2016-10-01,2016,10,1,0,False,2018-05-01,analytical_month_anchor,True,False,,,,,0,False,False,-19,,entry_plus_no_exit_continuity_assumption; documented exits override after last active month,approved_core_municipality_proxy,DERIVED_REVIEWED_DESTINATION_PANEL
les_pleiades,Les Pléiades,2016-11-01,2016,11,1,0,False,2018-05-01,analytical_month_anchor,True,False,,,,,0,False,False,-18,,entry_plus_no_exit_continuity_assumption; documented exits override after last active month,approved_core_municipality_proxy,DERIVED_REVIEWED_DESTINATION_PANEL
les_pleiades,Les Pléiades,2016-12-01,2016,12,1,0,False,2018-05-01,analytical_month_anchor,True,False,,,,,0,False,False,-17,,entry_plus_no_exit_continuity_assumption; documented exits override after last active month,approved_core_municipality_proxy,DERIVED_REVIEWED_DESTINATION_PANEL
les_pleiades,Les Pléiades,2017-01-01,2017,1,1,0,False,2018-05-01,analytical_month_anchor,True,False,,,,,0,False,False,-16,,entry_plus_no_exit_continuity_assumption; documented exits override after last active month,approved_core_municipality_proxy,DERIVED_REVIEWED_DESTINATION_PANEL
les_pleiades,Les Pléiades,2017-02-01,2017,2,1,0,False,2018-05-01,analytical_month_anchor,True,False,,,,,0,False,False,-15,,entry_plus_no_exit_continuity_assumption; documented exits override after last active month,approved_core_municipality_proxy,DERIVED_REVIEWED_DESTINATION_PANEL
les_pleiades,Les Pléiades,2017-03-01,2017,3,1,0,False,2018-05-01,analytical_month_anchor,True,False,,,,,0,False,False,-14,,entry_plus_no_exit_continuity_assumption; documented exits override after last active month,approved_core_municipality_proxy,DERIVED_REVIEWED_DESTINATION_PANEL
les_pleiades,Les Pléiades,2017-04-01,2017,4,1,0,False,2018-05-01,analytical_month_anchor,True,False,,,,,0,False,False,-13,,entry_plus_no_exit_continuity_assumption; documented exits override after last active month,approved_core_municipality_proxy,DERIVED_REVIEWED_DESTINATION_PANEL
les_pleiades,Les Pléiades,2017-05-01,2017,5,1,0,False,2018-05-01,analytical_month_anchor,True,False,,,,,0,False,False,-12,,entry_plus_no_exit_continuity_assumption; documented exits override after last active month,approved_core_municipality_proxy,DERIVED_REVIEWED_DESTINATION_PANEL
les_pleiades,Les Pléiades,2017-06-01,2017,6,1,0,False,2018-05-01,analytical_month_anchor,True,False,,,,,0,False,False,-11,,entry_plus_no_exit_continuity_assumption; documented exits override after last active month,approved_core_municipality_proxy,DERIVED_REVIEWED_DESTINATION_PANEL
les_pleiades,Les Pléiades,2017-07-01,2017,7,1,0,False,2018-05-01,analytical_month_anchor,True,False,,,,,0,False,False,-10,,entry_plus_no_exit_continuity_assumption; documented exits override after last active month,approved_core_municipality_proxy,DERIVED_REVIEWED_DESTINATION_PANEL
les_pleiades,Les Pléiades,2017-08-01,2017,8,1,0,False,2018-05-01,analytical_month_anchor,True,False,,,,,0,False,False,-9,,entry_plus_no_exit_continuity_assumption; documented exits override after last active month,approved_core_municipality_proxy,DERIVED_REVIEWED_DESTINATION_PANEL
les_pleiades,Les Pléiades,2017-09-01,2017,9,1,0,False,2018-05-01,analytical_month_anchor,True,False,,,,,0,False,False,-8,,entry_plus_no_exit_continuity_assumption; documented exits override after last active month,approved_core_municipality_proxy,DERIVED_REVIEWED_DESTINATION_PANEL
les_pleiades,Les Pléiades,2017-10-01,2017,10,1,0,False,2018-05-01,analytical_month_anchor,True,False,,,,,0,False,False,-7,,entry_plus_no_exit_continuity_assumption; documented exits override after last active month,approved_core_municipality_proxy,DERIVED_REVIEWED_DESTINATION_PANEL
les_pleiades,Les Pléiades,2017-11-01,2017,11,1,0,False,2018-05-01,analytical_month_anchor,True,False,,,,,0,False,False,-6,,entry_plus_no_exit_continuity_assumption; documented exits override after last active month,approved_core_municipality_proxy,DERIVED_REVIEWED_DESTINATION_PANEL
les_pleiades,Les Pléiades,2017-12-01,2017,12,1,0,False,2018-05-01,analytical_month_anchor,True,False,,,,,0,False,False,-5,,entry_plus_no_exit_continuity_assumption; documented exits override after last active month,approved_core_municipality_proxy,DERIVED_REVIEWED_DESTINATION_PANEL
les_pleiades,Les Pléiades,2018-01-01,2018,1,1,0,False,2018-05-01,analytical_month_anchor,True,False,,,,,0,False,False,-4,,entry_plus_no_exit_continuity_assumption; documented exits override after last active month,approved_core_municipality_proxy,DERIVED_REVIEWED_DESTINATION_PANEL
les_pleiades,Les Pléiades,2018-02-01,2018,2,1,0,False,2018-05-01,analytical_month_anchor,True,False,,,,,0,False,False,-3,,entry_plus_no_exit_continuity_assumption; documented exits override after last active month,approved_core_municipality_proxy,DERIVED_REVIEWED_DESTINATION_PANEL
les_pleiades,Les Pléiades,2018-03-01,2018,3,1,0,False,2018-05-01,analytical_month_anchor,True,False,,,,,0,False,False,-2,,entry_plus_no_exit_continuity_assumption; documented exits override after last active month,approved_core_municipality_proxy,DERIVED_REVIEWED_DESTINATION_PANEL
les_pleiades,Les Pléiades,2018-04-01,2018,4,1,0,False,2018-05-01,analytical_month_anchor,True,False,,,,,0,False,False,-1,,entry_plus_no_exit_continuity_assumption; documented exits override after last active month,approved_core_municipality_proxy,DERIVED_REVIEWED_DESTINATION_PANEL
les_pleiades,Les Pléiades,2018-05-01,2018,5,1,0,False,2018-05-01,analytical_month_anchor,True,False,,,,,1,True,True,0,,entry_plus_no_exit_continuity_assumption; documented exits override after last active month,approved_core_municipality_proxy,DERIVED_REVIEWED_DESTINATION_PANEL
les_pleiades,Les Pléiades,2018-06-01,2018,6,1,0,False,2018-05-01,analytical_month_anchor,True,False,,,,,1,True,True,1,,entry_plus_no_exit_continuity_assumption; documented exits override after last active month,approved_core_municipality_proxy,DERIVED_REVIEWED_DESTINATION_PANEL
les_pleiades,Les Pléiades,2018-07-01,2018,7,1,0,False,2018-05-01,analytical_month_anchor,True,False,,,,,1,True,True,2,,entry_plus_no_exit_continuity_assumption; documented exits override after last active month,approved_core_municipality_proxy,DERIVED_REVIEWED_DESTINATION_PANEL
les_pleiades,Les Pléiades,2018-08-01,2018,8,1,0,False,2018-05-01,analytical_month_anchor,True,False,,,,,1,True,True,3,,entry_plus_no_exit_continuity_assumption; documented exits override after last active month,approved_core_municipality_proxy,DERIVED_REVIEWED_DESTINATION_PANEL
les_pleiades,Les Pléiades,2018-09-01,2018,9,1,0,False,2018-05-01,analytical_month_anchor,True,False,,,,,1,True,True,4,,entry_plus_no_exit_continuity_assumption; documented exits override after last active month,approved_core_municipality_proxy,DERIVED_REVIEWED_DESTINATION_PANEL
les_pleiades,Les Pléiades,2018-10-01,2018,10,1,0,False,2018-05-01,analytical_month_anchor,True,False,,,,,1,True,True,5,,entry_plus_no_exit_continuity_assumption; documented exits override after last active month,approved_core_municipality_proxy,DERIVED_REVIEWED_DESTINATION_PANEL
les_pleiades,Les Pléiades,2018-11-01,2018,11,1,0,False,2018-05-01,analytical_month_anchor,True,False,,,,,1,True,True,6,,entry_plus_no_exit_continuity_assumption; documented exits override after last active month,approved_core_municipality_proxy,DERIVED_REVIEWED_DESTINATION_PANEL
les_pleiades,Les Pléiades,2018-12-01,2018,12,1,0,False,2018-05-01,analytical_month_anchor,True,False,,,,,1,True,True,7,,entry_plus_no_exit_continuity_assumption; documented exits override after last active month,approved_core_municipality_proxy,DERIVED_REVIEWED_DESTINATION_PANEL
les_pleiades,Les Pléiades,2019-01-01,2019,1,1,0,False,2018-05-01,analytical_month_anchor,True,False,,,,,1,True,True,8,,entry_plus_no_exit_continuity_assumption; documented exits override after last active month,approved_core_municipality_proxy,DERIVED_REVIEWED_DESTINATION_PANEL
les_pleiades,Les Pléiades,2019-02-01,2019,2,1,0,False,2018-05-01,analytical_month_anchor,True,False,,,,,1,True,True,9,,entry_plus_no_exit_continuity_assumption; documented exits override after last active month,approved_core_municipality_proxy,DERIVED_REVIEWED_DESTINATION_PANEL
les_pleiades,Les Pléiades,2019-03-01,2019,3,1,0,False,2018-05-01,analytical_month_anchor,True,False,,,,,1,True,True,10,,entry_plus_no_exit_continuity_assumption; documented exits override after last active month,approved_core_municipality_proxy,DERIVED_REVIEWED_DESTINATION_PANEL
les_pleiades,Les Pléiades,2019-04-01,2019,4,1,0,False,2018-05-01,analytical_month_anchor,True,False,,,,,1,True,True,11,,entry_plus_no_exit_continuity_assumption; documented exits override after last active month,approved_core_municipality_proxy,DERIVED_REVIEWED_DESTINATION_PANEL
les_pleiades,Les Pléiades,2019-05-01,2019,5,1,0,False,2018-05-01,analytical_month_anchor,True,False,,,,,1,True,True,12,,entry_plus_no_exit_continuity_assumption; documented exits override after last active month,approved_core_municipality_proxy,DERIVED_REVIEWED_DESTINATION_PANEL
les_pleiades,Les Pléiades,2019-06-01,2019,6,1,0,False,2018-05-01,analytical_month_anchor,True,False,,,,,1,True,True,13,,entry_plus_no_exit_continuity_assumption; documented exits override after last active month,approved_core_municipality_proxy,DERIVED_REVIEWED_DESTINATION_PANEL
les_pleiades,Les Pléiades,2019-07-01,2019,7,1,0,False,2018-05-01,analytical_month_anchor,True,False,,,,,1,True,True,14,,entry_plus_no_exit_continuity_assumption; documented exits override after last active month,approved_core_municipality_proxy,DERIVED_REVIEWED_DESTINATION_PANEL
les_pleiades,Les Pléiades,2019-08-01,2019,8,1,0,False,2018-05-01,analytical_month_anchor,True,False,,,,,1,True,True,15,,entry_plus_no_exit_continuity_assumption; documented exits override after last active month,approved_core_municipality_proxy,DERIVED_REVIEWED_DESTINATION_PANEL
les_pleiades,Les Pléiades,2019-09-01,2019,9,1,0,False,2018-05-01,analytical_month_anchor,True,False,,,,,1,True,True,16,,entry_plus_no_exit_continuity_assumption; documented exits override after last active month,approved_core_municipality_proxy,DERIVED_REVIEWED_DESTINATION_PANEL
les_pleiades,Les Pléiades,2019-10-01,2019,10,1,0,False,2018-05-01,analytical_month_anchor,True,False,,,,,1,True,True,17,,entry_plus_no_exit_continuity_assumption; documented exits override after last active month,approved_core_municipality_proxy,DERIVED_REVIEWED_DESTINATION_PANEL
les_pleiades,Les Pléiades,2019-11-01,2019,11,1,0,False,2018-05-01,analytical_month_anchor,True,False,,,,,1,True,True,18,,entry_plus_no_exit_continuity_assumption; documented exits override after last active month,approved_core_municipality_proxy,DERIVED_REVIEWED_DESTINATION_PANEL
les_pleiades,Les Pléiades,2019-12-01,2019,12,1,0,False,2018-05-01,analytical_month_anchor,True,False,,,,,1,True,True,19,,entry_plus_no_exit_continuity_assumption; documented exits override after last active month,approved_core_municipality_proxy,DERIVED_REVIEWED_DESTINATION_PANEL
les_pleiades,Les Pléiades,2020-01-01,2020,1,1,0,False,2018-05-01,analytical_month_anchor,True,False,,,,,1,True,True,20,,entry_plus_no_exit_continuity_assumption; documented exits override after last active month,approved_core_municipality_proxy,DERIVED_REVIEWED_DESTINATION_PANEL
les_pleiades,Les Pléiades,2020-02-01,2020,2,1,0,False,2018-05-01,analytical_month_anchor,True,False,,,,,1,True,True,21,,entry_plus_no_exit_continuity_assumption; documented exits override after last active month,approved_core_municipality_proxy,DERIVED_REVIEWED_DESTINATION_PANEL
les_pleiades,Les Pléiades,2020-03-01,2020,3,1,0,False,2018-05-01,analytical_month_anchor,True,False,,,,,1,True,True,22,,entry_plus_no_exit_continuity_assumption; documented exits override after last active month,approved_core_municipality_proxy,DERIVED_REVIEWED_DESTINATION_PANEL
les_pleiades,Les Pléiades,2020-04-01,2020,4,1,0,False,2018-05-01,analytical_month_anchor,True,False,,,,,1,True,True,23,,entry_plus_no_exit_continuity_assumption; documented exits override after last active month,approved_core_municipality_proxy,DERIVED_REVIEWED_DESTINATION_PANEL
les_pleiades,Les Pléiades,2020-05-01,2020,5,1,0,False,2018-05-01,analytical_month_anchor,True,False,,,,,1,True,True,24,,entry_plus_no_exit_continuity_assumption; documented exits override after last active month,approved_core_municipality_proxy,DERIVED_REVIEWED_DESTINATION_PANEL
les_pleiades,Les Pléiades,2020-06-01,2020,6,1,0,False,2018-05-01,analytical_month_anchor,True,False,,,,,1,True,True,25,,entry_plus_no_exit_continuity_assumption; documented exits override after last active month,approved_core_municipality_proxy,DERIVED_REVIEWED_DESTINATION_PANEL
les_pleiades,Les Pléiades,2020-07-01,2020,7,1,0,False,2018-05-01,analytical_month_anchor,True,False,,,,,1,True,True,26,,entry_plus_no_exit_continuity_assumption; documented exits override after last active month,approved_core_municipality_proxy,DERIVED_REVIEWED_DESTINATION_PANEL
les_pleiades,Les Pléiades,2020-08-01,2020,8,1,0,False,2018-05-01,analytical_month_anchor,True,False,,,,,1,True,True,27,,entry_plus_no_exit_continuity_assumption; documented exits override after last active month,approved_core_municipality_proxy,DERIVED_REVIEWED_DESTINATION_PANEL
les_pleiades,Les Pléiades,2020-09-01,2020,9,1,0,False,2018-05-01,analytical_month_anchor,True,False,,,,,1,True,True,28,,entry_plus_no_exit_continuity_assumption; documented exits override after last active month,approved_core_municipality_proxy,DERIVED_REVIEWED_DESTINATION_PANEL
les_pleiades,Les Pléiades,2020-10-01,2020,10,1,0,False,2018-05-01,analytical_month_anchor,True,False,,,,,1,True,True,29,,entry_plus_no_exit_continuity_assumption; documented exits override after last active month,approved_core_municipality_proxy,DERIVED_REVIEWED_DESTINATION_PANEL
les_pleiades,Les Pléiades,2020-11-01,2020,11,1,0,False,2018-05-01,analytical_month_anchor,True,False,,,,,1,True,True,30,,entry_plus_no_exit_continuity_assumption; documented exits override after last active month,approved_core_municipality_proxy,DERIVED_REVIEWED_DESTINATION_PANEL
les_pleiades,Les Pléiades,2020-12-01,2020,12,1,0,False,2018-05-01,analytical_month_anchor,True,False,,,,,1,True,True,31,,entry_plus_no_exit_continuity_assumption; documented exits override after last active month,approved_core_municipality_proxy,DERIVED_REVIEWED_DESTINATION_PANEL
les_pleiades,Les Pléiades,2021-01-01,2021,1,1,0,False,2018-05-01,analytical_month_anchor,True,False,,,,,1,True,True,32,,entry_plus_no_exit_continuity_assumption; documented exits override after last active month,approved_core_municipality_proxy,DERIVED_REVIEWED_DESTINATION_PANEL
les_pleiades,Les Pléiades,2021-02-01,2021,2,1,0,False,2018-05-01,analytical_month_anchor,True,False,,,,,1,True,True,33,,entry_plus_no_exit_continuity_assumption; documented exits override after last active month,approved_core_municipality_proxy,DERIVED_REVIEWED_DESTINATION_PANEL
les_pleiades,Les Pléiades,2021-03-01,2021,3,1,0,False,2018-05-01,analytical_month_anchor,True,False,,,,,1,True,True,34,,entry_plus_no_exit_continuity_assumption; documented exits override after last active month,approved_core_municipality_proxy,DERIVED_REVIEWED_DESTINATION_PANEL
les_pleiades,Les Pléiades,2021-04-01,2021,4,1,0,False,2018-05-01,analytical_month_anchor,True,False,,,,,1,True,True,35,,entry_plus_no_exit_continuity_assumption; documented exits override after last active month,approved_core_municipality_proxy,DERIVED_REVIEWED_DESTINATION_PANEL
les_pleiades,Les Pléiades,2021-05-01,2021,5,1,0,False,2018-05-01,analytical_month_anchor,True,False,,,,,1,True,True,36,,entry_plus_no_exit_continuity_assumption; documented exits override after last active month,approved_core_municipality_proxy,DERIVED_REVIEWED_DESTINATION_PANEL
les_pleiades,Les Pléiades,2021-06-01,2021,6,1,0,False,2018-05-01,analytical_month_anchor,True,False,,,,,1,True,True,37,,entry_plus_no_exit_continuity_assumption; documented exits override after last active month,approved_core_municipality_proxy,DERIVED_REVIEWED_DESTINATION_PANEL
les_pleiades,Les Pléiades,2021-07-01,2021,7,1,0,False,2018-05-01,analytical_month_anchor,True,False,,,,,1,True,True,38,,entry_plus_no_exit_continuity_assumption; documented exits override after last active month,approved_core_municipality_proxy,DERIVED_REVIEWED_DESTINATION_PANEL
les_pleiades,Les Pléiades,2021-08-01,2021,8,1,0,False,2018-05-01,analytical_month_anchor,True,False,,,,,1,True,True,39,,entry_plus_no_exit_continuity_assumption; documented exits override after last active month,approved_core_municipality_proxy,DERIVED_REVIEWED_DESTINATION_PANEL
les_pleiades,Les Pléiades,2021-09-01,2021,9,1,0,False,2018-05-01,analytical_month_anchor,True,False,,,,,1,True,True,40,,entry_plus_no_exit_continuity_assumption; documented exits override after last active month,approved_core_municipality_proxy,DERIVED_REVIEWED_DESTINATION_PANEL
les_pleiades,Les Pléiades,2021-10-01,2021,10,1,0,False,2018-05-01,analytical_month_anchor,True,False,,,,,1,True,True,41,,entry_plus_no_exit_continuity_assumption; documented exits override after last active month,approved_core_municipality_proxy,DERIVED_REVIEWED_DESTINATION_PANEL
les_pleiades,Les Pléiades,2021-11-01,2021,11,1,0,False,2018-05-01,analytical_month_anchor,True,False,,,,,1,True,True,42,,entry_plus_no_exit_continuity_assumption; documented exits override after last active month,approved_core_municipality_proxy,DERIVED_REVIEWED_DESTINATION_PANEL
les_pleiades,Les Pléiades,2021-12-01,2021,12,1,0,False,2018-05-01,analytical_month_anchor,True,False,,,,,1,True,True,43,,entry_plus_no_exit_continuity_assumption; documented exits override after last active month,approved_core_municipality_proxy,DERIVED_REVIEWED_DESTINATION_PANEL
les_pleiades,Les Pléiades,2022-01-01,2022,1,1,1,True,2018-05-01,analytical_month_anchor,True,False,824.0,384.0,642.0,182.0,1,True,True,44,6.715383386334681,entry_plus_no_exit_continuity_assumption; documented exits override after last active month,approved_core_municipality_proxy,DERIVED_REVIEWED_DESTINATION_PANEL
les_pleiades,Les Pléiades,2022-02-01,2022,2,1,1,True,2018-05-01,analytical_month_anchor,True,False,20.0,15.0,5.0,15.0,1,True,True,45,3.044522437723423,entry_plus_no_exit_continuity_assumption; documented exits override after last active month,approved_core_municipality_proxy,DERIVED_REVIEWED_DESTINATION_PANEL
les_pleiades,Les Pléiades,2022-03-01,2022,3,1,1,True,2018-05-01,analytical_month_anchor,True,False,1065.0,654.0,856.0,209.0,1,True,True,46,6.97166860472579,entry_plus_no_exit_continuity_assumption; documented exits override after last active month,approved_core_municipality_proxy,DERIVED_REVIEWED_DESTINATION_PANEL
les_pleiades,Les Pléiades,2022-04-01,2022,4,1,1,True,2018-05-01,analytical_month_anchor,True,False,2790.0,1466.0,2051.0,739.0,1,True,True,47,7.934155233536322,entry_plus_no_exit_continuity_assumption; documented exits override after last active month,approved_core_municipality_proxy,DERIVED_REVIEWED_DESTINATION_PANEL
les_pleiades,Les Pléiades,2022-05-01,2022,5,1,1,True,2018-05-01,analytical_month_anchor,True,False,2947.0,1769.0,2418.0,529.0,1,True,True,48,7.988882253309227,entry_plus_no_exit_continuity_assumption; documented exits override after last active month,approved_core_municipality_proxy,DERIVED_REVIEWED_DESTINATION_PANEL
les_pleiades,Les Pléiades,2022-06-01,2022,6,1,1,True,2018-05-01,analytical_month_anchor,True,False,3504.0,2035.0,2939.0,565.0,1,True,True,49,8.16194579946869,entry_plus_no_exit_continuity_assumption; documented exits override after last active month,approved_core_municipality_proxy,DERIVED_REVIEWED_DESTINATION_PANEL
les_pleiades,Les Pléiades,2022-07-01,2022,7,1,1,True,2018-05-01,analytical_month_anchor,True,False,3889.0,1603.0,3012.0,877.0,1,True,True,50,8.266164436612492,entry_plus_no_exit_continuity_assumption; documented exits override after last active month,approved_core_municipality_proxy,DERIVED_REVIEWED_DESTINATION_PANEL
les_pleiades,Les Pléiades,2022-08-01,2022,8,1,1,True,2018-05-01,analytical_month_anchor,True,False,3202.0,1596.0,2475.0,727.0,1,True,True,51,8.071843149609158,entry_plus_no_exit_continuity_assumption; documented exits override after last active month,approved_core_municipality_proxy,DERIVED_REVIEWED_DESTINATION_PANEL
les_pleiades,Les Pléiades,2022-09-01,2022,9,1,1,True,2018-05-01,analytical_month_anchor,True,False,3523.0,2334.0,2783.0,740.0,1,True,True,52,8.16735198705607,entry_plus_no_exit_continuity_assumption; documented exits override after last active month,approved_core_municipality_proxy,DERIVED_REVIEWED_DESTINATION_PANEL
les_pleiades,Les Pléiades,2022-10-01,2022,10,1,1,True,2018-05-01,analytical_month_anchor,True,False,2734.0,1690.0,1964.0,770.0,1,True,True,53,7.913886714856082,entry_plus_no_exit_continuity_assumption; documented exits override after last active month,approved_core_municipality_proxy,DERIVED_REVIEWED_DESTINATION_PANEL
les_pleiades,Les Pléiades,2022-11-01,2022,11,1,1,True,2018-05-01,analytical_month_anchor,True,False,2245.0,1603.0,1476.0,769.0,1,True,True,54,7.716906135298388,entry_plus_no_exit_continuity_assumption; documented exits override after last active month,approved_core_municipality_proxy,DERIVED_REVIEWED_DESTINATION_PANEL
les_pleiades,Les Pléiades,2022-12-01,2022,12,1,1,True,2018-05-01,analytical_month_anchor,True,False,3158.0,2030.0,2023.0,1135.0,1,True,True,55,8.058010800802085,entry_plus_no_exit_continuity_assumption; documented exits override after last active month,approved_core_municipality_proxy,DERIVED_REVIEWED_DESTINATION_PANEL
les_pleiades,Les Pléiades,2023-01-01,2023,1,1,1,True,2018-05-01,analytical_month_anchor,True,False,1747.0,1113.0,1113.0,634.0,1,True,True,56,7.466227556215481,entry_plus_no_exit_continuity_assumption; documented exits override after last active month,approved_core_municipality_proxy,DERIVED_REVIEWED_DESTINATION_PANEL
les_pleiades,Les Pléiades,2023-02-01,2023,2,1,1,True,2018-05-01,analytical_month_anchor,True,False,1645.0,1037.0,989.0,656.0,1,True,True,57,7.406103381237015,entry_plus_no_exit_continuity_assumption; documented exits override after last active month,approved_core_municipality_proxy,DERIVED_REVIEWED_DESTINATION_PANEL
les_pleiades,Les Pléiades,2023-03-01,2023,3,1,1,True,2018-05-01,analytical_month_anchor,True,False,2195.0,1432.0,1090.0,1105.0,1,True,True,58,7.694392802629421,entry_plus_no_exit_continuity_assumption; documented exits override after last active month,approved_core_municipality_proxy,DERIVED_REVIEWED_DESTINATION_PANEL
les_pleiades,Les Pléiades,2023-04-01,2023,4,1,1,True,2018-05-01,analytical_month_anchor,True,False,3107.0,1727.0,1822.0,1285.0,1,True,True,59,8.041734711487537,entry_plus_no_exit_continuity_assumption; documented exits override after last active month,approved_core_municipality_proxy,DERIVED_REVIEWED_DESTINATION_PANEL
les_pleiades,Les Pléiades,2023-05-01,2023,5,1,1,True,2018-05-01,analytical_month_anchor,True,False,4648.0,3094.0,2319.0,2329.0,1,True,True,60,8.444407421690585,entry_plus_no_exit_continuity_assumption; documented exits override after last active month,approved_core_municipality_proxy,DERIVED_REVIEWED_DESTINATION_PANEL
les_pleiades,Les Pléiades,2023-06-01,2023,6,1,1,True,2018-05-01,analytical_month_anchor,True,False,4741.0,2913.0,2799.0,1942.0,1,True,True,61,8.464214266625351,entry_plus_no_exit_continuity_assumption; documented exits override after last active month,approved_core_municipality_proxy,DERIVED_REVIEWED_DESTINATION_PANEL
les_pleiades,Les Pléiades,2023-07-01,2023,7,1,1,True,2018-05-01,analytical_month_anchor,True,False,4718.0,2884.0,2212.0,2506.0,1,True,True,62,8.459352191726387,entry_plus_no_exit_continuity_assumption; documented exits override after last active month,approved_core_municipality_proxy,DERIVED_REVIEWED_DESTINATION_PANEL
les_pleiades,Les Pléiades,2023-08-01,2023,8,1,1,True,2018-05-01,analytical_month_anchor,True,False,5021.0,3029.0,2562.0,2459.0,1,True,True,63,8.52158353971753,entry_plus_no_exit_continuity_assumption; documented exits override after last active month,approved_core_municipality_proxy,DERIVED_REVIEWED_DESTINATION_PANEL
les_pleiades,Les Pléiades,2023-09-01,2023,9,1,1,True,2018-05-01,analytical_month_anchor,True,False,5068.0,3041.0,3007.0,2061.0,1,True,True,64,8.53089883847235,entry_plus_no_exit_continuity_assumption; documented exits override after last active month,approved_core_municipality_proxy,DERIVED_REVIEWED_DESTINATION_PANEL
les_pleiades,Les Pléiades,2023-10-01,2023,10,1,1,True,2018-05-01,analytical_month_anchor,True,False,3383.0,2333.0,1832.0,1551.0,1,True,True,65,8.126813720726114,entry_plus_no_exit_continuity_assumption; documented exits override after last active month,approved_core_municipality_proxy,DERIVED_REVIEWED_DESTINATION_PANEL
les_pleiades,Les Pléiades,2023-11-01,2023,11,1,1,True,2018-05-01,analytical_month_anchor,True,False,2461.0,1804.0,1587.0,874.0,1,True,True,66,7.808729306744399,entry_plus_no_exit_continuity_assumption; documented exits override after last active month,approved_core_municipality_proxy,DERIVED_REVIEWED_DESTINATION_PANEL
les_pleiades,Les Pléiades,2023-12-01,2023,12,1,1,True,2018-05-01,analytical_month_anchor,True,False,3341.0,2334.0,1903.0,1438.0,1,True,True,67,8.114324709155339,entry_plus_no_exit_continuity_assumption; documented exits override after last active month,approved_core_municipality_proxy,DERIVED_REVIEWED_DESTINATION_PANEL
les_pleiades,Les Pléiades,2024-01-01,2024,1,1,1,True,2018-05-01,analytical_month_anchor,True,False,1802.0,1208.0,1058.0,744.0,1,True,True,68,7.497207223203318,entry_plus_no_exit_continuity_assumption; documented exits override after last active month,approved_core_municipality_proxy,DERIVED_REVIEWED_DESTINATION_PANEL
les_pleiades,Les Pléiades,2024-02-01,2024,2,1,1,True,2018-05-01,analytical_month_anchor,True,False,2049.0,1557.0,944.0,1105.0,1,True,True,69,7.6255950721324535,entry_plus_no_exit_continuity_assumption; documented exits override after last active month,approved_core_municipality_proxy,DERIVED_REVIEWED_DESTINATION_PANEL
les_pleiades,Les Pléiades,2024-03-01,2024,3,1,1,True,2018-05-01,analytical_month_anchor,True,False,2629.0,1649.0,1288.0,1341.0,1,True,True,70,7.874739125171811,entry_plus_no_exit_continuity_assumption; documented exits override after last active month,approved_core_municipality_proxy,DERIVED_REVIEWED_DESTINATION_PANEL
les_pleiades,Les Pléiades,2024-04-01,2024,4,1,1,True,2018-05-01,analytical_month_anchor,True,False,3431.0,2124.0,1653.0,1778.0,1,True,True,71,8.140898460607852,entry_plus_no_exit_continuity_assumption; documented exits override after last active month,approved_core_municipality_proxy,DERIVED_REVIEWED_DESTINATION_PANEL
les_pleiades,Les Pléiades,2024-05-01,2024,5,1,1,True,2018-05-01,analytical_month_anchor,True,False,4873.0,3335.0,2450.0,2423.0,1,True,True,72,8.491670234185152,entry_plus_no_exit_continuity_assumption; documented exits override after last active month,approved_core_municipality_proxy,DERIVED_REVIEWED_DESTINATION_PANEL
les_pleiades,Les Pléiades,2024-06-01,2024,6,1,1,True,2018-05-01,analytical_month_anchor,True,False,4776.0,3407.0,1696.0,3080.0,1,True,True,73,8.471568013389962,entry_plus_no_exit_continuity_assumption; documented exits override after last active month,approved_core_municipality_proxy,DERIVED_REVIEWED_DESTINATION_PANEL
les_pleiades,Les Pléiades,2024-07-01,2024,7,1,1,True,2018-05-01,analytical_month_anchor,True,False,5275.0,3334.0,2337.0,2938.0,1,True,True,74,8.570923513837204,entry_plus_no_exit_continuity_assumption; documented exits override after last active month,approved_core_municipality_proxy,DERIVED_REVIEWED_DESTINATION_PANEL
les_pleiades,Les Pléiades,2024-08-01,2024,8,1,1,True,2018-05-01,analytical_month_anchor,True,False,2111.0,1077.0,980.0,1131.0,1,True,True,75,7.655390644826152,entry_plus_no_exit_continuity_assumption; documented exits override after last active month,approved_core_municipality_proxy,DERIVED_REVIEWED_DESTINATION_PANEL
les_pleiades,Les Pléiades,2024-09-01,2024,9,1,1,True,2018-05-01,analytical_month_anchor,True,False,4732.0,3185.0,3468.0,1264.0,1,True,True,76,8.462314529906248,entry_plus_no_exit_continuity_assumption; documented exits override after last active month,approved_core_municipality_proxy,DERIVED_REVIEWED_DESTINATION_PANEL
les_pleiades,Les Pléiades,2024-10-01,2024,10,1,1,True,2018-05-01,analytical_month_anchor,True,False,2233.0,1577.0,1852.0,381.0,1,True,True,77,7.711548979629146,entry_plus_no_exit_continuity_assumption; documented exits override after last active month,approved_core_municipality_proxy,DERIVED_REVIEWED_DESTINATION_PANEL
les_pleiades,Les Pléiades,2024-11-01,2024,11,1,1,True,2018-05-01,analytical_month_anchor,True,False,2093.0,1529.0,1396.0,697.0,1,True,True,78,7.646831391430482,entry_plus_no_exit_continuity_assumption; documented exits override after last active month,approved_core_municipality_proxy,DERIVED_REVIEWED_DESTINATION_PANEL
les_pleiades,Les Pléiades,2024-12-01,2024,12,1,1,True,2018-05-01,analytical_month_anchor,True,False,3401.0,2505.0,2476.0,925.0,1,True,True,79,8.132118772955806,entry_plus_no_exit_continuity_assumption; documented exits override after last active month,approved_core_municipality_proxy,DERIVED_REVIEWED_DESTINATION_PANEL
les_pleiades,Les Pléiades,2025-01-01,2025,1,1,1,True,2018-05-01,analytical_month_anchor,True,False,1505.0,1040.0,985.0,520.0,1,True,True,80,7.317212408359839,entry_plus_no_exit_continuity_assumption; documented exits override after last active month,approved_core_municipality_proxy,DERIVED_REVIEWED_DESTINATION_PANEL
les_pleiades,Les Pléiades,2025-02-01,2025,2,1,1,True,2018-05-01,analytical_month_anchor,True,False,3446.0,2523.0,2489.0,957.0,1,True,True,81,8.145259566516865,entry_plus_no_exit_continuity_assumption; documented exits override after last active month,approved_core_municipality_proxy,DERIVED_REVIEWED_DESTINATION_PANEL
les_pleiades,Les Pléiades,2025-03-01,2025,3,1,1,True,2018-05-01,analytical_month_anchor,True,False,2515.0,1853.0,1729.0,786.0,1,True,True,82,7.830425617820331,entry_plus_no_exit_continuity_assumption; documented exits override after last active month,approved_core_municipality_proxy,DERIVED_REVIEWED_DESTINATION_PANEL
les_pleiades,Les Pléiades,2025-04-01,2025,4,1,1,True,2018-05-01,analytical_month_anchor,True,False,3195.0,2251.0,1896.0,1299.0,1,True,True,83,8.069655306886165,entry_plus_no_exit_continuity_assumption; documented exits override after last active month,approved_core_municipality_proxy,DERIVED_REVIEWED_DESTINATION_PANEL
les_pleiades,Les Pléiades,2025-05-01,2025,5,1,1,True,2018-05-01,analytical_month_anchor,True,False,3436.0,2541.0,2503.0,933.0,1,True,True,84,8.142354276849835,entry_plus_no_exit_continuity_assumption; documented exits override after last active month,approved_core_municipality_proxy,DERIVED_REVIEWED_DESTINATION_PANEL
les_pleiades,Les Pléiades,2025-06-01,2025,6,1,1,True,2018-05-01,analytical_month_anchor,True,False,3455.0,2533.0,2502.0,953.0,1,True,True,85,8.147867129923947,entry_plus_no_exit_continuity_assumption; documented exits override after last active month,approved_core_municipality_proxy,DERIVED_REVIEWED_DESTINATION_PANEL
les_pleiades,Les Pléiades,2025-07-01,2025,7,1,1,True,2018-05-01,analytical_month_anchor,True,False,5228.0,3077.0,2629.0,2599.0,1,True,True,86,8.56197533418813,entry_plus_no_exit_continuity_assumption; documented exits override after last active month,approved_core_municipality_proxy,DERIVED_REVIEWED_DESTINATION_PANEL
les_pleiades,Les Pléiades,2025-08-01,2025,8,1,1,True,2018-05-01,analytical_month_anchor,True,False,3563.0,2597.0,2581.0,982.0,1,True,True,87,8.1786387885907,entry_plus_no_exit_continuity_assumption; documented exits override after last active month,approved_core_municipality_proxy,DERIVED_REVIEWED_DESTINATION_PANEL
les_pleiades,Les Pléiades,2025-09-01,2025,9,1,1,True,2018-05-01,analytical_month_anchor,True,False,4837.0,3119.0,1563.0,3274.0,1,True,True,88,8.484256691169973,entry_plus_no_exit_continuity_assumption; documented exits override after last active month,approved_core_municipality_proxy,DERIVED_REVIEWED_DESTINATION_PANEL
les_pleiades,Les Pléiades,2025-10-01,2025,10,1,1,True,2018-05-01,analytical_month_anchor,True,False,3560.0,2322.0,663.0,2897.0,1,True,True,89,8.177796683277778,entry_plus_no_exit_continuity_assumption; documented exits override after last active month,approved_core_municipality_proxy,DERIVED_REVIEWED_DESTINATION_PANEL
les_pleiades,Les Pléiades,2025-11-01,2025,11,1,1,True,2018-05-01,analytical_month_anchor,True,False,3382.0,2185.0,1179.0,2203.0,1,True,True,90,8.12651816878071,entry_plus_no_exit_continuity_assumption; documented exits override after last active month,approved_core_municipality_proxy,DERIVED_REVIEWED_DESTINATION_PANEL
les_pleiades,Les Pléiades,2025-12-01,2025,12,1,1,True,2018-05-01,analytical_month_anchor,True,False,3860.0,2189.0,1025.0,2835.0,1,True,True,91,8.258681496264236,entry_plus_no_exit_continuity_assumption; documented exits override after last active month,approved_core_municipality_proxy,DERIVED_REVIEWED_DESTINATION_PANEL
les_pleiades,Les Pléiades,2026-01-01,2026,1,1,1,True,2018-05-01,analytical_month_anchor,True,False,2277.0,1698.0,578.0,1699.0,1,True,True,92,7.731053144007127,entry_plus_no_exit_continuity_assumption; documented exits override after last active month,approved_core_municipality_proxy,DERIVED_REVIEWED_DESTINATION_PANEL
les_pleiades,Les Pléiades,2026-02-01,2026,2,1,1,True,2018-05-01,analytical_month_anchor,True,False,2016.0,1321.0,605.0,1411.0,1,True,True,93,7.6093665379542115,entry_plus_no_exit_continuity_assumption; documented exits override after last active month,approved_core_municipality_proxy,DERIVED_REVIEWED_DESTINATION_PANEL
les_pleiades,Les Pléiades,2026-03-01,2026,3,1,1,True,2018-05-01,analytical_month_anchor,True,False,2130.0,1564.0,761.0,1369.0,1,True,True,94,7.664346632098617,entry_plus_no_exit_continuity_assumption; documented exits override after last active month,approved_core_municipality_proxy,DERIVED_REVIEWED_DESTINATION_PANEL
les_pleiades,Les Pléiades,2026-04-01,2026,4,1,0,False,2018-05-01,analytical_month_anchor,True,False,,,,,1,True,True,95,,entry_plus_no_exit_continuity_assumption; documented exits override after last active month,approved_core_municipality_proxy,DERIVED_REVIEWED_DESTINATION_PANEL
les_pleiades,Les Pléiades,2026-05-01,2026,5,1,0,False,2018-05-01,analytical_month_anchor,True,False,,,,,1,True,True,96,,entry_plus_no_exit_continuity_assumption; documented exits override after last active month,approved_core_municipality_proxy,DERIVED_REVIEWED_DESTINATION_PANEL
les_pleiades,Les Pléiades,2026-06-01,2026,6,1,0,False,2018-05-01,analytical_month_anchor,True,False,,,,,1,True,True,97,,entry_plus_no_exit_continuity_assumption; documented exits override after last active month,approved_core_municipality_proxy,DERIVED_REVIEWED_DESTINATION_PANEL
les_pleiades,Les Pléiades,2026-07-01,2026,7,1,0,False,2018-05-01,analytical_month_anchor,True,False,,,,,1,True,True,98,,entry_plus_no_exit_continuity_assumption; documented exits override after last active month,approved_core_municipality_proxy,DERIVED_REVIEWED_DESTINATION_PANEL
les_pleiades,Les Pléiades,2026-08-01,2026,8,1,0,False,2018-05-01,analytical_month_anchor,True,False,,,,,1,True,True,99,,entry_plus_no_exit_continuity_assumption; documented exits override after last active month,approved_core_municipality_proxy,DERIVED_REVIEWED_DESTINATION_PANEL
les_pleiades,Les Pléiades,2026-09-01,2026,9,1,0,False,2018-05-01,analytical_month_anchor,True,False,,,,,1,True,True,100,,entry_plus_no_exit_continuity_assumption; documented exits override after last active month,approved_core_municipality_proxy,DERIVED_REVIEWED_DESTINATION_PANEL
les_pleiades,Les Pléiades,2026-10-01,2026,10,1,0,False,2018-05-01,analytical_month_anchor,True,False,,,,,1,True,True,101,,entry_plus_no_exit_continuity_assumption; documented exits override after last active month,approved_core_municipality_proxy,DERIVED_REVIEWED_DESTINATION_PANEL
les_pleiades,Les Pléiades,2026-11-01,2026,11,1,0,False,2018-05-01,analytical_month_anchor,True,False,,,,,1,True,True,102,,entry_plus_no_exit_continuity_assumption; documented exits override after last active month,approved_core_municipality_proxy,DERIVED_REVIEWED_DESTINATION_PANEL
les_pleiades,Les Pléiades,2026-12-01,2026,12,1,0,False,2018-05-01,analytical_month_anchor,True,False,,,,,1,True,True,103,,entry_plus_no_exit_continuity_assumption; documented exits override after last active month,approved_core_municipality_proxy,DERIVED_REVIEWED_DESTINATION_PANEL
meiringen_hasliberg,Meiringen-Hasliberg,2013-01-01,2013,1,2,2,True,2025-05-01,exact_operator_membership_date,True,False,16199.0,4918.0,9576.0,6623.0,0,False,False,-148,9.692766521220475,entry_plus_no_exit_continuity_assumption; documented exits override after last active month,approved_complete_observed_municipal_scope,DERIVED_REVIEWED_DESTINATION_PANEL
meiringen_hasliberg,Meiringen-Hasliberg,2013-02-01,2013,2,2,2,True,2025-05-01,exact_operator_membership_date,True,False,24034.0,7125.0,16286.0,7748.0,0,False,False,-147,10.08726638032806,entry_plus_no_exit_continuity_assumption; documented exits override after last active month,approved_complete_observed_municipal_scope,DERIVED_REVIEWED_DESTINATION_PANEL
meiringen_hasliberg,Meiringen-Hasliberg,2013-03-01,2013,3,2,2,True,2025-05-01,exact_operator_membership_date,True,False,13605.0,5645.0,9028.0,4577.0,0,False,False,-146,9.518266150905006,entry_plus_no_exit_continuity_assumption; documented exits override after last active month,approved_complete_observed_municipal_scope,DERIVED_REVIEWED_DESTINATION_PANEL
meiringen_hasliberg,Meiringen-Hasliberg,2013-04-01,2013,4,2,2,True,2025-05-01,exact_operator_membership_date,True,False,5857.0,3049.0,2983.0,2874.0,0,False,False,-145,8.675563527387679,entry_plus_no_exit_continuity_assumption; documented exits override after last active month,approved_complete_observed_municipal_scope,DERIVED_REVIEWED_DESTINATION_PANEL
meiringen_hasliberg,Meiringen-Hasliberg,2013-05-01,2013,5,2,2,True,2025-05-01,exact_operator_membership_date,True,False,14352.0,8556.0,5059.0,9293.0,0,False,False,-144,9.57171425857138,entry_plus_no_exit_continuity_assumption; documented exits override after last active month,approved_complete_observed_municipal_scope,DERIVED_REVIEWED_DESTINATION_PANEL
meiringen_hasliberg,Meiringen-Hasliberg,2013-06-01,2013,6,2,2,True,2025-05-01,exact_operator_membership_date,True,False,19819.0,10097.0,6697.0,13122.0,0,False,False,-143,9.894446807883979,entry_plus_no_exit_continuity_assumption; documented exits override after last active month,approved_complete_observed_municipal_scope,DERIVED_REVIEWED_DESTINATION_PANEL
meiringen_hasliberg,Meiringen-Hasliberg,2013-07-01,2013,7,2,2,True,2025-05-01,exact_operator_membership_date,True,False,27476.0,14000.0,10538.0,16938.0,0,False,False,-142,10.221104570071097,entry_plus_no_exit_continuity_assumption; documented exits override after last active month,approved_complete_observed_municipal_scope,DERIVED_REVIEWED_DESTINATION_PANEL
meiringen_hasliberg,Meiringen-Hasliberg,2013-08-01,2013,8,2,2,True,2025-05-01,exact_operator_membership_date,True,False,27796.0,13365.0,10099.0,17697.0,0,False,False,-141,10.232683380186565,entry_plus_no_exit_continuity_assumption; documented exits override after last active month,approved_complete_observed_municipal_scope,DERIVED_REVIEWED_DESTINATION_PANEL
meiringen_hasliberg,Meiringen-Hasliberg,2013-09-01,2013,9,2,2,True,2025-05-01,exact_operator_membership_date,True,False,19114.0,9750.0,7631.0,11483.0,0,False,False,-140,9.858228646130513,entry_plus_no_exit_continuity_assumption; documented exits override after last active month,approved_complete_observed_municipal_scope,DERIVED_REVIEWED_DESTINATION_PANEL
meiringen_hasliberg,Meiringen-Hasliberg,2013-10-01,2013,10,2,2,True,2025-05-01,exact_operator_membership_date,True,False,13398.0,7398.0,7420.0,5978.0,0,False,False,-139,9.502935356288608,entry_plus_no_exit_continuity_assumption; documented exits override after last active month,approved_complete_observed_municipal_scope,DERIVED_REVIEWED_DESTINATION_PANEL
meiringen_hasliberg,Meiringen-Hasliberg,2013-11-01,2013,11,2,2,True,2025-05-01,exact_operator_membership_date,True,False,3063.0,1927.0,2345.0,718.0,0,False,False,-138,8.027476530860483,entry_plus_no_exit_continuity_assumption; documented exits override after last active month,approved_complete_observed_municipal_scope,DERIVED_REVIEWED_DESTINATION_PANEL
meiringen_hasliberg,Meiringen-Hasliberg,2013-12-01,2013,12,2,2,True,2025-05-01,exact_operator_membership_date,True,False,10731.0,4111.0,6387.0,4344.0,0,False,False,-137,9.280985211545515,entry_plus_no_exit_continuity_assumption; documented exits override after last active month,approved_complete_observed_municipal_scope,DERIVED_REVIEWED_DESTINATION_PANEL
meiringen_hasliberg,Meiringen-Hasliberg,2014-01-01,2014,1,2,2,True,2025-05-01,exact_operator_membership_date,True,False,16238.0,5597.0,10347.0,5891.0,0,False,False,-136,9.695171035465087,entry_plus_no_exit_continuity_assumption; documented exits override after last active month,approved_complete_observed_municipal_scope,DERIVED_REVIEWED_DESTINATION_PANEL
meiringen_hasliberg,Meiringen-Hasliberg,2014-02-01,2014,2,2,2,True,2025-05-01,exact_operator_membership_date,True,False,20309.0,6865.0,13995.0,6314.0,0,False,False,-135,9.91886865457443,entry_plus_no_exit_continuity_assumption; documented exits override after last active month,approved_complete_observed_municipal_scope,DERIVED_REVIEWED_DESTINATION_PANEL
meiringen_hasliberg,Meiringen-Hasliberg,2014-03-01,2014,3,2,2,True,2025-05-01,exact_operator_membership_date,True,False,17224.0,7150.0,10761.0,6463.0,0,False,False,-134,9.75411709588186,entry_plus_no_exit_continuity_assumption; documented exits override after last active month,approved_complete_observed_municipal_scope,DERIVED_REVIEWED_DESTINATION_PANEL
meiringen_hasliberg,Meiringen-Hasliberg,2014-04-01,2014,4,2,2,True,2025-05-01,exact_operator_membership_date,True,False,8579.0,4728.0,4103.0,4476.0,0,False,False,-133,9.057189192482008,entry_plus_no_exit_continuity_assumption; documented exits override after last active month,approved_complete_observed_municipal_scope,DERIVED_REVIEWED_DESTINATION_PANEL
meiringen_hasliberg,Meiringen-Hasliberg,2014-05-01,2014,5,2,2,True,2025-05-01,exact_operator_membership_date,True,False,14253.0,8693.0,5816.0,8437.0,0,False,False,-132,9.564792848061815,entry_plus_no_exit_continuity_assumption; documented exits override after last active month,approved_complete_observed_municipal_scope,DERIVED_REVIEWED_DESTINATION_PANEL
meiringen_hasliberg,Meiringen-Hasliberg,2014-06-01,2014,6,2,2,True,2025-05-01,exact_operator_membership_date,True,False,17452.0,9735.0,6154.0,11298.0,0,False,False,-131,9.767266832624836,entry_plus_no_exit_continuity_assumption; documented exits override after last active month,approved_complete_observed_municipal_scope,DERIVED_REVIEWED_DESTINATION_PANEL
meiringen_hasliberg,Meiringen-Hasliberg,2014-07-01,2014,7,2,2,True,2025-05-01,exact_operator_membership_date,True,False,22198.0,10949.0,9723.0,12475.0,0,False,False,-130,10.007802521800768,entry_plus_no_exit_continuity_assumption; documented exits override after last active month,approved_complete_observed_municipal_scope,DERIVED_REVIEWED_DESTINATION_PANEL
meiringen_hasliberg,Meiringen-Hasliberg,2014-08-01,2014,8,2,2,True,2025-05-01,exact_operator_membership_date,True,False,24151.0,12559.0,9263.0,14888.0,0,False,False,-129,10.092122471386675,entry_plus_no_exit_continuity_assumption; documented exits override after last active month,approved_complete_observed_municipal_scope,DERIVED_REVIEWED_DESTINATION_PANEL
meiringen_hasliberg,Meiringen-Hasliberg,2014-09-01,2014,9,2,2,True,2025-05-01,exact_operator_membership_date,True,False,16747.0,8282.0,8209.0,8538.0,0,False,False,-128,9.726034127139034,entry_plus_no_exit_continuity_assumption; documented exits override after last active month,approved_complete_observed_municipal_scope,DERIVED_REVIEWED_DESTINATION_PANEL
meiringen_hasliberg,Meiringen-Hasliberg,2014-10-01,2014,10,2,2,True,2025-05-01,exact_operator_membership_date,True,False,12719.0,6501.0,8623.0,4096.0,0,False,False,-127,9.450930836894113,entry_plus_no_exit_continuity_assumption; documented exits override after last active month,approved_complete_observed_municipal_scope,DERIVED_REVIEWED_DESTINATION_PANEL
meiringen_hasliberg,Meiringen-Hasliberg,2014-11-01,2014,11,2,2,True,2025-05-01,exact_operator_membership_date,True,False,3257.0,1970.0,2178.0,1079.0,0,False,False,-126,8.08886878916199,entry_plus_no_exit_continuity_assumption; documented exits override after last active month,approved_complete_observed_municipal_scope,DERIVED_REVIEWED_DESTINATION_PANEL
meiringen_hasliberg,Meiringen-Hasliberg,2014-12-01,2014,12,2,2,True,2025-05-01,exact_operator_membership_date,True,False,10188.0,3698.0,6074.0,4114.0,0,False,False,-125,9.229063985974285,entry_plus_no_exit_continuity_assumption; documented exits override after last active month,approved_complete_observed_municipal_scope,DERIVED_REVIEWED_DESTINATION_PANEL
meiringen_hasliberg,Meiringen-Hasliberg,2015-01-01,2015,1,2,2,True,2025-05-01,exact_operator_membership_date,True,False,16490.0,5528.0,11259.0,5231.0,0,False,False,-124,9.71057005652877,entry_plus_no_exit_continuity_assumption; documented exits override after last active month,approved_complete_observed_municipal_scope,DERIVED_REVIEWED_DESTINATION_PANEL
meiringen_hasliberg,Meiringen-Hasliberg,2015-02-01,2015,2,2,2,True,2025-05-01,exact_operator_membership_date,True,False,24094.0,7426.0,16214.0,7880.0,0,False,False,-123,10.089759629074432,entry_plus_no_exit_continuity_assumption; documented exits override after last active month,approved_complete_observed_municipal_scope,DERIVED_REVIEWED_DESTINATION_PANEL
meiringen_hasliberg,Meiringen-Hasliberg,2015-03-01,2015,3,2,2,True,2025-05-01,exact_operator_membership_date,True,False,12330.0,5533.0,7281.0,5049.0,0,False,False,-122,9.41987169587053,entry_plus_no_exit_continuity_assumption; documented exits override after last active month,approved_complete_observed_municipal_scope,DERIVED_REVIEWED_DESTINATION_PANEL
meiringen_hasliberg,Meiringen-Hasliberg,2015-04-01,2015,4,2,2,True,2025-05-01,exact_operator_membership_date,True,False,8661.0,5048.0,3369.0,5292.0,0,False,False,-121,9.066700921774572,entry_plus_no_exit_continuity_assumption; documented exits override after last active month,approved_complete_observed_municipal_scope,DERIVED_REVIEWED_DESTINATION_PANEL
meiringen_hasliberg,Meiringen-Hasliberg,2015-05-01,2015,5,2,2,True,2025-05-01,exact_operator_membership_date,True,False,14343.0,8648.0,6046.0,8297.0,0,False,False,-120,9.571087015284968,entry_plus_no_exit_continuity_assumption; documented exits override after last active month,approved_complete_observed_municipal_scope,DERIVED_REVIEWED_DESTINATION_PANEL
meiringen_hasliberg,Meiringen-Hasliberg,2015-06-01,2015,6,2,2,True,2025-05-01,exact_operator_membership_date,True,False,18436.0,10903.0,8566.0,9870.0,0,False,False,-119,9.82211479407039,entry_plus_no_exit_continuity_assumption; documented exits override after last active month,approved_complete_observed_municipal_scope,DERIVED_REVIEWED_DESTINATION_PANEL
meiringen_hasliberg,Meiringen-Hasliberg,2015-07-01,2015,7,2,2,True,2025-05-01,exact_operator_membership_date,True,False,23940.0,13150.0,10340.0,13600.0,0,False,False,-118,10.08334774933398,entry_plus_no_exit_continuity_assumption; documented exits override after last active month,approved_complete_observed_municipal_scope,DERIVED_REVIEWED_DESTINATION_PANEL
meiringen_hasliberg,Meiringen-Hasliberg,2015-08-01,2015,8,2,2,True,2025-05-01,exact_operator_membership_date,True,False,23823.0,13841.0,9393.0,14430.0,0,False,False,-117,10.07844875492379,entry_plus_no_exit_continuity_assumption; documented exits override after last active month,approved_complete_observed_municipal_scope,DERIVED_REVIEWED_DESTINATION_PANEL
meiringen_hasliberg,Meiringen-Hasliberg,2015-09-01,2015,9,2,2,True,2025-05-01,exact_operator_membership_date,True,False,17031.0,9615.0,7624.0,9407.0,0,False,False,-116,9.742849206573315,entry_plus_no_exit_continuity_assumption; documented exits override after last active month,approved_complete_observed_municipal_scope,DERIVED_REVIEWED_DESTINATION_PANEL
meiringen_hasliberg,Meiringen-Hasliberg,2015-10-01,2015,10,2,2,True,2025-05-01,exact_operator_membership_date,True,False,11304.0,6672.0,6824.0,4480.0,0,False,False,-115,9.33300038471207,entry_plus_no_exit_continuity_assumption; documented exits override after last active month,approved_complete_observed_municipal_scope,DERIVED_REVIEWED_DESTINATION_PANEL
meiringen_hasliberg,Meiringen-Hasliberg,2015-11-01,2015,11,2,2,True,2025-05-01,exact_operator_membership_date,True,False,3360.0,2287.0,1845.0,1515.0,0,False,False,-114,8.119993827725105,entry_plus_no_exit_continuity_assumption; documented exits override after last active month,approved_complete_observed_municipal_scope,DERIVED_REVIEWED_DESTINATION_PANEL
meiringen_hasliberg,Meiringen-Hasliberg,2015-12-01,2015,12,2,2,True,2025-05-01,exact_operator_membership_date,True,False,8375.0,3304.0,5297.0,3078.0,0,False,False,-113,9.033125752550372,entry_plus_no_exit_continuity_assumption; documented exits override after last active month,approved_complete_observed_municipal_scope,DERIVED_REVIEWED_DESTINATION_PANEL
meiringen_hasliberg,Meiringen-Hasliberg,2016-01-01,2016,1,2,2,True,2025-05-01,exact_operator_membership_date,True,False,11687.0,5155.0,7676.0,4011.0,0,False,False,-112,9.366317953430535,entry_plus_no_exit_continuity_assumption; documented exits override after last active month,approved_complete_observed_municipal_scope,DERIVED_REVIEWED_DESTINATION_PANEL
meiringen_hasliberg,Meiringen-Hasliberg,2016-02-01,2016,2,2,2,True,2025-05-01,exact_operator_membership_date,True,False,23088.0,7088.0,16015.0,7073.0,0,False,False,-111,10.047111592619004,entry_plus_no_exit_continuity_assumption; documented exits override after last active month,approved_complete_observed_municipal_scope,DERIVED_REVIEWED_DESTINATION_PANEL
meiringen_hasliberg,Meiringen-Hasliberg,2016-03-01,2016,3,2,2,True,2025-05-01,exact_operator_membership_date,True,False,15072.0,6272.0,9324.0,5748.0,0,False,False,-110,9.62066034281053,entry_plus_no_exit_continuity_assumption; documented exits override after last active month,approved_complete_observed_municipal_scope,DERIVED_REVIEWED_DESTINATION_PANEL
meiringen_hasliberg,Meiringen-Hasliberg,2016-04-01,2016,4,2,2,True,2025-05-01,exact_operator_membership_date,True,False,6042.0,3452.0,3599.0,2443.0,0,False,False,-109,8.706655856361559,entry_plus_no_exit_continuity_assumption; documented exits override after last active month,approved_complete_observed_municipal_scope,DERIVED_REVIEWED_DESTINATION_PANEL
meiringen_hasliberg,Meiringen-Hasliberg,2016-05-01,2016,5,2,2,True,2025-05-01,exact_operator_membership_date,True,False,13826.0,7040.0,5594.0,8232.0,0,False,False,-108,9.534378481388618,entry_plus_no_exit_continuity_assumption; documented exits override after last active month,approved_complete_observed_municipal_scope,DERIVED_REVIEWED_DESTINATION_PANEL
meiringen_hasliberg,Meiringen-Hasliberg,2016-06-01,2016,6,2,2,True,2025-05-01,exact_operator_membership_date,True,False,16450.0,7915.0,7648.0,8802.0,0,False,False,-107,9.708141544619421,entry_plus_no_exit_continuity_assumption; documented exits override after last active month,approved_complete_observed_municipal_scope,DERIVED_REVIEWED_DESTINATION_PANEL
meiringen_hasliberg,Meiringen-Hasliberg,2016-07-01,2016,7,2,2,True,2025-05-01,exact_operator_membership_date,True,False,22847.0,12515.0,10275.0,12572.0,0,False,False,-106,10.03661886513931,entry_plus_no_exit_continuity_assumption; documented exits override after last active month,approved_complete_observed_municipal_scope,DERIVED_REVIEWED_DESTINATION_PANEL
meiringen_hasliberg,Meiringen-Hasliberg,2016-08-01,2016,8,2,2,True,2025-05-01,exact_operator_membership_date,True,False,22387.0,11959.0,10261.0,12126.0,0,False,False,-105,10.016280380011251,entry_plus_no_exit_continuity_assumption; documented exits override after last active month,approved_complete_observed_municipal_scope,DERIVED_REVIEWED_DESTINATION_PANEL
meiringen_hasliberg,Meiringen-Hasliberg,2016-09-01,2016,9,2,2,True,2025-05-01,exact_operator_membership_date,True,False,15159.0,8751.0,8059.0,7100.0,0,False,False,-104,9.626415659196363,entry_plus_no_exit_continuity_assumption; documented exits override after last active month,approved_complete_observed_municipal_scope,DERIVED_REVIEWED_DESTINATION_PANEL
meiringen_hasliberg,Meiringen-Hasliberg,2016-10-01,2016,10,2,2,True,2025-05-01,exact_operator_membership_date,True,False,11819.0,6862.0,7425.0,4394.0,0,False,False,-103,9.377548290960089,entry_plus_no_exit_continuity_assumption; documented exits override after last active month,approved_complete_observed_municipal_scope,DERIVED_REVIEWED_DESTINATION_PANEL
meiringen_hasliberg,Meiringen-Hasliberg,2016-11-01,2016,11,2,2,True,2025-05-01,exact_operator_membership_date,True,False,3202.0,1994.0,2181.0,1021.0,0,False,False,-102,8.071843149609158,entry_plus_no_exit_continuity_assumption; documented exits override after last active month,approved_complete_observed_municipal_scope,DERIVED_REVIEWED_DESTINATION_PANEL
meiringen_hasliberg,Meiringen-Hasliberg,2016-12-01,2016,12,2,2,True,2025-05-01,exact_operator_membership_date,True,False,7427.0,3390.0,5339.0,2088.0,0,False,False,-101,8.913011922472597,entry_plus_no_exit_continuity_assumption; documented exits override after last active month,approved_complete_observed_municipal_scope,DERIVED_REVIEWED_DESTINATION_PANEL
meiringen_hasliberg,Meiringen-Hasliberg,2017-01-01,2017,1,2,2,True,2025-05-01,exact_operator_membership_date,True,False,12688.0,5609.0,8763.0,3925.0,0,False,False,-100,9.448490755396914,entry_plus_no_exit_continuity_assumption; documented exits override after last active month,approved_complete_observed_municipal_scope,DERIVED_REVIEWED_DESTINATION_PANEL
meiringen_hasliberg,Meiringen-Hasliberg,2017-02-01,2017,2,2,2,True,2025-05-01,exact_operator_membership_date,True,False,20792.0,7473.0,15114.0,5678.0,0,False,False,-99,9.942371670586095,entry_plus_no_exit_continuity_assumption; documented exits override after last active month,approved_complete_observed_municipal_scope,DERIVED_REVIEWED_DESTINATION_PANEL
meiringen_hasliberg,Meiringen-Hasliberg,2017-03-01,2017,3,2,2,True,2025-05-01,exact_operator_membership_date,True,False,14843.0,6421.0,8627.0,6216.0,0,False,False,-98,9.605351022180487,entry_plus_no_exit_continuity_assumption; documented exits override after last active month,approved_complete_observed_municipal_scope,DERIVED_REVIEWED_DESTINATION_PANEL
meiringen_hasliberg,Meiringen-Hasliberg,2017-04-01,2017,4,2,2,True,2025-05-01,exact_operator_membership_date,True,False,10582.0,6570.0,4143.0,6439.0,0,False,False,-97,9.267004219093725,entry_plus_no_exit_continuity_assumption; documented exits override after last active month,approved_complete_observed_municipal_scope,DERIVED_REVIEWED_DESTINATION_PANEL
meiringen_hasliberg,Meiringen-Hasliberg,2017-05-01,2017,5,2,2,True,2025-05-01,exact_operator_membership_date,True,False,14059.0,7442.0,4873.0,9186.0,0,False,False,-96,9.551089165364656,entry_plus_no_exit_continuity_assumption; documented exits override after last active month,approved_complete_observed_municipal_scope,DERIVED_REVIEWED_DESTINATION_PANEL
meiringen_hasliberg,Meiringen-Hasliberg,2017-06-01,2017,6,2,2,True,2025-05-01,exact_operator_membership_date,True,False,19074.0,9533.0,7081.0,11993.0,0,False,False,-95,9.856133856152658,entry_plus_no_exit_continuity_assumption; documented exits override after last active month,approved_complete_observed_municipal_scope,DERIVED_REVIEWED_DESTINATION_PANEL
meiringen_hasliberg,Meiringen-Hasliberg,2017-07-01,2017,7,2,2,True,2025-05-01,exact_operator_membership_date,True,False,24435.0,12728.0,10409.0,14026.0,0,False,False,-94,10.103812733769658,entry_plus_no_exit_continuity_assumption; documented exits override after last active month,approved_complete_observed_municipal_scope,DERIVED_REVIEWED_DESTINATION_PANEL
meiringen_hasliberg,Meiringen-Hasliberg,2017-08-01,2017,8,2,2,True,2025-05-01,exact_operator_membership_date,True,False,22924.0,11961.0,8580.0,14344.0,0,False,False,-93,10.039983297124666,entry_plus_no_exit_continuity_assumption; documented exits override after last active month,approved_complete_observed_municipal_scope,DERIVED_REVIEWED_DESTINATION_PANEL
meiringen_hasliberg,Meiringen-Hasliberg,2017-09-01,2017,9,2,2,True,2025-05-01,exact_operator_membership_date,True,False,16422.0,9510.0,7217.0,9205.0,0,False,False,-92,9.70643807033756,entry_plus_no_exit_continuity_assumption; documented exits override after last active month,approved_complete_observed_municipal_scope,DERIVED_REVIEWED_DESTINATION_PANEL
meiringen_hasliberg,Meiringen-Hasliberg,2017-10-01,2017,10,2,2,True,2025-05-01,exact_operator_membership_date,True,False,14373.0,8891.0,7870.0,6503.0,0,False,False,-91,9.573176298028388,entry_plus_no_exit_continuity_assumption; documented exits override after last active month,approved_complete_observed_municipal_scope,DERIVED_REVIEWED_DESTINATION_PANEL
meiringen_hasliberg,Meiringen-Hasliberg,2017-11-01,2017,11,2,2,True,2025-05-01,exact_operator_membership_date,True,False,5249.0,4231.0,1798.0,3451.0,0,False,False,-90,8.565983355585669,entry_plus_no_exit_continuity_assumption; documented exits override after last active month,approved_complete_observed_municipal_scope,DERIVED_REVIEWED_DESTINATION_PANEL
meiringen_hasliberg,Meiringen-Hasliberg,2017-12-01,2017,12,2,2,True,2025-05-01,exact_operator_membership_date,True,False,9319.0,5359.0,5073.0,4246.0,0,False,False,-89,9.139917907679637,entry_plus_no_exit_continuity_assumption; documented exits override after last active month,approved_complete_observed_municipal_scope,DERIVED_REVIEWED_DESTINATION_PANEL
meiringen_hasliberg,Meiringen-Hasliberg,2018-01-01,2018,1,2,2,True,2025-05-01,exact_operator_membership_date,True,False,17237.0,7880.0,10683.0,6554.0,0,False,False,-88,9.754871528207344,entry_plus_no_exit_continuity_assumption; documented exits override after last active month,approved_complete_observed_municipal_scope,DERIVED_REVIEWED_DESTINATION_PANEL
meiringen_hasliberg,Meiringen-Hasliberg,2018-02-01,2018,2,2,2,True,2025-05-01,exact_operator_membership_date,True,False,21814.0,8363.0,13629.0,8185.0,0,False,False,-87,9.99035308555771,entry_plus_no_exit_continuity_assumption; documented exits override after last active month,approved_complete_observed_municipal_scope,DERIVED_REVIEWED_DESTINATION_PANEL
meiringen_hasliberg,Meiringen-Hasliberg,2018-03-01,2018,3,2,2,True,2025-05-01,exact_operator_membership_date,True,False,16096.0,8865.0,8064.0,8032.0,0,False,False,-86,9.68638819820623,entry_plus_no_exit_continuity_assumption; documented exits override after last active month,approved_complete_observed_municipal_scope,DERIVED_REVIEWED_DESTINATION_PANEL
meiringen_hasliberg,Meiringen-Hasliberg,2018-04-01,2018,4,2,2,True,2025-05-01,exact_operator_membership_date,True,False,9825.0,6994.0,3746.0,6079.0,0,False,False,-85,9.192787212728593,entry_plus_no_exit_continuity_assumption; documented exits override after last active month,approved_complete_observed_municipal_scope,DERIVED_REVIEWED_DESTINATION_PANEL
meiringen_hasliberg,Meiringen-Hasliberg,2018-05-01,2018,5,2,2,True,2025-05-01,exact_operator_membership_date,True,False,15184.0,9781.0,4917.0,10267.0,0,False,False,-84,9.62806337747985,entry_plus_no_exit_continuity_assumption; documented exits override after last active month,approved_complete_observed_municipal_scope,DERIVED_REVIEWED_DESTINATION_PANEL
meiringen_hasliberg,Meiringen-Hasliberg,2018-06-01,2018,6,2,2,True,2025-05-01,exact_operator_membership_date,True,False,18648.0,12052.0,6460.0,12188.0,0,False,False,-83,9.833547804331447,entry_plus_no_exit_continuity_assumption; documented exits override after last active month,approved_complete_observed_municipal_scope,DERIVED_REVIEWED_DESTINATION_PANEL
meiringen_hasliberg,Meiringen-Hasliberg,2018-07-01,2018,7,2,2,True,2025-05-01,exact_operator_membership_date,True,False,21510.0,11242.0,9086.0,12424.0,0,False,False,-82,9.976319711185798,entry_plus_no_exit_continuity_assumption; documented exits override after last active month,approved_complete_observed_municipal_scope,DERIVED_REVIEWED_DESTINATION_PANEL
meiringen_hasliberg,Meiringen-Hasliberg,2018-08-01,2018,8,2,2,True,2025-05-01,exact_operator_membership_date,True,False,20270.0,11422.0,8002.0,12268.0,0,False,False,-81,9.916946572220285,entry_plus_no_exit_continuity_assumption; documented exits override after last active month,approved_complete_observed_municipal_scope,DERIVED_REVIEWED_DESTINATION_PANEL
meiringen_hasliberg,Meiringen-Hasliberg,2018-09-01,2018,9,2,2,True,2025-05-01,exact_operator_membership_date,True,False,16948.0,10149.0,7410.0,9538.0,0,False,False,-80,9.737964114018055,entry_plus_no_exit_continuity_assumption; documented exits override after last active month,approved_complete_observed_municipal_scope,DERIVED_REVIEWED_DESTINATION_PANEL
meiringen_hasliberg,Meiringen-Hasliberg,2018-10-01,2018,10,2,2,True,2025-05-01,exact_operator_membership_date,True,False,13786.0,8879.0,7195.0,6591.0,0,False,False,-79,9.531481398171628,entry_plus_no_exit_continuity_assumption; documented exits override after last active month,approved_complete_observed_municipal_scope,DERIVED_REVIEWED_DESTINATION_PANEL
meiringen_hasliberg,Meiringen-Hasliberg,2018-11-01,2018,11,2,2,True,2025-05-01,exact_operator_membership_date,True,False,5796.0,4692.0,1906.0,3890.0,0,False,False,-78,8.665095821339733,entry_plus_no_exit_continuity_assumption; documented exits override after last active month,approved_complete_observed_municipal_scope,DERIVED_REVIEWED_DESTINATION_PANEL
meiringen_hasliberg,Meiringen-Hasliberg,2018-12-01,2018,12,2,2,True,2025-05-01,exact_operator_membership_date,True,False,9978.0,4953.0,5556.0,4422.0,0,False,False,-77,9.208238163884312,entry_plus_no_exit_continuity_assumption; documented exits override after last active month,approved_complete_observed_municipal_scope,DERIVED_REVIEWED_DESTINATION_PANEL
meiringen_hasliberg,Meiringen-Hasliberg,2019-01-01,2019,1,2,2,True,2025-05-01,exact_operator_membership_date,True,False,13958.0,5686.0,9247.0,4711.0,0,False,False,-76,9.543879740512757,entry_plus_no_exit_continuity_assumption; documented exits override after last active month,approved_complete_observed_municipal_scope,DERIVED_REVIEWED_DESTINATION_PANEL
meiringen_hasliberg,Meiringen-Hasliberg,2019-02-01,2019,2,2,2,True,2025-05-01,exact_operator_membership_date,True,False,19745.0,7117.0,13189.0,6556.0,0,False,False,-75,9.890706218171395,entry_plus_no_exit_continuity_assumption; documented exits override after last active month,approved_complete_observed_municipal_scope,DERIVED_REVIEWED_DESTINATION_PANEL
meiringen_hasliberg,Meiringen-Hasliberg,2019-03-01,2019,3,2,2,True,2025-05-01,exact_operator_membership_date,True,False,14270.0,6384.0,8344.0,5926.0,0,False,False,-74,9.56598478510039,entry_plus_no_exit_continuity_assumption; documented exits override after last active month,approved_complete_observed_municipal_scope,DERIVED_REVIEWED_DESTINATION_PANEL
meiringen_hasliberg,Meiringen-Hasliberg,2019-04-01,2019,4,2,2,True,2025-05-01,exact_operator_membership_date,True,False,9382.0,6337.0,4287.0,5095.0,0,False,False,-73,9.146654820290049,entry_plus_no_exit_continuity_assumption; documented exits override after last active month,approved_complete_observed_municipal_scope,DERIVED_REVIEWED_DESTINATION_PANEL
meiringen_hasliberg,Meiringen-Hasliberg,2019-05-01,2019,5,2,2,True,2025-05-01,exact_operator_membership_date,True,False,11402.0,7533.0,4620.0,6782.0,0,False,False,-72,9.341631757657359,entry_plus_no_exit_continuity_assumption; documented exits override after last active month,approved_complete_observed_municipal_scope,DERIVED_REVIEWED_DESTINATION_PANEL
meiringen_hasliberg,Meiringen-Hasliberg,2019-06-01,2019,6,2,2,True,2025-05-01,exact_operator_membership_date,True,False,17952.0,10360.0,8172.0,9780.0,0,False,False,-71,9.795512510870829,entry_plus_no_exit_continuity_assumption; documented exits override after last active month,approved_complete_observed_municipal_scope,DERIVED_REVIEWED_DESTINATION_PANEL
meiringen_hasliberg,Meiringen-Hasliberg,2019-07-01,2019,7,2,2,True,2025-05-01,exact_operator_membership_date,True,False,24386.0,12906.0,11785.0,12601.0,0,False,False,-70,10.101805482414681,entry_plus_no_exit_continuity_assumption; documented exits override after last active month,approved_complete_observed_municipal_scope,DERIVED_REVIEWED_DESTINATION_PANEL
meiringen_hasliberg,Meiringen-Hasliberg,2019-08-01,2019,8,2,2,True,2025-05-01,exact_operator_membership_date,True,False,22148.0,12341.0,9454.0,12694.0,0,False,False,-69,10.005547627727275,entry_plus_no_exit_continuity_assumption; documented exits override after last active month,approved_complete_observed_municipal_scope,DERIVED_REVIEWED_DESTINATION_PANEL
meiringen_hasliberg,Meiringen-Hasliberg,2019-09-01,2019,9,2,2,True,2025-05-01,exact_operator_membership_date,True,False,17383.0,9574.0,9128.0,8255.0,0,False,False,-68,9.763305521936266,entry_plus_no_exit_continuity_assumption; documented exits override after last active month,approved_complete_observed_municipal_scope,DERIVED_REVIEWED_DESTINATION_PANEL
meiringen_hasliberg,Meiringen-Hasliberg,2019-10-01,2019,10,2,2,True,2025-05-01,exact_operator_membership_date,True,False,13593.0,8804.0,7096.0,6497.0,0,False,False,-67,9.517383797906584,entry_plus_no_exit_continuity_assumption; documented exits override after last active month,approved_complete_observed_municipal_scope,DERIVED_REVIEWED_DESTINATION_PANEL
meiringen_hasliberg,Meiringen-Hasliberg,2019-11-01,2019,11,2,2,True,2025-05-01,exact_operator_membership_date,True,False,5174.0,4283.0,2277.0,2897.0,0,False,False,-66,8.55159461813357,entry_plus_no_exit_continuity_assumption; documented exits override after last active month,approved_complete_observed_municipal_scope,DERIVED_REVIEWED_DESTINATION_PANEL
meiringen_hasliberg,Meiringen-Hasliberg,2019-12-01,2019,12,2,2,True,2025-05-01,exact_operator_membership_date,True,False,9461.0,4922.0,5428.0,4033.0,0,False,False,-65,9.155039056191093,entry_plus_no_exit_continuity_assumption; documented exits override after last active month,approved_complete_observed_municipal_scope,DERIVED_REVIEWED_DESTINATION_PANEL
meiringen_hasliberg,Meiringen-Hasliberg,2020-01-01,2020,1,2,2,True,2025-05-01,exact_operator_membership_date,True,False,13149.0,5996.0,8791.0,4358.0,0,False,False,-64,9.48417703760591,entry_plus_no_exit_continuity_assumption; documented exits override after last active month,approved_complete_observed_municipal_scope,DERIVED_REVIEWED_DESTINATION_PANEL
meiringen_hasliberg,Meiringen-Hasliberg,2020-02-01,2020,2,2,2,True,2025-05-01,exact_operator_membership_date,True,False,17525.0,5739.0,12185.0,5340.0,0,False,False,-63,9.771440771615795,entry_plus_no_exit_continuity_assumption; documented exits override after last active month,approved_complete_observed_municipal_scope,DERIVED_REVIEWED_DESTINATION_PANEL
meiringen_hasliberg,Meiringen-Hasliberg,2020-03-01,2020,3,2,2,True,2025-05-01,exact_operator_membership_date,True,False,4974.0,1696.0,3562.0,1412.0,0,False,False,-62,8.512180649592693,entry_plus_no_exit_continuity_assumption; documented exits override after last active month,approved_complete_observed_municipal_scope,DERIVED_REVIEWED_DESTINATION_PANEL
meiringen_hasliberg,Meiringen-Hasliberg,2020-04-01,2020,4,2,1,False,2025-05-01,exact_operator_membership_date,True,False,,,,,0,False,False,-61,,entry_plus_no_exit_continuity_assumption; documented exits override after last active month,approved_complete_observed_municipal_scope,DERIVED_REVIEWED_DESTINATION_PANEL
meiringen_hasliberg,Meiringen-Hasliberg,2020-05-01,2020,5,2,1,False,2025-05-01,exact_operator_membership_date,True,False,,,,,0,False,False,-60,,entry_plus_no_exit_continuity_assumption; documented exits override after last active month,approved_complete_observed_municipal_scope,DERIVED_REVIEWED_DESTINATION_PANEL
meiringen_hasliberg,Meiringen-Hasliberg,2020-06-01,2020,6,2,2,True,2025-05-01,exact_operator_membership_date,True,False,6022.0,3210.0,5585.0,437.0,0,False,False,-59,8.70334075304372,entry_plus_no_exit_continuity_assumption; documented exits override after last active month,approved_complete_observed_municipal_scope,DERIVED_REVIEWED_DESTINATION_PANEL
meiringen_hasliberg,Meiringen-Hasliberg,2020-07-01,2020,7,2,2,True,2025-05-01,exact_operator_membership_date,True,False,18070.0,8023.0,15247.0,2823.0,0,False,False,-58,9.802063722398165,entry_plus_no_exit_continuity_assumption; documented exits override after last active month,approved_complete_observed_municipal_scope,DERIVED_REVIEWED_DESTINATION_PANEL
meiringen_hasliberg,Meiringen-Hasliberg,2020-08-01,2020,8,2,2,True,2025-05-01,exact_operator_membership_date,True,False,15281.0,7288.0,11041.0,4240.0,0,False,False,-57,9.634430944207512,entry_plus_no_exit_continuity_assumption; documented exits override after last active month,approved_complete_observed_municipal_scope,DERIVED_REVIEWED_DESTINATION_PANEL
meiringen_hasliberg,Meiringen-Hasliberg,2020-09-01,2020,9,2,2,True,2025-05-01,exact_operator_membership_date,True,False,11897.0,5622.0,9835.0,2062.0,0,False,False,-56,9.38412559774785,entry_plus_no_exit_continuity_assumption; documented exits override after last active month,approved_complete_observed_municipal_scope,DERIVED_REVIEWED_DESTINATION_PANEL
meiringen_hasliberg,Meiringen-Hasliberg,2020-10-01,2020,10,2,2,True,2025-05-01,exact_operator_membership_date,True,False,9429.0,4226.0,8817.0,612.0,0,False,False,-55,9.151651375627504,entry_plus_no_exit_continuity_assumption; documented exits override after last active month,approved_complete_observed_municipal_scope,DERIVED_REVIEWED_DESTINATION_PANEL
meiringen_hasliberg,Meiringen-Hasliberg,2020-11-01,2020,11,2,2,True,2025-05-01,exact_operator_membership_date,True,False,1928.0,1163.0,1854.0,74.0,0,False,False,-54,7.564757012905729,entry_plus_no_exit_continuity_assumption; documented exits override after last active month,approved_complete_observed_municipal_scope,DERIVED_REVIEWED_DESTINATION_PANEL
meiringen_hasliberg,Meiringen-Hasliberg,2020-12-01,2020,12,2,2,True,2025-05-01,exact_operator_membership_date,True,False,4849.0,2136.0,4238.0,611.0,0,False,False,-53,8.48673398393153,entry_plus_no_exit_continuity_assumption; documented exits override after last active month,approved_complete_observed_municipal_scope,DERIVED_REVIEWED_DESTINATION_PANEL
meiringen_hasliberg,Meiringen-Hasliberg,2021-01-01,2021,1,2,2,True,2025-05-01,exact_operator_membership_date,True,False,4685.0,2200.0,4313.0,372.0,0,False,False,-52,8.452334619067742,entry_plus_no_exit_continuity_assumption; documented exits override after last active month,approved_complete_observed_municipal_scope,DERIVED_REVIEWED_DESTINATION_PANEL
meiringen_hasliberg,Meiringen-Hasliberg,2021-02-01,2021,2,2,2,True,2025-05-01,exact_operator_membership_date,True,False,11163.0,4046.0,10392.0,771.0,0,False,False,-51,9.320449594656212,entry_plus_no_exit_continuity_assumption; documented exits override after last active month,approved_complete_observed_municipal_scope,DERIVED_REVIEWED_DESTINATION_PANEL
meiringen_hasliberg,Meiringen-Hasliberg,2021-03-01,2021,3,2,2,True,2025-05-01,exact_operator_membership_date,True,False,5206.0,2471.0,4853.0,353.0,0,False,False,-50,8.557759153162898,entry_plus_no_exit_continuity_assumption; documented exits override after last active month,approved_complete_observed_municipal_scope,DERIVED_REVIEWED_DESTINATION_PANEL
meiringen_hasliberg,Meiringen-Hasliberg,2021-04-01,2021,4,2,2,True,2025-05-01,exact_operator_membership_date,True,False,5726.0,3153.0,5178.0,548.0,0,False,False,-49,8.652947112393857,entry_plus_no_exit_continuity_assumption; documented exits override after last active month,approved_complete_observed_municipal_scope,DERIVED_REVIEWED_DESTINATION_PANEL
meiringen_hasliberg,Meiringen-Hasliberg,2021-05-01,2021,5,2,2,True,2025-05-01,exact_operator_membership_date,True,False,8241.0,4261.0,7349.0,892.0,0,False,False,-48,9.016998311898762,entry_plus_no_exit_continuity_assumption; documented exits override after last active month,approved_complete_observed_municipal_scope,DERIVED_REVIEWED_DESTINATION_PANEL
meiringen_hasliberg,Meiringen-Hasliberg,2021-06-01,2021,6,2,2,True,2025-05-01,exact_operator_membership_date,True,False,10230.0,5168.0,8618.0,1612.0,0,False,False,-47,9.23317760587894,entry_plus_no_exit_continuity_assumption; documented exits override after last active month,approved_complete_observed_municipal_scope,DERIVED_REVIEWED_DESTINATION_PANEL
meiringen_hasliberg,Meiringen-Hasliberg,2021-07-01,2021,7,2,2,True,2025-05-01,exact_operator_membership_date,True,False,18340.0,7862.0,14321.0,4019.0,0,False,False,-46,9.816894269951032,entry_plus_no_exit_continuity_assumption; documented exits override after last active month,approved_complete_observed_municipal_scope,DERIVED_REVIEWED_DESTINATION_PANEL
meiringen_hasliberg,Meiringen-Hasliberg,2021-08-01,2021,8,2,2,True,2025-05-01,exact_operator_membership_date,True,False,19579.0,8880.0,13779.0,5800.0,0,False,False,-45,9.8822639160845,entry_plus_no_exit_continuity_assumption; documented exits override after last active month,approved_complete_observed_municipal_scope,DERIVED_REVIEWED_DESTINATION_PANEL
meiringen_hasliberg,Meiringen-Hasliberg,2021-09-01,2021,9,2,2,True,2025-05-01,exact_operator_membership_date,True,False,13536.0,6441.0,9113.0,4423.0,0,False,False,-44,9.513181956185786,entry_plus_no_exit_continuity_assumption; documented exits override after last active month,approved_complete_observed_municipal_scope,DERIVED_REVIEWED_DESTINATION_PANEL
meiringen_hasliberg,Meiringen-Hasliberg,2021-10-01,2021,10,2,2,True,2025-05-01,exact_operator_membership_date,True,False,10569.0,5006.0,8800.0,1769.0,0,False,False,-43,9.265775078864284,entry_plus_no_exit_continuity_assumption; documented exits override after last active month,approved_complete_observed_municipal_scope,DERIVED_REVIEWED_DESTINATION_PANEL
meiringen_hasliberg,Meiringen-Hasliberg,2021-11-01,2021,11,2,2,True,2025-05-01,exact_operator_membership_date,True,False,1983.0,1193.0,1746.0,237.0,0,False,False,-42,7.592870287844818,entry_plus_no_exit_continuity_assumption; documented exits override after last active month,approved_complete_observed_municipal_scope,DERIVED_REVIEWED_DESTINATION_PANEL
meiringen_hasliberg,Meiringen-Hasliberg,2021-12-01,2021,12,2,2,True,2025-05-01,exact_operator_membership_date,True,False,6552.0,2937.0,5658.0,894.0,0,False,False,-41,8.787678239039497,entry_plus_no_exit_continuity_assumption; documented exits override after last active month,approved_complete_observed_municipal_scope,DERIVED_REVIEWED_DESTINATION_PANEL
meiringen_hasliberg,Meiringen-Hasliberg,2022-01-01,2022,1,2,2,True,2025-05-01,exact_operator_membership_date,True,False,9270.0,4178.0,7524.0,1746.0,0,False,False,-40,9.134646527606982,entry_plus_no_exit_continuity_assumption; documented exits override after last active month,approved_complete_observed_municipal_scope,DERIVED_REVIEWED_DESTINATION_PANEL
meiringen_hasliberg,Meiringen-Hasliberg,2022-02-01,2022,2,2,2,True,2025-05-01,exact_operator_membership_date,True,False,16422.0,5532.0,13543.0,2879.0,0,False,False,-39,9.70643807033756,entry_plus_no_exit_continuity_assumption; documented exits override after last active month,approved_complete_observed_municipal_scope,DERIVED_REVIEWED_DESTINATION_PANEL
meiringen_hasliberg,Meiringen-Hasliberg,2022-03-01,2022,3,2,2,True,2025-05-01,exact_operator_membership_date,True,False,11365.0,4581.0,8494.0,2871.0,0,False,False,-38,9.338381721857067,entry_plus_no_exit_continuity_assumption; documented exits override after last active month,approved_complete_observed_municipal_scope,DERIVED_REVIEWED_DESTINATION_PANEL
meiringen_hasliberg,Meiringen-Hasliberg,2022-04-01,2022,4,2,2,True,2025-05-01,exact_operator_membership_date,True,False,5533.0,2658.0,4255.0,1278.0,0,False,False,-37,8.618666160346871,entry_plus_no_exit_continuity_assumption; documented exits override after last active month,approved_complete_observed_municipal_scope,DERIVED_REVIEWED_DESTINATION_PANEL
meiringen_hasliberg,Meiringen-Hasliberg,2022-05-01,2022,5,2,2,True,2025-05-01,exact_operator_membership_date,True,False,7078.0,3667.0,5755.0,1323.0,0,False,False,-36,8.86488793377419,entry_plus_no_exit_continuity_assumption; documented exits override after last active month,approved_complete_observed_municipal_scope,DERIVED_REVIEWED_DESTINATION_PANEL
meiringen_hasliberg,Meiringen-Hasliberg,2022-06-01,2022,6,2,2,True,2025-05-01,exact_operator_membership_date,True,False,11107.0,6613.0,8353.0,2754.0,0,False,False,-35,9.31542084842669,entry_plus_no_exit_continuity_assumption; documented exits override after last active month,approved_complete_observed_municipal_scope,DERIVED_REVIEWED_DESTINATION_PANEL
meiringen_hasliberg,Meiringen-Hasliberg,2022-07-01,2022,7,2,2,True,2025-05-01,exact_operator_membership_date,True,False,16822.0,8999.0,11935.0,4887.0,0,False,False,-34,9.730502276719161,entry_plus_no_exit_continuity_assumption; documented exits override after last active month,approved_complete_observed_municipal_scope,DERIVED_REVIEWED_DESTINATION_PANEL
meiringen_hasliberg,Meiringen-Hasliberg,2022-08-01,2022,8,2,2,True,2025-05-01,exact_operator_membership_date,True,False,17305.0,8880.0,11327.0,5978.0,0,False,False,-33,9.758808541166685,entry_plus_no_exit_continuity_assumption; documented exits override after last active month,approved_complete_observed_municipal_scope,DERIVED_REVIEWED_DESTINATION_PANEL
meiringen_hasliberg,Meiringen-Hasliberg,2022-09-01,2022,9,2,2,True,2025-05-01,exact_operator_membership_date,True,False,10967.0,6155.0,7377.0,3590.0,0,False,False,-32,9.30273722124215,entry_plus_no_exit_continuity_assumption; documented exits override after last active month,approved_complete_observed_municipal_scope,DERIVED_REVIEWED_DESTINATION_PANEL
meiringen_hasliberg,Meiringen-Hasliberg,2022-10-01,2022,10,2,2,True,2025-05-01,exact_operator_membership_date,True,False,9870.0,5323.0,7910.0,1960.0,0,False,False,-31,9.197356444417888,entry_plus_no_exit_continuity_assumption; documented exits override after last active month,approved_complete_observed_municipal_scope,DERIVED_REVIEWED_DESTINATION_PANEL
meiringen_hasliberg,Meiringen-Hasliberg,2022-11-01,2022,11,2,2,True,2025-05-01,exact_operator_membership_date,True,False,2646.0,1419.0,2240.0,406.0,0,False,False,-30,7.881182202227102,entry_plus_no_exit_continuity_assumption; documented exits override after last active month,approved_complete_observed_municipal_scope,DERIVED_REVIEWED_DESTINATION_PANEL
meiringen_hasliberg,Meiringen-Hasliberg,2022-12-01,2022,12,2,2,True,2025-05-01,exact_operator_membership_date,True,False,7984.0,3684.0,5679.0,2305.0,0,False,False,-29,8.985320060649112,entry_plus_no_exit_continuity_assumption; documented exits override after last active month,approved_complete_observed_municipal_scope,DERIVED_REVIEWED_DESTINATION_PANEL
meiringen_hasliberg,Meiringen-Hasliberg,2023-01-01,2023,1,2,2,True,2025-05-01,exact_operator_membership_date,True,False,12915.0,5017.0,10521.0,2394.0,0,False,False,-28,9.466222131878165,entry_plus_no_exit_continuity_assumption; documented exits override after last active month,approved_complete_observed_municipal_scope,DERIVED_REVIEWED_DESTINATION_PANEL
meiringen_hasliberg,Meiringen-Hasliberg,2023-02-01,2023,2,2,2,True,2025-05-01,exact_operator_membership_date,True,False,18057.0,6151.0,14945.0,3112.0,0,False,False,-27,9.801344078867425,entry_plus_no_exit_continuity_assumption; documented exits override after last active month,approved_complete_observed_municipal_scope,DERIVED_REVIEWED_DESTINATION_PANEL
meiringen_hasliberg,Meiringen-Hasliberg,2023-03-01,2023,3,2,2,True,2025-05-01,exact_operator_membership_date,True,False,9186.0,4324.0,6892.0,2294.0,0,False,False,-26,9.125544720271467,entry_plus_no_exit_continuity_assumption; documented exits override after last active month,approved_complete_observed_municipal_scope,DERIVED_REVIEWED_DESTINATION_PANEL
meiringen_hasliberg,Meiringen-Hasliberg,2023-04-01,2023,4,2,2,True,2025-05-01,exact_operator_membership_date,True,False,6112.0,3090.0,4129.0,1983.0,0,False,False,-25,8.718172930028725,entry_plus_no_exit_continuity_assumption; documented exits override after last active month,approved_complete_observed_municipal_scope,DERIVED_REVIEWED_DESTINATION_PANEL
meiringen_hasliberg,Meiringen-Hasliberg,2023-05-01,2023,5,2,2,True,2025-05-01,exact_operator_membership_date,True,False,11130.0,5954.0,7580.0,3550.0,0,False,False,-24,9.317489287493226,entry_plus_no_exit_continuity_assumption; documented exits override after last active month,approved_complete_observed_municipal_scope,DERIVED_REVIEWED_DESTINATION_PANEL
meiringen_hasliberg,Meiringen-Hasliberg,2023-06-01,2023,6,2,2,True,2025-05-01,exact_operator_membership_date,True,False,16764.0,8916.0,10824.0,5940.0,0,False,False,-23,9.72704865890033,entry_plus_no_exit_continuity_assumption; documented exits override after last active month,approved_complete_observed_municipal_scope,DERIVED_REVIEWED_DESTINATION_PANEL
meiringen_hasliberg,Meiringen-Hasliberg,2023-07-01,2023,7,2,2,True,2025-05-01,exact_operator_membership_date,True,False,22613.0,11678.0,13846.0,8767.0,0,False,False,-22,10.026324462495191,entry_plus_no_exit_continuity_assumption; documented exits override after last active month,approved_complete_observed_municipal_scope,DERIVED_REVIEWED_DESTINATION_PANEL
meiringen_hasliberg,Meiringen-Hasliberg,2023-08-01,2023,8,2,2,True,2025-05-01,exact_operator_membership_date,True,False,21408.0,11379.0,13069.0,8339.0,0,False,False,-21,9.971566673346722,entry_plus_no_exit_continuity_assumption; documented exits override after last active month,approved_complete_observed_municipal_scope,DERIVED_REVIEWED_DESTINATION_PANEL
meiringen_hasliberg,Meiringen-Hasliberg,2023-09-01,2023,9,2,2,True,2025-05-01,exact_operator_membership_date,True,False,15649.0,9342.0,10350.0,5299.0,0,False,False,-20,9.658226195968298,entry_plus_no_exit_continuity_assumption; documented exits override after last active month,approved_complete_observed_municipal_scope,DERIVED_REVIEWED_DESTINATION_PANEL
meiringen_hasliberg,Meiringen-Hasliberg,2023-10-01,2023,10,2,2,True,2025-05-01,exact_operator_membership_date,True,False,11562.0,6346.0,8999.0,2563.0,0,False,False,-19,9.355565624128962,entry_plus_no_exit_continuity_assumption; documented exits override after last active month,approved_complete_observed_municipal_scope,DERIVED_REVIEWED_DESTINATION_PANEL
meiringen_hasliberg,Meiringen-Hasliberg,2023-11-01,2023,11,2,2,True,2025-05-01,exact_operator_membership_date,True,False,3200.0,1629.0,2400.0,800.0,0,False,False,-18,8.071218539969863,entry_plus_no_exit_continuity_assumption; documented exits override after last active month,approved_complete_observed_municipal_scope,DERIVED_REVIEWED_DESTINATION_PANEL
meiringen_hasliberg,Meiringen-Hasliberg,2023-12-01,2023,12,2,2,True,2025-05-01,exact_operator_membership_date,True,False,8374.0,3896.0,5800.0,2574.0,0,False,False,-17,9.033006356693267,entry_plus_no_exit_continuity_assumption; documented exits override after last active month,approved_complete_observed_municipal_scope,DERIVED_REVIEWED_DESTINATION_PANEL
meiringen_hasliberg,Meiringen-Hasliberg,2024-01-01,2024,1,2,2,True,2025-05-01,exact_operator_membership_date,True,False,15431.0,6433.0,11740.0,3691.0,0,False,False,-16,9.644198554585564,entry_plus_no_exit_continuity_assumption; documented exits override after last active month,approved_complete_observed_municipal_scope,DERIVED_REVIEWED_DESTINATION_PANEL
meiringen_hasliberg,Meiringen-Hasliberg,2024-02-01,2024,2,2,2,True,2025-05-01,exact_operator_membership_date,True,False,18627.0,6388.0,14142.0,4485.0,0,False,False,-15,9.832421104102268,entry_plus_no_exit_continuity_assumption; documented exits override after last active month,approved_complete_observed_municipal_scope,DERIVED_REVIEWED_DESTINATION_PANEL
meiringen_hasliberg,Meiringen-Hasliberg,2024-03-01,2024,3,2,2,True,2025-05-01,exact_operator_membership_date,True,False,10300.0,5121.0,7771.0,2529.0,0,False,False,-14,9.239996256883693,entry_plus_no_exit_continuity_assumption; documented exits override after last active month,approved_complete_observed_municipal_scope,DERIVED_REVIEWED_DESTINATION_PANEL
meiringen_hasliberg,Meiringen-Hasliberg,2024-04-01,2024,4,2,2,True,2025-05-01,exact_operator_membership_date,True,False,6825.0,3845.0,4428.0,2397.0,0,False,False,-13,8.828494129466652,entry_plus_no_exit_continuity_assumption; documented exits override after last active month,approved_complete_observed_municipal_scope,DERIVED_REVIEWED_DESTINATION_PANEL
meiringen_hasliberg,Meiringen-Hasliberg,2024-05-01,2024,5,2,2,True,2025-05-01,exact_operator_membership_date,True,False,12856.0,7519.0,7185.0,5671.0,0,False,False,-12,9.46164368908425,entry_plus_no_exit_continuity_assumption; documented exits override after last active month,approved_complete_observed_municipal_scope,DERIVED_REVIEWED_DESTINATION_PANEL
meiringen_hasliberg,Meiringen-Hasliberg,2024-06-01,2024,6,2,2,True,2025-05-01,exact_operator_membership_date,True,False,17471.0,10340.0,8560.0,8911.0,0,False,False,-11,9.768354878544631,entry_plus_no_exit_continuity_assumption; documented exits override after last active month,approved_complete_observed_municipal_scope,DERIVED_REVIEWED_DESTINATION_PANEL
meiringen_hasliberg,Meiringen-Hasliberg,2024-07-01,2024,7,2,2,True,2025-05-01,exact_operator_membership_date,True,False,25467.0,12947.0,13615.0,11852.0,0,False,False,-10,10.145178041136916,entry_plus_no_exit_continuity_assumption; documented exits override after last active month,approved_complete_observed_municipal_scope,DERIVED_REVIEWED_DESTINATION_PANEL
meiringen_hasliberg,Meiringen-Hasliberg,2024-08-01,2024,8,2,2,True,2025-05-01,exact_operator_membership_date,True,False,24894.0,13054.0,13185.0,11709.0,0,False,False,-9,10.122422259076282,entry_plus_no_exit_continuity_assumption; documented exits override after last active month,approved_complete_observed_municipal_scope,DERIVED_REVIEWED_DESTINATION_PANEL
meiringen_hasliberg,Meiringen-Hasliberg,2024-09-01,2024,9,2,2,True,2025-05-01,exact_operator_membership_date,True,False,16764.0,9629.0,9389.0,7375.0,0,False,False,-8,9.72704865890033,entry_plus_no_exit_continuity_assumption; documented exits override after last active month,approved_complete_observed_municipal_scope,DERIVED_REVIEWED_DESTINATION_PANEL
meiringen_hasliberg,Meiringen-Hasliberg,2024-10-01,2024,10,2,2,True,2025-05-01,exact_operator_membership_date,True,False,11984.0,6526.0,7980.0,4004.0,0,False,False,-7,9.391411146868485,entry_plus_no_exit_continuity_assumption; documented exits override after last active month,approved_complete_observed_municipal_scope,DERIVED_REVIEWED_DESTINATION_PANEL
meiringen_hasliberg,Meiringen-Hasliberg,2024-11-01,2024,11,2,2,True,2025-05-01,exact_operator_membership_date,True,False,3841.0,2444.0,2581.0,1260.0,0,False,False,-6,8.253748343328501,entry_plus_no_exit_continuity_assumption; documented exits override after last active month,approved_complete_observed_municipal_scope,DERIVED_REVIEWED_DESTINATION_PANEL
meiringen_hasliberg,Meiringen-Hasliberg,2024-12-01,2024,12,2,2,True,2025-05-01,exact_operator_membership_date,True,False,8577.0,3731.0,5802.0,2775.0,0,False,False,-5,9.056956065076825,entry_plus_no_exit_continuity_assumption; documented exits override after last active month,approved_complete_observed_municipal_scope,DERIVED_REVIEWED_DESTINATION_PANEL
meiringen_hasliberg,Meiringen-Hasliberg,2025-01-01,2025,1,2,2,True,2025-05-01,exact_operator_membership_date,True,False,13677.0,6222.0,9411.0,4266.0,0,False,False,-4,9.523543981658042,entry_plus_no_exit_continuity_assumption; documented exits override after last active month,approved_complete_observed_municipal_scope,DERIVED_REVIEWED_DESTINATION_PANEL
meiringen_hasliberg,Meiringen-Hasliberg,2025-02-01,2025,2,2,2,True,2025-05-01,exact_operator_membership_date,True,False,15522.0,6136.0,11227.0,4295.0,0,False,False,-3,9.650078074026442,entry_plus_no_exit_continuity_assumption; documented exits override after last active month,approved_complete_observed_municipal_scope,DERIVED_REVIEWED_DESTINATION_PANEL
meiringen_hasliberg,Meiringen-Hasliberg,2025-03-01,2025,3,2,2,True,2025-05-01,exact_operator_membership_date,True,False,10081.0,4599.0,6625.0,3456.0,0,False,False,-2,9.218506934642576,entry_plus_no_exit_continuity_assumption; documented exits override after last active month,approved_complete_observed_municipal_scope,DERIVED_REVIEWED_DESTINATION_PANEL
meiringen_hasliberg,Meiringen-Hasliberg,2025-04-01,2025,4,2,2,True,2025-05-01,exact_operator_membership_date,True,False,6850.0,3836.0,4077.0,2773.0,0,False,False,-1,8.832149906002899,entry_plus_no_exit_continuity_assumption; documented exits override after last active month,approved_complete_observed_municipal_scope,DERIVED_REVIEWED_DESTINATION_PANEL
meiringen_hasliberg,Meiringen-Hasliberg,2025-05-01,2025,5,2,2,True,2025-05-01,exact_operator_membership_date,True,False,12820.0,7882.0,6198.0,6622.0,1,True,True,0,9.4588397305527,entry_plus_no_exit_continuity_assumption; documented exits override after last active month,approved_complete_observed_municipal_scope,DERIVED_REVIEWED_DESTINATION_PANEL
meiringen_hasliberg,Meiringen-Hasliberg,2025-06-01,2025,6,2,2,True,2025-05-01,exact_operator_membership_date,True,False,17821.0,10548.0,9055.0,8766.0,1,True,True,1,9.788188928172666,entry_plus_no_exit_continuity_assumption; documented exits override after last active month,approved_complete_observed_municipal_scope,DERIVED_REVIEWED_DESTINATION_PANEL
meiringen_hasliberg,Meiringen-Hasliberg,2025-07-01,2025,7,2,2,True,2025-05-01,exact_operator_membership_date,True,False,24069.0,13287.0,11601.0,12468.0,1,True,True,2,10.088721530777118,entry_plus_no_exit_continuity_assumption; documented exits override after last active month,approved_complete_observed_municipal_scope,DERIVED_REVIEWED_DESTINATION_PANEL
meiringen_hasliberg,Meiringen-Hasliberg,2025-08-01,2025,8,2,2,True,2025-05-01,exact_operator_membership_date,True,False,24115.0,13582.0,11495.0,12620.0,1,True,True,3,10.090630799609297,entry_plus_no_exit_continuity_assumption; documented exits override after last active month,approved_complete_observed_municipal_scope,DERIVED_REVIEWED_DESTINATION_PANEL
meiringen_hasliberg,Meiringen-Hasliberg,2025-09-01,2025,9,2,2,True,2025-05-01,exact_operator_membership_date,True,False,16979.0,9917.0,8855.0,8124.0,1,True,True,4,9.739791459865339,entry_plus_no_exit_continuity_assumption; documented exits override after last active month,approved_complete_observed_municipal_scope,DERIVED_REVIEWED_DESTINATION_PANEL
meiringen_hasliberg,Meiringen-Hasliberg,2025-10-01,2025,10,2,2,True,2025-05-01,exact_operator_membership_date,True,False,12815.0,7569.0,7182.0,5633.0,1,True,True,5,9.458449669308141,entry_plus_no_exit_continuity_assumption; documented exits override after last active month,approved_complete_observed_municipal_scope,DERIVED_REVIEWED_DESTINATION_PANEL
meiringen_hasliberg,Meiringen-Hasliberg,2025-11-01,2025,11,2,2,True,2025-05-01,exact_operator_membership_date,True,False,4298.0,2517.0,2468.0,1830.0,1,True,True,6,8.366137716496281,entry_plus_no_exit_continuity_assumption; documented exits override after last active month,approved_complete_observed_municipal_scope,DERIVED_REVIEWED_DESTINATION_PANEL
meiringen_hasliberg,Meiringen-Hasliberg,2025-12-01,2025,12,2,2,True,2025-05-01,exact_operator_membership_date,True,False,10010.0,4457.0,6637.0,3373.0,1,True,True,7,9.211439767419483,entry_plus_no_exit_continuity_assumption; documented exits override after last active month,approved_complete_observed_municipal_scope,DERIVED_REVIEWED_DESTINATION_PANEL
meiringen_hasliberg,Meiringen-Hasliberg,2026-01-01,2026,1,2,2,True,2025-05-01,exact_operator_membership_date,True,False,13902.0,6373.0,9924.0,3978.0,1,True,True,8,9.539859923169542,entry_plus_no_exit_continuity_assumption; documented exits override after last active month,approved_complete_observed_municipal_scope,DERIVED_REVIEWED_DESTINATION_PANEL
meiringen_hasliberg,Meiringen-Hasliberg,2026-02-01,2026,2,2,2,True,2025-05-01,exact_operator_membership_date,True,False,19587.0,7047.0,14078.0,5509.0,1,True,True,9,9.882672412822208,entry_plus_no_exit_continuity_assumption; documented exits override after last active month,approved_complete_observed_municipal_scope,DERIVED_REVIEWED_DESTINATION_PANEL
meiringen_hasliberg,Meiringen-Hasliberg,2026-03-01,2026,3,2,2,True,2025-05-01,exact_operator_membership_date,True,False,8109.0,4202.0,5964.0,2145.0,1,True,True,10,9.000853147109458,entry_plus_no_exit_continuity_assumption; documented exits override after last active month,approved_complete_observed_municipal_scope,DERIVED_REVIEWED_DESTINATION_PANEL
meiringen_hasliberg,Meiringen-Hasliberg,2026-04-01,2026,4,2,0,False,2025-05-01,exact_operator_membership_date,True,False,,,,,1,True,True,11,,entry_plus_no_exit_continuity_assumption; documented exits override after last active month,approved_complete_observed_municipal_scope,DERIVED_REVIEWED_DESTINATION_PANEL
meiringen_hasliberg,Meiringen-Hasliberg,2026-05-01,2026,5,2,0,False,2025-05-01,exact_operator_membership_date,True,False,,,,,1,True,True,12,,entry_plus_no_exit_continuity_assumption; documented exits override after last active month,approved_complete_observed_municipal_scope,DERIVED_REVIEWED_DESTINATION_PANEL
meiringen_hasliberg,Meiringen-Hasliberg,2026-06-01,2026,6,2,0,False,2025-05-01,exact_operator_membership_date,True,False,,,,,1,True,True,13,,entry_plus_no_exit_continuity_assumption; documented exits override after last active month,approved_complete_observed_municipal_scope,DERIVED_REVIEWED_DESTINATION_PANEL
meiringen_hasliberg,Meiringen-Hasliberg,2026-07-01,2026,7,2,0,False,2025-05-01,exact_operator_membership_date,True,False,,,,,1,True,True,14,,entry_plus_no_exit_continuity_assumption; documented exits override after last active month,approved_complete_observed_municipal_scope,DERIVED_REVIEWED_DESTINATION_PANEL
meiringen_hasliberg,Meiringen-Hasliberg,2026-08-01,2026,8,2,0,False,2025-05-01,exact_operator_membership_date,True,False,,,,,1,True,True,15,,entry_plus_no_exit_continuity_assumption; documented exits override after last active month,approved_complete_observed_municipal_scope,DERIVED_REVIEWED_DESTINATION_PANEL
meiringen_hasliberg,Meiringen-Hasliberg,2026-09-01,2026,9,2,0,False,2025-05-01,exact_operator_membership_date,True,False,,,,,1,True,True,16,,entry_plus_no_exit_continuity_assumption; documented exits override after last active month,approved_complete_observed_municipal_scope,DERIVED_REVIEWED_DESTINATION_PANEL
meiringen_hasliberg,Meiringen-Hasliberg,2026-10-01,2026,10,2,0,False,2025-05-01,exact_operator_membership_date,True,False,,,,,1,True,True,17,,entry_plus_no_exit_continuity_assumption; documented exits override after last active month,approved_complete_observed_municipal_scope,DERIVED_REVIEWED_DESTINATION_PANEL
meiringen_hasliberg,Meiringen-Hasliberg,2026-11-01,2026,11,2,0,False,2025-05-01,exact_operator_membership_date,True,False,,,,,1,True,True,18,,entry_plus_no_exit_continuity_assumption; documented exits override after last active month,approved_complete_observed_municipal_scope,DERIVED_REVIEWED_DESTINATION_PANEL
meiringen_hasliberg,Meiringen-Hasliberg,2026-12-01,2026,12,2,0,False,2025-05-01,exact_operator_membership_date,True,False,,,,,1,True,True,19,,entry_plus_no_exit_continuity_assumption; documented exits override after last active month,approved_complete_observed_municipal_scope,DERIVED_REVIEWED_DESTINATION_PANEL
moleson,Moléson,2013-01-01,2013,1,1,1,True,2017-11-01,exact_product_validity_date,True,False,810.0,511.0,283.0,527.0,0,False,False,-58,6.698268054115413,entry_plus_no_exit_continuity_assumption; documented exits override after last active month,approved_core_municipality_proxy,DERIVED_REVIEWED_DESTINATION_PANEL
moleson,Moléson,2013-02-01,2013,2,1,1,True,2017-11-01,exact_product_validity_date,True,False,968.0,691.0,456.0,512.0,0,False,False,-57,6.876264611890766,entry_plus_no_exit_continuity_assumption; documented exits override after last active month,approved_core_municipality_proxy,DERIVED_REVIEWED_DESTINATION_PANEL
moleson,Moléson,2013-03-01,2013,3,1,1,True,2017-11-01,exact_product_validity_date,True,False,1441.0,995.0,596.0,845.0,0,False,False,-56,7.273786317844895,entry_plus_no_exit_continuity_assumption; documented exits override after last active month,approved_core_municipality_proxy,DERIVED_REVIEWED_DESTINATION_PANEL
moleson,Moléson,2013-04-01,2013,4,1,1,True,2017-11-01,exact_product_validity_date,True,False,1401.0,850.0,504.0,897.0,0,False,False,-55,7.2456550675945355,entry_plus_no_exit_continuity_assumption; documented exits override after last active month,approved_core_municipality_proxy,DERIVED_REVIEWED_DESTINATION_PANEL
moleson,Moléson,2013-05-01,2013,5,1,1,True,2017-11-01,exact_product_validity_date,True,False,1908.0,1321.0,785.0,1123.0,0,False,False,-54,7.554334823725748,entry_plus_no_exit_continuity_assumption; documented exits override after last active month,approved_core_municipality_proxy,DERIVED_REVIEWED_DESTINATION_PANEL
moleson,Moléson,2013-06-01,2013,6,1,1,True,2017-11-01,exact_product_validity_date,True,False,2446.0,1609.0,1116.0,1330.0,0,False,False,-53,7.802618063442671,entry_plus_no_exit_continuity_assumption; documented exits override after last active month,approved_core_municipality_proxy,DERIVED_REVIEWED_DESTINATION_PANEL
moleson,Moléson,2013-07-01,2013,7,1,1,True,2017-11-01,exact_product_validity_date,True,False,2577.0,1737.0,1128.0,1449.0,0,False,False,-52,7.8547691834991324,entry_plus_no_exit_continuity_assumption; documented exits override after last active month,approved_core_municipality_proxy,DERIVED_REVIEWED_DESTINATION_PANEL
moleson,Moléson,2013-08-01,2013,8,1,1,True,2017-11-01,exact_product_validity_date,True,False,2913.0,1865.0,1263.0,1650.0,0,False,False,-51,7.97728198675515,entry_plus_no_exit_continuity_assumption; documented exits override after last active month,approved_core_municipality_proxy,DERIVED_REVIEWED_DESTINATION_PANEL
moleson,Moléson,2013-09-01,2013,9,1,1,True,2017-11-01,exact_product_validity_date,True,False,2218.0,1565.0,1090.0,1128.0,0,False,False,-50,7.704811922932594,entry_plus_no_exit_continuity_assumption; documented exits override after last active month,approved_core_municipality_proxy,DERIVED_REVIEWED_DESTINATION_PANEL
moleson,Moléson,2013-10-01,2013,10,1,1,True,2017-11-01,exact_product_validity_date,True,False,2004.0,1461.0,1024.0,980.0,0,False,False,-49,7.60339933974067,entry_plus_no_exit_continuity_assumption; documented exits override after last active month,approved_core_municipality_proxy,DERIVED_REVIEWED_DESTINATION_PANEL
moleson,Moléson,2013-11-01,2013,11,1,1,True,2017-11-01,exact_product_validity_date,True,False,1147.0,827.0,516.0,631.0,0,False,False,-48,7.045776576879511,entry_plus_no_exit_continuity_assumption; documented exits override after last active month,approved_core_municipality_proxy,DERIVED_REVIEWED_DESTINATION_PANEL
moleson,Moléson,2013-12-01,2013,12,1,1,True,2017-11-01,exact_product_validity_date,True,False,1451.0,1093.0,800.0,651.0,0,False,False,-47,7.280697195384741,entry_plus_no_exit_continuity_assumption; documented exits override after last active month,approved_core_municipality_proxy,DERIVED_REVIEWED_DESTINATION_PANEL
moleson,Moléson,2014-01-01,2014,1,1,1,True,2017-11-01,exact_product_validity_date,True,False,737.0,483.0,455.0,282.0,0,False,False,-46,6.6039438246004725,entry_plus_no_exit_continuity_assumption; documented exits override after last active month,approved_core_municipality_proxy,DERIVED_REVIEWED_DESTINATION_PANEL
moleson,Moléson,2014-02-01,2014,2,1,1,True,2017-11-01,exact_product_validity_date,True,False,995.0,734.0,607.0,388.0,0,False,False,-45,6.903747257584598,entry_plus_no_exit_continuity_assumption; documented exits override after last active month,approved_core_municipality_proxy,DERIVED_REVIEWED_DESTINATION_PANEL
moleson,Moléson,2014-03-01,2014,3,1,1,True,2017-11-01,exact_product_validity_date,True,False,1195.0,844.0,818.0,377.0,0,False,False,-44,7.086737934510577,entry_plus_no_exit_continuity_assumption; documented exits override after last active month,approved_core_municipality_proxy,DERIVED_REVIEWED_DESTINATION_PANEL
moleson,Moléson,2014-04-01,2014,4,1,1,True,2017-11-01,exact_product_validity_date,True,False,1281.0,958.0,744.0,537.0,0,False,False,-43,7.156176637480615,entry_plus_no_exit_continuity_assumption; documented exits override after last active month,approved_core_municipality_proxy,DERIVED_REVIEWED_DESTINATION_PANEL
moleson,Moléson,2014-05-01,2014,5,1,1,True,2017-11-01,exact_product_validity_date,True,False,1830.0,1292.0,1172.0,658.0,0,False,False,-42,7.5126175446745105,entry_plus_no_exit_continuity_assumption; documented exits override after last active month,approved_core_municipality_proxy,DERIVED_REVIEWED_DESTINATION_PANEL
moleson,Moléson,2014-06-01,2014,6,1,1,True,2017-11-01,exact_product_validity_date,True,False,2156.0,1627.0,1592.0,564.0,0,False,False,-41,7.676473646389156,entry_plus_no_exit_continuity_assumption; documented exits override after last active month,approved_core_municipality_proxy,DERIVED_REVIEWED_DESTINATION_PANEL
moleson,Moléson,2014-07-01,2014,7,1,1,True,2017-11-01,exact_product_validity_date,True,False,2584.0,1909.0,1761.0,823.0,0,False,False,-40,7.85748078694253,entry_plus_no_exit_continuity_assumption; documented exits override after last active month,approved_core_municipality_proxy,DERIVED_REVIEWED_DESTINATION_PANEL
moleson,Moléson,2014-08-01,2014,8,1,1,True,2017-11-01,exact_product_validity_date,True,False,2945.0,2075.0,1770.0,1175.0,0,False,False,-39,7.988203597022576,entry_plus_no_exit_continuity_assumption; documented exits override after last active month,approved_core_municipality_proxy,DERIVED_REVIEWED_DESTINATION_PANEL
moleson,Moléson,2014-09-01,2014,9,1,1,True,2017-11-01,exact_product_validity_date,True,False,2372.0,1768.0,1547.0,825.0,0,False,False,-38,7.771910256435763,entry_plus_no_exit_continuity_assumption; documented exits override after last active month,approved_core_municipality_proxy,DERIVED_REVIEWED_DESTINATION_PANEL
moleson,Moléson,2014-10-01,2014,10,1,1,True,2017-11-01,exact_product_validity_date,True,False,2269.0,1646.0,1532.0,737.0,0,False,False,-37,7.727535110475448,entry_plus_no_exit_continuity_assumption; documented exits override after last active month,approved_core_municipality_proxy,DERIVED_REVIEWED_DESTINATION_PANEL
moleson,Moléson,2014-11-01,2014,11,1,1,True,2017-11-01,exact_product_validity_date,True,False,1186.0,945.0,757.0,429.0,0,False,False,-36,7.079184394609668,entry_plus_no_exit_continuity_assumption; documented exits override after last active month,approved_core_municipality_proxy,DERIVED_REVIEWED_DESTINATION_PANEL
moleson,Moléson,2014-12-01,2014,12,1,1,True,2017-11-01,exact_product_validity_date,True,False,1405.0,1045.0,837.0,568.0,0,False,False,-35,7.2485040723706105,entry_plus_no_exit_continuity_assumption; documented exits override after last active month,approved_core_municipality_proxy,DERIVED_REVIEWED_DESTINATION_PANEL
moleson,Moléson,2015-01-01,2015,1,1,1,True,2017-11-01,exact_product_validity_date,True,False,1007.0,722.0,568.0,439.0,0,False,False,-34,6.915723448631314,entry_plus_no_exit_continuity_assumption; documented exits override after last active month,approved_core_municipality_proxy,DERIVED_REVIEWED_DESTINATION_PANEL
moleson,Moléson,2015-02-01,2015,2,1,1,True,2017-11-01,exact_product_validity_date,True,False,1226.0,845.0,813.0,413.0,0,False,False,-33,7.112327444710911,entry_plus_no_exit_continuity_assumption; documented exits override after last active month,approved_core_municipality_proxy,DERIVED_REVIEWED_DESTINATION_PANEL
moleson,Moléson,2015-03-01,2015,3,1,1,True,2017-11-01,exact_product_validity_date,True,False,1274.0,772.0,700.0,574.0,0,False,False,-32,7.150701457592526,entry_plus_no_exit_continuity_assumption; documented exits override after last active month,approved_core_municipality_proxy,DERIVED_REVIEWED_DESTINATION_PANEL
moleson,Moléson,2015-04-01,2015,4,1,1,True,2017-11-01,exact_product_validity_date,True,False,1482.0,1027.0,860.0,622.0,0,False,False,-31,7.301822342137932,entry_plus_no_exit_continuity_assumption; documented exits override after last active month,approved_core_municipality_proxy,DERIVED_REVIEWED_DESTINATION_PANEL
moleson,Moléson,2015-05-01,2015,5,1,1,True,2017-11-01,exact_product_validity_date,True,False,2079.0,1489.0,1440.0,639.0,0,False,False,-30,7.640123172695364,entry_plus_no_exit_continuity_assumption; documented exits override after last active month,approved_core_municipality_proxy,DERIVED_REVIEWED_DESTINATION_PANEL
moleson,Moléson,2015-06-01,2015,6,1,1,True,2017-11-01,exact_product_validity_date,True,False,1895.0,1419.0,1195.0,700.0,0,False,False,-29,7.547501682814967,entry_plus_no_exit_continuity_assumption; documented exits override after last active month,approved_core_municipality_proxy,DERIVED_REVIEWED_DESTINATION_PANEL
moleson,Moléson,2015-07-01,2015,7,1,1,True,2017-11-01,exact_product_validity_date,True,False,2358.0,1751.0,1218.0,1140.0,0,False,False,-28,7.765993079407675,entry_plus_no_exit_continuity_assumption; documented exits override after last active month,approved_core_municipality_proxy,DERIVED_REVIEWED_DESTINATION_PANEL
moleson,Moléson,2015-08-01,2015,8,1,1,True,2017-11-01,exact_product_validity_date,True,False,2718.0,1997.0,1516.0,1202.0,0,False,False,-27,7.908019444632471,entry_plus_no_exit_continuity_assumption; documented exits override after last active month,approved_core_municipality_proxy,DERIVED_REVIEWED_DESTINATION_PANEL
moleson,Moléson,2015-09-01,2015,9,1,1,True,2017-11-01,exact_product_validity_date,True,False,2240.0,1739.0,1365.0,875.0,0,False,False,-26,7.714677473800927,entry_plus_no_exit_continuity_assumption; documented exits override after last active month,approved_core_municipality_proxy,DERIVED_REVIEWED_DESTINATION_PANEL
moleson,Moléson,2015-10-01,2015,10,1,1,True,2017-11-01,exact_product_validity_date,True,False,2356.0,1744.0,1508.0,848.0,0,False,False,-25,7.7651449029361315,entry_plus_no_exit_continuity_assumption; documented exits override after last active month,approved_core_municipality_proxy,DERIVED_REVIEWED_DESTINATION_PANEL
moleson,Moléson,2015-11-01,2015,11,1,1,True,2017-11-01,exact_product_validity_date,True,False,1056.0,827.0,536.0,520.0,0,False,False,-24,6.963189985870238,entry_plus_no_exit_continuity_assumption; documented exits override after last active month,approved_core_municipality_proxy,DERIVED_REVIEWED_DESTINATION_PANEL
moleson,Moléson,2015-12-01,2015,12,1,1,True,2017-11-01,exact_product_validity_date,True,False,1395.0,979.0,675.0,720.0,0,False,False,-23,7.241366283322318,entry_plus_no_exit_continuity_assumption; documented exits override after last active month,approved_core_municipality_proxy,DERIVED_REVIEWED_DESTINATION_PANEL
moleson,Moléson,2016-01-01,2016,1,1,1,True,2017-11-01,exact_product_validity_date,True,False,1062.0,738.0,696.0,366.0,0,False,False,-22,6.968850378341948,entry_plus_no_exit_continuity_assumption; documented exits override after last active month,approved_core_municipality_proxy,DERIVED_REVIEWED_DESTINATION_PANEL
moleson,Moléson,2016-02-01,2016,2,1,1,True,2017-11-01,exact_product_validity_date,True,False,844.0,630.0,511.0,333.0,0,False,False,-21,6.739336627357174,entry_plus_no_exit_continuity_assumption; documented exits override after last active month,approved_core_municipality_proxy,DERIVED_REVIEWED_DESTINATION_PANEL
moleson,Moléson,2016-03-01,2016,3,1,1,True,2017-11-01,exact_product_validity_date,True,False,1088.0,807.0,567.0,521.0,0,False,False,-20,6.9930151229329605,entry_plus_no_exit_continuity_assumption; documented exits override after last active month,approved_core_municipality_proxy,DERIVED_REVIEWED_DESTINATION_PANEL
moleson,Moléson,2016-04-01,2016,4,1,1,True,2017-11-01,exact_product_validity_date,True,False,1172.0,783.0,665.0,507.0,0,False,False,-19,7.067319848653476,entry_plus_no_exit_continuity_assumption; documented exits override after last active month,approved_core_municipality_proxy,DERIVED_REVIEWED_DESTINATION_PANEL
moleson,Moléson,2016-05-01,2016,5,1,1,True,2017-11-01,exact_product_validity_date,True,False,1782.0,1094.0,942.0,840.0,0,False,False,-18,7.48605261786314,entry_plus_no_exit_continuity_assumption; documented exits override after last active month,approved_core_municipality_proxy,DERIVED_REVIEWED_DESTINATION_PANEL
moleson,Moléson,2016-06-01,2016,6,1,1,True,2017-11-01,exact_product_validity_date,True,False,1885.0,1308.0,986.0,899.0,0,False,False,-17,7.542213463193403,entry_plus_no_exit_continuity_assumption; documented exits override after last active month,approved_core_municipality_proxy,DERIVED_REVIEWED_DESTINATION_PANEL
moleson,Moléson,2016-07-01,2016,7,1,1,True,2017-11-01,exact_product_validity_date,True,False,2727.0,1671.0,1591.0,1136.0,0,False,False,-16,7.911324018963353,entry_plus_no_exit_continuity_assumption; documented exits override after last active month,approved_core_municipality_proxy,DERIVED_REVIEWED_DESTINATION_PANEL
moleson,Moléson,2016-08-01,2016,8,1,1,True,2017-11-01,exact_product_validity_date,True,False,2713.0,1944.0,1682.0,1031.0,0,False,False,-15,7.906178840394815,entry_plus_no_exit_continuity_assumption; documented exits override after last active month,approved_core_municipality_proxy,DERIVED_REVIEWED_DESTINATION_PANEL
moleson,Moléson,2016-09-01,2016,9,1,1,True,2017-11-01,exact_product_validity_date,True,False,2158.0,1522.0,1381.0,777.0,0,False,False,-14,7.677400430514807,entry_plus_no_exit_continuity_assumption; documented exits override after last active month,approved_core_municipality_proxy,DERIVED_REVIEWED_DESTINATION_PANEL
moleson,Moléson,2016-10-01,2016,10,1,1,True,2017-11-01,exact_product_validity_date,True,False,1979.0,1539.0,1308.0,671.0,0,False,False,-13,7.590852123688581,entry_plus_no_exit_continuity_assumption; documented exits override after last active month,approved_core_municipality_proxy,DERIVED_REVIEWED_DESTINATION_PANEL
moleson,Moléson,2016-11-01,2016,11,1,1,True,2017-11-01,exact_product_validity_date,True,False,925.0,699.0,495.0,430.0,0,False,False,-12,6.8308742346461795,entry_plus_no_exit_continuity_assumption; documented exits override after last active month,approved_core_municipality_proxy,DERIVED_REVIEWED_DESTINATION_PANEL
moleson,Moléson,2016-12-01,2016,12,1,1,True,2017-11-01,exact_product_validity_date,True,False,1126.0,811.0,712.0,414.0,0,False,False,-11,7.027314514039777,entry_plus_no_exit_continuity_assumption; documented exits override after last active month,approved_core_municipality_proxy,DERIVED_REVIEWED_DESTINATION_PANEL
moleson,Moléson,2017-01-01,2017,1,1,1,True,2017-11-01,exact_product_validity_date,True,False,1092.0,797.0,633.0,459.0,0,False,False,-10,6.996681488176539,entry_plus_no_exit_continuity_assumption; documented exits override after last active month,approved_core_municipality_proxy,DERIVED_REVIEWED_DESTINATION_PANEL
moleson,Moléson,2017-02-01,2017,2,1,1,True,2017-11-01,exact_product_validity_date,True,False,1151.0,791.0,724.0,427.0,0,False,False,-9,7.049254841255837,entry_plus_no_exit_continuity_assumption; documented exits override after last active month,approved_core_municipality_proxy,DERIVED_REVIEWED_DESTINATION_PANEL
moleson,Moléson,2017-03-01,2017,3,1,1,True,2017-11-01,exact_product_validity_date,True,False,1156.0,840.0,611.0,545.0,0,False,False,-8,7.053585727193677,entry_plus_no_exit_continuity_assumption; documented exits override after last active month,approved_core_municipality_proxy,DERIVED_REVIEWED_DESTINATION_PANEL
moleson,Moléson,2017-04-01,2017,4,1,1,True,2017-11-01,exact_product_validity_date,True,False,1732.0,1165.0,906.0,826.0,0,False,False,-7,7.457609289715606,entry_plus_no_exit_continuity_assumption; documented exits override after last active month,approved_core_municipality_proxy,DERIVED_REVIEWED_DESTINATION_PANEL
moleson,Moléson,2017-05-01,2017,5,1,1,True,2017-11-01,exact_product_validity_date,True,False,1892.0,1311.0,952.0,940.0,0,False,False,-6,7.545918151209323,entry_plus_no_exit_continuity_assumption; documented exits override after last active month,approved_core_municipality_proxy,DERIVED_REVIEWED_DESTINATION_PANEL
moleson,Moléson,2017-06-01,2017,6,1,1,True,2017-11-01,exact_product_validity_date,True,False,2011.0,1327.0,947.0,1064.0,0,False,False,-5,7.60688453121963,entry_plus_no_exit_continuity_assumption; documented exits override after last active month,approved_core_municipality_proxy,DERIVED_REVIEWED_DESTINATION_PANEL
moleson,Moléson,2017-07-01,2017,7,1,1,True,2017-11-01,exact_product_validity_date,True,False,4146.0,2618.0,1917.0,2229.0,0,False,False,-4,8.330140460246382,entry_plus_no_exit_continuity_assumption; documented exits override after last active month,approved_core_municipality_proxy,DERIVED_REVIEWED_DESTINATION_PANEL
moleson,Moléson,2017-08-01,2017,8,1,1,True,2017-11-01,exact_product_validity_date,True,False,4090.0,2433.0,1622.0,2468.0,0,False,False,-3,8.316544717929398,entry_plus_no_exit_continuity_assumption; documented exits override after last active month,approved_core_municipality_proxy,DERIVED_REVIEWED_DESTINATION_PANEL
moleson,Moléson,2017-09-01,2017,9,1,1,True,2017-11-01,exact_product_validity_date,True,False,3080.0,2081.0,1492.0,1588.0,0,False,False,-2,8.033009498596668,entry_plus_no_exit_continuity_assumption; documented exits override after last active month,approved_core_municipality_proxy,DERIVED_REVIEWED_DESTINATION_PANEL
moleson,Moléson,2017-10-01,2017,10,1,1,True,2017-11-01,exact_product_validity_date,True,False,2953.0,2115.0,1834.0,1119.0,0,False,False,-1,7.9909154630913255,entry_plus_no_exit_continuity_assumption; documented exits override after last active month,approved_core_municipality_proxy,DERIVED_REVIEWED_DESTINATION_PANEL
moleson,Moléson,2017-11-01,2017,11,1,1,True,2017-11-01,exact_product_validity_date,True,False,1064.0,866.0,658.0,406.0,1,True,True,0,6.970730078143525,entry_plus_no_exit_continuity_assumption; documented exits override after last active month,approved_core_municipality_proxy,DERIVED_REVIEWED_DESTINATION_PANEL
moleson,Moléson,2017-12-01,2017,12,1,1,True,2017-11-01,exact_product_validity_date,True,False,1420.0,983.0,828.0,592.0,1,True,True,1,7.259116128097101,entry_plus_no_exit_continuity_assumption; documented exits override after last active month,approved_core_municipality_proxy,DERIVED_REVIEWED_DESTINATION_PANEL
moleson,Moléson,2018-01-01,2018,1,1,1,True,2017-11-01,exact_product_validity_date,True,False,1086.0,739.0,622.0,464.0,1,True,True,2,6.99117688712121,entry_plus_no_exit_continuity_assumption; documented exits override after last active month,approved_core_municipality_proxy,DERIVED_REVIEWED_DESTINATION_PANEL
moleson,Moléson,2018-02-01,2018,2,1,1,True,2017-11-01,exact_product_validity_date,True,False,1380.0,864.0,842.0,538.0,1,True,True,3,7.2305631534092925,entry_plus_no_exit_continuity_assumption; documented exits override after last active month,approved_core_municipality_proxy,DERIVED_REVIEWED_DESTINATION_PANEL
moleson,Moléson,2018-03-01,2018,3,1,1,True,2017-11-01,exact_product_validity_date,True,False,1028.0,741.0,638.0,390.0,1,True,True,4,6.9363427358340495,entry_plus_no_exit_continuity_assumption; documented exits override after last active month,approved_core_municipality_proxy,DERIVED_REVIEWED_DESTINATION_PANEL
moleson,Moléson,2018-04-01,2018,4,1,1,True,2017-11-01,exact_product_validity_date,True,False,1248.0,927.0,692.0,556.0,1,True,True,5,7.130098510125578,entry_plus_no_exit_continuity_assumption; documented exits override after last active month,approved_core_municipality_proxy,DERIVED_REVIEWED_DESTINATION_PANEL
moleson,Moléson,2018-05-01,2018,5,1,1,True,2017-11-01,exact_product_validity_date,True,False,1617.0,1184.0,863.0,754.0,1,True,True,6,7.388946097618437,entry_plus_no_exit_continuity_assumption; documented exits override after last active month,approved_core_municipality_proxy,DERIVED_REVIEWED_DESTINATION_PANEL
moleson,Moléson,2018-06-01,2018,6,1,1,True,2017-11-01,exact_product_validity_date,True,False,2052.0,1488.0,1006.0,1046.0,1,True,True,7,7.627057417018934,entry_plus_no_exit_continuity_assumption; documented exits override after last active month,approved_core_municipality_proxy,DERIVED_REVIEWED_DESTINATION_PANEL
moleson,Moléson,2018-07-01,2018,7,1,1,True,2017-11-01,exact_product_validity_date,True,False,2610.0,1854.0,1267.0,1343.0,1,True,True,8,7.8674885686991285,entry_plus_no_exit_continuity_assumption; documented exits override after last active month,approved_core_municipality_proxy,DERIVED_REVIEWED_DESTINATION_PANEL
moleson,Moléson,2018-08-01,2018,8,1,1,True,2017-11-01,exact_product_validity_date,True,False,2642.0,1954.0,1291.0,1351.0,1,True,True,9,7.879669914604289,entry_plus_no_exit_continuity_assumption; documented exits override after last active month,approved_core_municipality_proxy,DERIVED_REVIEWED_DESTINATION_PANEL
moleson,Moléson,2018-09-01,2018,9,1,1,True,2017-11-01,exact_product_validity_date,True,False,2071.0,1640.0,1288.0,783.0,1,True,True,10,7.6362696033793735,entry_plus_no_exit_continuity_assumption; documented exits override after last active month,approved_core_municipality_proxy,DERIVED_REVIEWED_DESTINATION_PANEL
moleson,Moléson,2018-10-01,2018,10,1,1,True,2017-11-01,exact_product_validity_date,True,False,1698.0,1300.0,991.0,707.0,1,True,True,11,7.4377951216719325,entry_plus_no_exit_continuity_assumption; documented exits override after last active month,approved_core_municipality_proxy,DERIVED_REVIEWED_DESTINATION_PANEL
moleson,Moléson,2018-11-01,2018,11,1,1,True,2017-11-01,exact_product_validity_date,True,False,1119.0,846.0,668.0,451.0,1,True,True,12,7.02108396428914,entry_plus_no_exit_continuity_assumption; documented exits override after last active month,approved_core_municipality_proxy,DERIVED_REVIEWED_DESTINATION_PANEL
moleson,Moléson,2018-12-01,2018,12,1,1,True,2017-11-01,exact_product_validity_date,True,False,1198.0,957.0,556.0,642.0,1,True,True,13,7.089243155027514,entry_plus_no_exit_continuity_assumption; documented exits override after last active month,approved_core_municipality_proxy,DERIVED_REVIEWED_DESTINATION_PANEL
moleson,Moléson,2019-01-01,2019,1,1,1,True,2017-11-01,exact_product_validity_date,True,False,984.0,642.0,493.0,491.0,1,True,True,14,6.892641641172089,entry_plus_no_exit_continuity_assumption; documented exits override after last active month,approved_core_municipality_proxy,DERIVED_REVIEWED_DESTINATION_PANEL
moleson,Moléson,2019-02-01,2019,2,1,1,True,2017-11-01,exact_product_validity_date,True,False,1186.0,824.0,590.0,596.0,1,True,True,15,7.079184394609668,entry_plus_no_exit_continuity_assumption; documented exits override after last active month,approved_core_municipality_proxy,DERIVED_REVIEWED_DESTINATION_PANEL
moleson,Moléson,2019-03-01,2019,3,1,1,True,2017-11-01,exact_product_validity_date,True,False,981.0,790.0,515.0,466.0,1,True,True,16,6.889591308354466,entry_plus_no_exit_continuity_assumption; documented exits override after last active month,approved_core_municipality_proxy,DERIVED_REVIEWED_DESTINATION_PANEL
moleson,Moléson,2019-04-01,2019,4,1,1,True,2017-11-01,exact_product_validity_date,True,False,1257.0,920.0,646.0,611.0,1,True,True,17,7.1372784372603855,entry_plus_no_exit_continuity_assumption; documented exits override after last active month,approved_core_municipality_proxy,DERIVED_REVIEWED_DESTINATION_PANEL
moleson,Moléson,2019-05-01,2019,5,1,1,True,2017-11-01,exact_product_validity_date,True,False,1681.0,1317.0,757.0,924.0,1,True,True,18,7.427738840532894,entry_plus_no_exit_continuity_assumption; documented exits override after last active month,approved_core_municipality_proxy,DERIVED_REVIEWED_DESTINATION_PANEL
moleson,Moléson,2019-06-01,2019,6,1,1,True,2017-11-01,exact_product_validity_date,True,False,2567.0,1792.0,1296.0,1271.0,1,True,True,19,7.850882664809852,entry_plus_no_exit_continuity_assumption; documented exits override after last active month,approved_core_municipality_proxy,DERIVED_REVIEWED_DESTINATION_PANEL
moleson,Moléson,2019-07-01,2019,7,1,1,True,2017-11-01,exact_product_validity_date,True,False,3161.0,2238.0,1368.0,1793.0,1,True,True,20,8.058960017769417,entry_plus_no_exit_continuity_assumption; documented exits override after last active month,approved_core_municipality_proxy,DERIVED_REVIEWED_DESTINATION_PANEL
moleson,Moléson,2019-08-01,2019,8,1,1,True,2017-11-01,exact_product_validity_date,True,False,3874.0,2681.0,1973.0,1901.0,1,True,True,21,8.262300941787448,entry_plus_no_exit_continuity_assumption; documented exits override after last active month,approved_core_municipality_proxy,DERIVED_REVIEWED_DESTINATION_PANEL
moleson,Moléson,2019-09-01,2019,9,1,1,True,2017-11-01,exact_product_validity_date,True,False,2488.0,1857.0,1360.0,1128.0,1,True,True,22,7.819636302367592,entry_plus_no_exit_continuity_assumption; documented exits override after last active month,approved_core_municipality_proxy,DERIVED_REVIEWED_DESTINATION_PANEL
moleson,Moléson,2019-10-01,2019,10,1,1,True,2017-11-01,exact_product_validity_date,True,False,2147.0,1588.0,1360.0,787.0,1,True,True,23,7.672292455628756,entry_plus_no_exit_continuity_assumption; documented exits override after last active month,approved_core_municipality_proxy,DERIVED_REVIEWED_DESTINATION_PANEL
moleson,Moléson,2019-11-01,2019,11,1,1,True,2017-11-01,exact_product_validity_date,True,False,1219.0,918.0,644.0,575.0,1,True,True,24,7.106606137727303,entry_plus_no_exit_continuity_assumption; documented exits override after last active month,approved_core_municipality_proxy,DERIVED_REVIEWED_DESTINATION_PANEL
moleson,Moléson,2019-12-01,2019,12,1,1,True,2017-11-01,exact_product_validity_date,True,False,1662.0,1202.0,771.0,891.0,1,True,True,25,7.416378479192928,entry_plus_no_exit_continuity_assumption; documented exits override after last active month,approved_core_municipality_proxy,DERIVED_REVIEWED_DESTINATION_PANEL
moleson,Moléson,2020-01-01,2020,1,1,1,True,2017-11-01,exact_product_validity_date,True,False,1158.0,839.0,589.0,569.0,1,True,True,26,7.055312843339752,entry_plus_no_exit_continuity_assumption; documented exits override after last active month,approved_core_municipality_proxy,DERIVED_REVIEWED_DESTINATION_PANEL
moleson,Moléson,2020-02-01,2020,2,1,1,True,2017-11-01,exact_product_validity_date,True,False,1388.0,956.0,764.0,624.0,1,True,True,27,7.236339342754344,entry_plus_no_exit_continuity_assumption; documented exits override after last active month,approved_core_municipality_proxy,DERIVED_REVIEWED_DESTINATION_PANEL
moleson,Moléson,2020-03-01,2020,3,1,1,True,2017-11-01,exact_product_validity_date,True,False,364.0,254.0,213.0,151.0,1,True,True,28,5.8998973535824915,entry_plus_no_exit_continuity_assumption; documented exits override after last active month,approved_core_municipality_proxy,DERIVED_REVIEWED_DESTINATION_PANEL
moleson,Moléson,2020-04-01,2020,4,1,0,False,2017-11-01,exact_product_validity_date,True,False,,,,,1,True,True,29,,entry_plus_no_exit_continuity_assumption; documented exits override after last active month,approved_core_municipality_proxy,DERIVED_REVIEWED_DESTINATION_PANEL
moleson,Moléson,2020-05-01,2020,5,1,0,False,2017-11-01,exact_product_validity_date,True,False,,,,,1,True,True,30,,entry_plus_no_exit_continuity_assumption; documented exits override after last active month,approved_core_municipality_proxy,DERIVED_REVIEWED_DESTINATION_PANEL
moleson,Moléson,2020-06-01,2020,6,1,1,True,2017-11-01,exact_product_validity_date,True,False,1829.0,1357.0,1688.0,141.0,1,True,True,31,7.512071245835466,entry_plus_no_exit_continuity_assumption; documented exits override after last active month,approved_core_municipality_proxy,DERIVED_REVIEWED_DESTINATION_PANEL
moleson,Moléson,2020-07-01,2020,7,1,1,True,2017-11-01,exact_product_validity_date,True,False,3369.0,2382.0,2884.0,485.0,1,True,True,32,8.122668023346407,entry_plus_no_exit_continuity_assumption; documented exits override after last active month,approved_core_municipality_proxy,DERIVED_REVIEWED_DESTINATION_PANEL
moleson,Moléson,2020-08-01,2020,8,1,1,True,2017-11-01,exact_product_validity_date,True,False,3066.0,2196.0,2278.0,788.0,1,True,True,33,8.028455164114252,entry_plus_no_exit_continuity_assumption; documented exits override after last active month,approved_core_municipality_proxy,DERIVED_REVIEWED_DESTINATION_PANEL
moleson,Moléson,2020-09-01,2020,9,1,1,True,2017-11-01,exact_product_validity_date,True,False,2286.0,1641.0,1981.0,305.0,1,True,True,34,7.734996194022781,entry_plus_no_exit_continuity_assumption; documented exits override after last active month,approved_core_municipality_proxy,DERIVED_REVIEWED_DESTINATION_PANEL
moleson,Moléson,2020-10-01,2020,10,1,1,True,2017-11-01,exact_product_validity_date,True,False,1997.0,1532.0,1683.0,314.0,1,True,True,35,7.599901959208498,entry_plus_no_exit_continuity_assumption; documented exits override after last active month,approved_core_municipality_proxy,DERIVED_REVIEWED_DESTINATION_PANEL
moleson,Moléson,2020-11-01,2020,11,1,1,True,2017-11-01,exact_product_validity_date,True,False,174.0,125.0,150.0,24.0,1,True,True,36,5.1647859739235145,entry_plus_no_exit_continuity_assumption; documented exits override after last active month,approved_core_municipality_proxy,DERIVED_REVIEWED_DESTINATION_PANEL
moleson,Moléson,2020-12-01,2020,12,1,1,True,2017-11-01,exact_product_validity_date,True,False,608.0,432.0,460.0,148.0,1,True,True,37,6.411818267709897,entry_plus_no_exit_continuity_assumption; documented exits override after last active month,approved_core_municipality_proxy,DERIVED_REVIEWED_DESTINATION_PANEL
moleson,Moléson,2021-01-01,2021,1,1,1,True,2017-11-01,exact_product_validity_date,True,False,212.0,153.0,176.0,36.0,1,True,True,38,5.3612921657094255,entry_plus_no_exit_continuity_assumption; documented exits override after last active month,approved_core_municipality_proxy,DERIVED_REVIEWED_DESTINATION_PANEL
moleson,Moléson,2021-02-01,2021,2,1,1,True,2017-11-01,exact_product_validity_date,True,False,420.0,317.0,370.0,50.0,1,True,True,39,6.042632833682381,entry_plus_no_exit_continuity_assumption; documented exits override after last active month,approved_core_municipality_proxy,DERIVED_REVIEWED_DESTINATION_PANEL
moleson,Moléson,2021-03-01,2021,3,1,1,True,2017-11-01,exact_product_validity_date,True,False,597.0,485.0,544.0,53.0,1,True,True,40,6.393590753950631,entry_plus_no_exit_continuity_assumption; documented exits override after last active month,approved_core_municipality_proxy,DERIVED_REVIEWED_DESTINATION_PANEL
moleson,Moléson,2021-04-01,2021,4,1,1,True,2017-11-01,exact_product_validity_date,True,False,2042.0,1443.0,1904.0,138.0,1,True,True,41,7.622174594817622,entry_plus_no_exit_continuity_assumption; documented exits override after last active month,approved_core_municipality_proxy,DERIVED_REVIEWED_DESTINATION_PANEL
moleson,Moléson,2021-05-01,2021,5,1,1,True,2017-11-01,exact_product_validity_date,True,False,2078.0,1457.0,1849.0,229.0,1,True,True,42,7.639642287858013,entry_plus_no_exit_continuity_assumption; documented exits override after last active month,approved_core_municipality_proxy,DERIVED_REVIEWED_DESTINATION_PANEL
moleson,Moléson,2021-06-01,2021,6,1,1,True,2017-11-01,exact_product_validity_date,True,False,1823.0,1252.0,1552.0,271.0,1,True,True,43,7.508787170634276,entry_plus_no_exit_continuity_assumption; documented exits override after last active month,approved_core_municipality_proxy,DERIVED_REVIEWED_DESTINATION_PANEL
moleson,Moléson,2021-07-01,2021,7,1,1,True,2017-11-01,exact_product_validity_date,True,False,2202.0,1248.0,1840.0,362.0,1,True,True,44,7.697575346802343,entry_plus_no_exit_continuity_assumption; documented exits override after last active month,approved_core_municipality_proxy,DERIVED_REVIEWED_DESTINATION_PANEL
moleson,Moléson,2021-08-01,2021,8,1,1,True,2017-11-01,exact_product_validity_date,True,False,4398.0,3111.0,3255.0,1143.0,1,True,True,45,8.389132521348719,entry_plus_no_exit_continuity_assumption; documented exits override after last active month,approved_core_municipality_proxy,DERIVED_REVIEWED_DESTINATION_PANEL
moleson,Moléson,2021-09-01,2021,9,1,1,True,2017-11-01,exact_product_validity_date,True,False,2639.0,1626.0,2026.0,613.0,1,True,True,46,7.878534196140362,entry_plus_no_exit_continuity_assumption; documented exits override after last active month,approved_core_municipality_proxy,DERIVED_REVIEWED_DESTINATION_PANEL
moleson,Moléson,2021-10-01,2021,10,1,1,True,2017-11-01,exact_product_validity_date,True,False,3349.0,2298.0,2752.0,597.0,1,True,True,47,8.116715624819111,entry_plus_no_exit_continuity_assumption; documented exits override after last active month,approved_core_municipality_proxy,DERIVED_REVIEWED_DESTINATION_PANEL
moleson,Moléson,2021-11-01,2021,11,1,1,True,2017-11-01,exact_product_validity_date,True,False,999.0,779.0,656.0,343.0,1,True,True,48,6.907755278982137,entry_plus_no_exit_continuity_assumption; documented exits override after last active month,approved_core_municipality_proxy,DERIVED_REVIEWED_DESTINATION_PANEL
moleson,Moléson,2021-12-01,2021,12,1,1,True,2017-11-01,exact_product_validity_date,True,False,1425.0,1086.0,1055.0,370.0,1,True,True,49,7.262628600974241,entry_plus_no_exit_continuity_assumption; documented exits override after last active month,approved_core_municipality_proxy,DERIVED_REVIEWED_DESTINATION_PANEL
moleson,Moléson,2022-01-01,2022,1,1,1,True,2017-11-01,exact_product_validity_date,True,False,1066.0,796.0,852.0,214.0,1,True,True,50,6.9726062513017535,entry_plus_no_exit_continuity_assumption; documented exits override after last active month,approved_core_municipality_proxy,DERIVED_REVIEWED_DESTINATION_PANEL
moleson,Moléson,2022-02-01,2022,2,1,1,True,2017-11-01,exact_product_validity_date,True,False,1457.0,978.0,1157.0,300.0,1,True,True,51,7.284820912568604,entry_plus_no_exit_continuity_assumption; documented exits override after last active month,approved_core_municipality_proxy,DERIVED_REVIEWED_DESTINATION_PANEL
moleson,Moléson,2022-03-01,2022,3,1,1,True,2017-11-01,exact_product_validity_date,True,False,1871.0,1291.0,1485.0,386.0,1,True,True,52,7.534762657037537,entry_plus_no_exit_continuity_assumption; documented exits override after last active month,approved_core_municipality_proxy,DERIVED_REVIEWED_DESTINATION_PANEL
moleson,Moléson,2022-04-01,2022,4,1,1,True,2017-11-01,exact_product_validity_date,True,False,1893.0,1357.0,1417.0,476.0,1,True,True,53,7.546446273746024,entry_plus_no_exit_continuity_assumption; documented exits override after last active month,approved_core_municipality_proxy,DERIVED_REVIEWED_DESTINATION_PANEL
moleson,Moléson,2022-05-01,2022,5,1,1,True,2017-11-01,exact_product_validity_date,True,False,2408.0,1758.0,1795.0,613.0,1,True,True,54,7.786967002614872,entry_plus_no_exit_continuity_assumption; documented exits override after last active month,approved_core_municipality_proxy,DERIVED_REVIEWED_DESTINATION_PANEL
moleson,Moléson,2022-06-01,2022,6,1,1,True,2017-11-01,exact_product_validity_date,True,False,2894.0,2236.0,1936.0,958.0,1,True,True,55,7.970740390007095,entry_plus_no_exit_continuity_assumption; documented exits override after last active month,approved_core_municipality_proxy,DERIVED_REVIEWED_DESTINATION_PANEL
moleson,Moléson,2022-07-01,2022,7,1,1,True,2017-11-01,exact_product_validity_date,True,False,3815.0,2798.0,2476.0,1339.0,1,True,True,56,8.246958032568177,entry_plus_no_exit_continuity_assumption; documented exits override after last active month,approved_core_municipality_proxy,DERIVED_REVIEWED_DESTINATION_PANEL
moleson,Moléson,2022-08-01,2022,8,1,1,True,2017-11-01,exact_product_validity_date,True,False,3872.0,2889.0,2419.0,1453.0,1,True,True,57,8.261784679514752,entry_plus_no_exit_continuity_assumption; documented exits override after last active month,approved_core_municipality_proxy,DERIVED_REVIEWED_DESTINATION_PANEL
moleson,Moléson,2022-09-01,2022,9,1,1,True,2017-11-01,exact_product_validity_date,True,False,2968.0,2261.0,2097.0,871.0,1,True,True,58,7.99598047476376,entry_plus_no_exit_continuity_assumption; documented exits override after last active month,approved_core_municipality_proxy,DERIVED_REVIEWED_DESTINATION_PANEL
moleson,Moléson,2022-10-01,2022,10,1,1,True,2017-11-01,exact_product_validity_date,True,False,2886.0,2140.0,2191.0,695.0,1,True,True,59,7.967973179662935,entry_plus_no_exit_continuity_assumption; documented exits override after last active month,approved_core_municipality_proxy,DERIVED_REVIEWED_DESTINATION_PANEL
moleson,Moléson,2022-11-01,2022,11,1,1,True,2017-11-01,exact_product_validity_date,True,False,1673.0,1198.0,1191.0,482.0,1,True,True,60,7.422971251049421,entry_plus_no_exit_continuity_assumption; documented exits override after last active month,approved_core_municipality_proxy,DERIVED_REVIEWED_DESTINATION_PANEL
moleson,Moléson,2022-12-01,2022,12,1,1,True,2017-11-01,exact_product_validity_date,True,False,2405.0,1505.0,1784.0,621.0,1,True,True,61,7.785720896534624,entry_plus_no_exit_continuity_assumption; documented exits override after last active month,approved_core_municipality_proxy,DERIVED_REVIEWED_DESTINATION_PANEL
moleson,Moléson,2023-01-01,2023,1,1,1,True,2017-11-01,exact_product_validity_date,True,False,1261.0,837.0,975.0,286.0,1,True,True,62,7.140453043101158,entry_plus_no_exit_continuity_assumption; documented exits override after last active month,approved_core_municipality_proxy,DERIVED_REVIEWED_DESTINATION_PANEL
moleson,Moléson,2023-02-01,2023,2,1,1,True,2017-11-01,exact_product_validity_date,True,False,1521.0,941.0,1158.0,363.0,1,True,True,63,7.3277805384216315,entry_plus_no_exit_continuity_assumption; documented exits override after last active month,approved_core_municipality_proxy,DERIVED_REVIEWED_DESTINATION_PANEL
moleson,Moléson,2023-03-01,2023,3,1,1,True,2017-11-01,exact_product_validity_date,True,False,1008.0,639.0,781.0,227.0,1,True,True,64,6.9167150203536085,entry_plus_no_exit_continuity_assumption; documented exits override after last active month,approved_core_municipality_proxy,DERIVED_REVIEWED_DESTINATION_PANEL
moleson,Moléson,2023-04-01,2023,4,1,1,True,2017-11-01,exact_product_validity_date,True,False,2012.0,1341.0,1466.0,546.0,1,True,True,65,7.607381425639791,entry_plus_no_exit_continuity_assumption; documented exits override after last active month,approved_core_municipality_proxy,DERIVED_REVIEWED_DESTINATION_PANEL
moleson,Moléson,2023-05-01,2023,5,1,1,True,2017-11-01,exact_product_validity_date,True,False,2623.0,1833.0,1811.0,812.0,1,True,True,66,7.8724551500639794,entry_plus_no_exit_continuity_assumption; documented exits override after last active month,approved_core_municipality_proxy,DERIVED_REVIEWED_DESTINATION_PANEL
moleson,Moléson,2023-06-01,2023,6,1,1,True,2017-11-01,exact_product_validity_date,True,False,2855.0,2151.0,1821.0,1034.0,1,True,True,67,7.957177323459475,entry_plus_no_exit_continuity_assumption; documented exits override after last active month,approved_core_municipality_proxy,DERIVED_REVIEWED_DESTINATION_PANEL
moleson,Moléson,2023-07-01,2023,7,1,1,True,2017-11-01,exact_product_validity_date,True,False,3531.0,2554.0,2083.0,1448.0,1,True,True,68,8.16961956172385,entry_plus_no_exit_continuity_assumption; documented exits override after last active month,approved_core_municipality_proxy,DERIVED_REVIEWED_DESTINATION_PANEL
moleson,Moléson,2023-08-01,2023,8,1,1,True,2017-11-01,exact_product_validity_date,True,False,3746.0,2781.0,2110.0,1636.0,1,True,True,69,8.228710798793687,entry_plus_no_exit_continuity_assumption; documented exits override after last active month,approved_core_municipality_proxy,DERIVED_REVIEWED_DESTINATION_PANEL
moleson,Moléson,2023-09-01,2023,9,1,1,True,2017-11-01,exact_product_validity_date,True,False,3165.0,2261.0,2176.0,989.0,1,True,True,70,8.060224240440958,entry_plus_no_exit_continuity_assumption; documented exits override after last active month,approved_core_municipality_proxy,DERIVED_REVIEWED_DESTINATION_PANEL
moleson,Moléson,2023-10-01,2023,10,1,1,True,2017-11-01,exact_product_validity_date,True,False,2810.0,2242.0,2118.0,692.0,1,True,True,71,7.941295570906532,entry_plus_no_exit_continuity_assumption; documented exits override after last active month,approved_core_municipality_proxy,DERIVED_REVIEWED_DESTINATION_PANEL
moleson,Moléson,2023-11-01,2023,11,1,1,True,2017-11-01,exact_product_validity_date,True,False,1519.0,1160.0,1101.0,418.0,1,True,True,72,7.326465613840322,entry_plus_no_exit_continuity_assumption; documented exits override after last active month,approved_core_municipality_proxy,DERIVED_REVIEWED_DESTINATION_PANEL
moleson,Moléson,2023-12-01,2023,12,1,1,True,2017-11-01,exact_product_validity_date,True,False,2071.0,1409.0,1336.0,735.0,1,True,True,73,7.6362696033793735,entry_plus_no_exit_continuity_assumption; documented exits override after last active month,approved_core_municipality_proxy,DERIVED_REVIEWED_DESTINATION_PANEL
moleson,Moléson,2024-01-01,2024,1,1,1,True,2017-11-01,exact_product_validity_date,True,False,1464.0,1023.0,888.0,576.0,1,True,True,74,7.289610521451167,entry_plus_no_exit_continuity_assumption; documented exits override after last active month,approved_core_municipality_proxy,DERIVED_REVIEWED_DESTINATION_PANEL
moleson,Moléson,2024-02-01,2024,2,1,1,True,2017-11-01,exact_product_validity_date,True,False,1538.0,1199.0,1041.0,497.0,1,True,True,75,7.338888133838879,entry_plus_no_exit_continuity_assumption; documented exits override after last active month,approved_core_municipality_proxy,DERIVED_REVIEWED_DESTINATION_PANEL
moleson,Moléson,2024-03-01,2024,3,1,1,True,2017-11-01,exact_product_validity_date,True,False,1618.0,1173.0,1143.0,475.0,1,True,True,76,7.389563953677635,entry_plus_no_exit_continuity_assumption; documented exits override after last active month,approved_core_municipality_proxy,DERIVED_REVIEWED_DESTINATION_PANEL
moleson,Moléson,2024-04-01,2024,4,1,1,True,2017-11-01,exact_product_validity_date,True,False,1837.0,1433.0,1459.0,378.0,1,True,True,77,7.516433302915632,entry_plus_no_exit_continuity_assumption; documented exits override after last active month,approved_core_municipality_proxy,DERIVED_REVIEWED_DESTINATION_PANEL
moleson,Moléson,2024-05-01,2024,5,1,1,True,2017-11-01,exact_product_validity_date,True,False,2441.0,1770.0,1628.0,813.0,1,True,True,78,7.80057265467065,entry_plus_no_exit_continuity_assumption; documented exits override after last active month,approved_core_municipality_proxy,DERIVED_REVIEWED_DESTINATION_PANEL
moleson,Moléson,2024-06-01,2024,6,1,1,True,2017-11-01,exact_product_validity_date,True,False,2554.0,2068.0,1598.0,956.0,1,True,True,79,7.845807502637805,entry_plus_no_exit_continuity_assumption; documented exits override after last active month,approved_core_municipality_proxy,DERIVED_REVIEWED_DESTINATION_PANEL
moleson,Moléson,2024-07-01,2024,7,1,1,True,2017-11-01,exact_product_validity_date,True,False,3174.0,2555.0,2117.0,1057.0,1,True,True,80,8.063062911326792,entry_plus_no_exit_continuity_assumption; documented exits override after last active month,approved_core_municipality_proxy,DERIVED_REVIEWED_DESTINATION_PANEL
moleson,Moléson,2024-08-01,2024,8,1,1,True,2017-11-01,exact_product_validity_date,True,False,3520.0,2604.0,2209.0,1311.0,1,True,True,81,8.166500319155052,entry_plus_no_exit_continuity_assumption; documented exits override after last active month,approved_core_municipality_proxy,DERIVED_REVIEWED_DESTINATION_PANEL
moleson,Moléson,2024-09-01,2024,9,1,1,True,2017-11-01,exact_product_validity_date,True,False,2740.0,2095.0,1807.0,933.0,1,True,True,82,7.916078096302786,entry_plus_no_exit_continuity_assumption; documented exits override after last active month,approved_core_municipality_proxy,DERIVED_REVIEWED_DESTINATION_PANEL
moleson,Moléson,2024-10-01,2024,10,1,1,True,2017-11-01,exact_product_validity_date,True,False,2849.0,1974.0,2276.0,573.0,1,True,True,83,7.955074273262696,entry_plus_no_exit_continuity_assumption; documented exits override after last active month,approved_core_municipality_proxy,DERIVED_REVIEWED_DESTINATION_PANEL
moleson,Moléson,2024-11-01,2024,11,1,1,True,2017-11-01,exact_product_validity_date,True,False,1781.0,1185.0,1335.0,446.0,1,True,True,84,7.485491608030754,entry_plus_no_exit_continuity_assumption; documented exits override after last active month,approved_core_municipality_proxy,DERIVED_REVIEWED_DESTINATION_PANEL
moleson,Moléson,2024-12-01,2024,12,1,1,True,2017-11-01,exact_product_validity_date,True,False,2817.0,1877.0,1786.0,1031.0,1,True,True,85,7.943782692458625,entry_plus_no_exit_continuity_assumption; documented exits override after last active month,approved_core_municipality_proxy,DERIVED_REVIEWED_DESTINATION_PANEL
moleson,Moléson,2025-01-01,2025,1,1,1,True,2017-11-01,exact_product_validity_date,True,False,1125.0,815.0,772.0,353.0,1,True,True,86,7.026426808699636,entry_plus_no_exit_continuity_assumption; documented exits override after last active month,approved_core_municipality_proxy,DERIVED_REVIEWED_DESTINATION_PANEL
moleson,Moléson,2025-02-01,2025,2,1,1,True,2017-11-01,exact_product_validity_date,True,False,1220.0,1021.0,750.0,470.0,1,True,True,87,7.107425474110705,entry_plus_no_exit_continuity_assumption; documented exits override after last active month,approved_core_municipality_proxy,DERIVED_REVIEWED_DESTINATION_PANEL
moleson,Moléson,2025-03-01,2025,3,1,1,True,2017-11-01,exact_product_validity_date,True,False,1213.0,970.0,766.0,447.0,1,True,True,88,7.101675971619444,entry_plus_no_exit_continuity_assumption; documented exits override after last active month,approved_core_municipality_proxy,DERIVED_REVIEWED_DESTINATION_PANEL
moleson,Moléson,2025-04-01,2025,4,1,1,True,2017-11-01,exact_product_validity_date,True,False,1877.0,1364.0,1459.0,418.0,1,True,True,89,7.537962659768208,entry_plus_no_exit_continuity_assumption; documented exits override after last active month,approved_core_municipality_proxy,DERIVED_REVIEWED_DESTINATION_PANEL
moleson,Moléson,2025-05-01,2025,5,1,1,True,2017-11-01,exact_product_validity_date,True,False,2772.0,1953.0,1820.0,952.0,1,True,True,90,7.927685045615778,entry_plus_no_exit_continuity_assumption; documented exits override after last active month,approved_core_municipality_proxy,DERIVED_REVIEWED_DESTINATION_PANEL
moleson,Moléson,2025-06-01,2025,6,1,1,True,2017-11-01,exact_product_validity_date,True,False,2807.0,2247.0,1774.0,1033.0,1,True,True,91,7.940227765145702,entry_plus_no_exit_continuity_assumption; documented exits override after last active month,approved_core_municipality_proxy,DERIVED_REVIEWED_DESTINATION_PANEL
moleson,Moléson,2025-07-01,2025,7,1,1,True,2017-11-01,exact_product_validity_date,True,False,3309.0,2517.0,2112.0,1197.0,1,True,True,92,8.104703468371108,entry_plus_no_exit_continuity_assumption; documented exits override after last active month,approved_core_municipality_proxy,DERIVED_REVIEWED_DESTINATION_PANEL
moleson,Moléson,2025-08-01,2025,8,1,1,True,2017-11-01,exact_product_validity_date,True,False,3558.0,2809.0,2242.0,1316.0,1,True,True,93,8.177234885510194,entry_plus_no_exit_continuity_assumption; documented exits override after last active month,approved_core_municipality_proxy,DERIVED_REVIEWED_DESTINATION_PANEL
moleson,Moléson,2025-09-01,2025,9,1,1,True,2017-11-01,exact_product_validity_date,True,False,2625.0,2117.0,1715.0,910.0,1,True,True,94,7.873217054862741,entry_plus_no_exit_continuity_assumption; documented exits override after last active month,approved_core_municipality_proxy,DERIVED_REVIEWED_DESTINATION_PANEL
moleson,Moléson,2025-10-01,2025,10,1,1,True,2017-11-01,exact_product_validity_date,True,False,2678.0,1950.0,1836.0,842.0,1,True,True,95,7.893198869544609,entry_plus_no_exit_continuity_assumption; documented exits override after last active month,approved_core_municipality_proxy,DERIVED_REVIEWED_DESTINATION_PANEL
moleson,Moléson,2025-11-01,2025,11,1,1,True,2017-11-01,exact_product_validity_date,True,False,1628.0,1162.0,1089.0,539.0,1,True,True,96,7.395721608602045,entry_plus_no_exit_continuity_assumption; documented exits override after last active month,approved_core_municipality_proxy,DERIVED_REVIEWED_DESTINATION_PANEL
moleson,Moléson,2025-12-01,2025,12,1,1,True,2017-11-01,exact_product_validity_date,True,False,2266.0,1647.0,1588.0,678.0,1,True,True,97,7.726212650507529,entry_plus_no_exit_continuity_assumption; documented exits override after last active month,approved_core_municipality_proxy,DERIVED_REVIEWED_DESTINATION_PANEL
moleson,Moléson,2026-01-01,2026,1,1,1,True,2017-11-01,exact_product_validity_date,True,False,1510.0,964.0,1060.0,450.0,1,True,True,98,7.32052696227274,entry_plus_no_exit_continuity_assumption; documented exits override after last active month,approved_core_municipality_proxy,DERIVED_REVIEWED_DESTINATION_PANEL
moleson,Moléson,2026-02-01,2026,2,1,1,True,2017-11-01,exact_product_validity_date,True,False,1342.0,1044.0,817.0,525.0,1,True,True,99,7.202661196523238,entry_plus_no_exit_continuity_assumption; documented exits override after last active month,approved_core_municipality_proxy,DERIVED_REVIEWED_DESTINATION_PANEL
moleson,Moléson,2026-03-01,2026,3,1,1,True,2017-11-01,exact_product_validity_date,True,False,1131.0,944.0,727.0,404.0,1,True,True,100,7.0317412587631285,entry_plus_no_exit_continuity_assumption; documented exits override after last active month,approved_core_municipality_proxy,DERIVED_REVIEWED_DESTINATION_PANEL
moleson,Moléson,2026-04-01,2026,4,1,0,False,2017-11-01,exact_product_validity_date,True,False,,,,,1,True,True,101,,entry_plus_no_exit_continuity_assumption; documented exits override after last active month,approved_core_municipality_proxy,DERIVED_REVIEWED_DESTINATION_PANEL
moleson,Moléson,2026-05-01,2026,5,1,0,False,2017-11-01,exact_product_validity_date,True,False,,,,,1,True,True,102,,entry_plus_no_exit_continuity_assumption; documented exits override after last active month,approved_core_municipality_proxy,DERIVED_REVIEWED_DESTINATION_PANEL
moleson,Moléson,2026-06-01,2026,6,1,0,False,2017-11-01,exact_product_validity_date,True,False,,,,,1,True,True,103,,entry_plus_no_exit_continuity_assumption; documented exits override after last active month,approved_core_municipality_proxy,DERIVED_REVIEWED_DESTINATION_PANEL
moleson,Moléson,2026-07-01,2026,7,1,0,False,2017-11-01,exact_product_validity_date,True,False,,,,,1,True,True,104,,entry_plus_no_exit_continuity_assumption; documented exits override after last active month,approved_core_municipality_proxy,DERIVED_REVIEWED_DESTINATION_PANEL
moleson,Moléson,2026-08-01,2026,8,1,0,False,2017-11-01,exact_product_validity_date,True,False,,,,,1,True,True,105,,entry_plus_no_exit_continuity_assumption; documented exits override after last active month,approved_core_municipality_proxy,DERIVED_REVIEWED_DESTINATION_PANEL
moleson,Moléson,2026-09-01,2026,9,1,0,False,2017-11-01,exact_product_validity_date,True,False,,,,,1,True,True,106,,entry_plus_no_exit_continuity_assumption; documented exits override after last active month,approved_core_municipality_proxy,DERIVED_REVIEWED_DESTINATION_PANEL
moleson,Moléson,2026-10-01,2026,10,1,0,False,2017-11-01,exact_product_validity_date,True,False,,,,,1,True,True,107,,entry_plus_no_exit_continuity_assumption; documented exits override after last active month,approved_core_municipality_proxy,DERIVED_REVIEWED_DESTINATION_PANEL
moleson,Moléson,2026-11-01,2026,11,1,0,False,2017-11-01,exact_product_validity_date,True,False,,,,,1,True,True,108,,entry_plus_no_exit_continuity_assumption; documented exits override after last active month,approved_core_municipality_proxy,DERIVED_REVIEWED_DESTINATION_PANEL
moleson,Moléson,2026-12-01,2026,12,1,0,False,2017-11-01,exact_product_validity_date,True,False,,,,,1,True,True,109,,entry_plus_no_exit_continuity_assumption; documented exits override after last active month,approved_core_municipality_proxy,DERIVED_REVIEWED_DESTINATION_PANEL
reichenbach_magic_portfolio,Reichenbach im Kandertal Magic Pass portfolio,2013-01-01,2013,1,1,1,True,2022-05-01,analytical_month_anchor,True,False,1827.0,782.0,1510.0,317.0,0,False,False,-112,7.510977752014095,entry_plus_no_exit_continuity_assumption; documented exits override after last active month,approved_complete_observed_municipal_scope,DERIVED_REVIEWED_DESTINATION_PANEL
reichenbach_magic_portfolio,Reichenbach im Kandertal Magic Pass portfolio,2013-02-01,2013,2,1,1,True,2022-05-01,analytical_month_anchor,True,False,1769.0,670.0,1425.0,344.0,0,False,False,-111,7.478734825567875,entry_plus_no_exit_continuity_assumption; documented exits override after last active month,approved_complete_observed_municipal_scope,DERIVED_REVIEWED_DESTINATION_PANEL
reichenbach_magic_portfolio,Reichenbach im Kandertal Magic Pass portfolio,2013-03-01,2013,3,1,1,True,2022-05-01,analytical_month_anchor,True,False,2014.0,617.0,1504.0,510.0,0,False,False,-110,7.608374474380783,entry_plus_no_exit_continuity_assumption; documented exits override after last active month,approved_complete_observed_municipal_scope,DERIVED_REVIEWED_DESTINATION_PANEL
reichenbach_magic_portfolio,Reichenbach im Kandertal Magic Pass portfolio,2013-04-01,2013,4,1,1,True,2022-05-01,analytical_month_anchor,True,False,1602.0,452.0,1212.0,390.0,0,False,False,-109,7.3796321526095525,entry_plus_no_exit_continuity_assumption; documented exits override after last active month,approved_complete_observed_municipal_scope,DERIVED_REVIEWED_DESTINATION_PANEL
reichenbach_magic_portfolio,Reichenbach im Kandertal Magic Pass portfolio,2013-05-01,2013,5,1,1,True,2022-05-01,analytical_month_anchor,True,False,1878.0,568.0,1305.0,573.0,0,False,False,-108,7.538494999413465,entry_plus_no_exit_continuity_assumption; documented exits override after last active month,approved_complete_observed_municipal_scope,DERIVED_REVIEWED_DESTINATION_PANEL
reichenbach_magic_portfolio,Reichenbach im Kandertal Magic Pass portfolio,2013-06-01,2013,6,1,1,True,2022-05-01,analytical_month_anchor,True,False,2573.0,995.0,1577.0,996.0,0,False,False,-107,7.853216388156072,entry_plus_no_exit_continuity_assumption; documented exits override after last active month,approved_complete_observed_municipal_scope,DERIVED_REVIEWED_DESTINATION_PANEL
reichenbach_magic_portfolio,Reichenbach im Kandertal Magic Pass portfolio,2013-07-01,2013,7,1,1,True,2022-05-01,analytical_month_anchor,True,False,4001.0,1988.0,2584.0,1417.0,0,False,False,-106,8.294549515143679,entry_plus_no_exit_continuity_assumption; documented exits override after last active month,approved_complete_observed_municipal_scope,DERIVED_REVIEWED_DESTINATION_PANEL
reichenbach_magic_portfolio,Reichenbach im Kandertal Magic Pass portfolio,2013-08-01,2013,8,1,1,True,2022-05-01,analytical_month_anchor,True,False,4039.0,2060.0,2703.0,1336.0,0,False,False,-105,8.303999970955196,entry_plus_no_exit_continuity_assumption; documented exits override after last active month,approved_complete_observed_municipal_scope,DERIVED_REVIEWED_DESTINATION_PANEL
reichenbach_magic_portfolio,Reichenbach im Kandertal Magic Pass portfolio,2013-09-01,2013,9,1,1,True,2022-05-01,analytical_month_anchor,True,False,2638.0,1330.0,1803.0,835.0,0,False,False,-104,7.878155336503324,entry_plus_no_exit_continuity_assumption; documented exits override after last active month,approved_complete_observed_municipal_scope,DERIVED_REVIEWED_DESTINATION_PANEL
reichenbach_magic_portfolio,Reichenbach im Kandertal Magic Pass portfolio,2013-10-01,2013,10,1,1,True,2022-05-01,analytical_month_anchor,True,False,1511.0,581.0,1145.0,366.0,0,False,False,-103,7.321188556739478,entry_plus_no_exit_continuity_assumption; documented exits override after last active month,approved_complete_observed_municipal_scope,DERIVED_REVIEWED_DESTINATION_PANEL
reichenbach_magic_portfolio,Reichenbach im Kandertal Magic Pass portfolio,2013-11-01,2013,11,1,1,True,2022-05-01,analytical_month_anchor,True,False,1513.0,433.0,1148.0,365.0,0,False,False,-102,7.322510433997394,entry_plus_no_exit_continuity_assumption; documented exits override after last active month,approved_complete_observed_municipal_scope,DERIVED_REVIEWED_DESTINATION_PANEL
reichenbach_magic_portfolio,Reichenbach im Kandertal Magic Pass portfolio,2013-12-01,2013,12,1,1,True,2022-05-01,analytical_month_anchor,True,False,1130.0,592.0,828.0,302.0,0,False,False,-101,7.030857476116121,entry_plus_no_exit_continuity_assumption; documented exits override after last active month,approved_complete_observed_municipal_scope,DERIVED_REVIEWED_DESTINATION_PANEL
reichenbach_magic_portfolio,Reichenbach im Kandertal Magic Pass portfolio,2014-01-01,2014,1,1,1,True,2022-05-01,analytical_month_anchor,True,False,980.0,495.0,826.0,154.0,0,False,False,-100,6.8885724595653635,entry_plus_no_exit_continuity_assumption; documented exits override after last active month,approved_complete_observed_municipal_scope,DERIVED_REVIEWED_DESTINATION_PANEL
reichenbach_magic_portfolio,Reichenbach im Kandertal Magic Pass portfolio,2014-02-01,2014,2,1,1,True,2022-05-01,analytical_month_anchor,True,False,1114.0,725.0,926.0,188.0,0,False,False,-99,7.016609683894219,entry_plus_no_exit_continuity_assumption; documented exits override after last active month,approved_complete_observed_municipal_scope,DERIVED_REVIEWED_DESTINATION_PANEL
reichenbach_magic_portfolio,Reichenbach im Kandertal Magic Pass portfolio,2014-03-01,2014,3,1,1,True,2022-05-01,analytical_month_anchor,True,False,1777.0,511.0,1437.0,340.0,0,False,False,-98,7.48324441607385,entry_plus_no_exit_continuity_assumption; documented exits override after last active month,approved_complete_observed_municipal_scope,DERIVED_REVIEWED_DESTINATION_PANEL
reichenbach_magic_portfolio,Reichenbach im Kandertal Magic Pass portfolio,2014-04-01,2014,4,1,1,True,2022-05-01,analytical_month_anchor,True,False,1321.0,363.0,1080.0,241.0,0,False,False,-97,7.186901020411631,entry_plus_no_exit_continuity_assumption; documented exits override after last active month,approved_complete_observed_municipal_scope,DERIVED_REVIEWED_DESTINATION_PANEL
reichenbach_magic_portfolio,Reichenbach im Kandertal Magic Pass portfolio,2014-05-01,2014,5,1,1,True,2022-05-01,analytical_month_anchor,True,False,2374.0,869.0,1758.0,616.0,0,False,False,-96,7.772752716468742,entry_plus_no_exit_continuity_assumption; documented exits override after last active month,approved_complete_observed_municipal_scope,DERIVED_REVIEWED_DESTINATION_PANEL
reichenbach_magic_portfolio,Reichenbach im Kandertal Magic Pass portfolio,2014-06-01,2014,6,1,1,True,2022-05-01,analytical_month_anchor,True,False,2707.0,918.0,1440.0,1267.0,0,False,False,-95,7.903965634032166,entry_plus_no_exit_continuity_assumption; documented exits override after last active month,approved_complete_observed_municipal_scope,DERIVED_REVIEWED_DESTINATION_PANEL
reichenbach_magic_portfolio,Reichenbach im Kandertal Magic Pass portfolio,2014-07-01,2014,7,1,1,True,2022-05-01,analytical_month_anchor,True,False,4127.0,1884.0,2454.0,1673.0,0,False,False,-94,8.325548307161398,entry_plus_no_exit_continuity_assumption; documented exits override after last active month,approved_complete_observed_municipal_scope,DERIVED_REVIEWED_DESTINATION_PANEL
reichenbach_magic_portfolio,Reichenbach im Kandertal Magic Pass portfolio,2014-08-01,2014,8,1,1,True,2022-05-01,analytical_month_anchor,True,False,4100.0,1993.0,2463.0,1637.0,0,False,False,-93,8.31898612539206,entry_plus_no_exit_continuity_assumption; documented exits override after last active month,approved_complete_observed_municipal_scope,DERIVED_REVIEWED_DESTINATION_PANEL
reichenbach_magic_portfolio,Reichenbach im Kandertal Magic Pass portfolio,2014-09-01,2014,9,1,1,True,2022-05-01,analytical_month_anchor,True,False,3023.0,1503.0,2139.0,884.0,0,False,False,-92,8.014335737299424,entry_plus_no_exit_continuity_assumption; documented exits override after last active month,approved_complete_observed_municipal_scope,DERIVED_REVIEWED_DESTINATION_PANEL
reichenbach_magic_portfolio,Reichenbach im Kandertal Magic Pass portfolio,2014-10-01,2014,10,1,1,True,2022-05-01,analytical_month_anchor,True,False,2417.0,882.0,1802.0,615.0,0,False,False,-91,7.790696031174738,entry_plus_no_exit_continuity_assumption; documented exits override after last active month,approved_complete_observed_municipal_scope,DERIVED_REVIEWED_DESTINATION_PANEL
reichenbach_magic_portfolio,Reichenbach im Kandertal Magic Pass portfolio,2014-11-01,2014,11,1,1,True,2022-05-01,analytical_month_anchor,True,False,1794.0,385.0,1525.0,269.0,0,False,False,-90,7.492760300922379,entry_plus_no_exit_continuity_assumption; documented exits override after last active month,approved_complete_observed_municipal_scope,DERIVED_REVIEWED_DESTINATION_PANEL
reichenbach_magic_portfolio,Reichenbach im Kandertal Magic Pass portfolio,2014-12-01,2014,12,1,1,True,2022-05-01,analytical_month_anchor,True,False,1281.0,560.0,958.0,323.0,0,False,False,-89,7.156176637480615,entry_plus_no_exit_continuity_assumption; documented exits override after last active month,approved_complete_observed_municipal_scope,DERIVED_REVIEWED_DESTINATION_PANEL
reichenbach_magic_portfolio,Reichenbach im Kandertal Magic Pass portfolio,2015-01-01,2015,1,1,1,True,2022-05-01,analytical_month_anchor,True,False,1115.0,633.0,837.0,278.0,0,False,False,-88,7.017506142941256,entry_plus_no_exit_continuity_assumption; documented exits override after last active month,approved_complete_observed_municipal_scope,DERIVED_REVIEWED_DESTINATION_PANEL
reichenbach_magic_portfolio,Reichenbach im Kandertal Magic Pass portfolio,2015-02-01,2015,2,1,1,True,2022-05-01,analytical_month_anchor,True,False,1472.0,756.0,1166.0,306.0,0,False,False,-87,7.29505641646263,entry_plus_no_exit_continuity_assumption; documented exits override after last active month,approved_complete_observed_municipal_scope,DERIVED_REVIEWED_DESTINATION_PANEL
reichenbach_magic_portfolio,Reichenbach im Kandertal Magic Pass portfolio,2015-03-01,2015,3,1,1,True,2022-05-01,analytical_month_anchor,True,False,2064.0,634.0,1695.0,369.0,0,False,False,-86,7.632885505395133,entry_plus_no_exit_continuity_assumption; documented exits override after last active month,approved_complete_observed_municipal_scope,DERIVED_REVIEWED_DESTINATION_PANEL
reichenbach_magic_portfolio,Reichenbach im Kandertal Magic Pass portfolio,2015-04-01,2015,4,1,1,True,2022-05-01,analytical_month_anchor,True,False,1400.0,338.0,1096.0,304.0,0,False,False,-85,7.244941546337007,entry_plus_no_exit_continuity_assumption; documented exits override after last active month,approved_complete_observed_municipal_scope,DERIVED_REVIEWED_DESTINATION_PANEL
reichenbach_magic_portfolio,Reichenbach im Kandertal Magic Pass portfolio,2015-05-01,2015,5,1,1,True,2022-05-01,analytical_month_anchor,True,False,2457.0,812.0,2014.0,443.0,0,False,False,-84,7.80710329012598,entry_plus_no_exit_continuity_assumption; documented exits override after last active month,approved_complete_observed_municipal_scope,DERIVED_REVIEWED_DESTINATION_PANEL
reichenbach_magic_portfolio,Reichenbach im Kandertal Magic Pass portfolio,2015-06-01,2015,6,1,1,True,2022-05-01,analytical_month_anchor,True,False,3089.0,1214.0,1745.0,1344.0,0,False,False,-83,8.035926369891792,entry_plus_no_exit_continuity_assumption; documented exits override after last active month,approved_complete_observed_municipal_scope,DERIVED_REVIEWED_DESTINATION_PANEL
reichenbach_magic_portfolio,Reichenbach im Kandertal Magic Pass portfolio,2015-07-01,2015,7,1,1,True,2022-05-01,analytical_month_anchor,True,False,4389.0,2635.0,3072.0,1317.0,0,False,False,-82,8.387084506069217,entry_plus_no_exit_continuity_assumption; documented exits override after last active month,approved_complete_observed_municipal_scope,DERIVED_REVIEWED_DESTINATION_PANEL
reichenbach_magic_portfolio,Reichenbach im Kandertal Magic Pass portfolio,2015-08-01,2015,8,1,1,True,2022-05-01,analytical_month_anchor,True,False,4342.0,2357.0,2827.0,1515.0,0,False,False,-81,8.376320632534823,entry_plus_no_exit_continuity_assumption; documented exits override after last active month,approved_complete_observed_municipal_scope,DERIVED_REVIEWED_DESTINATION_PANEL
reichenbach_magic_portfolio,Reichenbach im Kandertal Magic Pass portfolio,2015-09-01,2015,9,1,1,True,2022-05-01,analytical_month_anchor,True,False,3093.0,1682.0,2062.0,1031.0,0,False,False,-80,8.037220031133012,entry_plus_no_exit_continuity_assumption; documented exits override after last active month,approved_complete_observed_municipal_scope,DERIVED_REVIEWED_DESTINATION_PANEL
reichenbach_magic_portfolio,Reichenbach im Kandertal Magic Pass portfolio,2015-10-01,2015,10,1,1,True,2022-05-01,analytical_month_anchor,True,False,2179.0,844.0,1781.0,398.0,0,False,False,-79,7.687080155783135,entry_plus_no_exit_continuity_assumption; documented exits override after last active month,approved_complete_observed_municipal_scope,DERIVED_REVIEWED_DESTINATION_PANEL
reichenbach_magic_portfolio,Reichenbach im Kandertal Magic Pass portfolio,2015-11-01,2015,11,1,1,True,2022-05-01,analytical_month_anchor,True,False,1921.0,325.0,1731.0,190.0,0,False,False,-78,7.561121589530238,entry_plus_no_exit_continuity_assumption; documented exits override after last active month,approved_complete_observed_municipal_scope,DERIVED_REVIEWED_DESTINATION_PANEL
reichenbach_magic_portfolio,Reichenbach im Kandertal Magic Pass portfolio,2015-12-01,2015,12,1,1,True,2022-05-01,analytical_month_anchor,True,False,1598.0,598.0,1036.0,562.0,0,False,False,-77,7.377133712833954,entry_plus_no_exit_continuity_assumption; documented exits override after last active month,approved_complete_observed_municipal_scope,DERIVED_REVIEWED_DESTINATION_PANEL
reichenbach_magic_portfolio,Reichenbach im Kandertal Magic Pass portfolio,2016-01-01,2016,1,1,1,True,2022-05-01,analytical_month_anchor,True,False,1012.0,507.0,754.0,258.0,0,False,False,-76,6.920671504248683,entry_plus_no_exit_continuity_assumption; documented exits override after last active month,approved_complete_observed_municipal_scope,DERIVED_REVIEWED_DESTINATION_PANEL
reichenbach_magic_portfolio,Reichenbach im Kandertal Magic Pass portfolio,2016-02-01,2016,2,1,1,True,2022-05-01,analytical_month_anchor,True,False,1563.0,673.0,1101.0,462.0,0,False,False,-75,7.355001921105257,entry_plus_no_exit_continuity_assumption; documented exits override after last active month,approved_complete_observed_municipal_scope,DERIVED_REVIEWED_DESTINATION_PANEL
reichenbach_magic_portfolio,Reichenbach im Kandertal Magic Pass portfolio,2016-03-01,2016,3,1,1,True,2022-05-01,analytical_month_anchor,True,False,1703.0,666.0,1594.0,109.0,0,False,False,-74,7.440733707389261,entry_plus_no_exit_continuity_assumption; documented exits override after last active month,approved_complete_observed_municipal_scope,DERIVED_REVIEWED_DESTINATION_PANEL
reichenbach_magic_portfolio,Reichenbach im Kandertal Magic Pass portfolio,2016-04-01,2016,4,1,1,True,2022-05-01,analytical_month_anchor,True,False,1345.0,461.0,1016.0,329.0,0,False,False,-73,7.204892510204673,entry_plus_no_exit_continuity_assumption; documented exits override after last active month,approved_complete_observed_municipal_scope,DERIVED_REVIEWED_DESTINATION_PANEL
reichenbach_magic_portfolio,Reichenbach im Kandertal Magic Pass portfolio,2016-05-01,2016,5,1,1,True,2022-05-01,analytical_month_anchor,True,False,1744.0,589.0,1451.0,293.0,0,False,False,-72,7.4645098346365275,entry_plus_no_exit_continuity_assumption; documented exits override after last active month,approved_complete_observed_municipal_scope,DERIVED_REVIEWED_DESTINATION_PANEL
reichenbach_magic_portfolio,Reichenbach im Kandertal Magic Pass portfolio,2016-06-01,2016,6,1,1,True,2022-05-01,analytical_month_anchor,True,False,2224.0,907.0,1779.0,445.0,0,False,False,-71,7.707512194600341,entry_plus_no_exit_continuity_assumption; documented exits override after last active month,approved_complete_observed_municipal_scope,DERIVED_REVIEWED_DESTINATION_PANEL
reichenbach_magic_portfolio,Reichenbach im Kandertal Magic Pass portfolio,2016-07-01,2016,7,1,1,True,2022-05-01,analytical_month_anchor,True,False,4792.0,2431.0,3235.0,1557.0,0,False,False,-70,8.474911799159631,entry_plus_no_exit_continuity_assumption; documented exits override after last active month,approved_complete_observed_municipal_scope,DERIVED_REVIEWED_DESTINATION_PANEL
reichenbach_magic_portfolio,Reichenbach im Kandertal Magic Pass portfolio,2016-08-01,2016,8,1,1,True,2022-05-01,analytical_month_anchor,True,False,4851.0,2476.0,3287.0,1564.0,0,False,False,-69,8.48714627006394,entry_plus_no_exit_continuity_assumption; documented exits override after last active month,approved_complete_observed_municipal_scope,DERIVED_REVIEWED_DESTINATION_PANEL
reichenbach_magic_portfolio,Reichenbach im Kandertal Magic Pass portfolio,2016-09-01,2016,9,1,1,True,2022-05-01,analytical_month_anchor,True,False,3070.0,1817.0,2235.0,835.0,0,False,False,-68,8.029758520440822,entry_plus_no_exit_continuity_assumption; documented exits override after last active month,approved_complete_observed_municipal_scope,DERIVED_REVIEWED_DESTINATION_PANEL
reichenbach_magic_portfolio,Reichenbach im Kandertal Magic Pass portfolio,2016-10-01,2016,10,1,1,True,2022-05-01,analytical_month_anchor,True,False,1930.0,852.0,1691.0,239.0,0,False,False,-67,7.565793282428515,entry_plus_no_exit_continuity_assumption; documented exits override after last active month,approved_complete_observed_municipal_scope,DERIVED_REVIEWED_DESTINATION_PANEL
reichenbach_magic_portfolio,Reichenbach im Kandertal Magic Pass portfolio,2016-11-01,2016,11,1,1,True,2022-05-01,analytical_month_anchor,True,False,1607.0,396.0,1454.0,153.0,0,False,False,-66,7.382746449738912,entry_plus_no_exit_continuity_assumption; documented exits override after last active month,approved_complete_observed_municipal_scope,DERIVED_REVIEWED_DESTINATION_PANEL
reichenbach_magic_portfolio,Reichenbach im Kandertal Magic Pass portfolio,2016-12-01,2016,12,1,1,True,2022-05-01,analytical_month_anchor,True,False,1337.0,552.0,1119.0,218.0,0,False,False,-65,7.198931240688173,entry_plus_no_exit_continuity_assumption; documented exits override after last active month,approved_complete_observed_municipal_scope,DERIVED_REVIEWED_DESTINATION_PANEL
reichenbach_magic_portfolio,Reichenbach im Kandertal Magic Pass portfolio,2017-01-01,2017,1,1,1,True,2022-05-01,analytical_month_anchor,True,False,1207.0,871.0,1048.0,159.0,0,False,False,-64,7.0967213784947605,entry_plus_no_exit_continuity_assumption; documented exits override after last active month,approved_complete_observed_municipal_scope,DERIVED_REVIEWED_DESTINATION_PANEL
reichenbach_magic_portfolio,Reichenbach im Kandertal Magic Pass portfolio,2017-02-01,2017,2,1,1,True,2022-05-01,analytical_month_anchor,True,False,1961.0,1024.0,1743.0,218.0,0,False,False,-63,7.581719640125308,entry_plus_no_exit_continuity_assumption; documented exits override after last active month,approved_complete_observed_municipal_scope,DERIVED_REVIEWED_DESTINATION_PANEL
reichenbach_magic_portfolio,Reichenbach im Kandertal Magic Pass portfolio,2017-03-01,2017,3,1,1,True,2022-05-01,analytical_month_anchor,True,False,1982.0,625.0,1853.0,129.0,0,False,False,-62,7.592366128519796,entry_plus_no_exit_continuity_assumption; documented exits override after last active month,approved_complete_observed_municipal_scope,DERIVED_REVIEWED_DESTINATION_PANEL
reichenbach_magic_portfolio,Reichenbach im Kandertal Magic Pass portfolio,2017-04-01,2017,4,1,1,True,2022-05-01,analytical_month_anchor,True,False,995.0,380.0,807.0,188.0,0,False,False,-61,6.903747257584598,entry_plus_no_exit_continuity_assumption; documented exits override after last active month,approved_complete_observed_municipal_scope,DERIVED_REVIEWED_DESTINATION_PANEL
reichenbach_magic_portfolio,Reichenbach im Kandertal Magic Pass portfolio,2017-05-01,2017,5,1,1,True,2022-05-01,analytical_month_anchor,True,False,2512.0,765.0,1776.0,736.0,0,False,False,-60,7.829232537543592,entry_plus_no_exit_continuity_assumption; documented exits override after last active month,approved_complete_observed_municipal_scope,DERIVED_REVIEWED_DESTINATION_PANEL
reichenbach_magic_portfolio,Reichenbach im Kandertal Magic Pass portfolio,2017-06-01,2017,6,1,1,True,2022-05-01,analytical_month_anchor,True,False,3097.0,1436.0,2391.0,706.0,0,False,False,-59,8.038512020976814,entry_plus_no_exit_continuity_assumption; documented exits override after last active month,approved_complete_observed_municipal_scope,DERIVED_REVIEWED_DESTINATION_PANEL
reichenbach_magic_portfolio,Reichenbach im Kandertal Magic Pass portfolio,2017-07-01,2017,7,1,1,True,2022-05-01,analytical_month_anchor,True,False,4870.0,2484.0,2724.0,2146.0,0,False,False,-58,8.491054533806542,entry_plus_no_exit_continuity_assumption; documented exits override after last active month,approved_complete_observed_municipal_scope,DERIVED_REVIEWED_DESTINATION_PANEL
reichenbach_magic_portfolio,Reichenbach im Kandertal Magic Pass portfolio,2017-08-01,2017,8,1,1,True,2022-05-01,analytical_month_anchor,True,False,4998.0,2569.0,3437.0,1561.0,0,False,False,-57,8.51699317141357,entry_plus_no_exit_continuity_assumption; documented exits override after last active month,approved_complete_observed_municipal_scope,DERIVED_REVIEWED_DESTINATION_PANEL
reichenbach_magic_portfolio,Reichenbach im Kandertal Magic Pass portfolio,2017-09-01,2017,9,1,1,True,2022-05-01,analytical_month_anchor,True,False,3018.0,1601.0,2242.0,776.0,0,False,False,-56,8.012680929706839,entry_plus_no_exit_continuity_assumption; documented exits override after last active month,approved_complete_observed_municipal_scope,DERIVED_REVIEWED_DESTINATION_PANEL
reichenbach_magic_portfolio,Reichenbach im Kandertal Magic Pass portfolio,2017-10-01,2017,10,1,1,True,2022-05-01,analytical_month_anchor,True,False,2582.0,1089.0,2322.0,260.0,0,False,False,-55,7.8567067930958405,entry_plus_no_exit_continuity_assumption; documented exits override after last active month,approved_complete_observed_municipal_scope,DERIVED_REVIEWED_DESTINATION_PANEL
reichenbach_magic_portfolio,Reichenbach im Kandertal Magic Pass portfolio,2017-11-01,2017,11,1,1,True,2022-05-01,analytical_month_anchor,True,False,1331.0,315.0,1194.0,137.0,0,False,False,-54,7.194436851100335,entry_plus_no_exit_continuity_assumption; documented exits override after last active month,approved_complete_observed_municipal_scope,DERIVED_REVIEWED_DESTINATION_PANEL
reichenbach_magic_portfolio,Reichenbach im Kandertal Magic Pass portfolio,2017-12-01,2017,12,1,1,True,2022-05-01,analytical_month_anchor,True,False,1591.0,690.0,1470.0,121.0,0,False,False,-53,7.3727463664043285,entry_plus_no_exit_continuity_assumption; documented exits override after last active month,approved_complete_observed_municipal_scope,DERIVED_REVIEWED_DESTINATION_PANEL
reichenbach_magic_portfolio,Reichenbach im Kandertal Magic Pass portfolio,2018-01-01,2018,1,1,1,True,2022-05-01,analytical_month_anchor,True,False,996.0,644.0,831.0,165.0,0,False,False,-52,6.904750769961838,entry_plus_no_exit_continuity_assumption; documented exits override after last active month,approved_complete_observed_municipal_scope,DERIVED_REVIEWED_DESTINATION_PANEL
reichenbach_magic_portfolio,Reichenbach im Kandertal Magic Pass portfolio,2018-02-01,2018,2,1,1,True,2022-05-01,analytical_month_anchor,True,False,2464.0,1024.0,2142.0,322.0,0,False,False,-51,7.80994708647679,entry_plus_no_exit_continuity_assumption; documented exits override after last active month,approved_complete_observed_municipal_scope,DERIVED_REVIEWED_DESTINATION_PANEL
reichenbach_magic_portfolio,Reichenbach im Kandertal Magic Pass portfolio,2018-03-01,2018,3,1,1,True,2022-05-01,analytical_month_anchor,True,False,1693.0,579.0,1497.0,196.0,0,False,False,-50,7.434847875211999,entry_plus_no_exit_continuity_assumption; documented exits override after last active month,approved_complete_observed_municipal_scope,DERIVED_REVIEWED_DESTINATION_PANEL
reichenbach_magic_portfolio,Reichenbach im Kandertal Magic Pass portfolio,2018-04-01,2018,4,1,1,True,2022-05-01,analytical_month_anchor,True,False,1601.0,574.0,1396.0,205.0,0,False,False,-49,7.379008127628304,entry_plus_no_exit_continuity_assumption; documented exits override after last active month,approved_complete_observed_municipal_scope,DERIVED_REVIEWED_DESTINATION_PANEL
reichenbach_magic_portfolio,Reichenbach im Kandertal Magic Pass portfolio,2018-05-01,2018,5,1,1,True,2022-05-01,analytical_month_anchor,True,False,3177.0,1198.0,2135.0,1042.0,0,False,False,-48,8.064007347096661,entry_plus_no_exit_continuity_assumption; documented exits override after last active month,approved_complete_observed_municipal_scope,DERIVED_REVIEWED_DESTINATION_PANEL
reichenbach_magic_portfolio,Reichenbach im Kandertal Magic Pass portfolio,2018-06-01,2018,6,1,1,True,2022-05-01,analytical_month_anchor,True,False,3745.0,1764.0,3030.0,715.0,0,False,False,-47,8.228443883004033,entry_plus_no_exit_continuity_assumption; documented exits override after last active month,approved_complete_observed_municipal_scope,DERIVED_REVIEWED_DESTINATION_PANEL
reichenbach_magic_portfolio,Reichenbach im Kandertal Magic Pass portfolio,2018-07-01,2018,7,1,1,True,2022-05-01,analytical_month_anchor,True,False,5621.0,3020.0,3065.0,2556.0,0,False,False,-46,8.634442751466477,entry_plus_no_exit_continuity_assumption; documented exits override after last active month,approved_complete_observed_municipal_scope,DERIVED_REVIEWED_DESTINATION_PANEL
reichenbach_magic_portfolio,Reichenbach im Kandertal Magic Pass portfolio,2018-08-01,2018,8,1,1,True,2022-05-01,analytical_month_anchor,True,False,5560.0,2986.0,3636.0,1924.0,0,False,False,-45,8.623533227187563,entry_plus_no_exit_continuity_assumption; documented exits override after last active month,approved_complete_observed_municipal_scope,DERIVED_REVIEWED_DESTINATION_PANEL
reichenbach_magic_portfolio,Reichenbach im Kandertal Magic Pass portfolio,2018-09-01,2018,9,1,1,True,2022-05-01,analytical_month_anchor,True,False,3938.0,2155.0,2923.0,1015.0,0,False,False,-44,8.278682162970906,entry_plus_no_exit_continuity_assumption; documented exits override after last active month,approved_complete_observed_municipal_scope,DERIVED_REVIEWED_DESTINATION_PANEL
reichenbach_magic_portfolio,Reichenbach im Kandertal Magic Pass portfolio,2018-10-01,2018,10,1,1,True,2022-05-01,analytical_month_anchor,True,False,2726.0,1224.0,2344.0,382.0,0,False,False,-43,7.910957382845589,entry_plus_no_exit_continuity_assumption; documented exits override after last active month,approved_complete_observed_municipal_scope,DERIVED_REVIEWED_DESTINATION_PANEL
reichenbach_magic_portfolio,Reichenbach im Kandertal Magic Pass portfolio,2018-11-01,2018,11,1,1,True,2022-05-01,analytical_month_anchor,True,False,1686.0,463.0,1496.0,190.0,0,False,False,-42,7.430707082545968,entry_plus_no_exit_continuity_assumption; documented exits override after last active month,approved_complete_observed_municipal_scope,DERIVED_REVIEWED_DESTINATION_PANEL
reichenbach_magic_portfolio,Reichenbach im Kandertal Magic Pass portfolio,2018-12-01,2018,12,1,1,True,2022-05-01,analytical_month_anchor,True,False,1231.0,585.0,1069.0,162.0,0,False,False,-41,7.116394144093465,entry_plus_no_exit_continuity_assumption; documented exits override after last active month,approved_complete_observed_municipal_scope,DERIVED_REVIEWED_DESTINATION_PANEL
reichenbach_magic_portfolio,Reichenbach im Kandertal Magic Pass portfolio,2019-01-01,2019,1,1,1,True,2022-05-01,analytical_month_anchor,True,False,954.0,540.0,817.0,137.0,0,False,False,-40,6.86171134048073,entry_plus_no_exit_continuity_assumption; documented exits override after last active month,approved_complete_observed_municipal_scope,DERIVED_REVIEWED_DESTINATION_PANEL
reichenbach_magic_portfolio,Reichenbach im Kandertal Magic Pass portfolio,2019-02-01,2019,2,1,1,True,2022-05-01,analytical_month_anchor,True,False,1844.0,883.0,1596.0,248.0,0,False,False,-39,7.520234556474628,entry_plus_no_exit_continuity_assumption; documented exits override after last active month,approved_complete_observed_municipal_scope,DERIVED_REVIEWED_DESTINATION_PANEL
reichenbach_magic_portfolio,Reichenbach im Kandertal Magic Pass portfolio,2019-03-01,2019,3,1,1,True,2022-05-01,analytical_month_anchor,True,False,2297.0,803.0,1871.0,426.0,0,False,False,-38,7.739794458408701,entry_plus_no_exit_continuity_assumption; documented exits override after last active month,approved_complete_observed_municipal_scope,DERIVED_REVIEWED_DESTINATION_PANEL
reichenbach_magic_portfolio,Reichenbach im Kandertal Magic Pass portfolio,2019-04-01,2019,4,1,1,True,2022-05-01,analytical_month_anchor,True,False,1802.0,648.0,1481.0,321.0,0,False,False,-37,7.497207223203318,entry_plus_no_exit_continuity_assumption; documented exits override after last active month,approved_complete_observed_municipal_scope,DERIVED_REVIEWED_DESTINATION_PANEL
reichenbach_magic_portfolio,Reichenbach im Kandertal Magic Pass portfolio,2019-05-01,2019,5,1,1,True,2022-05-01,analytical_month_anchor,True,False,2478.0,1038.0,2153.0,325.0,0,False,False,-36,7.8156105320351905,entry_plus_no_exit_continuity_assumption; documented exits override after last active month,approved_complete_observed_municipal_scope,DERIVED_REVIEWED_DESTINATION_PANEL
reichenbach_magic_portfolio,Reichenbach im Kandertal Magic Pass portfolio,2019-06-01,2019,6,1,1,True,2022-05-01,analytical_month_anchor,True,False,3666.0,1597.0,2722.0,944.0,0,False,False,-35,8.207129168071326,entry_plus_no_exit_continuity_assumption; documented exits override after last active month,approved_complete_observed_municipal_scope,DERIVED_REVIEWED_DESTINATION_PANEL
reichenbach_magic_portfolio,Reichenbach im Kandertal Magic Pass portfolio,2019-07-01,2019,7,1,1,True,2022-05-01,analytical_month_anchor,True,False,4836.0,2899.0,3283.0,1553.0,0,False,False,-34,8.484049972822984,entry_plus_no_exit_continuity_assumption; documented exits override after last active month,approved_complete_observed_municipal_scope,DERIVED_REVIEWED_DESTINATION_PANEL
reichenbach_magic_portfolio,Reichenbach im Kandertal Magic Pass portfolio,2019-08-01,2019,8,1,1,True,2022-05-01,analytical_month_anchor,True,False,5239.0,2923.0,3722.0,1517.0,0,False,False,-33,8.564076777315087,entry_plus_no_exit_continuity_assumption; documented exits override after last active month,approved_complete_observed_municipal_scope,DERIVED_REVIEWED_DESTINATION_PANEL
reichenbach_magic_portfolio,Reichenbach im Kandertal Magic Pass portfolio,2019-09-01,2019,9,1,1,True,2022-05-01,analytical_month_anchor,True,False,3863.0,2062.0,2879.0,984.0,0,False,False,-32,8.259458195332408,entry_plus_no_exit_continuity_assumption; documented exits override after last active month,approved_complete_observed_municipal_scope,DERIVED_REVIEWED_DESTINATION_PANEL
reichenbach_magic_portfolio,Reichenbach im Kandertal Magic Pass portfolio,2019-10-01,2019,10,1,1,True,2022-05-01,analytical_month_anchor,True,False,2570.0,1068.0,2254.0,316.0,0,False,False,-31,7.852050207265889,entry_plus_no_exit_continuity_assumption; documented exits override after last active month,approved_complete_observed_municipal_scope,DERIVED_REVIEWED_DESTINATION_PANEL
reichenbach_magic_portfolio,Reichenbach im Kandertal Magic Pass portfolio,2019-11-01,2019,11,1,1,True,2022-05-01,analytical_month_anchor,True,False,1398.0,370.0,1195.0,203.0,0,False,False,-30,7.243512974665482,entry_plus_no_exit_continuity_assumption; documented exits override after last active month,approved_complete_observed_municipal_scope,DERIVED_REVIEWED_DESTINATION_PANEL
reichenbach_magic_portfolio,Reichenbach im Kandertal Magic Pass portfolio,2019-12-01,2019,12,1,1,True,2022-05-01,analytical_month_anchor,True,False,1372.0,575.0,1080.0,292.0,0,False,False,-29,7.224753405767971,entry_plus_no_exit_continuity_assumption; documented exits override after last active month,approved_complete_observed_municipal_scope,DERIVED_REVIEWED_DESTINATION_PANEL
reichenbach_magic_portfolio,Reichenbach im Kandertal Magic Pass portfolio,2020-01-01,2020,1,1,1,True,2022-05-01,analytical_month_anchor,True,False,1831.0,647.0,1718.0,113.0,0,False,False,-28,7.513163545234075,entry_plus_no_exit_continuity_assumption; documented exits override after last active month,approved_complete_observed_municipal_scope,DERIVED_REVIEWED_DESTINATION_PANEL
reichenbach_magic_portfolio,Reichenbach im Kandertal Magic Pass portfolio,2020-02-01,2020,2,1,1,True,2022-05-01,analytical_month_anchor,True,False,2224.0,864.0,2019.0,205.0,0,False,False,-27,7.707512194600341,entry_plus_no_exit_continuity_assumption; documented exits override after last active month,approved_complete_observed_municipal_scope,DERIVED_REVIEWED_DESTINATION_PANEL
reichenbach_magic_portfolio,Reichenbach im Kandertal Magic Pass portfolio,2020-03-01,2020,3,1,1,True,2022-05-01,analytical_month_anchor,True,False,1274.0,365.0,1062.0,212.0,0,False,False,-26,7.150701457592526,entry_plus_no_exit_continuity_assumption; documented exits override after last active month,approved_complete_observed_municipal_scope,DERIVED_REVIEWED_DESTINATION_PANEL
reichenbach_magic_portfolio,Reichenbach im Kandertal Magic Pass portfolio,2020-04-01,2020,4,1,0,False,2022-05-01,analytical_month_anchor,True,False,,,,,0,False,False,-25,,entry_plus_no_exit_continuity_assumption; documented exits override after last active month,approved_complete_observed_municipal_scope,DERIVED_REVIEWED_DESTINATION_PANEL
reichenbach_magic_portfolio,Reichenbach im Kandertal Magic Pass portfolio,2020-05-01,2020,5,1,0,False,2022-05-01,analytical_month_anchor,True,False,,,,,0,False,False,-24,,entry_plus_no_exit_continuity_assumption; documented exits override after last active month,approved_complete_observed_municipal_scope,DERIVED_REVIEWED_DESTINATION_PANEL
reichenbach_magic_portfolio,Reichenbach im Kandertal Magic Pass portfolio,2020-06-01,2020,6,1,1,True,2022-05-01,analytical_month_anchor,True,False,2758.0,1155.0,2549.0,209.0,0,False,False,-23,7.922623574217286,entry_plus_no_exit_continuity_assumption; documented exits override after last active month,approved_complete_observed_municipal_scope,DERIVED_REVIEWED_DESTINATION_PANEL
reichenbach_magic_portfolio,Reichenbach im Kandertal Magic Pass portfolio,2020-07-01,2020,7,1,1,True,2022-05-01,analytical_month_anchor,True,False,5531.0,2681.0,5044.0,487.0,0,False,False,-22,8.61830469278465,entry_plus_no_exit_continuity_assumption; documented exits override after last active month,approved_complete_observed_municipal_scope,DERIVED_REVIEWED_DESTINATION_PANEL
reichenbach_magic_portfolio,Reichenbach im Kandertal Magic Pass portfolio,2020-08-01,2020,8,1,1,True,2022-05-01,analytical_month_anchor,True,False,4757.0,2558.0,4001.0,756.0,0,False,False,-21,8.467582690862903,entry_plus_no_exit_continuity_assumption; documented exits override after last active month,approved_complete_observed_municipal_scope,DERIVED_REVIEWED_DESTINATION_PANEL
reichenbach_magic_portfolio,Reichenbach im Kandertal Magic Pass portfolio,2020-09-01,2020,9,1,1,True,2022-05-01,analytical_month_anchor,True,False,3621.0,1895.0,3317.0,304.0,0,False,False,-20,8.19478163844336,entry_plus_no_exit_continuity_assumption; documented exits override after last active month,approved_complete_observed_municipal_scope,DERIVED_REVIEWED_DESTINATION_PANEL
reichenbach_magic_portfolio,Reichenbach im Kandertal Magic Pass portfolio,2020-10-01,2020,10,1,1,True,2022-05-01,analytical_month_anchor,True,False,2585.0,977.0,2361.0,224.0,0,False,False,-19,7.857867559331803,entry_plus_no_exit_continuity_assumption; documented exits override after last active month,approved_complete_observed_municipal_scope,DERIVED_REVIEWED_DESTINATION_PANEL
reichenbach_magic_portfolio,Reichenbach im Kandertal Magic Pass portfolio,2020-11-01,2020,11,1,1,True,2022-05-01,analytical_month_anchor,True,False,1249.0,352.0,1139.0,110.0,0,False,False,-18,7.1308988302963465,entry_plus_no_exit_continuity_assumption; documented exits override after last active month,approved_complete_observed_municipal_scope,DERIVED_REVIEWED_DESTINATION_PANEL
reichenbach_magic_portfolio,Reichenbach im Kandertal Magic Pass portfolio,2020-12-01,2020,12,1,1,True,2022-05-01,analytical_month_anchor,True,False,1012.0,287.0,884.0,128.0,0,False,False,-17,6.920671504248683,entry_plus_no_exit_continuity_assumption; documented exits override after last active month,approved_complete_observed_municipal_scope,DERIVED_REVIEWED_DESTINATION_PANEL
reichenbach_magic_portfolio,Reichenbach im Kandertal Magic Pass portfolio,2021-01-01,2021,1,1,1,True,2022-05-01,analytical_month_anchor,True,False,1156.0,406.0,1114.0,42.0,0,False,False,-16,7.053585727193677,entry_plus_no_exit_continuity_assumption; documented exits override after last active month,approved_complete_observed_municipal_scope,DERIVED_REVIEWED_DESTINATION_PANEL
reichenbach_magic_portfolio,Reichenbach im Kandertal Magic Pass portfolio,2021-02-01,2021,2,1,1,True,2022-05-01,analytical_month_anchor,True,False,1596.0,695.0,1547.0,49.0,0,False,False,-15,7.3758821482150125,entry_plus_no_exit_continuity_assumption; documented exits override after last active month,approved_complete_observed_municipal_scope,DERIVED_REVIEWED_DESTINATION_PANEL
reichenbach_magic_portfolio,Reichenbach im Kandertal Magic Pass portfolio,2021-03-01,2021,3,1,1,True,2022-05-01,analytical_month_anchor,True,False,1912.0,579.0,1817.0,95.0,0,False,False,-14,7.556427969440253,entry_plus_no_exit_continuity_assumption; documented exits override after last active month,approved_complete_observed_municipal_scope,DERIVED_REVIEWED_DESTINATION_PANEL
reichenbach_magic_portfolio,Reichenbach im Kandertal Magic Pass portfolio,2021-04-01,2021,4,1,1,True,2022-05-01,analytical_month_anchor,True,False,2296.0,672.0,2101.0,195.0,0,False,False,-13,7.739359202689098,entry_plus_no_exit_continuity_assumption; documented exits override after last active month,approved_complete_observed_municipal_scope,DERIVED_REVIEWED_DESTINATION_PANEL
reichenbach_magic_portfolio,Reichenbach im Kandertal Magic Pass portfolio,2021-05-01,2021,5,1,1,True,2022-05-01,analytical_month_anchor,True,False,2356.0,1116.0,2250.0,106.0,0,False,False,-12,7.7651449029361315,entry_plus_no_exit_continuity_assumption; documented exits override after last active month,approved_complete_observed_municipal_scope,DERIVED_REVIEWED_DESTINATION_PANEL
reichenbach_magic_portfolio,Reichenbach im Kandertal Magic Pass portfolio,2021-06-01,2021,6,1,1,True,2022-05-01,analytical_month_anchor,True,False,3417.0,1545.0,3077.0,340.0,0,False,False,-11,8.136810863675537,entry_plus_no_exit_continuity_assumption; documented exits override after last active month,approved_complete_observed_municipal_scope,DERIVED_REVIEWED_DESTINATION_PANEL
reichenbach_magic_portfolio,Reichenbach im Kandertal Magic Pass portfolio,2021-07-01,2021,7,1,1,True,2022-05-01,analytical_month_anchor,True,False,4253.0,2267.0,3535.0,718.0,0,False,False,-10,8.355614995760183,entry_plus_no_exit_continuity_assumption; documented exits override after last active month,approved_complete_observed_municipal_scope,DERIVED_REVIEWED_DESTINATION_PANEL
reichenbach_magic_portfolio,Reichenbach im Kandertal Magic Pass portfolio,2021-08-01,2021,8,1,1,True,2022-05-01,analytical_month_anchor,True,False,5795.0,2793.0,4492.0,1303.0,0,False,False,-9,8.664923303440572,entry_plus_no_exit_continuity_assumption; documented exits override after last active month,approved_complete_observed_municipal_scope,DERIVED_REVIEWED_DESTINATION_PANEL
reichenbach_magic_portfolio,Reichenbach im Kandertal Magic Pass portfolio,2021-09-01,2021,9,1,1,True,2022-05-01,analytical_month_anchor,True,False,4121.0,1865.0,3462.0,659.0,0,False,False,-8,8.324093761450404,entry_plus_no_exit_continuity_assumption; documented exits override after last active month,approved_complete_observed_municipal_scope,DERIVED_REVIEWED_DESTINATION_PANEL
reichenbach_magic_portfolio,Reichenbach im Kandertal Magic Pass portfolio,2021-10-01,2021,10,1,1,True,2022-05-01,analytical_month_anchor,True,False,3116.0,1225.0,2631.0,485.0,0,False,False,-7,8.044626279767337,entry_plus_no_exit_continuity_assumption; documented exits override after last active month,approved_complete_observed_municipal_scope,DERIVED_REVIEWED_DESTINATION_PANEL
reichenbach_magic_portfolio,Reichenbach im Kandertal Magic Pass portfolio,2021-11-01,2021,11,1,1,True,2022-05-01,analytical_month_anchor,True,False,1897.0,485.0,1499.0,398.0,0,False,False,-6,7.5485559791698735,entry_plus_no_exit_continuity_assumption; documented exits override after last active month,approved_complete_observed_municipal_scope,DERIVED_REVIEWED_DESTINATION_PANEL
reichenbach_magic_portfolio,Reichenbach im Kandertal Magic Pass portfolio,2021-12-01,2021,12,1,1,True,2022-05-01,analytical_month_anchor,True,False,1570.0,425.0,1142.0,428.0,0,False,False,-5,7.359467638255621,entry_plus_no_exit_continuity_assumption; documented exits override after last active month,approved_complete_observed_municipal_scope,DERIVED_REVIEWED_DESTINATION_PANEL
reichenbach_magic_portfolio,Reichenbach im Kandertal Magic Pass portfolio,2022-01-01,2022,1,1,1,True,2022-05-01,analytical_month_anchor,True,False,1595.0,719.0,1497.0,98.0,0,False,False,-4,7.3752557780097545,entry_plus_no_exit_continuity_assumption; documented exits override after last active month,approved_complete_observed_municipal_scope,DERIVED_REVIEWED_DESTINATION_PANEL
reichenbach_magic_portfolio,Reichenbach im Kandertal Magic Pass portfolio,2022-02-01,2022,2,1,1,True,2022-05-01,analytical_month_anchor,True,False,3010.0,1160.0,2682.0,328.0,0,False,False,-3,8.010027528481734,entry_plus_no_exit_continuity_assumption; documented exits override after last active month,approved_complete_observed_municipal_scope,DERIVED_REVIEWED_DESTINATION_PANEL
reichenbach_magic_portfolio,Reichenbach im Kandertal Magic Pass portfolio,2022-03-01,2022,3,1,1,True,2022-05-01,analytical_month_anchor,True,False,2732.0,832.0,2388.0,344.0,0,False,False,-2,7.913155185928068,entry_plus_no_exit_continuity_assumption; documented exits override after last active month,approved_complete_observed_municipal_scope,DERIVED_REVIEWED_DESTINATION_PANEL
reichenbach_magic_portfolio,Reichenbach im Kandertal Magic Pass portfolio,2022-04-01,2022,4,1,1,True,2022-05-01,analytical_month_anchor,True,False,2682.0,850.0,2337.0,345.0,0,False,False,-1,7.894690850425624,entry_plus_no_exit_continuity_assumption; documented exits override after last active month,approved_complete_observed_municipal_scope,DERIVED_REVIEWED_DESTINATION_PANEL
reichenbach_magic_portfolio,Reichenbach im Kandertal Magic Pass portfolio,2022-05-01,2022,5,1,1,True,2022-05-01,analytical_month_anchor,True,False,3455.0,1210.0,2118.0,1337.0,1,True,True,0,8.147867129923947,entry_plus_no_exit_continuity_assumption; documented exits override after last active month,approved_complete_observed_municipal_scope,DERIVED_REVIEWED_DESTINATION_PANEL
reichenbach_magic_portfolio,Reichenbach im Kandertal Magic Pass portfolio,2022-06-01,2022,6,1,1,True,2022-05-01,analytical_month_anchor,True,False,4695.0,1973.0,3127.0,1568.0,1,True,True,1,8.454466361507933,entry_plus_no_exit_continuity_assumption; documented exits override after last active month,approved_complete_observed_municipal_scope,DERIVED_REVIEWED_DESTINATION_PANEL
reichenbach_magic_portfolio,Reichenbach im Kandertal Magic Pass portfolio,2022-07-01,2022,7,1,1,True,2022-05-01,analytical_month_anchor,True,False,5651.0,3213.0,3571.0,2080.0,1,True,True,2,8.639764743804419,entry_plus_no_exit_continuity_assumption; documented exits override after last active month,approved_complete_observed_municipal_scope,DERIVED_REVIEWED_DESTINATION_PANEL
reichenbach_magic_portfolio,Reichenbach im Kandertal Magic Pass portfolio,2022-08-01,2022,8,1,1,True,2022-05-01,analytical_month_anchor,True,False,5946.0,3237.0,3694.0,2252.0,1,True,True,3,8.690642169706594,entry_plus_no_exit_continuity_assumption; documented exits override after last active month,approved_complete_observed_municipal_scope,DERIVED_REVIEWED_DESTINATION_PANEL
reichenbach_magic_portfolio,Reichenbach im Kandertal Magic Pass portfolio,2022-09-01,2022,9,1,1,True,2022-05-01,analytical_month_anchor,True,False,4590.0,1939.0,3210.0,1380.0,1,True,True,4,8.431853144249223,entry_plus_no_exit_continuity_assumption; documented exits override after last active month,approved_complete_observed_municipal_scope,DERIVED_REVIEWED_DESTINATION_PANEL
reichenbach_magic_portfolio,Reichenbach im Kandertal Magic Pass portfolio,2022-10-01,2022,10,1,1,True,2022-05-01,analytical_month_anchor,True,False,2977.0,1153.0,2394.0,583.0,1,True,True,5,7.999007213243955,entry_plus_no_exit_continuity_assumption; documented exits override after last active month,approved_complete_observed_municipal_scope,DERIVED_REVIEWED_DESTINATION_PANEL
reichenbach_magic_portfolio,Reichenbach im Kandertal Magic Pass portfolio,2022-11-01,2022,11,1,1,True,2022-05-01,analytical_month_anchor,True,False,2082.0,631.0,1673.0,409.0,1,True,True,6,7.641564441260972,entry_plus_no_exit_continuity_assumption; documented exits override after last active month,approved_complete_observed_municipal_scope,DERIVED_REVIEWED_DESTINATION_PANEL
reichenbach_magic_portfolio,Reichenbach im Kandertal Magic Pass portfolio,2022-12-01,2022,12,1,1,True,2022-05-01,analytical_month_anchor,True,False,2645.0,964.0,1907.0,738.0,1,True,True,7,7.880804344674901,entry_plus_no_exit_continuity_assumption; documented exits override after last active month,approved_complete_observed_municipal_scope,DERIVED_REVIEWED_DESTINATION_PANEL
reichenbach_magic_portfolio,Reichenbach im Kandertal Magic Pass portfolio,2023-01-01,2023,1,1,1,True,2022-05-01,analytical_month_anchor,True,False,1884.0,558.0,1621.0,263.0,1,True,True,8,7.541683099882111,entry_plus_no_exit_continuity_assumption; documented exits override after last active month,approved_complete_observed_municipal_scope,DERIVED_REVIEWED_DESTINATION_PANEL
reichenbach_magic_portfolio,Reichenbach im Kandertal Magic Pass portfolio,2023-02-01,2023,2,1,1,True,2022-05-01,analytical_month_anchor,True,False,2376.0,937.0,1834.0,542.0,1,True,True,9,7.773594467360194,entry_plus_no_exit_continuity_assumption; documented exits override after last active month,approved_complete_observed_municipal_scope,DERIVED_REVIEWED_DESTINATION_PANEL
reichenbach_magic_portfolio,Reichenbach im Kandertal Magic Pass portfolio,2023-03-01,2023,3,1,1,True,2022-05-01,analytical_month_anchor,True,False,2411.0,709.0,1933.0,478.0,1,True,True,10,7.788211557847076,entry_plus_no_exit_continuity_assumption; documented exits override after last active month,approved_complete_observed_municipal_scope,DERIVED_REVIEWED_DESTINATION_PANEL
reichenbach_magic_portfolio,Reichenbach im Kandertal Magic Pass portfolio,2023-04-01,2023,4,1,1,True,2022-05-01,analytical_month_anchor,True,False,2171.0,826.0,1405.0,766.0,1,True,True,11,7.683403681053826,entry_plus_no_exit_continuity_assumption; documented exits override after last active month,approved_complete_observed_municipal_scope,DERIVED_REVIEWED_DESTINATION_PANEL
reichenbach_magic_portfolio,Reichenbach im Kandertal Magic Pass portfolio,2023-05-01,2023,5,1,1,True,2022-05-01,analytical_month_anchor,True,False,2869.0,1239.0,2039.0,830.0,2,True,True,12,7.962067308753666,entry_plus_no_exit_continuity_assumption; documented exits override after last active month,approved_complete_observed_municipal_scope,DERIVED_REVIEWED_DESTINATION_PANEL
reichenbach_magic_portfolio,Reichenbach im Kandertal Magic Pass portfolio,2023-06-01,2023,6,1,1,True,2022-05-01,analytical_month_anchor,True,False,4045.0,1991.0,2334.0,1711.0,2,True,True,13,8.305484017727691,entry_plus_no_exit_continuity_assumption; documented exits override after last active month,approved_complete_observed_municipal_scope,DERIVED_REVIEWED_DESTINATION_PANEL
reichenbach_magic_portfolio,Reichenbach im Kandertal Magic Pass portfolio,2023-07-01,2023,7,1,1,True,2022-05-01,analytical_month_anchor,True,False,5267.0,2679.0,3557.0,1710.0,2,True,True,14,8.569406062863171,entry_plus_no_exit_continuity_assumption; documented exits override after last active month,approved_complete_observed_municipal_scope,DERIVED_REVIEWED_DESTINATION_PANEL
reichenbach_magic_portfolio,Reichenbach im Kandertal Magic Pass portfolio,2023-08-01,2023,8,1,1,True,2022-05-01,analytical_month_anchor,True,False,5675.0,3013.0,3751.0,1924.0,2,True,True,15,8.644002038279933,entry_plus_no_exit_continuity_assumption; documented exits override after last active month,approved_complete_observed_municipal_scope,DERIVED_REVIEWED_DESTINATION_PANEL
reichenbach_magic_portfolio,Reichenbach im Kandertal Magic Pass portfolio,2023-09-01,2023,9,1,1,True,2022-05-01,analytical_month_anchor,True,False,5231.0,2746.0,3392.0,1839.0,2,True,True,16,8.562548893137034,entry_plus_no_exit_continuity_assumption; documented exits override after last active month,approved_complete_observed_municipal_scope,DERIVED_REVIEWED_DESTINATION_PANEL
reichenbach_magic_portfolio,Reichenbach im Kandertal Magic Pass portfolio,2023-10-01,2023,10,1,1,True,2022-05-01,analytical_month_anchor,True,False,2764.0,1326.0,1793.0,971.0,2,True,True,17,7.9247959139564355,entry_plus_no_exit_continuity_assumption; documented exits override after last active month,approved_complete_observed_municipal_scope,DERIVED_REVIEWED_DESTINATION_PANEL
reichenbach_magic_portfolio,Reichenbach im Kandertal Magic Pass portfolio,2023-11-01,2023,11,1,1,True,2022-05-01,analytical_month_anchor,True,False,1722.0,521.0,1523.0,199.0,2,True,True,18,7.45182223652793,entry_plus_no_exit_continuity_assumption; documented exits override after last active month,approved_complete_observed_municipal_scope,DERIVED_REVIEWED_DESTINATION_PANEL
reichenbach_magic_portfolio,Reichenbach im Kandertal Magic Pass portfolio,2023-12-01,2023,12,1,1,True,2022-05-01,analytical_month_anchor,True,False,2008.0,699.0,1341.0,667.0,2,True,True,19,7.605392364814935,entry_plus_no_exit_continuity_assumption; documented exits override after last active month,approved_complete_observed_municipal_scope,DERIVED_REVIEWED_DESTINATION_PANEL
reichenbach_magic_portfolio,Reichenbach im Kandertal Magic Pass portfolio,2024-01-01,2024,1,1,1,True,2022-05-01,analytical_month_anchor,True,False,1665.0,889.0,1400.0,265.0,2,True,True,20,7.418180822726788,entry_plus_no_exit_continuity_assumption; documented exits override after last active month,approved_complete_observed_municipal_scope,DERIVED_REVIEWED_DESTINATION_PANEL
reichenbach_magic_portfolio,Reichenbach im Kandertal Magic Pass portfolio,2024-02-01,2024,2,1,1,True,2022-05-01,analytical_month_anchor,True,False,2219.0,999.0,1911.0,308.0,2,True,True,21,7.705262474866325,entry_plus_no_exit_continuity_assumption; documented exits override after last active month,approved_complete_observed_municipal_scope,DERIVED_REVIEWED_DESTINATION_PANEL
reichenbach_magic_portfolio,Reichenbach im Kandertal Magic Pass portfolio,2024-03-01,2024,3,1,1,True,2022-05-01,analytical_month_anchor,True,False,2434.0,868.0,1898.0,536.0,2,True,True,22,7.79770203551669,entry_plus_no_exit_continuity_assumption; documented exits override after last active month,approved_complete_observed_municipal_scope,DERIVED_REVIEWED_DESTINATION_PANEL
reichenbach_magic_portfolio,Reichenbach im Kandertal Magic Pass portfolio,2024-04-01,2024,4,1,1,True,2022-05-01,analytical_month_anchor,True,False,2143.0,823.0,1562.0,581.0,2,True,True,23,7.670428522190693,entry_plus_no_exit_continuity_assumption; documented exits override after last active month,approved_complete_observed_municipal_scope,DERIVED_REVIEWED_DESTINATION_PANEL
reichenbach_magic_portfolio,Reichenbach im Kandertal Magic Pass portfolio,2024-05-01,2024,5,1,1,True,2022-05-01,analytical_month_anchor,True,False,4699.0,2062.0,2805.0,1894.0,2,True,True,24,8.45531778769815,entry_plus_no_exit_continuity_assumption; documented exits override after last active month,approved_complete_observed_municipal_scope,DERIVED_REVIEWED_DESTINATION_PANEL
reichenbach_magic_portfolio,Reichenbach im Kandertal Magic Pass portfolio,2024-06-01,2024,6,1,1,True,2022-05-01,analytical_month_anchor,True,False,4648.0,2559.0,2797.0,1851.0,2,True,True,25,8.444407421690585,entry_plus_no_exit_continuity_assumption; documented exits override after last active month,approved_complete_observed_municipal_scope,DERIVED_REVIEWED_DESTINATION_PANEL
reichenbach_magic_portfolio,Reichenbach im Kandertal Magic Pass portfolio,2024-07-01,2024,7,1,1,True,2022-05-01,analytical_month_anchor,True,False,5054.0,3383.0,2932.0,2122.0,2,True,True,26,8.528133131454572,entry_plus_no_exit_continuity_assumption; documented exits override after last active month,approved_complete_observed_municipal_scope,DERIVED_REVIEWED_DESTINATION_PANEL
reichenbach_magic_portfolio,Reichenbach im Kandertal Magic Pass portfolio,2024-08-01,2024,8,1,1,True,2022-05-01,analytical_month_anchor,True,False,5554.0,3064.0,3765.0,1789.0,2,True,True,27,8.62245370207373,entry_plus_no_exit_continuity_assumption; documented exits override after last active month,approved_complete_observed_municipal_scope,DERIVED_REVIEWED_DESTINATION_PANEL
reichenbach_magic_portfolio,Reichenbach im Kandertal Magic Pass portfolio,2024-09-01,2024,9,1,1,True,2022-05-01,analytical_month_anchor,True,False,3692.0,2270.0,2577.0,1115.0,2,True,True,28,8.214194414852564,entry_plus_no_exit_continuity_assumption; documented exits override after last active month,approved_complete_observed_municipal_scope,DERIVED_REVIEWED_DESTINATION_PANEL
reichenbach_magic_portfolio,Reichenbach im Kandertal Magic Pass portfolio,2024-10-01,2024,10,1,1,True,2022-05-01,analytical_month_anchor,True,False,2988.0,1556.0,2211.0,777.0,2,True,True,29,8.002694162283937,entry_plus_no_exit_continuity_assumption; documented exits override after last active month,approved_complete_observed_municipal_scope,DERIVED_REVIEWED_DESTINATION_PANEL
reichenbach_magic_portfolio,Reichenbach im Kandertal Magic Pass portfolio,2024-11-01,2024,11,1,1,True,2022-05-01,analytical_month_anchor,True,False,2104.0,854.0,1661.0,443.0,2,True,True,30,7.652070746116482,entry_plus_no_exit_continuity_assumption; documented exits override after last active month,approved_complete_observed_municipal_scope,DERIVED_REVIEWED_DESTINATION_PANEL
reichenbach_magic_portfolio,Reichenbach im Kandertal Magic Pass portfolio,2024-12-01,2024,12,1,1,True,2022-05-01,analytical_month_anchor,True,False,2038.0,864.0,1425.0,613.0,2,True,True,31,7.620214770574455,entry_plus_no_exit_continuity_assumption; documented exits override after last active month,approved_complete_observed_municipal_scope,DERIVED_REVIEWED_DESTINATION_PANEL
reichenbach_magic_portfolio,Reichenbach im Kandertal Magic Pass portfolio,2025-01-01,2025,1,1,1,True,2022-05-01,analytical_month_anchor,True,False,1658.0,912.0,1440.0,218.0,2,True,True,32,7.413970290190444,entry_plus_no_exit_continuity_assumption; documented exits override after last active month,approved_complete_observed_municipal_scope,DERIVED_REVIEWED_DESTINATION_PANEL
reichenbach_magic_portfolio,Reichenbach im Kandertal Magic Pass portfolio,2025-02-01,2025,2,1,1,True,2022-05-01,analytical_month_anchor,True,False,2179.0,857.0,1721.0,458.0,2,True,True,33,7.687080155783135,entry_plus_no_exit_continuity_assumption; documented exits override after last active month,approved_complete_observed_municipal_scope,DERIVED_REVIEWED_DESTINATION_PANEL
reichenbach_magic_portfolio,Reichenbach im Kandertal Magic Pass portfolio,2025-03-01,2025,3,1,1,True,2022-05-01,analytical_month_anchor,True,False,2104.0,657.0,1777.0,327.0,2,True,True,34,7.652070746116482,entry_plus_no_exit_continuity_assumption; documented exits override after last active month,approved_complete_observed_municipal_scope,DERIVED_REVIEWED_DESTINATION_PANEL
reichenbach_magic_portfolio,Reichenbach im Kandertal Magic Pass portfolio,2025-04-01,2025,4,1,1,True,2022-05-01,analytical_month_anchor,True,False,2055.0,801.0,1476.0,579.0,2,True,True,35,7.628517626575055,entry_plus_no_exit_continuity_assumption; documented exits override after last active month,approved_complete_observed_municipal_scope,DERIVED_REVIEWED_DESTINATION_PANEL
reichenbach_magic_portfolio,Reichenbach im Kandertal Magic Pass portfolio,2025-05-01,2025,5,1,1,True,2022-05-01,analytical_month_anchor,True,False,2924.0,1400.0,2110.0,814.0,2,True,True,36,7.981049759665957,entry_plus_no_exit_continuity_assumption; documented exits override after last active month,approved_complete_observed_municipal_scope,DERIVED_REVIEWED_DESTINATION_PANEL
reichenbach_magic_portfolio,Reichenbach im Kandertal Magic Pass portfolio,2025-06-01,2025,6,1,1,True,2022-05-01,analytical_month_anchor,True,False,3666.0,2036.0,2398.0,1268.0,2,True,True,37,8.207129168071326,entry_plus_no_exit_continuity_assumption; documented exits override after last active month,approved_complete_observed_municipal_scope,DERIVED_REVIEWED_DESTINATION_PANEL
reichenbach_magic_portfolio,Reichenbach im Kandertal Magic Pass portfolio,2025-07-01,2025,7,1,1,True,2022-05-01,analytical_month_anchor,True,False,4947.0,3160.0,2985.0,1962.0,2,True,True,38,8.506738733512378,entry_plus_no_exit_continuity_assumption; documented exits override after last active month,approved_complete_observed_municipal_scope,DERIVED_REVIEWED_DESTINATION_PANEL
reichenbach_magic_portfolio,Reichenbach im Kandertal Magic Pass portfolio,2025-08-01,2025,8,1,1,True,2022-05-01,analytical_month_anchor,True,False,5478.0,3251.0,3606.0,1872.0,2,True,True,39,8.608677881538416,entry_plus_no_exit_continuity_assumption; documented exits override after last active month,approved_complete_observed_municipal_scope,DERIVED_REVIEWED_DESTINATION_PANEL
reichenbach_magic_portfolio,Reichenbach im Kandertal Magic Pass portfolio,2025-09-01,2025,9,1,1,True,2022-05-01,analytical_month_anchor,True,False,3991.0,2424.0,2704.0,1287.0,2,True,True,40,8.292047637431354,entry_plus_no_exit_continuity_assumption; documented exits override after last active month,approved_complete_observed_municipal_scope,DERIVED_REVIEWED_DESTINATION_PANEL
reichenbach_magic_portfolio,Reichenbach im Kandertal Magic Pass portfolio,2025-10-01,2025,10,1,1,True,2022-05-01,analytical_month_anchor,True,False,2846.0,1382.0,2169.0,677.0,2,True,True,41,7.954021087278037,entry_plus_no_exit_continuity_assumption; documented exits override after last active month,approved_complete_observed_municipal_scope,DERIVED_REVIEWED_DESTINATION_PANEL
reichenbach_magic_portfolio,Reichenbach im Kandertal Magic Pass portfolio,2025-11-01,2025,11,1,1,True,2022-05-01,analytical_month_anchor,True,False,1822.0,557.0,1429.0,393.0,2,True,True,42,7.508238774678663,entry_plus_no_exit_continuity_assumption; documented exits override after last active month,approved_complete_observed_municipal_scope,DERIVED_REVIEWED_DESTINATION_PANEL
reichenbach_magic_portfolio,Reichenbach im Kandertal Magic Pass portfolio,2025-12-01,2025,12,1,1,True,2022-05-01,analytical_month_anchor,True,False,2387.0,896.0,1829.0,558.0,2,True,True,43,7.778211474512493,entry_plus_no_exit_continuity_assumption; documented exits override after last active month,approved_complete_observed_municipal_scope,DERIVED_REVIEWED_DESTINATION_PANEL
reichenbach_magic_portfolio,Reichenbach im Kandertal Magic Pass portfolio,2026-01-01,2026,1,1,1,True,2022-05-01,analytical_month_anchor,True,False,1995.0,813.0,1452.0,543.0,2,True,True,44,7.59890045687141,entry_plus_no_exit_continuity_assumption; documented exits override after last active month,approved_complete_observed_municipal_scope,DERIVED_REVIEWED_DESTINATION_PANEL
reichenbach_magic_portfolio,Reichenbach im Kandertal Magic Pass portfolio,2026-02-01,2026,2,1,1,True,2022-05-01,analytical_month_anchor,True,False,2360.0,936.0,1872.0,488.0,2,True,True,45,7.766840537085513,entry_plus_no_exit_continuity_assumption; documented exits override after last active month,approved_complete_observed_municipal_scope,DERIVED_REVIEWED_DESTINATION_PANEL
reichenbach_magic_portfolio,Reichenbach im Kandertal Magic Pass portfolio,2026-03-01,2026,3,1,1,True,2022-05-01,analytical_month_anchor,True,False,2145.0,617.0,1799.0,346.0,2,True,True,46,7.671360923190644,entry_plus_no_exit_continuity_assumption; documented exits override after last active month,approved_complete_observed_municipal_scope,DERIVED_REVIEWED_DESTINATION_PANEL
reichenbach_magic_portfolio,Reichenbach im Kandertal Magic Pass portfolio,2026-04-01,2026,4,1,0,False,2022-05-01,analytical_month_anchor,True,False,,,,,2,True,True,47,,entry_plus_no_exit_continuity_assumption; documented exits override after last active month,approved_complete_observed_municipal_scope,DERIVED_REVIEWED_DESTINATION_PANEL
reichenbach_magic_portfolio,Reichenbach im Kandertal Magic Pass portfolio,2026-05-01,2026,5,1,0,False,2022-05-01,analytical_month_anchor,True,False,,,,,2,True,True,48,,entry_plus_no_exit_continuity_assumption; documented exits override after last active month,approved_complete_observed_municipal_scope,DERIVED_REVIEWED_DESTINATION_PANEL
reichenbach_magic_portfolio,Reichenbach im Kandertal Magic Pass portfolio,2026-06-01,2026,6,1,0,False,2022-05-01,analytical_month_anchor,True,False,,,,,2,True,True,49,,entry_plus_no_exit_continuity_assumption; documented exits override after last active month,approved_complete_observed_municipal_scope,DERIVED_REVIEWED_DESTINATION_PANEL
reichenbach_magic_portfolio,Reichenbach im Kandertal Magic Pass portfolio,2026-07-01,2026,7,1,0,False,2022-05-01,analytical_month_anchor,True,False,,,,,2,True,True,50,,entry_plus_no_exit_continuity_assumption; documented exits override after last active month,approved_complete_observed_municipal_scope,DERIVED_REVIEWED_DESTINATION_PANEL
reichenbach_magic_portfolio,Reichenbach im Kandertal Magic Pass portfolio,2026-08-01,2026,8,1,0,False,2022-05-01,analytical_month_anchor,True,False,,,,,2,True,True,51,,entry_plus_no_exit_continuity_assumption; documented exits override after last active month,approved_complete_observed_municipal_scope,DERIVED_REVIEWED_DESTINATION_PANEL
reichenbach_magic_portfolio,Reichenbach im Kandertal Magic Pass portfolio,2026-09-01,2026,9,1,0,False,2022-05-01,analytical_month_anchor,True,False,,,,,2,True,True,52,,entry_plus_no_exit_continuity_assumption; documented exits override after last active month,approved_complete_observed_municipal_scope,DERIVED_REVIEWED_DESTINATION_PANEL
reichenbach_magic_portfolio,Reichenbach im Kandertal Magic Pass portfolio,2026-10-01,2026,10,1,0,False,2022-05-01,analytical_month_anchor,True,False,,,,,2,True,True,53,,entry_plus_no_exit_continuity_assumption; documented exits override after last active month,approved_complete_observed_municipal_scope,DERIVED_REVIEWED_DESTINATION_PANEL
reichenbach_magic_portfolio,Reichenbach im Kandertal Magic Pass portfolio,2026-11-01,2026,11,1,0,False,2022-05-01,analytical_month_anchor,True,False,,,,,2,True,True,54,,entry_plus_no_exit_continuity_assumption; documented exits override after last active month,approved_complete_observed_municipal_scope,DERIVED_REVIEWED_DESTINATION_PANEL
reichenbach_magic_portfolio,Reichenbach im Kandertal Magic Pass portfolio,2026-12-01,2026,12,1,0,False,2022-05-01,analytical_month_anchor,True,False,,,,,2,True,True,55,,entry_plus_no_exit_continuity_assumption; documented exits override after last active month,approved_complete_observed_municipal_scope,DERIVED_REVIEWED_DESTINATION_PANEL
saas_fee,Saas-Fee,2013-01-01,2013,1,1,1,True,2019-05-01,official_validity_month,True,False,35510.0,9646.0,18868.0,16642.0,0,False,False,-76,10.477597786622002,entry_plus_no_exit_continuity_assumption; documented exits override after last active month,approved_core_municipality_proxy,DERIVED_REVIEWED_DESTINATION_PANEL
saas_fee,Saas-Fee,2013-02-01,2013,2,1,1,True,2019-05-01,official_validity_month,True,False,43172.0,10696.0,23880.0,19292.0,0,False,False,-75,10.672970578838283,entry_plus_no_exit_continuity_assumption; documented exits override after last active month,approved_core_municipality_proxy,DERIVED_REVIEWED_DESTINATION_PANEL
saas_fee,Saas-Fee,2013-03-01,2013,3,1,1,True,2019-05-01,official_validity_month,True,False,45873.0,12582.0,21420.0,24453.0,0,False,False,-74,10.73365378675416,entry_plus_no_exit_continuity_assumption; documented exits override after last active month,approved_core_municipality_proxy,DERIVED_REVIEWED_DESTINATION_PANEL
saas_fee,Saas-Fee,2013-04-01,2013,4,1,1,True,2019-05-01,official_validity_month,True,False,17081.0,4662.0,8005.0,9076.0,0,False,False,-73,9.745780556506093,entry_plus_no_exit_continuity_assumption; documented exits override after last active month,approved_core_municipality_proxy,DERIVED_REVIEWED_DESTINATION_PANEL
saas_fee,Saas-Fee,2013-05-01,2013,5,1,1,True,2019-05-01,official_validity_month,True,False,363.0,202.0,280.0,83.0,0,False,False,-72,5.8971538676367405,entry_plus_no_exit_continuity_assumption; documented exits override after last active month,approved_core_municipality_proxy,DERIVED_REVIEWED_DESTINATION_PANEL
saas_fee,Saas-Fee,2013-06-01,2013,6,1,1,True,2019-05-01,official_validity_month,True,False,12196.0,4964.0,6734.0,5462.0,0,False,False,-71,9.40894529884324,entry_plus_no_exit_continuity_assumption; documented exits override after last active month,approved_core_municipality_proxy,DERIVED_REVIEWED_DESTINATION_PANEL
saas_fee,Saas-Fee,2013-07-01,2013,7,1,1,True,2019-05-01,official_validity_month,True,False,34474.0,11400.0,18646.0,15828.0,0,False,False,-70,10.447989702661502,entry_plus_no_exit_continuity_assumption; documented exits override after last active month,approved_core_municipality_proxy,DERIVED_REVIEWED_DESTINATION_PANEL
saas_fee,Saas-Fee,2013-08-01,2013,8,1,1,True,2019-05-01,official_validity_month,True,False,40299.0,11594.0,20141.0,20158.0,0,False,False,-69,10.604106747934773,entry_plus_no_exit_continuity_assumption; documented exits override after last active month,approved_core_municipality_proxy,DERIVED_REVIEWED_DESTINATION_PANEL
saas_fee,Saas-Fee,2013-09-01,2013,9,1,1,True,2019-05-01,official_validity_month,True,False,26068.0,8646.0,14624.0,11444.0,0,False,False,-68,10.168502147925643,entry_plus_no_exit_continuity_assumption; documented exits override after last active month,approved_core_municipality_proxy,DERIVED_REVIEWED_DESTINATION_PANEL
saas_fee,Saas-Fee,2013-10-01,2013,10,1,1,True,2019-05-01,official_validity_month,True,False,19683.0,6646.0,13682.0,6001.0,0,False,False,-67,9.887561401985868,entry_plus_no_exit_continuity_assumption; documented exits override after last active month,approved_core_municipality_proxy,DERIVED_REVIEWED_DESTINATION_PANEL
saas_fee,Saas-Fee,2013-11-01,2013,11,1,1,True,2019-05-01,official_validity_month,True,False,10834.0,4455.0,7826.0,3008.0,0,False,False,-66,9.29053691397046,entry_plus_no_exit_continuity_assumption; documented exits override after last active month,approved_core_municipality_proxy,DERIVED_REVIEWED_DESTINATION_PANEL
saas_fee,Saas-Fee,2013-12-01,2013,12,1,1,True,2019-05-01,official_validity_month,True,False,29020.0,9345.0,13430.0,15590.0,0,False,False,-65,10.275774984838279,entry_plus_no_exit_continuity_assumption; documented exits override after last active month,approved_core_municipality_proxy,DERIVED_REVIEWED_DESTINATION_PANEL
saas_fee,Saas-Fee,2014-01-01,2014,1,1,1,True,2019-05-01,official_validity_month,True,False,35577.0,9817.0,18498.0,17079.0,0,False,False,-64,10.479482748285214,entry_plus_no_exit_continuity_assumption; documented exits override after last active month,approved_core_municipality_proxy,DERIVED_REVIEWED_DESTINATION_PANEL
saas_fee,Saas-Fee,2014-02-01,2014,2,1,1,True,2019-05-01,official_validity_month,True,False,38003.0,10090.0,20874.0,17129.0,0,False,False,-63,10.545446696326641,entry_plus_no_exit_continuity_assumption; documented exits override after last active month,approved_core_municipality_proxy,DERIVED_REVIEWED_DESTINATION_PANEL
saas_fee,Saas-Fee,2014-03-01,2014,3,1,1,True,2019-05-01,official_validity_month,True,False,43796.0,12861.0,23820.0,19976.0,0,False,False,-62,10.68732060086809,entry_plus_no_exit_continuity_assumption; documented exits override after last active month,approved_core_municipality_proxy,DERIVED_REVIEWED_DESTINATION_PANEL
saas_fee,Saas-Fee,2014-04-01,2014,4,1,1,True,2019-05-01,official_validity_month,True,False,24154.0,6771.0,9770.0,14384.0,0,False,False,-61,10.092246676988507,entry_plus_no_exit_continuity_assumption; documented exits override after last active month,approved_core_municipality_proxy,DERIVED_REVIEWED_DESTINATION_PANEL
saas_fee,Saas-Fee,2014-05-01,2014,5,1,1,True,2019-05-01,official_validity_month,True,False,870.0,479.0,586.0,284.0,0,False,False,-60,6.769641976852503,entry_plus_no_exit_continuity_assumption; documented exits override after last active month,approved_core_municipality_proxy,DERIVED_REVIEWED_DESTINATION_PANEL
saas_fee,Saas-Fee,2014-06-01,2014,6,1,1,True,2019-05-01,official_validity_month,True,False,9661.0,3178.0,4508.0,5153.0,0,False,False,-59,9.175955945114351,entry_plus_no_exit_continuity_assumption; documented exits override after last active month,approved_core_municipality_proxy,DERIVED_REVIEWED_DESTINATION_PANEL
saas_fee,Saas-Fee,2014-07-01,2014,7,1,1,True,2019-05-01,official_validity_month,True,False,27573.0,8693.0,14008.0,13565.0,0,False,False,-58,10.224628578731574,entry_plus_no_exit_continuity_assumption; documented exits override after last active month,approved_core_municipality_proxy,DERIVED_REVIEWED_DESTINATION_PANEL
saas_fee,Saas-Fee,2014-08-01,2014,8,1,1,True,2019-05-01,official_validity_month,True,False,37184.0,10550.0,18120.0,19064.0,0,False,False,-57,10.523660733137401,entry_plus_no_exit_continuity_assumption; documented exits override after last active month,approved_core_municipality_proxy,DERIVED_REVIEWED_DESTINATION_PANEL
saas_fee,Saas-Fee,2014-09-01,2014,9,1,1,True,2019-05-01,official_validity_month,True,False,25653.0,8358.0,15021.0,10632.0,0,False,False,-56,10.152454783859795,entry_plus_no_exit_continuity_assumption; documented exits override after last active month,approved_core_municipality_proxy,DERIVED_REVIEWED_DESTINATION_PANEL
saas_fee,Saas-Fee,2014-10-01,2014,10,1,1,True,2019-05-01,official_validity_month,True,False,20246.0,7101.0,13988.0,6258.0,0,False,False,-55,9.915761913411517,entry_plus_no_exit_continuity_assumption; documented exits override after last active month,approved_core_municipality_proxy,DERIVED_REVIEWED_DESTINATION_PANEL
saas_fee,Saas-Fee,2014-11-01,2014,11,1,1,True,2019-05-01,official_validity_month,True,False,9592.0,4148.0,7076.0,2516.0,0,False,False,-54,9.168788944817948,entry_plus_no_exit_continuity_assumption; documented exits override after last active month,approved_core_municipality_proxy,DERIVED_REVIEWED_DESTINATION_PANEL
saas_fee,Saas-Fee,2014-12-01,2014,12,1,1,True,2019-05-01,official_validity_month,True,False,29767.0,9033.0,15042.0,14725.0,0,False,False,-53,10.301189270026459,entry_plus_no_exit_continuity_assumption; documented exits override after last active month,approved_core_municipality_proxy,DERIVED_REVIEWED_DESTINATION_PANEL
saas_fee,Saas-Fee,2015-01-01,2015,1,1,1,True,2019-05-01,official_validity_month,True,False,35166.0,10342.0,19252.0,15914.0,0,False,False,-52,10.467863421858212,entry_plus_no_exit_continuity_assumption; documented exits override after last active month,approved_core_municipality_proxy,DERIVED_REVIEWED_DESTINATION_PANEL
saas_fee,Saas-Fee,2015-02-01,2015,2,1,1,True,2019-05-01,official_validity_month,True,False,40697.0,10098.0,24366.0,16331.0,0,False,False,-51,10.613934230174134,entry_plus_no_exit_continuity_assumption; documented exits override after last active month,approved_core_municipality_proxy,DERIVED_REVIEWED_DESTINATION_PANEL
saas_fee,Saas-Fee,2015-03-01,2015,3,1,1,True,2019-05-01,official_validity_month,True,False,33994.0,9735.0,19795.0,14199.0,0,False,False,-50,10.43396873396056,entry_plus_no_exit_continuity_assumption; documented exits override after last active month,approved_core_municipality_proxy,DERIVED_REVIEWED_DESTINATION_PANEL
saas_fee,Saas-Fee,2015-04-01,2015,4,1,1,True,2019-05-01,official_validity_month,True,False,19038.0,5285.0,10121.0,8917.0,0,False,False,-49,9.854244785957677,entry_plus_no_exit_continuity_assumption; documented exits override after last active month,approved_core_municipality_proxy,DERIVED_REVIEWED_DESTINATION_PANEL
saas_fee,Saas-Fee,2015-05-01,2015,5,1,1,True,2019-05-01,official_validity_month,True,False,530.0,415.0,376.0,154.0,0,False,False,-48,6.274762021241939,entry_plus_no_exit_continuity_assumption; documented exits override after last active month,approved_core_municipality_proxy,DERIVED_REVIEWED_DESTINATION_PANEL
saas_fee,Saas-Fee,2015-06-01,2015,6,1,1,True,2019-05-01,official_validity_month,True,False,7785.0,2576.0,4325.0,3460.0,0,False,False,-47,8.960082528170402,entry_plus_no_exit_continuity_assumption; documented exits override after last active month,approved_core_municipality_proxy,DERIVED_REVIEWED_DESTINATION_PANEL
saas_fee,Saas-Fee,2015-07-01,2015,7,1,1,True,2019-05-01,official_validity_month,True,False,30226.0,9464.0,17944.0,12282.0,0,False,False,-46,10.316490843682582,entry_plus_no_exit_continuity_assumption; documented exits override after last active month,approved_core_municipality_proxy,DERIVED_REVIEWED_DESTINATION_PANEL
saas_fee,Saas-Fee,2015-08-01,2015,8,1,1,True,2019-05-01,official_validity_month,True,False,33194.0,9148.0,17865.0,15329.0,0,False,False,-45,10.41015454115326,entry_plus_no_exit_continuity_assumption; documented exits override after last active month,approved_core_municipality_proxy,DERIVED_REVIEWED_DESTINATION_PANEL
saas_fee,Saas-Fee,2015-09-01,2015,9,1,1,True,2019-05-01,official_validity_month,True,False,20879.0,6477.0,13271.0,7608.0,0,False,False,-44,9.946547041996576,entry_plus_no_exit_continuity_assumption; documented exits override after last active month,approved_core_municipality_proxy,DERIVED_REVIEWED_DESTINATION_PANEL
saas_fee,Saas-Fee,2015-10-01,2015,10,1,1,True,2019-05-01,official_validity_month,True,False,17674.0,5749.0,11248.0,6426.0,0,False,False,-43,9.779906490764773,entry_plus_no_exit_continuity_assumption; documented exits override after last active month,approved_core_municipality_proxy,DERIVED_REVIEWED_DESTINATION_PANEL
saas_fee,Saas-Fee,2015-11-01,2015,11,1,1,True,2019-05-01,official_validity_month,True,False,7895.0,3555.0,6381.0,1514.0,0,False,False,-42,8.974111581113318,entry_plus_no_exit_continuity_assumption; documented exits override after last active month,approved_core_municipality_proxy,DERIVED_REVIEWED_DESTINATION_PANEL
saas_fee,Saas-Fee,2015-12-01,2015,12,1,1,True,2019-05-01,official_validity_month,True,False,27154.0,8635.0,16378.0,10776.0,0,False,False,-41,10.209316470468945,entry_plus_no_exit_continuity_assumption; documented exits override after last active month,approved_core_municipality_proxy,DERIVED_REVIEWED_DESTINATION_PANEL
saas_fee,Saas-Fee,2016-01-01,2016,1,1,1,True,2019-05-01,official_validity_month,True,False,27115.0,8366.0,16981.0,10134.0,0,False,False,-40,10.207879238550856,entry_plus_no_exit_continuity_assumption; documented exits override after last active month,approved_core_municipality_proxy,DERIVED_REVIEWED_DESTINATION_PANEL
saas_fee,Saas-Fee,2016-02-01,2016,2,1,1,True,2019-05-01,official_validity_month,True,False,38492.0,10177.0,25791.0,12701.0,0,False,False,-39,10.558231685563127,entry_plus_no_exit_continuity_assumption; documented exits override after last active month,approved_core_municipality_proxy,DERIVED_REVIEWED_DESTINATION_PANEL
saas_fee,Saas-Fee,2016-03-01,2016,3,1,1,True,2019-05-01,official_validity_month,True,False,38433.0,10537.0,23457.0,14976.0,0,False,False,-38,10.556697763492373,entry_plus_no_exit_continuity_assumption; documented exits override after last active month,approved_core_municipality_proxy,DERIVED_REVIEWED_DESTINATION_PANEL
saas_fee,Saas-Fee,2016-04-01,2016,4,1,1,True,2019-05-01,official_validity_month,True,False,11743.0,3743.0,7392.0,4351.0,0,False,False,-37,9.371097750854297,entry_plus_no_exit_continuity_assumption; documented exits override after last active month,approved_core_municipality_proxy,DERIVED_REVIEWED_DESTINATION_PANEL
saas_fee,Saas-Fee,2016-05-01,2016,5,1,1,True,2019-05-01,official_validity_month,True,False,435.0,231.0,377.0,58.0,0,False,False,-36,6.077642243349034,entry_plus_no_exit_continuity_assumption; documented exits override after last active month,approved_core_municipality_proxy,DERIVED_REVIEWED_DESTINATION_PANEL
saas_fee,Saas-Fee,2016-06-01,2016,6,1,1,True,2019-05-01,official_validity_month,True,False,7361.0,2101.0,3810.0,3551.0,0,False,False,-35,8.904086913938967,entry_plus_no_exit_continuity_assumption; documented exits override after last active month,approved_core_municipality_proxy,DERIVED_REVIEWED_DESTINATION_PANEL
saas_fee,Saas-Fee,2016-07-01,2016,7,1,1,True,2019-05-01,official_validity_month,True,False,25986.0,8282.0,15053.0,10933.0,0,False,False,-34,10.165351691961936,entry_plus_no_exit_continuity_assumption; documented exits override after last active month,approved_core_municipality_proxy,DERIVED_REVIEWED_DESTINATION_PANEL
saas_fee,Saas-Fee,2016-08-01,2016,8,1,1,True,2019-05-01,official_validity_month,True,False,33790.0,9317.0,17705.0,16085.0,0,False,False,-33,10.427949773825027,entry_plus_no_exit_continuity_assumption; documented exits override after last active month,approved_core_municipality_proxy,DERIVED_REVIEWED_DESTINATION_PANEL
saas_fee,Saas-Fee,2016-09-01,2016,9,1,1,True,2019-05-01,official_validity_month,True,False,23492.0,7341.0,13508.0,9984.0,0,False,False,-32,10.064457783419048,entry_plus_no_exit_continuity_assumption; documented exits override after last active month,approved_core_municipality_proxy,DERIVED_REVIEWED_DESTINATION_PANEL
saas_fee,Saas-Fee,2016-10-01,2016,10,1,1,True,2019-05-01,official_validity_month,True,False,18938.0,5979.0,12248.0,6690.0,0,False,False,-31,9.848978567035735,entry_plus_no_exit_continuity_assumption; documented exits override after last active month,approved_core_municipality_proxy,DERIVED_REVIEWED_DESTINATION_PANEL
saas_fee,Saas-Fee,2016-11-01,2016,11,1,1,True,2019-05-01,official_validity_month,True,False,7770.0,3348.0,6286.0,1484.0,0,False,False,-30,8.958154135209242,entry_plus_no_exit_continuity_assumption; documented exits override after last active month,approved_core_municipality_proxy,DERIVED_REVIEWED_DESTINATION_PANEL
saas_fee,Saas-Fee,2016-12-01,2016,12,1,1,True,2019-05-01,official_validity_month,True,False,28116.0,9943.0,18527.0,9589.0,0,False,False,-29,10.244129654600282,entry_plus_no_exit_continuity_assumption; documented exits override after last active month,approved_core_municipality_proxy,DERIVED_REVIEWED_DESTINATION_PANEL
saas_fee,Saas-Fee,2017-01-01,2017,1,1,1,True,2019-05-01,official_validity_month,True,False,39775.0,12729.0,29109.0,10666.0,0,False,False,-28,10.591018994310438,entry_plus_no_exit_continuity_assumption; documented exits override after last active month,approved_core_municipality_proxy,DERIVED_REVIEWED_DESTINATION_PANEL
saas_fee,Saas-Fee,2017-02-01,2017,2,1,1,True,2019-05-01,official_validity_month,True,False,48823.0,13606.0,35251.0,13572.0,0,False,False,-27,10.795977274224331,entry_plus_no_exit_continuity_assumption; documented exits override after last active month,approved_core_municipality_proxy,DERIVED_REVIEWED_DESTINATION_PANEL
saas_fee,Saas-Fee,2017-03-01,2017,3,1,1,True,2019-05-01,official_validity_month,True,False,46268.0,14343.0,34287.0,11981.0,0,False,False,-26,10.742227469391723,entry_plus_no_exit_continuity_assumption; documented exits override after last active month,approved_core_municipality_proxy,DERIVED_REVIEWED_DESTINATION_PANEL
saas_fee,Saas-Fee,2017-04-01,2017,4,1,1,True,2019-05-01,official_validity_month,True,False,26474.0,8209.0,17610.0,8864.0,0,False,False,-25,10.183956170469607,entry_plus_no_exit_continuity_assumption; documented exits override after last active month,approved_core_municipality_proxy,DERIVED_REVIEWED_DESTINATION_PANEL
saas_fee,Saas-Fee,2017-05-01,2017,5,1,1,True,2019-05-01,official_validity_month,True,False,547.0,334.0,465.0,82.0,0,False,False,-24,6.306275286948016,entry_plus_no_exit_continuity_assumption; documented exits override after last active month,approved_core_municipality_proxy,DERIVED_REVIEWED_DESTINATION_PANEL
saas_fee,Saas-Fee,2017-06-01,2017,6,1,1,True,2019-05-01,official_validity_month,True,False,8803.0,3271.0,5876.0,2927.0,0,False,False,-23,9.082961442646353,entry_plus_no_exit_continuity_assumption; documented exits override after last active month,approved_core_municipality_proxy,DERIVED_REVIEWED_DESTINATION_PANEL
saas_fee,Saas-Fee,2017-07-01,2017,7,1,1,True,2019-05-01,official_validity_month,True,False,30650.0,9729.0,18782.0,11868.0,0,False,False,-22,10.330420567259534,entry_plus_no_exit_continuity_assumption; documented exits override after last active month,approved_core_municipality_proxy,DERIVED_REVIEWED_DESTINATION_PANEL
saas_fee,Saas-Fee,2017-08-01,2017,8,1,1,True,2019-05-01,official_validity_month,True,False,39298.0,11049.0,20245.0,19053.0,0,False,False,-21,10.578954352240995,entry_plus_no_exit_continuity_assumption; documented exits override after last active month,approved_core_municipality_proxy,DERIVED_REVIEWED_DESTINATION_PANEL
saas_fee,Saas-Fee,2017-09-01,2017,9,1,1,True,2019-05-01,official_validity_month,True,False,25237.0,8041.0,14413.0,10824.0,0,False,False,-20,10.136106074212856,entry_plus_no_exit_continuity_assumption; documented exits override after last active month,approved_core_municipality_proxy,DERIVED_REVIEWED_DESTINATION_PANEL
saas_fee,Saas-Fee,2017-10-01,2017,10,1,1,True,2019-05-01,official_validity_month,True,False,24528.0,7431.0,16418.0,8110.0,0,False,False,-19,10.107611370013084,entry_plus_no_exit_continuity_assumption; documented exits override after last active month,approved_core_municipality_proxy,DERIVED_REVIEWED_DESTINATION_PANEL
saas_fee,Saas-Fee,2017-11-01,2017,11,1,1,True,2019-05-01,official_validity_month,True,False,8816.0,3897.0,6626.0,2190.0,0,False,False,-18,9.084436955087027,entry_plus_no_exit_continuity_assumption; documented exits override after last active month,approved_core_municipality_proxy,DERIVED_REVIEWED_DESTINATION_PANEL
saas_fee,Saas-Fee,2017-12-01,2017,12,1,1,True,2019-05-01,official_validity_month,True,False,31128.0,11277.0,21809.0,9319.0,0,False,False,-17,10.345895139566009,entry_plus_no_exit_continuity_assumption; documented exits override after last active month,approved_core_municipality_proxy,DERIVED_REVIEWED_DESTINATION_PANEL
saas_fee,Saas-Fee,2018-01-01,2018,1,1,1,True,2019-05-01,official_validity_month,True,False,36255.0,10715.0,25730.0,10525.0,0,False,False,-16,10.498360163827734,entry_plus_no_exit_continuity_assumption; documented exits override after last active month,approved_core_municipality_proxy,DERIVED_REVIEWED_DESTINATION_PANEL
saas_fee,Saas-Fee,2018-02-01,2018,2,1,1,True,2019-05-01,official_validity_month,True,False,51536.0,13655.0,37404.0,14132.0,0,False,False,-15,10.850055275294554,entry_plus_no_exit_continuity_assumption; documented exits override after last active month,approved_core_municipality_proxy,DERIVED_REVIEWED_DESTINATION_PANEL
saas_fee,Saas-Fee,2018-03-01,2018,3,1,1,True,2019-05-01,official_validity_month,True,False,48064.0,14752.0,33128.0,14936.0,0,False,False,-14,10.780309540499916,entry_plus_no_exit_continuity_assumption; documented exits override after last active month,approved_core_municipality_proxy,DERIVED_REVIEWED_DESTINATION_PANEL
saas_fee,Saas-Fee,2018-04-01,2018,4,1,1,True,2019-05-01,official_validity_month,True,False,20366.0,6154.0,13064.0,7302.0,0,False,False,-13,9.921671222969756,entry_plus_no_exit_continuity_assumption; documented exits override after last active month,approved_core_municipality_proxy,DERIVED_REVIEWED_DESTINATION_PANEL
saas_fee,Saas-Fee,2018-05-01,2018,5,1,1,True,2019-05-01,official_validity_month,True,False,237.0,135.0,209.0,28.0,0,False,False,-12,5.472270673671475,entry_plus_no_exit_continuity_assumption; documented exits override after last active month,approved_core_municipality_proxy,DERIVED_REVIEWED_DESTINATION_PANEL
saas_fee,Saas-Fee,2018-06-01,2018,6,1,1,True,2019-05-01,official_validity_month,True,False,7273.0,2616.0,4018.0,3255.0,0,False,False,-11,8.892061625546935,entry_plus_no_exit_continuity_assumption; documented exits override after last active month,approved_core_municipality_proxy,DERIVED_REVIEWED_DESTINATION_PANEL
saas_fee,Saas-Fee,2018-07-01,2018,7,1,1,True,2019-05-01,official_validity_month,True,False,30760.0,10060.0,17738.0,13022.0,0,False,False,-10,10.334002932844076,entry_plus_no_exit_continuity_assumption; documented exits override after last active month,approved_core_municipality_proxy,DERIVED_REVIEWED_DESTINATION_PANEL
saas_fee,Saas-Fee,2018-08-01,2018,8,1,1,True,2019-05-01,official_validity_month,True,False,38245.0,12023.0,19218.0,19027.0,0,False,False,-9,10.55179425862292,entry_plus_no_exit_continuity_assumption; documented exits override after last active month,approved_core_municipality_proxy,DERIVED_REVIEWED_DESTINATION_PANEL
saas_fee,Saas-Fee,2018-09-01,2018,9,1,1,True,2019-05-01,official_validity_month,True,False,26474.0,8923.0,14506.0,11968.0,0,False,False,-8,10.183956170469607,entry_plus_no_exit_continuity_assumption; documented exits override after last active month,approved_core_municipality_proxy,DERIVED_REVIEWED_DESTINATION_PANEL
saas_fee,Saas-Fee,2018-10-01,2018,10,1,1,True,2019-05-01,official_validity_month,True,False,23041.0,6693.0,13245.0,9796.0,0,False,False,-7,10.045073916598,entry_plus_no_exit_continuity_assumption; documented exits override after last active month,approved_core_municipality_proxy,DERIVED_REVIEWED_DESTINATION_PANEL
saas_fee,Saas-Fee,2018-11-01,2018,11,1,1,True,2019-05-01,official_validity_month,True,False,9356.0,4342.0,6629.0,2727.0,0,False,False,-6,9.143880005275912,entry_plus_no_exit_continuity_assumption; documented exits override after last active month,approved_core_municipality_proxy,DERIVED_REVIEWED_DESTINATION_PANEL
saas_fee,Saas-Fee,2018-12-01,2018,12,1,1,True,2019-05-01,official_validity_month,True,False,29669.0,9720.0,18930.0,10739.0,0,False,False,-5,10.297891713284868,entry_plus_no_exit_continuity_assumption; documented exits override after last active month,approved_core_municipality_proxy,DERIVED_REVIEWED_DESTINATION_PANEL
saas_fee,Saas-Fee,2019-01-01,2019,1,1,1,True,2019-05-01,official_validity_month,True,False,36205.0,10463.0,23709.0,12496.0,0,False,False,-4,10.496980129935888,entry_plus_no_exit_continuity_assumption; documented exits override after last active month,approved_core_municipality_proxy,DERIVED_REVIEWED_DESTINATION_PANEL
saas_fee,Saas-Fee,2019-02-01,2019,2,1,1,True,2019-05-01,official_validity_month,True,False,44542.0,12309.0,31026.0,13516.0,0,False,False,-3,10.70421029372945,entry_plus_no_exit_continuity_assumption; documented exits override after last active month,approved_core_municipality_proxy,DERIVED_REVIEWED_DESTINATION_PANEL
saas_fee,Saas-Fee,2019-03-01,2019,3,1,1,True,2019-05-01,official_validity_month,True,False,47141.0,14001.0,31140.0,16001.0,0,False,False,-2,10.760919602403877,entry_plus_no_exit_continuity_assumption; documented exits override after last active month,approved_core_municipality_proxy,DERIVED_REVIEWED_DESTINATION_PANEL
saas_fee,Saas-Fee,2019-04-01,2019,4,1,1,True,2019-05-01,official_validity_month,True,False,26480.0,7617.0,15021.0,11459.0,0,False,False,-1,10.184182773688342,entry_plus_no_exit_continuity_assumption; documented exits override after last active month,approved_core_municipality_proxy,DERIVED_REVIEWED_DESTINATION_PANEL
saas_fee,Saas-Fee,2019-05-01,2019,5,1,1,True,2019-05-01,official_validity_month,True,False,635.0,319.0,475.0,160.0,1,True,True,0,6.455198563340122,entry_plus_no_exit_continuity_assumption; documented exits override after last active month,approved_core_municipality_proxy,DERIVED_REVIEWED_DESTINATION_PANEL
saas_fee,Saas-Fee,2019-06-01,2019,6,1,1,True,2019-05-01,official_validity_month,True,False,8036.0,2821.0,4105.0,3931.0,1,True,True,1,8.991811158212718,entry_plus_no_exit_continuity_assumption; documented exits override after last active month,approved_core_municipality_proxy,DERIVED_REVIEWED_DESTINATION_PANEL
saas_fee,Saas-Fee,2019-07-01,2019,7,1,1,True,2019-05-01,official_validity_month,True,False,36055.0,11475.0,21191.0,14864.0,1,True,True,2,10.492828564370484,entry_plus_no_exit_continuity_assumption; documented exits override after last active month,approved_core_municipality_proxy,DERIVED_REVIEWED_DESTINATION_PANEL
saas_fee,Saas-Fee,2019-08-01,2019,8,1,1,True,2019-05-01,official_validity_month,True,False,32794.0,10441.0,15155.0,17639.0,1,True,True,3,10.398031343727835,entry_plus_no_exit_continuity_assumption; documented exits override after last active month,approved_core_municipality_proxy,DERIVED_REVIEWED_DESTINATION_PANEL
saas_fee,Saas-Fee,2019-09-01,2019,9,1,1,True,2019-05-01,official_validity_month,True,False,28852.0,8408.0,13729.0,15123.0,1,True,True,4,10.269969252665245,entry_plus_no_exit_continuity_assumption; documented exits override after last active month,approved_core_municipality_proxy,DERIVED_REVIEWED_DESTINATION_PANEL
saas_fee,Saas-Fee,2019-10-01,2019,10,1,1,True,2019-05-01,official_validity_month,True,False,20598.0,5885.0,10536.0,10062.0,1,True,True,5,9.932997809910068,entry_plus_no_exit_continuity_assumption; documented exits override after last active month,approved_core_municipality_proxy,DERIVED_REVIEWED_DESTINATION_PANEL
saas_fee,Saas-Fee,2019-11-01,2019,11,1,1,True,2019-05-01,official_validity_month,True,False,9893.0,4547.0,6883.0,3010.0,1,True,True,6,9.199683791787654,entry_plus_no_exit_continuity_assumption; documented exits override after last active month,approved_core_municipality_proxy,DERIVED_REVIEWED_DESTINATION_PANEL
saas_fee,Saas-Fee,2019-12-01,2019,12,1,1,True,2019-05-01,official_validity_month,True,False,28740.0,10118.0,18471.0,10269.0,1,True,True,7,10.266079953738897,entry_plus_no_exit_continuity_assumption; documented exits override after last active month,approved_core_municipality_proxy,DERIVED_REVIEWED_DESTINATION_PANEL
saas_fee,Saas-Fee,2020-01-01,2020,1,1,1,True,2019-05-01,official_validity_month,True,False,35430.0,11631.0,25028.0,10402.0,1,True,True,8,10.47534242212957,entry_plus_no_exit_continuity_assumption; documented exits override after last active month,approved_core_municipality_proxy,DERIVED_REVIEWED_DESTINATION_PANEL
saas_fee,Saas-Fee,2020-02-01,2020,2,1,1,True,2019-05-01,official_validity_month,True,False,48152.0,14125.0,33628.0,14524.0,1,True,True,9,10.782138720581328,entry_plus_no_exit_continuity_assumption; documented exits override after last active month,approved_core_municipality_proxy,DERIVED_REVIEWED_DESTINATION_PANEL
saas_fee,Saas-Fee,2020-03-01,2020,3,1,1,True,2019-05-01,official_validity_month,True,False,18164.0,5701.0,13662.0,4502.0,1,True,True,10,9.807251944655302,entry_plus_no_exit_continuity_assumption; documented exits override after last active month,approved_core_municipality_proxy,DERIVED_REVIEWED_DESTINATION_PANEL
saas_fee,Saas-Fee,2020-04-01,2020,4,1,1,True,2019-05-01,official_validity_month,True,False,136.0,39.0,136.0,0.0,1,True,True,11,4.919980925828125,entry_plus_no_exit_continuity_assumption; documented exits override after last active month,approved_core_municipality_proxy,DERIVED_REVIEWED_DESTINATION_PANEL
saas_fee,Saas-Fee,2020-05-01,2020,5,1,1,True,2019-05-01,official_validity_month,True,False,1065.0,500.0,960.0,105.0,1,True,True,12,6.97166860472579,entry_plus_no_exit_continuity_assumption; documented exits override after last active month,approved_core_municipality_proxy,DERIVED_REVIEWED_DESTINATION_PANEL
saas_fee,Saas-Fee,2020-06-01,2020,6,1,1,True,2019-05-01,official_validity_month,True,False,6840.0,2922.0,6196.0,644.0,1,True,True,13,8.830689198760998,entry_plus_no_exit_continuity_assumption; documented exits override after last active month,approved_core_municipality_proxy,DERIVED_REVIEWED_DESTINATION_PANEL
saas_fee,Saas-Fee,2020-07-01,2020,7,1,1,True,2019-05-01,official_validity_month,True,False,33304.0,11594.0,27514.0,5790.0,1,True,True,14,10.41346281484728,entry_plus_no_exit_continuity_assumption; documented exits override after last active month,approved_core_municipality_proxy,DERIVED_REVIEWED_DESTINATION_PANEL
saas_fee,Saas-Fee,2020-08-01,2020,8,1,1,True,2019-05-01,official_validity_month,True,False,33469.0,11320.0,23482.0,9987.0,1,True,True,15,10.418404794205372,entry_plus_no_exit_continuity_assumption; documented exits override after last active month,approved_core_municipality_proxy,DERIVED_REVIEWED_DESTINATION_PANEL
saas_fee,Saas-Fee,2020-09-01,2020,9,1,1,True,2019-05-01,official_validity_month,True,False,32504.0,10249.0,21343.0,11161.0,1,True,True,16,10.389149202638569,entry_plus_no_exit_continuity_assumption; documented exits override after last active month,approved_core_municipality_proxy,DERIVED_REVIEWED_DESTINATION_PANEL
saas_fee,Saas-Fee,2020-10-01,2020,10,1,1,True,2019-05-01,official_validity_month,True,False,25489.0,8758.0,20476.0,5013.0,1,True,True,17,10.146041497370161,entry_plus_no_exit_continuity_assumption; documented exits override after last active month,approved_core_municipality_proxy,DERIVED_REVIEWED_DESTINATION_PANEL
saas_fee,Saas-Fee,2020-11-01,2020,11,1,1,True,2019-05-01,official_validity_month,True,False,13045.0,5693.0,9717.0,3328.0,1,True,True,18,9.476236852356042,entry_plus_no_exit_continuity_assumption; documented exits override after last active month,approved_core_municipality_proxy,DERIVED_REVIEWED_DESTINATION_PANEL
saas_fee,Saas-Fee,2020-12-01,2020,12,1,1,True,2019-05-01,official_validity_month,True,False,26811.0,9595.0,22337.0,4474.0,1,True,True,19,10.196604827477849,entry_plus_no_exit_continuity_assumption; documented exits override after last active month,approved_core_municipality_proxy,DERIVED_REVIEWED_DESTINATION_PANEL
saas_fee,Saas-Fee,2021-01-01,2021,1,1,1,True,2019-05-01,official_validity_month,True,False,18325.0,6925.0,16140.0,2185.0,1,True,True,20,9.816076095525158,entry_plus_no_exit_continuity_assumption; documented exits override after last active month,approved_core_municipality_proxy,DERIVED_REVIEWED_DESTINATION_PANEL
saas_fee,Saas-Fee,2021-02-01,2021,2,1,1,True,2019-05-01,official_validity_month,True,False,36686.0,12188.0,34060.0,2626.0,1,True,True,21,10.51017774785748,entry_plus_no_exit_continuity_assumption; documented exits override after last active month,approved_core_municipality_proxy,DERIVED_REVIEWED_DESTINATION_PANEL
saas_fee,Saas-Fee,2021-03-01,2021,3,1,1,True,2019-05-01,official_validity_month,True,False,31998.0,11857.0,28166.0,3832.0,1,True,True,22,10.373459931293572,entry_plus_no_exit_continuity_assumption; documented exits override after last active month,approved_core_municipality_proxy,DERIVED_REVIEWED_DESTINATION_PANEL
saas_fee,Saas-Fee,2021-04-01,2021,4,1,1,True,2019-05-01,official_validity_month,True,False,22796.0,8277.0,20953.0,1843.0,1,True,True,23,10.034384227337895,entry_plus_no_exit_continuity_assumption; documented exits override after last active month,approved_core_municipality_proxy,DERIVED_REVIEWED_DESTINATION_PANEL
saas_fee,Saas-Fee,2021-05-01,2021,5,1,1,True,2019-05-01,official_validity_month,True,False,2007.0,983.0,1941.0,66.0,1,True,True,24,7.60489448081162,entry_plus_no_exit_continuity_assumption; documented exits override after last active month,approved_core_municipality_proxy,DERIVED_REVIEWED_DESTINATION_PANEL
saas_fee,Saas-Fee,2021-06-01,2021,6,1,1,True,2019-05-01,official_validity_month,True,False,8552.0,3238.0,8068.0,484.0,1,True,True,25,9.054037377580782,entry_plus_no_exit_continuity_assumption; documented exits override after last active month,approved_core_municipality_proxy,DERIVED_REVIEWED_DESTINATION_PANEL
saas_fee,Saas-Fee,2021-07-01,2021,7,1,1,True,2019-05-01,official_validity_month,True,False,29733.0,10628.0,24467.0,5266.0,1,True,True,26,10.300046451173296,entry_plus_no_exit_continuity_assumption; documented exits override after last active month,approved_core_municipality_proxy,DERIVED_REVIEWED_DESTINATION_PANEL
saas_fee,Saas-Fee,2021-08-01,2021,8,1,1,True,2019-05-01,official_validity_month,True,False,41743.0,12863.0,26116.0,15627.0,1,True,True,27,10.63931100737651,entry_plus_no_exit_continuity_assumption; documented exits override after last active month,approved_core_municipality_proxy,DERIVED_REVIEWED_DESTINATION_PANEL
saas_fee,Saas-Fee,2021-09-01,2021,9,1,1,True,2019-05-01,official_validity_month,True,False,30329.0,8667.0,18207.0,12122.0,1,True,True,28,10.319892600682627,entry_plus_no_exit_continuity_assumption; documented exits override after last active month,approved_core_municipality_proxy,DERIVED_REVIEWED_DESTINATION_PANEL
saas_fee,Saas-Fee,2021-10-01,2021,10,1,1,True,2019-05-01,official_validity_month,True,False,27282.0,8226.0,19511.0,7771.0,1,True,True,29,10.214019076585554,entry_plus_no_exit_continuity_assumption; documented exits override after last active month,approved_core_municipality_proxy,DERIVED_REVIEWED_DESTINATION_PANEL
saas_fee,Saas-Fee,2021-11-01,2021,11,1,1,True,2019-05-01,official_validity_month,True,False,12444.0,5455.0,9768.0,2676.0,1,True,True,30,9.429074214801693,entry_plus_no_exit_continuity_assumption; documented exits override after last active month,approved_core_municipality_proxy,DERIVED_REVIEWED_DESTINATION_PANEL
saas_fee,Saas-Fee,2021-12-01,2021,12,1,1,True,2019-05-01,official_validity_month,True,False,26129.0,8913.0,19329.0,6800.0,1,True,True,31,10.170839358514659,entry_plus_no_exit_continuity_assumption; documented exits override after last active month,approved_core_municipality_proxy,DERIVED_REVIEWED_DESTINATION_PANEL
saas_fee,Saas-Fee,2022-01-01,2022,1,1,1,True,2019-05-01,official_validity_month,True,False,27987.0,9323.0,21697.0,6290.0,1,True,True,32,10.239531125865787,entry_plus_no_exit_continuity_assumption; documented exits override after last active month,approved_core_municipality_proxy,DERIVED_REVIEWED_DESTINATION_PANEL
saas_fee,Saas-Fee,2022-02-01,2022,2,1,1,True,2019-05-01,official_validity_month,True,False,37943.0,10523.0,28836.0,9107.0,1,True,True,33,10.543866667557417,entry_plus_no_exit_continuity_assumption; documented exits override after last active month,approved_core_municipality_proxy,DERIVED_REVIEWED_DESTINATION_PANEL
saas_fee,Saas-Fee,2022-03-01,2022,3,1,1,True,2019-05-01,official_validity_month,True,False,36143.0,11763.0,26953.0,9190.0,1,True,True,34,10.495266238707785,entry_plus_no_exit_continuity_assumption; documented exits override after last active month,approved_core_municipality_proxy,DERIVED_REVIEWED_DESTINATION_PANEL
saas_fee,Saas-Fee,2022-04-01,2022,4,1,1,True,2019-05-01,official_validity_month,True,False,22634.0,7418.0,16505.0,6129.0,1,True,True,35,10.02725265987006,entry_plus_no_exit_continuity_assumption; documented exits override after last active month,approved_core_municipality_proxy,DERIVED_REVIEWED_DESTINATION_PANEL
saas_fee,Saas-Fee,2022-05-01,2022,5,1,1,True,2019-05-01,official_validity_month,True,False,1339.0,696.0,1190.0,149.0,1,True,True,36,7.200424892944957,entry_plus_no_exit_continuity_assumption; documented exits override after last active month,approved_core_municipality_proxy,DERIVED_REVIEWED_DESTINATION_PANEL
saas_fee,Saas-Fee,2022-06-01,2022,6,1,1,True,2019-05-01,official_validity_month,True,False,6616.0,2728.0,4616.0,2000.0,1,True,True,37,8.797397374012059,entry_plus_no_exit_continuity_assumption; documented exits override after last active month,approved_core_municipality_proxy,DERIVED_REVIEWED_DESTINATION_PANEL
saas_fee,Saas-Fee,2022-07-01,2022,7,1,1,True,2019-05-01,official_validity_month,True,False,25121.0,8374.0,16867.0,8254.0,1,True,True,38,10.131499235247198,entry_plus_no_exit_continuity_assumption; documented exits override after last active month,approved_core_municipality_proxy,DERIVED_REVIEWED_DESTINATION_PANEL
saas_fee,Saas-Fee,2022-08-01,2022,8,1,1,True,2019-05-01,official_validity_month,True,False,30154.0,8784.0,17477.0,12677.0,1,True,True,39,10.314106025885087,entry_plus_no_exit_continuity_assumption; documented exits override after last active month,approved_core_municipality_proxy,DERIVED_REVIEWED_DESTINATION_PANEL
saas_fee,Saas-Fee,2022-09-01,2022,9,1,1,True,2019-05-01,official_validity_month,True,False,22289.0,8137.0,17062.0,5227.0,1,True,True,40,10.011893426379915,entry_plus_no_exit_continuity_assumption; documented exits override after last active month,approved_core_municipality_proxy,DERIVED_REVIEWED_DESTINATION_PANEL
saas_fee,Saas-Fee,2022-10-01,2022,10,1,1,True,2019-05-01,official_validity_month,True,False,20617.0,6411.0,16268.0,4349.0,1,True,True,41,9.93391975965633,entry_plus_no_exit_continuity_assumption; documented exits override after last active month,approved_core_municipality_proxy,DERIVED_REVIEWED_DESTINATION_PANEL
saas_fee,Saas-Fee,2022-11-01,2022,11,1,1,True,2019-05-01,official_validity_month,True,False,9634.0,4433.0,7504.0,2130.0,1,True,True,42,9.173157580848466,entry_plus_no_exit_continuity_assumption; documented exits override after last active month,approved_core_municipality_proxy,DERIVED_REVIEWED_DESTINATION_PANEL
saas_fee,Saas-Fee,2022-12-01,2022,12,1,1,True,2019-05-01,official_validity_month,True,False,22198.0,8253.0,15894.0,6304.0,1,True,True,43,10.007802521800768,entry_plus_no_exit_continuity_assumption; documented exits override after last active month,approved_core_municipality_proxy,DERIVED_REVIEWED_DESTINATION_PANEL
saas_fee,Saas-Fee,2023-01-01,2023,1,1,1,True,2019-05-01,official_validity_month,True,False,28978.0,9700.0,21456.0,7522.0,1,True,True,44,10.274326708723063,entry_plus_no_exit_continuity_assumption; documented exits override after last active month,approved_core_municipality_proxy,DERIVED_REVIEWED_DESTINATION_PANEL
saas_fee,Saas-Fee,2023-02-01,2023,2,1,1,True,2019-05-01,official_validity_month,True,False,35680.0,10001.0,26848.0,8832.0,1,True,True,45,10.482373613207029,entry_plus_no_exit_continuity_assumption; documented exits override after last active month,approved_core_municipality_proxy,DERIVED_REVIEWED_DESTINATION_PANEL
saas_fee,Saas-Fee,2023-03-01,2023,3,1,1,True,2019-05-01,official_validity_month,True,False,29896.0,10525.0,22318.0,7578.0,1,True,True,46,10.30551341989678,entry_plus_no_exit_continuity_assumption; documented exits override after last active month,approved_core_municipality_proxy,DERIVED_REVIEWED_DESTINATION_PANEL
saas_fee,Saas-Fee,2023-04-01,2023,4,1,1,True,2019-05-01,official_validity_month,True,False,18571.0,6209.0,13613.0,4958.0,1,True,True,47,9.829410349139811,entry_plus_no_exit_continuity_assumption; documented exits override after last active month,approved_core_municipality_proxy,DERIVED_REVIEWED_DESTINATION_PANEL
saas_fee,Saas-Fee,2023-05-01,2023,5,1,1,True,2019-05-01,official_validity_month,True,False,1643.0,779.0,1288.0,355.0,1,True,True,48,7.404887575616125,entry_plus_no_exit_continuity_assumption; documented exits override after last active month,approved_core_municipality_proxy,DERIVED_REVIEWED_DESTINATION_PANEL
saas_fee,Saas-Fee,2023-06-01,2023,6,1,1,True,2019-05-01,official_validity_month,True,False,7021.0,3024.0,4484.0,2537.0,1,True,True,49,8.856803356728378,entry_plus_no_exit_continuity_assumption; documented exits override after last active month,approved_core_municipality_proxy,DERIVED_REVIEWED_DESTINATION_PANEL
saas_fee,Saas-Fee,2023-07-01,2023,7,1,1,True,2019-05-01,official_validity_month,True,False,23777.0,8064.0,15815.0,7962.0,1,True,True,50,10.07651606241849,entry_plus_no_exit_continuity_assumption; documented exits override after last active month,approved_core_municipality_proxy,DERIVED_REVIEWED_DESTINATION_PANEL
saas_fee,Saas-Fee,2023-08-01,2023,8,1,1,True,2019-05-01,official_validity_month,True,False,25587.0,10158.0,16670.0,8917.0,1,True,True,51,10.149878770570028,entry_plus_no_exit_continuity_assumption; documented exits override after last active month,approved_core_municipality_proxy,DERIVED_REVIEWED_DESTINATION_PANEL
saas_fee,Saas-Fee,2023-09-01,2023,9,1,1,True,2019-05-01,official_validity_month,True,False,22008.0,9174.0,17093.0,4915.0,1,True,True,52,9.999206739594673,entry_plus_no_exit_continuity_assumption; documented exits override after last active month,approved_core_municipality_proxy,DERIVED_REVIEWED_DESTINATION_PANEL
saas_fee,Saas-Fee,2023-10-01,2023,10,1,1,True,2019-05-01,official_validity_month,True,False,22600.0,8534.0,16414.0,6186.0,1,True,True,53,10.025749432069084,entry_plus_no_exit_continuity_assumption; documented exits override after last active month,approved_core_municipality_proxy,DERIVED_REVIEWED_DESTINATION_PANEL
saas_fee,Saas-Fee,2023-11-01,2023,11,1,1,True,2019-05-01,official_validity_month,True,False,11004.0,5256.0,9527.0,1477.0,1,True,True,54,9.306104993960561,entry_plus_no_exit_continuity_assumption; documented exits override after last active month,approved_core_municipality_proxy,DERIVED_REVIEWED_DESTINATION_PANEL
saas_fee,Saas-Fee,2023-12-01,2023,12,1,1,True,2019-05-01,official_validity_month,True,False,24719.0,8777.0,17622.0,7097.0,1,True,True,55,10.115367911571628,entry_plus_no_exit_continuity_assumption; documented exits override after last active month,approved_core_municipality_proxy,DERIVED_REVIEWED_DESTINATION_PANEL
saas_fee,Saas-Fee,2024-01-01,2024,1,1,1,True,2019-05-01,official_validity_month,True,False,26581.0,8474.0,19863.0,6718.0,1,True,True,56,10.187989573981278,entry_plus_no_exit_continuity_assumption; documented exits override after last active month,approved_core_municipality_proxy,DERIVED_REVIEWED_DESTINATION_PANEL
saas_fee,Saas-Fee,2024-02-01,2024,2,1,1,True,2019-05-01,official_validity_month,True,False,35241.0,9656.0,26463.0,8778.0,1,True,True,57,10.469993832128676,entry_plus_no_exit_continuity_assumption; documented exits override after last active month,approved_core_municipality_proxy,DERIVED_REVIEWED_DESTINATION_PANEL
saas_fee,Saas-Fee,2024-03-01,2024,3,1,1,True,2019-05-01,official_validity_month,True,False,30702.0,11050.0,22671.0,8031.0,1,True,True,58,10.33211564867072,entry_plus_no_exit_continuity_assumption; documented exits override after last active month,approved_core_municipality_proxy,DERIVED_REVIEWED_DESTINATION_PANEL
saas_fee,Saas-Fee,2024-04-01,2024,4,1,1,True,2019-05-01,official_validity_month,True,False,14777.0,5929.0,11729.0,3048.0,1,True,True,59,9.600894867348593,entry_plus_no_exit_continuity_assumption; documented exits override after last active month,approved_core_municipality_proxy,DERIVED_REVIEWED_DESTINATION_PANEL
saas_fee,Saas-Fee,2024-05-01,2024,5,1,1,True,2019-05-01,official_validity_month,True,False,2392.0,1326.0,1690.0,702.0,1,True,True,60,7.780303087908373,entry_plus_no_exit_continuity_assumption; documented exits override after last active month,approved_core_municipality_proxy,DERIVED_REVIEWED_DESTINATION_PANEL
saas_fee,Saas-Fee,2024-06-01,2024,6,1,1,True,2019-05-01,official_validity_month,True,False,7812.0,3145.0,3796.0,4016.0,1,True,True,61,8.963544291996744,entry_plus_no_exit_continuity_assumption; documented exits override after last active month,approved_core_municipality_proxy,DERIVED_REVIEWED_DESTINATION_PANEL
saas_fee,Saas-Fee,2024-07-01,2024,7,1,1,True,2019-05-01,official_validity_month,True,False,21983.0,7394.0,12961.0,9022.0,1,True,True,62,9.998070195022075,entry_plus_no_exit_continuity_assumption; documented exits override after last active month,approved_core_municipality_proxy,DERIVED_REVIEWED_DESTINATION_PANEL
saas_fee,Saas-Fee,2024-08-01,2024,8,1,1,True,2019-05-01,official_validity_month,True,False,25314.0,9704.0,15821.0,9493.0,1,True,True,63,10.13915238440401,entry_plus_no_exit_continuity_assumption; documented exits override after last active month,approved_core_municipality_proxy,DERIVED_REVIEWED_DESTINATION_PANEL
saas_fee,Saas-Fee,2024-09-01,2024,9,1,1,True,2019-05-01,official_validity_month,True,False,18081.0,5951.0,11005.0,7076.0,1,True,True,64,9.802672247297311,entry_plus_no_exit_continuity_assumption; documented exits override after last active month,approved_core_municipality_proxy,DERIVED_REVIEWED_DESTINATION_PANEL
saas_fee,Saas-Fee,2024-10-01,2024,10,1,1,True,2019-05-01,official_validity_month,True,False,17143.0,6441.0,12597.0,4546.0,1,True,True,65,9.749403537153412,entry_plus_no_exit_continuity_assumption; documented exits override after last active month,approved_core_municipality_proxy,DERIVED_REVIEWED_DESTINATION_PANEL
saas_fee,Saas-Fee,2024-11-01,2024,11,1,1,True,2019-05-01,official_validity_month,True,False,11539.0,5709.0,9103.0,2436.0,1,True,True,66,9.353574540062091,entry_plus_no_exit_continuity_assumption; documented exits override after last active month,approved_core_municipality_proxy,DERIVED_REVIEWED_DESTINATION_PANEL
saas_fee,Saas-Fee,2024-12-01,2024,12,1,1,True,2019-05-01,official_validity_month,True,False,24597.0,8176.0,16432.0,8165.0,1,True,True,67,10.110420417802356,entry_plus_no_exit_continuity_assumption; documented exits override after last active month,approved_core_municipality_proxy,DERIVED_REVIEWED_DESTINATION_PANEL
saas_fee,Saas-Fee,2025-01-01,2025,1,1,1,True,2019-05-01,official_validity_month,True,False,28072.0,9583.0,20415.0,7657.0,1,True,True,68,10.242563539313103,entry_plus_no_exit_continuity_assumption; documented exits override after last active month,approved_core_municipality_proxy,DERIVED_REVIEWED_DESTINATION_PANEL
saas_fee,Saas-Fee,2025-02-01,2025,2,1,1,True,2019-05-01,official_validity_month,True,False,35795.0,9929.0,25689.0,10106.0,1,True,True,69,10.48559143430275,entry_plus_no_exit_continuity_assumption; documented exits override after last active month,approved_core_municipality_proxy,DERIVED_REVIEWED_DESTINATION_PANEL
saas_fee,Saas-Fee,2025-03-01,2025,3,1,1,True,2019-05-01,official_validity_month,True,False,35406.0,12032.0,25792.0,9614.0,1,True,True,70,10.474664819686861,entry_plus_no_exit_continuity_assumption; documented exits override after last active month,approved_core_municipality_proxy,DERIVED_REVIEWED_DESTINATION_PANEL
saas_fee,Saas-Fee,2025-04-01,2025,4,1,1,True,2019-05-01,official_validity_month,True,False,17452.0,6740.0,12558.0,4894.0,1,True,True,71,9.767266832624836,entry_plus_no_exit_continuity_assumption; documented exits override after last active month,approved_core_municipality_proxy,DERIVED_REVIEWED_DESTINATION_PANEL
saas_fee,Saas-Fee,2025-05-01,2025,5,1,1,True,2019-05-01,official_validity_month,True,False,2598.0,1467.0,1683.0,915.0,1,True,True,72,7.8628820346414905,entry_plus_no_exit_continuity_assumption; documented exits override after last active month,approved_core_municipality_proxy,DERIVED_REVIEWED_DESTINATION_PANEL
saas_fee,Saas-Fee,2025-06-01,2025,6,1,1,True,2019-05-01,official_validity_month,True,False,8917.0,3978.0,5444.0,3473.0,1,True,True,73,9.095826985187422,entry_plus_no_exit_continuity_assumption; documented exits override after last active month,approved_core_municipality_proxy,DERIVED_REVIEWED_DESTINATION_PANEL
saas_fee,Saas-Fee,2025-07-01,2025,7,1,1,True,2019-05-01,official_validity_month,True,False,25491.0,9180.0,15604.0,9887.0,1,True,True,74,10.146119956434184,entry_plus_no_exit_continuity_assumption; documented exits override after last active month,approved_core_municipality_proxy,DERIVED_REVIEWED_DESTINATION_PANEL
saas_fee,Saas-Fee,2025-08-01,2025,8,1,1,True,2019-05-01,official_validity_month,True,False,29321.0,10355.0,16593.0,12728.0,1,True,True,75,10.28609336649821,entry_plus_no_exit_continuity_assumption; documented exits override after last active month,approved_core_municipality_proxy,DERIVED_REVIEWED_DESTINATION_PANEL
saas_fee,Saas-Fee,2025-09-01,2025,9,1,1,True,2019-05-01,official_validity_month,True,False,21724.0,8077.0,13503.0,8221.0,1,True,True,76,9.986218950133592,entry_plus_no_exit_continuity_assumption; documented exits override after last active month,approved_core_municipality_proxy,DERIVED_REVIEWED_DESTINATION_PANEL
saas_fee,Saas-Fee,2025-10-01,2025,10,1,1,True,2019-05-01,official_validity_month,True,False,19197.0,8228.0,14434.0,4763.0,1,True,True,77,9.862561385923483,entry_plus_no_exit_continuity_assumption; documented exits override after last active month,approved_core_municipality_proxy,DERIVED_REVIEWED_DESTINATION_PANEL
saas_fee,Saas-Fee,2025-11-01,2025,11,1,1,True,2019-05-01,official_validity_month,True,False,14998.0,6746.0,10755.0,4243.0,1,True,True,78,9.61573881119536,entry_plus_no_exit_continuity_assumption; documented exits override after last active month,approved_core_municipality_proxy,DERIVED_REVIEWED_DESTINATION_PANEL
saas_fee,Saas-Fee,2025-12-01,2025,12,1,1,True,2019-05-01,official_validity_month,True,False,32342.0,10933.0,20644.0,11698.0,1,True,True,79,10.384152893207228,entry_plus_no_exit_continuity_assumption; documented exits override after last active month,approved_core_municipality_proxy,DERIVED_REVIEWED_DESTINATION_PANEL
saas_fee,Saas-Fee,2026-01-01,2026,1,1,1,True,2019-05-01,official_validity_month,True,False,30489.0,9953.0,21723.0,8766.0,1,True,True,80,10.3251540399823,entry_plus_no_exit_continuity_assumption; documented exits override after last active month,approved_core_municipality_proxy,DERIVED_REVIEWED_DESTINATION_PANEL
saas_fee,Saas-Fee,2026-02-01,2026,2,1,1,True,2019-05-01,official_validity_month,True,False,39670.0,10871.0,28794.0,10876.0,1,True,True,81,10.588375721156378,entry_plus_no_exit_continuity_assumption; documented exits override after last active month,approved_core_municipality_proxy,DERIVED_REVIEWED_DESTINATION_PANEL
saas_fee,Saas-Fee,2026-03-01,2026,3,1,1,True,2019-05-01,official_validity_month,True,False,34742.0,13277.0,25705.0,9037.0,1,True,True,82,10.455733391852487,entry_plus_no_exit_continuity_assumption; documented exits override after last active month,approved_core_municipality_proxy,DERIVED_REVIEWED_DESTINATION_PANEL
saas_fee,Saas-Fee,2026-04-01,2026,4,1,0,False,2019-05-01,official_validity_month,True,False,,,,,1,True,True,83,,entry_plus_no_exit_continuity_assumption; documented exits override after last active month,approved_core_municipality_proxy,DERIVED_REVIEWED_DESTINATION_PANEL
saas_fee,Saas-Fee,2026-05-01,2026,5,1,0,False,2019-05-01,official_validity_month,True,False,,,,,1,True,True,84,,entry_plus_no_exit_continuity_assumption; documented exits override after last active month,approved_core_municipality_proxy,DERIVED_REVIEWED_DESTINATION_PANEL
saas_fee,Saas-Fee,2026-06-01,2026,6,1,0,False,2019-05-01,official_validity_month,True,False,,,,,1,True,True,85,,entry_plus_no_exit_continuity_assumption; documented exits override after last active month,approved_core_municipality_proxy,DERIVED_REVIEWED_DESTINATION_PANEL
saas_fee,Saas-Fee,2026-07-01,2026,7,1,0,False,2019-05-01,official_validity_month,True,False,,,,,1,True,True,86,,entry_plus_no_exit_continuity_assumption; documented exits override after last active month,approved_core_municipality_proxy,DERIVED_REVIEWED_DESTINATION_PANEL
saas_fee,Saas-Fee,2026-08-01,2026,8,1,0,False,2019-05-01,official_validity_month,True,False,,,,,1,True,True,87,,entry_plus_no_exit_continuity_assumption; documented exits override after last active month,approved_core_municipality_proxy,DERIVED_REVIEWED_DESTINATION_PANEL
saas_fee,Saas-Fee,2026-09-01,2026,9,1,0,False,2019-05-01,official_validity_month,True,False,,,,,1,True,True,88,,entry_plus_no_exit_continuity_assumption; documented exits override after last active month,approved_core_municipality_proxy,DERIVED_REVIEWED_DESTINATION_PANEL
saas_fee,Saas-Fee,2026-10-01,2026,10,1,0,False,2019-05-01,official_validity_month,True,False,,,,,1,True,True,89,,entry_plus_no_exit_continuity_assumption; documented exits override after last active month,approved_core_municipality_proxy,DERIVED_REVIEWED_DESTINATION_PANEL
saas_fee,Saas-Fee,2026-11-01,2026,11,1,0,False,2019-05-01,official_validity_month,True,False,,,,,1,True,True,90,,entry_plus_no_exit_continuity_assumption; documented exits override after last active month,approved_core_municipality_proxy,DERIVED_REVIEWED_DESTINATION_PANEL
saas_fee,Saas-Fee,2026-12-01,2026,12,1,0,False,2019-05-01,official_validity_month,True,False,,,,,1,True,True,91,,entry_plus_no_exit_continuity_assumption; documented exits override after last active month,approved_core_municipality_proxy,DERIVED_REVIEWED_DESTINATION_PANEL
schwanden,Schwanden,2013-01-01,2013,1,1,1,True,2024-05-01,analytical_month_anchor,True,False,6857.0,2157.0,6529.0,328.0,0,False,False,-136,8.833171133022866,entry_plus_no_exit_continuity_assumption; documented exits override after last active month,approved_core_municipality_proxy,DERIVED_REVIEWED_DESTINATION_PANEL
schwanden,Schwanden,2013-02-01,2013,2,1,1,True,2024-05-01,analytical_month_anchor,True,False,9520.0,2882.0,9163.0,357.0,0,False,False,-135,9.161255164285691,entry_plus_no_exit_continuity_assumption; documented exits override after last active month,approved_core_municipality_proxy,DERIVED_REVIEWED_DESTINATION_PANEL
schwanden,Schwanden,2013-03-01,2013,3,1,1,True,2024-05-01,analytical_month_anchor,True,False,10867.0,3578.0,10196.0,671.0,0,False,False,-134,9.293577970546238,entry_plus_no_exit_continuity_assumption; documented exits override after last active month,approved_core_municipality_proxy,DERIVED_REVIEWED_DESTINATION_PANEL
schwanden,Schwanden,2013-04-01,2013,4,1,1,True,2024-05-01,analytical_month_anchor,True,False,10957.0,3691.0,10052.0,905.0,0,False,False,-133,9.301825062098361,entry_plus_no_exit_continuity_assumption; documented exits override after last active month,approved_core_municipality_proxy,DERIVED_REVIEWED_DESTINATION_PANEL
schwanden,Schwanden,2013-05-01,2013,5,1,1,True,2024-05-01,analytical_month_anchor,True,False,12489.0,4154.0,10892.0,1597.0,0,False,False,-132,9.432683603119623,entry_plus_no_exit_continuity_assumption; documented exits override after last active month,approved_core_municipality_proxy,DERIVED_REVIEWED_DESTINATION_PANEL
schwanden,Schwanden,2013-06-01,2013,6,1,1,True,2024-05-01,analytical_month_anchor,True,False,13761.0,4500.0,10943.0,2818.0,0,False,False,-131,9.529666449762425,entry_plus_no_exit_continuity_assumption; documented exits override after last active month,approved_core_municipality_proxy,DERIVED_REVIEWED_DESTINATION_PANEL
schwanden,Schwanden,2013-07-01,2013,7,1,1,True,2024-05-01,analytical_month_anchor,True,False,14572.0,4476.0,11676.0,2896.0,0,False,False,-130,9.586925780533697,entry_plus_no_exit_continuity_assumption; documented exits override after last active month,approved_core_municipality_proxy,DERIVED_REVIEWED_DESTINATION_PANEL
schwanden,Schwanden,2013-08-01,2013,8,1,1,True,2024-05-01,analytical_month_anchor,True,False,15195.0,5046.0,10871.0,4324.0,0,False,False,-129,9.628787514307517,entry_plus_no_exit_continuity_assumption; documented exits override after last active month,approved_core_municipality_proxy,DERIVED_REVIEWED_DESTINATION_PANEL
schwanden,Schwanden,2013-09-01,2013,9,1,1,True,2024-05-01,analytical_month_anchor,True,False,13557.0,4545.0,11104.0,2453.0,0,False,False,-128,9.51473205799091,entry_plus_no_exit_continuity_assumption; documented exits override after last active month,approved_core_municipality_proxy,DERIVED_REVIEWED_DESTINATION_PANEL
schwanden,Schwanden,2013-10-01,2013,10,1,1,True,2024-05-01,analytical_month_anchor,True,False,13003.0,4244.0,11464.0,1539.0,0,False,False,-127,9.473012281423795,entry_plus_no_exit_continuity_assumption; documented exits override after last active month,approved_core_municipality_proxy,DERIVED_REVIEWED_DESTINATION_PANEL
schwanden,Schwanden,2013-11-01,2013,11,1,1,True,2024-05-01,analytical_month_anchor,True,False,11503.0,3783.0,10828.0,675.0,0,False,False,-126,9.350450079960828,entry_plus_no_exit_continuity_assumption; documented exits override after last active month,approved_core_municipality_proxy,DERIVED_REVIEWED_DESTINATION_PANEL
schwanden,Schwanden,2013-12-01,2013,12,1,1,True,2024-05-01,analytical_month_anchor,True,False,10142.0,3148.0,9469.0,673.0,0,False,False,-125,9.224539091375995,entry_plus_no_exit_continuity_assumption; documented exits override after last active month,approved_core_municipality_proxy,DERIVED_REVIEWED_DESTINATION_PANEL
schwanden,Schwanden,2014-01-01,2014,1,1,1,True,2024-05-01,analytical_month_anchor,True,False,7294.0,2141.0,6928.0,366.0,0,False,False,-124,8.894944460956886,entry_plus_no_exit_continuity_assumption; documented exits override after last active month,approved_core_municipality_proxy,DERIVED_REVIEWED_DESTINATION_PANEL
schwanden,Schwanden,2014-02-01,2014,2,1,1,True,2024-05-01,analytical_month_anchor,True,False,9024.0,2866.0,8657.0,367.0,0,False,False,-123,9.107753783201082,entry_plus_no_exit_continuity_assumption; documented exits override after last active month,approved_core_municipality_proxy,DERIVED_REVIEWED_DESTINATION_PANEL
schwanden,Schwanden,2014-03-01,2014,3,1,1,True,2024-05-01,analytical_month_anchor,True,False,10891.0,3489.0,10168.0,723.0,0,False,False,-122,9.295783853793651,entry_plus_no_exit_continuity_assumption; documented exits override after last active month,approved_core_municipality_proxy,DERIVED_REVIEWED_DESTINATION_PANEL
schwanden,Schwanden,2014-04-01,2014,4,1,1,True,2024-05-01,analytical_month_anchor,True,False,11810.0,3673.0,10647.0,1163.0,0,False,False,-121,9.376786579611847,entry_plus_no_exit_continuity_assumption; documented exits override after last active month,approved_core_municipality_proxy,DERIVED_REVIEWED_DESTINATION_PANEL
schwanden,Schwanden,2014-05-01,2014,5,1,1,True,2024-05-01,analytical_month_anchor,True,False,12707.0,4197.0,11038.0,1669.0,0,False,False,-120,9.449986995389407,entry_plus_no_exit_continuity_assumption; documented exits override after last active month,approved_core_municipality_proxy,DERIVED_REVIEWED_DESTINATION_PANEL
schwanden,Schwanden,2014-06-01,2014,6,1,1,True,2024-05-01,analytical_month_anchor,True,False,12837.0,4168.0,10344.0,2493.0,0,False,False,-119,9.460164801871723,entry_plus_no_exit_continuity_assumption; documented exits override after last active month,approved_core_municipality_proxy,DERIVED_REVIEWED_DESTINATION_PANEL
schwanden,Schwanden,2014-07-01,2014,7,1,1,True,2024-05-01,analytical_month_anchor,True,False,13671.0,4250.0,11073.0,2598.0,0,False,False,-118,9.523105224795426,entry_plus_no_exit_continuity_assumption; documented exits override after last active month,approved_core_municipality_proxy,DERIVED_REVIEWED_DESTINATION_PANEL
schwanden,Schwanden,2014-08-01,2014,8,1,1,True,2024-05-01,analytical_month_anchor,True,False,16430.0,5206.0,10646.0,5784.0,0,False,False,-117,9.706925073451831,entry_plus_no_exit_continuity_assumption; documented exits override after last active month,approved_core_municipality_proxy,DERIVED_REVIEWED_DESTINATION_PANEL
schwanden,Schwanden,2014-09-01,2014,9,1,1,True,2024-05-01,analytical_month_anchor,True,False,13796.0,4433.0,11150.0,2646.0,0,False,False,-116,9.532206456208034,entry_plus_no_exit_continuity_assumption; documented exits override after last active month,approved_core_municipality_proxy,DERIVED_REVIEWED_DESTINATION_PANEL
schwanden,Schwanden,2014-10-01,2014,10,1,1,True,2024-05-01,analytical_month_anchor,True,False,13330.0,4370.0,11655.0,1675.0,0,False,False,-115,9.497847429113676,entry_plus_no_exit_continuity_assumption; documented exits override after last active month,approved_core_municipality_proxy,DERIVED_REVIEWED_DESTINATION_PANEL
schwanden,Schwanden,2014-11-01,2014,11,1,1,True,2024-05-01,analytical_month_anchor,True,False,11054.0,3925.0,10568.0,486.0,0,False,False,-114,9.310638093291546,entry_plus_no_exit_continuity_assumption; documented exits override after last active month,approved_core_municipality_proxy,DERIVED_REVIEWED_DESTINATION_PANEL
schwanden,Schwanden,2014-12-01,2014,12,1,1,True,2024-05-01,analytical_month_anchor,True,False,10042.0,3412.0,9415.0,627.0,0,False,False,-113,9.21463115339334,entry_plus_no_exit_continuity_assumption; documented exits override after last active month,approved_core_municipality_proxy,DERIVED_REVIEWED_DESTINATION_PANEL
schwanden,Schwanden,2015-01-01,2015,1,1,1,True,2024-05-01,analytical_month_anchor,True,False,6948.0,2043.0,6586.0,362.0,0,False,False,-112,8.846353043314327,entry_plus_no_exit_continuity_assumption; documented exits override after last active month,approved_core_municipality_proxy,DERIVED_REVIEWED_DESTINATION_PANEL
schwanden,Schwanden,2015-02-01,2015,2,1,1,True,2024-05-01,analytical_month_anchor,True,False,8612.0,2788.0,8332.0,280.0,0,False,False,-111,9.061027968789174,entry_plus_no_exit_continuity_assumption; documented exits override after last active month,approved_core_municipality_proxy,DERIVED_REVIEWED_DESTINATION_PANEL
schwanden,Schwanden,2015-03-01,2015,3,1,1,True,2024-05-01,analytical_month_anchor,True,False,9533.0,2940.0,9225.0,308.0,0,False,False,-110,9.162619635764772,entry_plus_no_exit_continuity_assumption; documented exits override after last active month,approved_core_municipality_proxy,DERIVED_REVIEWED_DESTINATION_PANEL
schwanden,Schwanden,2015-04-01,2015,4,1,1,True,2024-05-01,analytical_month_anchor,True,False,11328.0,3726.0,10568.0,760.0,0,False,False,-109,9.335121088873489,entry_plus_no_exit_continuity_assumption; documented exits override after last active month,approved_core_municipality_proxy,DERIVED_REVIEWED_DESTINATION_PANEL
schwanden,Schwanden,2015-05-01,2015,5,1,1,True,2024-05-01,analytical_month_anchor,True,False,11762.0,3900.0,10593.0,1169.0,0,False,False,-108,9.372714290960442,entry_plus_no_exit_continuity_assumption; documented exits override after last active month,approved_core_municipality_proxy,DERIVED_REVIEWED_DESTINATION_PANEL
schwanden,Schwanden,2015-06-01,2015,6,1,1,True,2024-05-01,analytical_month_anchor,True,False,12562.0,4020.0,10257.0,2305.0,0,False,False,-107,9.438511265004419,entry_plus_no_exit_continuity_assumption; documented exits override after last active month,approved_core_municipality_proxy,DERIVED_REVIEWED_DESTINATION_PANEL
schwanden,Schwanden,2015-07-01,2015,7,1,1,True,2024-05-01,analytical_month_anchor,True,False,14327.0,4833.0,10936.0,3391.0,0,False,False,-106,9.569970943740548,entry_plus_no_exit_continuity_assumption; documented exits override after last active month,approved_core_municipality_proxy,DERIVED_REVIEWED_DESTINATION_PANEL
schwanden,Schwanden,2015-08-01,2015,8,1,1,True,2024-05-01,analytical_month_anchor,True,False,15701.0,5475.0,11230.0,4471.0,0,False,False,-105,9.661543371758201,entry_plus_no_exit_continuity_assumption; documented exits override after last active month,approved_core_municipality_proxy,DERIVED_REVIEWED_DESTINATION_PANEL
schwanden,Schwanden,2015-09-01,2015,9,1,1,True,2024-05-01,analytical_month_anchor,True,False,13344.0,4420.0,10458.0,2886.0,0,False,False,-104,9.498897061838624,entry_plus_no_exit_continuity_assumption; documented exits override after last active month,approved_core_municipality_proxy,DERIVED_REVIEWED_DESTINATION_PANEL
schwanden,Schwanden,2015-10-01,2015,10,1,1,True,2024-05-01,analytical_month_anchor,True,False,12294.0,4168.0,10748.0,1546.0,0,False,False,-103,9.416947954650293,entry_plus_no_exit_continuity_assumption; documented exits override after last active month,approved_core_municipality_proxy,DERIVED_REVIEWED_DESTINATION_PANEL
schwanden,Schwanden,2015-11-01,2015,11,1,1,True,2024-05-01,analytical_month_anchor,True,False,10270.0,3761.0,9738.0,532.0,0,False,False,-102,9.237079669165805,entry_plus_no_exit_continuity_assumption; documented exits override after last active month,approved_core_municipality_proxy,DERIVED_REVIEWED_DESTINATION_PANEL
schwanden,Schwanden,2015-12-01,2015,12,1,1,True,2024-05-01,analytical_month_anchor,True,False,9783.0,3357.0,9205.0,578.0,0,False,False,-101,9.188503677367008,entry_plus_no_exit_continuity_assumption; documented exits override after last active month,approved_core_municipality_proxy,DERIVED_REVIEWED_DESTINATION_PANEL
schwanden,Schwanden,2016-01-01,2016,1,1,1,True,2024-05-01,analytical_month_anchor,True,False,6766.0,1863.0,6546.0,220.0,0,False,False,-100,8.819813136232225,entry_plus_no_exit_continuity_assumption; documented exits override after last active month,approved_core_municipality_proxy,DERIVED_REVIEWED_DESTINATION_PANEL
schwanden,Schwanden,2016-02-01,2016,2,1,1,True,2024-05-01,analytical_month_anchor,True,False,8955.0,2943.0,8533.0,422.0,0,False,False,-99,9.100078977718645,entry_plus_no_exit_continuity_assumption; documented exits override after last active month,approved_core_municipality_proxy,DERIVED_REVIEWED_DESTINATION_PANEL
schwanden,Schwanden,2016-03-01,2016,3,1,1,True,2024-05-01,analytical_month_anchor,True,False,10515.0,3337.0,9640.0,875.0,0,False,False,-98,9.260653185849772,entry_plus_no_exit_continuity_assumption; documented exits override after last active month,approved_core_municipality_proxy,DERIVED_REVIEWED_DESTINATION_PANEL
schwanden,Schwanden,2016-04-01,2016,4,1,1,True,2024-05-01,analytical_month_anchor,True,False,10570.0,3651.0,9856.0,714.0,0,False,False,-97,9.265869681768663,entry_plus_no_exit_continuity_assumption; documented exits override after last active month,approved_core_municipality_proxy,DERIVED_REVIEWED_DESTINATION_PANEL
schwanden,Schwanden,2016-05-01,2016,5,1,1,True,2024-05-01,analytical_month_anchor,True,False,12262.0,4018.0,10658.0,1604.0,0,False,False,-96,9.414341877762027,entry_plus_no_exit_continuity_assumption; documented exits override after last active month,approved_core_municipality_proxy,DERIVED_REVIEWED_DESTINATION_PANEL
schwanden,Schwanden,2016-06-01,2016,6,1,1,True,2024-05-01,analytical_month_anchor,True,False,11696.0,3628.0,9713.0,1983.0,0,False,False,-95,9.367087677650707,entry_plus_no_exit_continuity_assumption; documented exits override after last active month,approved_core_municipality_proxy,DERIVED_REVIEWED_DESTINATION_PANEL
schwanden,Schwanden,2016-07-01,2016,7,1,1,True,2024-05-01,analytical_month_anchor,True,False,14545.0,4756.0,10235.0,4310.0,0,False,False,-94,9.585071320714485,entry_plus_no_exit_continuity_assumption; documented exits override after last active month,approved_core_municipality_proxy,DERIVED_REVIEWED_DESTINATION_PANEL
schwanden,Schwanden,2016-08-01,2016,8,1,1,True,2024-05-01,analytical_month_anchor,True,False,15435.0,5210.0,10389.0,5046.0,0,False,False,-93,9.64445772265751,entry_plus_no_exit_continuity_assumption; documented exits override after last active month,approved_core_municipality_proxy,DERIVED_REVIEWED_DESTINATION_PANEL
schwanden,Schwanden,2016-09-01,2016,9,1,1,True,2024-05-01,analytical_month_anchor,True,False,13198.0,4427.0,10106.0,3092.0,0,False,False,-92,9.487896348128954,entry_plus_no_exit_continuity_assumption; documented exits override after last active month,approved_core_municipality_proxy,DERIVED_REVIEWED_DESTINATION_PANEL
schwanden,Schwanden,2016-10-01,2016,10,1,1,True,2024-05-01,analytical_month_anchor,True,False,11896.0,3961.0,10615.0,1281.0,0,False,False,-91,9.384041546476526,entry_plus_no_exit_continuity_assumption; documented exits override after last active month,approved_core_municipality_proxy,DERIVED_REVIEWED_DESTINATION_PANEL
schwanden,Schwanden,2016-11-01,2016,11,1,1,True,2024-05-01,analytical_month_anchor,True,False,10451.0,3681.0,9831.0,620.0,0,False,False,-90,9.254548626640503,entry_plus_no_exit_continuity_assumption; documented exits override after last active month,approved_core_municipality_proxy,DERIVED_REVIEWED_DESTINATION_PANEL
schwanden,Schwanden,2016-12-01,2016,12,1,1,True,2024-05-01,analytical_month_anchor,True,False,9852.0,3235.0,9313.0,539.0,0,False,False,-89,9.195531256322475,entry_plus_no_exit_continuity_assumption; documented exits override after last active month,approved_core_municipality_proxy,DERIVED_REVIEWED_DESTINATION_PANEL
schwanden,Schwanden,2017-01-01,2017,1,1,1,True,2024-05-01,analytical_month_anchor,True,False,7586.0,2120.0,7196.0,390.0,0,False,False,-88,8.934191535338075,entry_plus_no_exit_continuity_assumption; documented exits override after last active month,approved_core_municipality_proxy,DERIVED_REVIEWED_DESTINATION_PANEL
schwanden,Schwanden,2017-02-01,2017,2,1,1,True,2024-05-01,analytical_month_anchor,True,False,8640.0,2701.0,8186.0,454.0,0,False,False,-87,9.0642735958414,entry_plus_no_exit_continuity_assumption; documented exits override after last active month,approved_core_municipality_proxy,DERIVED_REVIEWED_DESTINATION_PANEL
schwanden,Schwanden,2017-03-01,2017,3,1,1,True,2024-05-01,analytical_month_anchor,True,False,9979.0,3169.0,9451.0,528.0,0,False,False,-86,9.20833836930551,entry_plus_no_exit_continuity_assumption; documented exits override after last active month,approved_core_municipality_proxy,DERIVED_REVIEWED_DESTINATION_PANEL
schwanden,Schwanden,2017-04-01,2017,4,1,1,True,2024-05-01,analytical_month_anchor,True,False,11325.0,3723.0,10276.0,1049.0,0,False,False,-85,9.33485624667375,entry_plus_no_exit_continuity_assumption; documented exits override after last active month,approved_core_municipality_proxy,DERIVED_REVIEWED_DESTINATION_PANEL
schwanden,Schwanden,2017-05-01,2017,5,1,1,True,2024-05-01,analytical_month_anchor,True,False,10872.0,3752.0,9298.0,1574.0,0,False,False,-84,9.29403793099775,entry_plus_no_exit_continuity_assumption; documented exits override after last active month,approved_core_municipality_proxy,DERIVED_REVIEWED_DESTINATION_PANEL
schwanden,Schwanden,2017-06-01,2017,6,1,1,True,2024-05-01,analytical_month_anchor,True,False,11847.0,3929.0,9688.0,2159.0,0,False,False,-83,9.379914355947635,entry_plus_no_exit_continuity_assumption; documented exits override after last active month,approved_core_municipality_proxy,DERIVED_REVIEWED_DESTINATION_PANEL
schwanden,Schwanden,2017-07-01,2017,7,1,1,True,2024-05-01,analytical_month_anchor,True,False,15022.0,4913.0,10743.0,4279.0,0,False,False,-82,9.617337639062423,entry_plus_no_exit_continuity_assumption; documented exits override after last active month,approved_core_municipality_proxy,DERIVED_REVIEWED_DESTINATION_PANEL
schwanden,Schwanden,2017-08-01,2017,8,1,1,True,2024-05-01,analytical_month_anchor,True,False,14370.0,5030.0,10415.0,3955.0,0,False,False,-81,9.572967566074247,entry_plus_no_exit_continuity_assumption; documented exits override after last active month,approved_core_municipality_proxy,DERIVED_REVIEWED_DESTINATION_PANEL
schwanden,Schwanden,2017-09-01,2017,9,1,1,True,2024-05-01,analytical_month_anchor,True,False,13417.0,4685.0,10664.0,2753.0,0,False,False,-80,9.504352368122833,entry_plus_no_exit_continuity_assumption; documented exits override after last active month,approved_core_municipality_proxy,DERIVED_REVIEWED_DESTINATION_PANEL
schwanden,Schwanden,2017-10-01,2017,10,1,1,True,2024-05-01,analytical_month_anchor,True,False,12894.0,4571.0,11483.0,1411.0,0,False,False,-79,9.464594918315445,entry_plus_no_exit_continuity_assumption; documented exits override after last active month,approved_core_municipality_proxy,DERIVED_REVIEWED_DESTINATION_PANEL
schwanden,Schwanden,2017-11-01,2017,11,1,1,True,2024-05-01,analytical_month_anchor,True,False,9979.0,3609.0,9529.0,450.0,0,False,False,-78,9.20833836930551,entry_plus_no_exit_continuity_assumption; documented exits override after last active month,approved_core_municipality_proxy,DERIVED_REVIEWED_DESTINATION_PANEL
schwanden,Schwanden,2017-12-01,2017,12,1,1,True,2024-05-01,analytical_month_anchor,True,False,9750.0,3245.0,9225.0,525.0,0,False,False,-77,9.18512512283512,entry_plus_no_exit_continuity_assumption; documented exits override after last active month,approved_core_municipality_proxy,DERIVED_REVIEWED_DESTINATION_PANEL
schwanden,Schwanden,2018-01-01,2018,1,1,1,True,2024-05-01,analytical_month_anchor,True,False,6677.0,1848.0,6373.0,304.0,0,False,False,-76,8.8065738205036,entry_plus_no_exit_continuity_assumption; documented exits override after last active month,approved_core_municipality_proxy,DERIVED_REVIEWED_DESTINATION_PANEL
schwanden,Schwanden,2018-02-01,2018,2,1,1,True,2024-05-01,analytical_month_anchor,True,False,8540.0,2834.0,7967.0,573.0,0,False,False,-75,9.052633375946147,entry_plus_no_exit_continuity_assumption; documented exits override after last active month,approved_core_municipality_proxy,DERIVED_REVIEWED_DESTINATION_PANEL
schwanden,Schwanden,2018-03-01,2018,3,1,1,True,2024-05-01,analytical_month_anchor,True,False,10174.0,3271.0,9649.0,525.0,0,False,False,-74,9.227689010310796,entry_plus_no_exit_continuity_assumption; documented exits override after last active month,approved_core_municipality_proxy,DERIVED_REVIEWED_DESTINATION_PANEL
schwanden,Schwanden,2018-04-01,2018,4,1,1,True,2024-05-01,analytical_month_anchor,True,False,11616.0,3911.0,10550.0,1066.0,0,False,False,-73,9.360224821513475,entry_plus_no_exit_continuity_assumption; documented exits override after last active month,approved_core_municipality_proxy,DERIVED_REVIEWED_DESTINATION_PANEL
schwanden,Schwanden,2018-05-01,2018,5,1,1,True,2024-05-01,analytical_month_anchor,True,False,11925.0,3998.0,10275.0,1650.0,0,False,False,-72,9.386476169683052,entry_plus_no_exit_continuity_assumption; documented exits override after last active month,approved_core_municipality_proxy,DERIVED_REVIEWED_DESTINATION_PANEL
schwanden,Schwanden,2018-06-01,2018,6,1,1,True,2024-05-01,analytical_month_anchor,True,False,13350.0,4390.0,10713.0,2637.0,0,False,False,-71,9.499346567390095,entry_plus_no_exit_continuity_assumption; documented exits override after last active month,approved_core_municipality_proxy,DERIVED_REVIEWED_DESTINATION_PANEL
schwanden,Schwanden,2018-07-01,2018,7,1,1,True,2024-05-01,analytical_month_anchor,True,False,16526.0,5393.0,11366.0,5160.0,0,False,False,-70,9.712750686140826,entry_plus_no_exit_continuity_assumption; documented exits override after last active month,approved_core_municipality_proxy,DERIVED_REVIEWED_DESTINATION_PANEL
schwanden,Schwanden,2018-08-01,2018,8,1,1,True,2024-05-01,analytical_month_anchor,True,False,15619.0,5466.0,10982.0,4637.0,0,False,False,-69,9.656307423393677,entry_plus_no_exit_continuity_assumption; documented exits override after last active month,approved_core_municipality_proxy,DERIVED_REVIEWED_DESTINATION_PANEL
schwanden,Schwanden,2018-09-01,2018,9,1,1,True,2024-05-01,analytical_month_anchor,True,False,13763.0,4791.0,11231.0,2532.0,0,False,False,-68,9.529811766917371,entry_plus_no_exit_continuity_assumption; documented exits override after last active month,approved_core_municipality_proxy,DERIVED_REVIEWED_DESTINATION_PANEL
schwanden,Schwanden,2018-10-01,2018,10,1,1,True,2024-05-01,analytical_month_anchor,True,False,13172.0,4404.0,11554.0,1618.0,0,False,False,-67,9.485924559229828,entry_plus_no_exit_continuity_assumption; documented exits override after last active month,approved_core_municipality_proxy,DERIVED_REVIEWED_DESTINATION_PANEL
schwanden,Schwanden,2018-11-01,2018,11,1,1,True,2024-05-01,analytical_month_anchor,True,False,10386.0,3796.0,9819.0,567.0,0,False,False,-66,9.248310303227811,entry_plus_no_exit_continuity_assumption; documented exits override after last active month,approved_core_municipality_proxy,DERIVED_REVIEWED_DESTINATION_PANEL
schwanden,Schwanden,2018-12-01,2018,12,1,1,True,2024-05-01,analytical_month_anchor,True,False,10187.0,3442.0,9473.0,714.0,0,False,False,-65,9.228965836099349,entry_plus_no_exit_continuity_assumption; documented exits override after last active month,approved_core_municipality_proxy,DERIVED_REVIEWED_DESTINATION_PANEL
schwanden,Schwanden,2019-01-01,2019,1,1,1,True,2024-05-01,analytical_month_anchor,True,False,7347.0,2132.0,6950.0,397.0,0,False,False,-64,8.902183446335016,entry_plus_no_exit_continuity_assumption; documented exits override after last active month,approved_core_municipality_proxy,DERIVED_REVIEWED_DESTINATION_PANEL
schwanden,Schwanden,2019-02-01,2019,2,1,1,True,2024-05-01,analytical_month_anchor,True,False,8998.0,3043.0,8490.0,508.0,0,False,False,-63,9.104868739033948,entry_plus_no_exit_continuity_assumption; documented exits override after last active month,approved_core_municipality_proxy,DERIVED_REVIEWED_DESTINATION_PANEL
schwanden,Schwanden,2019-03-01,2019,3,1,1,True,2024-05-01,analytical_month_anchor,True,False,10838.0,3736.0,10156.0,682.0,0,False,False,-62,9.29090601981575,entry_plus_no_exit_continuity_assumption; documented exits override after last active month,approved_core_municipality_proxy,DERIVED_REVIEWED_DESTINATION_PANEL
schwanden,Schwanden,2019-04-01,2019,4,1,1,True,2024-05-01,analytical_month_anchor,True,False,12218.0,4245.0,10712.0,1506.0,0,False,False,-61,9.410747396316522,entry_plus_no_exit_continuity_assumption; documented exits override after last active month,approved_core_municipality_proxy,DERIVED_REVIEWED_DESTINATION_PANEL
schwanden,Schwanden,2019-05-01,2019,5,1,1,True,2024-05-01,analytical_month_anchor,True,False,12522.0,4479.0,10834.0,1688.0,0,False,False,-60,9.435322232564033,entry_plus_no_exit_continuity_assumption; documented exits override after last active month,approved_core_municipality_proxy,DERIVED_REVIEWED_DESTINATION_PANEL
schwanden,Schwanden,2019-06-01,2019,6,1,1,True,2024-05-01,analytical_month_anchor,True,False,14434.0,5477.0,10694.0,3740.0,0,False,False,-59,9.577411092097035,entry_plus_no_exit_continuity_assumption; documented exits override after last active month,approved_core_municipality_proxy,DERIVED_REVIEWED_DESTINATION_PANEL
schwanden,Schwanden,2019-07-01,2019,7,1,1,True,2024-05-01,analytical_month_anchor,True,False,16818.0,5739.0,11460.0,5358.0,0,False,False,-58,9.730264478727433,entry_plus_no_exit_continuity_assumption; documented exits override after last active month,approved_core_municipality_proxy,DERIVED_REVIEWED_DESTINATION_PANEL
schwanden,Schwanden,2019-08-01,2019,8,1,1,True,2024-05-01,analytical_month_anchor,True,False,16499.0,5924.0,11307.0,5192.0,0,False,False,-57,9.711115659888671,entry_plus_no_exit_continuity_assumption; documented exits override after last active month,approved_core_municipality_proxy,DERIVED_REVIEWED_DESTINATION_PANEL
schwanden,Schwanden,2019-09-01,2019,9,1,1,True,2024-05-01,analytical_month_anchor,True,False,14686.0,5184.0,12146.0,2540.0,0,False,False,-56,9.594718027753862,entry_plus_no_exit_continuity_assumption; documented exits override after last active month,approved_core_municipality_proxy,DERIVED_REVIEWED_DESTINATION_PANEL
schwanden,Schwanden,2019-10-01,2019,10,1,1,True,2024-05-01,analytical_month_anchor,True,False,13435.0,4815.0,11831.0,1604.0,0,False,False,-55,9.505692950732183,entry_plus_no_exit_continuity_assumption; documented exits override after last active month,approved_core_municipality_proxy,DERIVED_REVIEWED_DESTINATION_PANEL
schwanden,Schwanden,2019-11-01,2019,11,1,1,True,2024-05-01,analytical_month_anchor,True,False,11344.0,4487.0,10676.0,668.0,0,False,False,-54,9.336532397213942,entry_plus_no_exit_continuity_assumption; documented exits override after last active month,approved_core_municipality_proxy,DERIVED_REVIEWED_DESTINATION_PANEL
schwanden,Schwanden,2019-12-01,2019,12,1,1,True,2024-05-01,analytical_month_anchor,True,False,11123.0,3984.0,10238.0,885.0,0,False,False,-53,9.316860215353856,entry_plus_no_exit_continuity_assumption; documented exits override after last active month,approved_core_municipality_proxy,DERIVED_REVIEWED_DESTINATION_PANEL
schwanden,Schwanden,2020-01-01,2020,1,1,1,True,2024-05-01,analytical_month_anchor,True,False,9075.0,2832.0,8232.0,843.0,0,False,False,-52,9.113388845899733,entry_plus_no_exit_continuity_assumption; documented exits override after last active month,approved_core_municipality_proxy,DERIVED_REVIEWED_DESTINATION_PANEL
schwanden,Schwanden,2020-02-01,2020,2,1,1,True,2024-05-01,analytical_month_anchor,True,False,9844.0,3302.0,9269.0,575.0,0,False,False,-51,9.194718991073225,entry_plus_no_exit_continuity_assumption; documented exits override after last active month,approved_core_municipality_proxy,DERIVED_REVIEWED_DESTINATION_PANEL
schwanden,Schwanden,2020-03-01,2020,3,1,1,True,2024-05-01,analytical_month_anchor,True,False,6270.0,1588.0,5992.0,278.0,0,False,False,-50,8.74369111054302,entry_plus_no_exit_continuity_assumption; documented exits override after last active month,approved_core_municipality_proxy,DERIVED_REVIEWED_DESTINATION_PANEL
schwanden,Schwanden,2020-04-01,2020,4,1,1,True,2024-05-01,analytical_month_anchor,True,False,2150.0,346.0,2088.0,62.0,0,False,False,-49,7.67368812926773,entry_plus_no_exit_continuity_assumption; documented exits override after last active month,approved_core_municipality_proxy,DERIVED_REVIEWED_DESTINATION_PANEL
schwanden,Schwanden,2020-05-01,2020,5,1,1,True,2024-05-01,analytical_month_anchor,True,False,6759.0,1980.0,6707.0,52.0,0,False,False,-48,8.81877816903701,entry_plus_no_exit_continuity_assumption; documented exits override after last active month,approved_core_municipality_proxy,DERIVED_REVIEWED_DESTINATION_PANEL
schwanden,Schwanden,2020-06-01,2020,6,1,1,True,2024-05-01,analytical_month_anchor,True,False,11667.0,3560.0,11345.0,322.0,0,False,False,-47,9.364605330987612,entry_plus_no_exit_continuity_assumption; documented exits override after last active month,approved_core_municipality_proxy,DERIVED_REVIEWED_DESTINATION_PANEL
schwanden,Schwanden,2020-07-01,2020,7,1,1,True,2024-05-01,analytical_month_anchor,True,False,17473.0,5419.0,15983.0,1490.0,0,False,False,-46,9.76846934085804,entry_plus_no_exit_continuity_assumption; documented exits override after last active month,approved_core_municipality_proxy,DERIVED_REVIEWED_DESTINATION_PANEL
schwanden,Schwanden,2020-08-01,2020,8,1,1,True,2024-05-01,analytical_month_anchor,True,False,16641.0,5404.0,15038.0,1603.0,0,False,False,-45,9.719684899460376,entry_plus_no_exit_continuity_assumption; documented exits override after last active month,approved_core_municipality_proxy,DERIVED_REVIEWED_DESTINATION_PANEL
schwanden,Schwanden,2020-09-01,2020,9,1,1,True,2024-05-01,analytical_month_anchor,True,False,15315.0,5028.0,14318.0,997.0,0,False,False,-44,9.636653312597184,entry_plus_no_exit_continuity_assumption; documented exits override after last active month,approved_core_municipality_proxy,DERIVED_REVIEWED_DESTINATION_PANEL
schwanden,Schwanden,2020-10-01,2020,10,1,1,True,2024-05-01,analytical_month_anchor,True,False,13261.0,4621.0,12762.0,499.0,0,False,False,-43,9.492658081928813,entry_plus_no_exit_continuity_assumption; documented exits override after last active month,approved_core_municipality_proxy,DERIVED_REVIEWED_DESTINATION_PANEL
schwanden,Schwanden,2020-11-01,2020,11,1,1,True,2024-05-01,analytical_month_anchor,True,False,11413.0,4308.0,11305.0,108.0,0,False,False,-42,9.342595951096653,entry_plus_no_exit_continuity_assumption; documented exits override after last active month,approved_core_municipality_proxy,DERIVED_REVIEWED_DESTINATION_PANEL
schwanden,Schwanden,2020-12-01,2020,12,1,1,True,2024-05-01,analytical_month_anchor,True,False,10887.0,3912.0,10726.0,161.0,0,False,False,-41,9.295416544331301,entry_plus_no_exit_continuity_assumption; documented exits override after last active month,approved_core_municipality_proxy,DERIVED_REVIEWED_DESTINATION_PANEL
schwanden,Schwanden,2021-01-01,2021,1,1,1,True,2024-05-01,analytical_month_anchor,True,False,9616.0,3588.0,9501.0,115.0,0,False,False,-40,9.171287644712482,entry_plus_no_exit_continuity_assumption; documented exits override after last active month,approved_core_municipality_proxy,DERIVED_REVIEWED_DESTINATION_PANEL
schwanden,Schwanden,2021-02-01,2021,2,1,1,True,2024-05-01,analytical_month_anchor,True,False,10804.0,4453.0,10725.0,79.0,0,False,False,-39,9.287764268940986,entry_plus_no_exit_continuity_assumption; documented exits override after last active month,approved_core_municipality_proxy,DERIVED_REVIEWED_DESTINATION_PANEL
schwanden,Schwanden,2021-03-01,2021,3,1,1,True,2024-05-01,analytical_month_anchor,True,False,12367.0,4632.0,12223.0,144.0,0,False,False,-38,9.422867770827203,entry_plus_no_exit_continuity_assumption; documented exits override after last active month,approved_core_municipality_proxy,DERIVED_REVIEWED_DESTINATION_PANEL
schwanden,Schwanden,2021-04-01,2021,4,1,1,True,2024-05-01,analytical_month_anchor,True,False,14561.0,5287.0,14360.0,201.0,0,False,False,-37,9.586170674954657,entry_plus_no_exit_continuity_assumption; documented exits override after last active month,approved_core_municipality_proxy,DERIVED_REVIEWED_DESTINATION_PANEL
schwanden,Schwanden,2021-05-01,2021,5,1,1,True,2024-05-01,analytical_month_anchor,True,False,15765.0,5773.0,15450.0,315.0,0,False,False,-36,9.665611001619853,entry_plus_no_exit_continuity_assumption; documented exits override after last active month,approved_core_municipality_proxy,DERIVED_REVIEWED_DESTINATION_PANEL
schwanden,Schwanden,2021-06-01,2021,6,1,1,True,2024-05-01,analytical_month_anchor,True,False,14968.0,4978.0,14425.0,543.0,0,False,False,-35,9.613736674915236,entry_plus_no_exit_continuity_assumption; documented exits override after last active month,approved_core_municipality_proxy,DERIVED_REVIEWED_DESTINATION_PANEL
schwanden,Schwanden,2021-07-01,2021,7,1,1,True,2024-05-01,analytical_month_anchor,True,False,17056.0,5028.0,15356.0,1700.0,0,False,False,-34,9.744315955640873,entry_plus_no_exit_continuity_assumption; documented exits override after last active month,approved_core_municipality_proxy,DERIVED_REVIEWED_DESTINATION_PANEL
schwanden,Schwanden,2021-08-01,2021,8,1,1,True,2024-05-01,analytical_month_anchor,True,False,17259.0,5652.0,15030.0,2229.0,0,False,False,-33,9.756146964637418,entry_plus_no_exit_continuity_assumption; documented exits override after last active month,approved_core_municipality_proxy,DERIVED_REVIEWED_DESTINATION_PANEL
schwanden,Schwanden,2021-09-01,2021,9,1,1,True,2024-05-01,analytical_month_anchor,True,False,15318.0,5099.0,13405.0,1913.0,0,False,False,-32,9.636849167012697,entry_plus_no_exit_continuity_assumption; documented exits override after last active month,approved_core_municipality_proxy,DERIVED_REVIEWED_DESTINATION_PANEL
schwanden,Schwanden,2021-10-01,2021,10,1,1,True,2024-05-01,analytical_month_anchor,True,False,14781.0,4910.0,13682.0,1099.0,0,False,False,-31,9.601165503344832,entry_plus_no_exit_continuity_assumption; documented exits override after last active month,approved_core_municipality_proxy,DERIVED_REVIEWED_DESTINATION_PANEL
schwanden,Schwanden,2021-11-01,2021,11,1,1,True,2024-05-01,analytical_month_anchor,True,False,12270.0,4292.0,11777.0,493.0,0,False,False,-30,9.414994033976548,entry_plus_no_exit_continuity_assumption; documented exits override after last active month,approved_core_municipality_proxy,DERIVED_REVIEWED_DESTINATION_PANEL
schwanden,Schwanden,2021-12-01,2021,12,1,1,True,2024-05-01,analytical_month_anchor,True,False,12003.0,3981.0,11514.0,489.0,0,False,False,-29,9.392995206560258,entry_plus_no_exit_continuity_assumption; documented exits override after last active month,approved_core_municipality_proxy,DERIVED_REVIEWED_DESTINATION_PANEL
schwanden,Schwanden,2022-01-01,2022,1,1,1,True,2024-05-01,analytical_month_anchor,True,False,8194.0,2459.0,7943.0,251.0,0,False,False,-28,9.01127949117793,entry_plus_no_exit_continuity_assumption; documented exits override after last active month,approved_core_municipality_proxy,DERIVED_REVIEWED_DESTINATION_PANEL
schwanden,Schwanden,2022-02-01,2022,2,1,1,True,2024-05-01,analytical_month_anchor,True,False,8956.0,2872.0,8652.0,304.0,0,False,False,-27,9.100190628475195,entry_plus_no_exit_continuity_assumption; documented exits override after last active month,approved_core_municipality_proxy,DERIVED_REVIEWED_DESTINATION_PANEL
schwanden,Schwanden,2022-03-01,2022,3,1,1,True,2024-05-01,analytical_month_anchor,True,False,9757.0,3411.0,9389.0,368.0,0,False,False,-26,9.185842740375783,entry_plus_no_exit_continuity_assumption; documented exits override after last active month,approved_core_municipality_proxy,DERIVED_REVIEWED_DESTINATION_PANEL
schwanden,Schwanden,2022-04-01,2022,4,1,1,True,2024-05-01,analytical_month_anchor,True,False,13276.0,4670.0,12591.0,685.0,0,False,False,-25,9.493788493895902,entry_plus_no_exit_continuity_assumption; documented exits override after last active month,approved_core_municipality_proxy,DERIVED_REVIEWED_DESTINATION_PANEL
schwanden,Schwanden,2022-05-01,2022,5,1,1,True,2024-05-01,analytical_month_anchor,True,False,13898.0,4907.0,12434.0,1464.0,0,False,False,-24,9.539572174084759,entry_plus_no_exit_continuity_assumption; documented exits override after last active month,approved_core_municipality_proxy,DERIVED_REVIEWED_DESTINATION_PANEL
schwanden,Schwanden,2022-06-01,2022,6,1,1,True,2024-05-01,analytical_month_anchor,True,False,15020.0,5105.0,12690.0,2330.0,0,False,False,-23,9.617204500998055,entry_plus_no_exit_continuity_assumption; documented exits override after last active month,approved_core_municipality_proxy,DERIVED_REVIEWED_DESTINATION_PANEL
schwanden,Schwanden,2022-07-01,2022,7,1,1,True,2024-05-01,analytical_month_anchor,True,False,17370.0,5821.0,13645.0,3725.0,0,False,False,-22,9.762557428101923,entry_plus_no_exit_continuity_assumption; documented exits override after last active month,approved_core_municipality_proxy,DERIVED_REVIEWED_DESTINATION_PANEL
schwanden,Schwanden,2022-08-01,2022,8,1,1,True,2024-05-01,analytical_month_anchor,True,False,17547.0,6110.0,13523.0,4024.0,0,False,False,-21,9.772695262286105,entry_plus_no_exit_continuity_assumption; documented exits override after last active month,approved_core_municipality_proxy,DERIVED_REVIEWED_DESTINATION_PANEL
schwanden,Schwanden,2022-09-01,2022,9,1,1,True,2024-05-01,analytical_month_anchor,True,False,15129.0,5542.0,12808.0,2321.0,0,False,False,-20,9.624434806782402,entry_plus_no_exit_continuity_assumption; documented exits override after last active month,approved_core_municipality_proxy,DERIVED_REVIEWED_DESTINATION_PANEL
schwanden,Schwanden,2022-10-01,2022,10,1,1,True,2024-05-01,analytical_month_anchor,True,False,15149.0,5353.0,13868.0,1281.0,0,False,False,-19,9.625755810937516,entry_plus_no_exit_continuity_assumption; documented exits override after last active month,approved_core_municipality_proxy,DERIVED_REVIEWED_DESTINATION_PANEL
schwanden,Schwanden,2022-11-01,2022,11,1,1,True,2024-05-01,analytical_month_anchor,True,False,11343.0,4176.0,10812.0,531.0,0,False,False,-18,9.336444248771908,entry_plus_no_exit_continuity_assumption; documented exits override after last active month,approved_core_municipality_proxy,DERIVED_REVIEWED_DESTINATION_PANEL
schwanden,Schwanden,2022-12-01,2022,12,1,1,True,2024-05-01,analytical_month_anchor,True,False,11384.0,4089.0,10339.0,1045.0,0,False,False,-17,9.34005197849784,entry_plus_no_exit_continuity_assumption; documented exits override after last active month,approved_core_municipality_proxy,DERIVED_REVIEWED_DESTINATION_PANEL
schwanden,Schwanden,2023-01-01,2023,1,1,1,True,2024-05-01,analytical_month_anchor,True,False,6789.0,3164.0,6361.0,428.0,0,False,False,-16,8.823206220552741,entry_plus_no_exit_continuity_assumption; documented exits override after last active month,approved_core_municipality_proxy,DERIVED_REVIEWED_DESTINATION_PANEL
schwanden,Schwanden,2023-02-01,2023,2,1,1,True,2024-05-01,analytical_month_anchor,True,False,7269.0,3610.0,6742.0,527.0,0,False,False,-15,8.891511570527564,entry_plus_no_exit_continuity_assumption; documented exits override after last active month,approved_core_municipality_proxy,DERIVED_REVIEWED_DESTINATION_PANEL
schwanden,Schwanden,2023-03-01,2023,3,1,1,True,2024-05-01,analytical_month_anchor,True,False,6449.0,3284.0,6000.0,449.0,0,False,False,-14,8.771835409789817,entry_plus_no_exit_continuity_assumption; documented exits override after last active month,approved_core_municipality_proxy,DERIVED_REVIEWED_DESTINATION_PANEL
schwanden,Schwanden,2023-04-01,2023,4,1,1,True,2024-05-01,analytical_month_anchor,True,False,10181.0,4969.0,8820.0,1361.0,0,False,False,-13,9.228376734462282,entry_plus_no_exit_continuity_assumption; documented exits override after last active month,approved_core_municipality_proxy,DERIVED_REVIEWED_DESTINATION_PANEL
schwanden,Schwanden,2023-05-01,2023,5,1,1,True,2024-05-01,analytical_month_anchor,True,False,11466.0,5295.0,9059.0,2407.0,0,False,False,-12,9.347228624038305,entry_plus_no_exit_continuity_assumption; documented exits override after last active month,approved_core_municipality_proxy,DERIVED_REVIEWED_DESTINATION_PANEL
schwanden,Schwanden,2023-06-01,2023,6,1,1,True,2024-05-01,analytical_month_anchor,True,False,10367.0,4762.0,7012.0,3355.0,0,False,False,-11,9.246479418592056,entry_plus_no_exit_continuity_assumption; documented exits override after last active month,approved_core_municipality_proxy,DERIVED_REVIEWED_DESTINATION_PANEL
schwanden,Schwanden,2023-07-01,2023,7,1,1,True,2024-05-01,analytical_month_anchor,True,False,11579.0,4989.0,7095.0,4484.0,0,False,False,-10,9.357034751126987,entry_plus_no_exit_continuity_assumption; documented exits override after last active month,approved_core_municipality_proxy,DERIVED_REVIEWED_DESTINATION_PANEL
schwanden,Schwanden,2023-08-01,2023,8,1,1,True,2024-05-01,analytical_month_anchor,True,False,14014.0,5968.0,9983.0,4031.0,0,False,False,-9,9.547883463598888,entry_plus_no_exit_continuity_assumption; documented exits override after last active month,approved_core_municipality_proxy,DERIVED_REVIEWED_DESTINATION_PANEL
schwanden,Schwanden,2023-09-01,2023,9,1,1,True,2024-05-01,analytical_month_anchor,True,False,13214.0,5909.0,10079.0,3135.0,0,False,False,-8,9.48910782703839,entry_plus_no_exit_continuity_assumption; documented exits override after last active month,approved_core_municipality_proxy,DERIVED_REVIEWED_DESTINATION_PANEL
schwanden,Schwanden,2023-10-01,2023,10,1,1,True,2024-05-01,analytical_month_anchor,True,False,10873.0,4996.0,9003.0,1870.0,0,False,False,-7,9.294129897705867,entry_plus_no_exit_continuity_assumption; documented exits override after last active month,approved_core_municipality_proxy,DERIVED_REVIEWED_DESTINATION_PANEL
schwanden,Schwanden,2023-11-01,2023,11,1,1,True,2024-05-01,analytical_month_anchor,True,False,8277.0,4237.0,7707.0,570.0,0,False,False,-6,9.021356672308677,entry_plus_no_exit_continuity_assumption; documented exits override after last active month,approved_core_municipality_proxy,DERIVED_REVIEWED_DESTINATION_PANEL
schwanden,Schwanden,2023-12-01,2023,12,1,1,True,2024-05-01,analytical_month_anchor,True,False,8890.0,4217.0,8114.0,776.0,0,False,False,-5,9.09279480812114,entry_plus_no_exit_continuity_assumption; documented exits override after last active month,approved_core_municipality_proxy,DERIVED_REVIEWED_DESTINATION_PANEL
schwanden,Schwanden,2024-01-01,2024,1,1,1,True,2024-05-01,analytical_month_anchor,True,False,6945.0,3283.0,6485.0,460.0,0,False,False,-4,8.845921233304018,entry_plus_no_exit_continuity_assumption; documented exits override after last active month,approved_core_municipality_proxy,DERIVED_REVIEWED_DESTINATION_PANEL
schwanden,Schwanden,2024-02-01,2024,2,1,1,True,2024-05-01,analytical_month_anchor,True,False,7328.0,3733.0,6697.0,631.0,0,False,False,-3,8.89959435992585,entry_plus_no_exit_continuity_assumption; documented exits override after last active month,approved_core_municipality_proxy,DERIVED_REVIEWED_DESTINATION_PANEL
schwanden,Schwanden,2024-03-01,2024,3,1,1,True,2024-05-01,analytical_month_anchor,True,False,7147.0,3592.0,6488.0,659.0,0,False,False,-2,8.87458787627932,entry_plus_no_exit_continuity_assumption; documented exits override after last active month,approved_core_municipality_proxy,DERIVED_REVIEWED_DESTINATION_PANEL
schwanden,Schwanden,2024-04-01,2024,4,1,1,True,2024-05-01,analytical_month_anchor,True,False,8666.0,4212.0,7472.0,1194.0,0,False,False,-1,9.067277989134345,entry_plus_no_exit_continuity_assumption; documented exits override after last active month,approved_core_municipality_proxy,DERIVED_REVIEWED_DESTINATION_PANEL
schwanden,Schwanden,2024-05-01,2024,5,1,1,True,2024-05-01,analytical_month_anchor,True,False,10422.0,4719.0,7962.0,2460.0,1,True,True,0,9.251770181739323,entry_plus_no_exit_continuity_assumption; documented exits override after last active month,approved_core_municipality_proxy,DERIVED_REVIEWED_DESTINATION_PANEL
schwanden,Schwanden,2024-06-01,2024,6,1,1,True,2024-05-01,analytical_month_anchor,True,False,11158.0,4823.0,7004.0,4154.0,1,True,True,1,9.320001626185702,entry_plus_no_exit_continuity_assumption; documented exits override after last active month,approved_core_municipality_proxy,DERIVED_REVIEWED_DESTINATION_PANEL
schwanden,Schwanden,2024-07-01,2024,7,1,1,True,2024-05-01,analytical_month_anchor,True,False,12505.0,4973.0,7346.0,5159.0,1,True,True,2,9.433963808127244,entry_plus_no_exit_continuity_assumption; documented exits override after last active month,approved_core_municipality_proxy,DERIVED_REVIEWED_DESTINATION_PANEL
schwanden,Schwanden,2024-08-01,2024,8,1,1,True,2024-05-01,analytical_month_anchor,True,False,13415.0,5540.0,9007.0,4408.0,1,True,True,3,9.504203303503045,entry_plus_no_exit_continuity_assumption; documented exits override after last active month,approved_core_municipality_proxy,DERIVED_REVIEWED_DESTINATION_PANEL
schwanden,Schwanden,2024-09-01,2024,9,1,1,True,2024-05-01,analytical_month_anchor,True,False,10886.0,4691.0,8122.0,2764.0,1,True,True,4,9.29532469588118,entry_plus_no_exit_continuity_assumption; documented exits override after last active month,approved_core_municipality_proxy,DERIVED_REVIEWED_DESTINATION_PANEL
schwanden,Schwanden,2024-10-01,2024,10,1,1,True,2024-05-01,analytical_month_anchor,True,False,9582.0,4153.0,8232.0,1350.0,1,True,True,5,9.167745974343763,entry_plus_no_exit_continuity_assumption; documented exits override after last active month,approved_core_municipality_proxy,DERIVED_REVIEWED_DESTINATION_PANEL
schwanden,Schwanden,2024-11-01,2024,11,1,1,True,2024-05-01,analytical_month_anchor,True,False,7602.0,3818.0,7101.0,501.0,1,True,True,6,8.936298185228436,entry_plus_no_exit_continuity_assumption; documented exits override after last active month,approved_core_municipality_proxy,DERIVED_REVIEWED_DESTINATION_PANEL
schwanden,Schwanden,2024-12-01,2024,12,1,1,True,2024-05-01,analytical_month_anchor,True,False,7375.0,3439.0,6641.0,734.0,1,True,True,7,8.90598676523643,entry_plus_no_exit_continuity_assumption; documented exits override after last active month,approved_core_municipality_proxy,DERIVED_REVIEWED_DESTINATION_PANEL
schwanden,Schwanden,2025-01-01,2025,1,1,1,True,2024-05-01,analytical_month_anchor,True,False,5766.0,2632.0,5344.0,422.0,1,True,True,8,8.659907293615413,entry_plus_no_exit_continuity_assumption; documented exits override after last active month,approved_core_municipality_proxy,DERIVED_REVIEWED_DESTINATION_PANEL
schwanden,Schwanden,2025-02-01,2025,2,1,1,True,2024-05-01,analytical_month_anchor,True,False,6106.0,3068.0,5713.0,393.0,1,True,True,9,8.717190933223135,entry_plus_no_exit_continuity_assumption; documented exits override after last active month,approved_core_municipality_proxy,DERIVED_REVIEWED_DESTINATION_PANEL
schwanden,Schwanden,2025-03-01,2025,3,1,1,True,2024-05-01,analytical_month_anchor,True,False,5534.0,2767.0,5322.0,212.0,1,True,True,10,8.618846845142738,entry_plus_no_exit_continuity_assumption; documented exits override after last active month,approved_core_municipality_proxy,DERIVED_REVIEWED_DESTINATION_PANEL
schwanden,Schwanden,2025-04-01,2025,4,1,1,True,2024-05-01,analytical_month_anchor,True,False,8334.0,3940.0,7026.0,1308.0,1,True,True,11,9.028218795184895,entry_plus_no_exit_continuity_assumption; documented exits override after last active month,approved_core_municipality_proxy,DERIVED_REVIEWED_DESTINATION_PANEL
schwanden,Schwanden,2025-05-01,2025,5,1,1,True,2024-05-01,analytical_month_anchor,True,False,9039.0,3979.0,7005.0,2034.0,1,True,True,12,9.109414453386222,entry_plus_no_exit_continuity_assumption; documented exits override after last active month,approved_core_municipality_proxy,DERIVED_REVIEWED_DESTINATION_PANEL
schwanden,Schwanden,2025-06-01,2025,6,1,1,True,2024-05-01,analytical_month_anchor,True,False,10235.0,4295.0,6856.0,3379.0,1,True,True,13,9.23366619727968,entry_plus_no_exit_continuity_assumption; documented exits override after last active month,approved_core_municipality_proxy,DERIVED_REVIEWED_DESTINATION_PANEL
schwanden,Schwanden,2025-07-01,2025,7,1,1,True,2024-05-01,analytical_month_anchor,True,False,11594.0,4548.0,7774.0,3820.0,1,True,True,14,9.358329249689632,entry_plus_no_exit_continuity_assumption; documented exits override after last active month,approved_core_municipality_proxy,DERIVED_REVIEWED_DESTINATION_PANEL
schwanden,Schwanden,2025-08-01,2025,8,1,1,True,2024-05-01,analytical_month_anchor,True,False,12555.0,5092.0,7945.0,4610.0,1,True,True,15,9.437953917961844,entry_plus_no_exit_continuity_assumption; documented exits override after last active month,approved_core_municipality_proxy,DERIVED_REVIEWED_DESTINATION_PANEL
schwanden,Schwanden,2025-09-01,2025,9,1,1,True,2024-05-01,analytical_month_anchor,True,False,9778.0,4296.0,7448.0,2330.0,1,True,True,16,9.187992508312275,entry_plus_no_exit_continuity_assumption; documented exits override after last active month,approved_core_municipality_proxy,DERIVED_REVIEWED_DESTINATION_PANEL
schwanden,Schwanden,2025-10-01,2025,10,1,1,True,2024-05-01,analytical_month_anchor,True,False,9303.0,4303.0,8143.0,1160.0,1,True,True,17,9.1381996941985,entry_plus_no_exit_continuity_assumption; documented exits override after last active month,approved_core_municipality_proxy,DERIVED_REVIEWED_DESTINATION_PANEL
schwanden,Schwanden,2025-11-01,2025,11,1,1,True,2024-05-01,analytical_month_anchor,True,False,7385.0,3776.0,6861.0,524.0,1,True,True,18,8.90734159541251,entry_plus_no_exit_continuity_assumption; documented exits override after last active month,approved_core_municipality_proxy,DERIVED_REVIEWED_DESTINATION_PANEL
schwanden,Schwanden,2025-12-01,2025,12,1,1,True,2024-05-01,analytical_month_anchor,True,False,7495.0,3376.0,6822.0,673.0,1,True,True,19,8.922124823918258,entry_plus_no_exit_continuity_assumption; documented exits override after last active month,approved_core_municipality_proxy,DERIVED_REVIEWED_DESTINATION_PANEL
schwanden,Schwanden,2026-01-01,2026,1,1,1,True,2024-05-01,analytical_month_anchor,True,False,5966.0,2722.0,5563.0,403.0,1,True,True,20,8.693999567522082,entry_plus_no_exit_continuity_assumption; documented exits override after last active month,approved_core_municipality_proxy,DERIVED_REVIEWED_DESTINATION_PANEL
schwanden,Schwanden,2026-02-01,2026,2,1,1,True,2024-05-01,analytical_month_anchor,True,False,6772.0,3334.0,6315.0,457.0,1,True,True,21,8.820699399214904,entry_plus_no_exit_continuity_assumption; documented exits override after last active month,approved_core_municipality_proxy,DERIVED_REVIEWED_DESTINATION_PANEL
schwanden,Schwanden,2026-03-01,2026,3,1,1,True,2024-05-01,analytical_month_anchor,True,False,5473.0,2771.0,5091.0,382.0,1,True,True,22,8.607764889600624,entry_plus_no_exit_continuity_assumption; documented exits override after last active month,approved_core_municipality_proxy,DERIVED_REVIEWED_DESTINATION_PANEL
schwanden,Schwanden,2026-04-01,2026,4,1,0,False,2024-05-01,analytical_month_anchor,True,False,,,,,1,True,True,23,,entry_plus_no_exit_continuity_assumption; documented exits override after last active month,approved_core_municipality_proxy,DERIVED_REVIEWED_DESTINATION_PANEL
schwanden,Schwanden,2026-05-01,2026,5,1,0,False,2024-05-01,analytical_month_anchor,True,False,,,,,1,True,True,24,,entry_plus_no_exit_continuity_assumption; documented exits override after last active month,approved_core_municipality_proxy,DERIVED_REVIEWED_DESTINATION_PANEL
schwanden,Schwanden,2026-06-01,2026,6,1,0,False,2024-05-01,analytical_month_anchor,True,False,,,,,1,True,True,25,,entry_plus_no_exit_continuity_assumption; documented exits override after last active month,approved_core_municipality_proxy,DERIVED_REVIEWED_DESTINATION_PANEL
schwanden,Schwanden,2026-07-01,2026,7,1,0,False,2024-05-01,analytical_month_anchor,True,False,,,,,1,True,True,26,,entry_plus_no_exit_continuity_assumption; documented exits override after last active month,approved_core_municipality_proxy,DERIVED_REVIEWED_DESTINATION_PANEL
schwanden,Schwanden,2026-08-01,2026,8,1,0,False,2024-05-01,analytical_month_anchor,True,False,,,,,1,True,True,27,,entry_plus_no_exit_continuity_assumption; documented exits override after last active month,approved_core_municipality_proxy,DERIVED_REVIEWED_DESTINATION_PANEL
schwanden,Schwanden,2026-09-01,2026,9,1,0,False,2024-05-01,analytical_month_anchor,True,False,,,,,1,True,True,28,,entry_plus_no_exit_continuity_assumption; documented exits override after last active month,approved_core_municipality_proxy,DERIVED_REVIEWED_DESTINATION_PANEL
schwanden,Schwanden,2026-10-01,2026,10,1,0,False,2024-05-01,analytical_month_anchor,True,False,,,,,1,True,True,29,,entry_plus_no_exit_continuity_assumption; documented exits override after last active month,approved_core_municipality_proxy,DERIVED_REVIEWED_DESTINATION_PANEL
schwanden,Schwanden,2026-11-01,2026,11,1,0,False,2024-05-01,analytical_month_anchor,True,False,,,,,1,True,True,30,,entry_plus_no_exit_continuity_assumption; documented exits override after last active month,approved_core_municipality_proxy,DERIVED_REVIEWED_DESTINATION_PANEL
schwanden,Schwanden,2026-12-01,2026,12,1,0,False,2024-05-01,analytical_month_anchor,True,False,,,,,1,True,True,31,,entry_plus_no_exit_continuity_assumption; documented exits override after last active month,approved_core_municipality_proxy,DERIVED_REVIEWED_DESTINATION_PANEL
