destination_unit_id,destination_name,date,weather_station_count_expected,weather_station_months_usable,complete_weather_proxy,temperature_coverage_share_mean,precipitation_coverage_share_mean,destination_weather_proxy_quality,weather_source_id,weather_direct_slope_representation,weather_causal_covariate_approved,precipitation_observation_window,air_temperature_mean_c,air_temperature_daily_min_mean_c,air_temperature_daily_max_mean_c,air_temperature_anomaly_c,freezing_day_share_observed,precipitation_total_mm_mean_across_stations,precipitation_anomaly_mm,precipitation_ratio_to_2013_2025_normal,precipitation_day_ge_1mm_share_observed
anniviers_magic_portfolio,Anniviers Magic Pass portfolio,2013-01-01,2,2,True,1.0,1.0,moderate,METEOSWISS_SMN_DAILY_SELECTED,False,False,06:00_UTC_to_06:00_UTC_next_day,-2.695161290322581,-6.345161290322581,0.48709677419354824,-0.8214640198511167,0.8709677419354839,32.5,-38.853846153846156,0.46420395176365226,0.2096774193548387
anniviers_magic_portfolio,Anniviers Magic Pass portfolio,2013-02-01,2,2,True,1.0,1.0,moderate,METEOSWISS_SMN_DAILY_SELECTED,False,False,06:00_UTC_to_06:00_UTC_next_day,-6.291071428571428,-10.051785714285714,-2.7714285714285714,-5.54226979916635,0.9821428571428572,57.2,11.853846153846156,1.2523630528444563,0.2857142857142857
anniviers_magic_portfolio,Anniviers Magic Pass portfolio,2013-03-01,2,2,True,1.0,1.0,moderate,METEOSWISS_SMN_DAILY_SELECTED,False,False,06:00_UTC_to_06:00_UTC_next_day,-0.7645161290322581,-3.9887096774193544,2.8306451612903225,-2.2171215880893302,0.8870967741935484,31.65,-22.673076923076927,0.5892982772028881,0.2096774193548387
anniviers_magic_portfolio,Anniviers Magic Pass portfolio,2013-04-01,2,2,True,1.0,1.0,moderate,METEOSWISS_SMN_DAILY_SELECTED,False,False,06:00_UTC_to_06:00_UTC_next_day,4.583333333333333,0.45500000000000007,9.441666666666666,-0.36846153846153906,0.5333333333333333,63.89999999999999,13.14230769230769,1.2568104365774735,0.2833333333333333
anniviers_magic_portfolio,Anniviers Magic Pass portfolio,2013-05-01,2,2,True,1.0,1.0,moderate,METEOSWISS_SMN_DAILY_SELECTED,False,False,06:00_UTC_to_06:00_UTC_next_day,5.048387096774194,1.3758064516129032,9.317741935483872,-2.749255583126551,0.33870967741935487,109.65,22.17307692307694,1.2421699555340115,0.4838709677419355
anniviers_magic_portfolio,Anniviers Magic Pass portfolio,2013-06-01,2,2,True,1.0,1.0,moderate,METEOSWISS_SMN_DAILY_SELECTED,False,False,06:00_UTC_to_06:00_UTC_next_day,10.791666666666666,6.385,15.655000000000001,-2.311538461538462,0.0,46.10000000000001,-25.33076923076923,0.6446038774573652,0.21666666666666667
anniviers_magic_portfolio,Anniviers Magic Pass portfolio,2013-07-01,2,2,True,1.0,1.0,moderate,METEOSWISS_SMN_DAILY_SELECTED,False,False,06:00_UTC_to_06:00_UTC_next_day,15.270967741935483,10.391935483870967,21.020967741935483,0.303308519437552,0.0,67.65,-13.04326923076923,0.8297317856706308,0.3225806451612903
anniviers_magic_portfolio,Anniviers Magic Pass portfolio,2013-08-01,2,2,True,1.0,1.0,moderate,METEOSWISS_SMN_DAILY_SELECTED,False,False,06:00_UTC_to_06:00_UTC_next_day,13.833870967741936,9.287096774193548,19.138709677419357,-0.6710918114143913,0.0,55.0,-20.780769230769234,0.7221630583448686,0.27419354838709675
anniviers_magic_portfolio,Anniviers Magic Pass portfolio,2013-09-01,2,2,True,1.0,1.0,moderate,METEOSWISS_SMN_DAILY_SELECTED,False,False,06:00_UTC_to_06:00_UTC_next_day,10.75,6.778333333333334,15.648333333333333,0.031794871794871504,0.016666666666666666,62.500000000000014,13.542307692307698,1.2765170920843127,0.26666666666666666
anniviers_magic_portfolio,Anniviers Magic Pass portfolio,2013-10-01,2,2,True,1.0,1.0,moderate,METEOSWISS_SMN_DAILY_SELECTED,False,False,06:00_UTC_to_06:00_UTC_next_day,7.851612903225806,4.4887096774193544,11.924193548387098,0.36339950372208474,0.12903225806451613,61.150000000000006,-0.003846153846151168,1.0036761067336606,0.3548387096774194
anniviers_magic_portfolio,Anniviers Magic Pass portfolio,2013-11-01,2,2,True,1.0,1.0,moderate,METEOSWISS_SMN_DAILY_SELECTED,False,False,06:00_UTC_to_06:00_UTC_next_day,-0.3783333333333333,-3.6933333333333334,2.8666666666666667,-2.54,0.7,94.65,26.6,1.4035938584822438,0.43333333333333335
anniviers_magic_portfolio,Anniviers Magic Pass portfolio,2013-12-01,2,2,True,1.0,1.0,moderate,METEOSWISS_SMN_DAILY_SELECTED,False,False,06:00_UTC_to_06:00_UTC_next_day,0.85,-2.670967741935484,4.624193548387097,0.6106699751861042,0.7580645161290323,31.950000000000003,-38.71153846153847,0.4956843100606287,0.0967741935483871
anniviers_magic_portfolio,Anniviers Magic Pass portfolio,2014-01-01,2,2,True,1.0,1.0,moderate,METEOSWISS_SMN_DAILY_SELECTED,False,False,06:00_UTC_to_06:00_UTC_next_day,-0.6629032258064516,-4.0112903225806456,2.3306451612903225,1.2107940446650123,0.8225806451612903,43.900000000000006,-27.453846153846154,0.656279151070163,0.25806451612903225
anniviers_magic_portfolio,Anniviers Magic Pass portfolio,2014-02-01,2,2,True,1.0,1.0,moderate,METEOSWISS_SMN_DAILY_SELECTED,False,False,06:00_UTC_to_06:00_UTC_next_day,-1.5803571428571428,-4.708928571428571,1.7482142857142855,-0.8315555134520651,1.0,90.9,45.55384615384615,2.058979161171195,0.5
anniviers_magic_portfolio,Anniviers Magic Pass portfolio,2014-03-01,2,2,True,1.0,1.0,moderate,METEOSWISS_SMN_DAILY_SELECTED,False,False,06:00_UTC_to_06:00_UTC_next_day,2.475806451612903,-1.5983870967741935,7.127419354838711,1.0232009925558312,0.596774193548387,17.950000000000003,-36.37307692307692,0.3492931086096539,0.11290322580645161
anniviers_magic_portfolio,Anniviers Magic Pass portfolio,2014-04-01,2,2,True,1.0,1.0,moderate,METEOSWISS_SMN_DAILY_SELECTED,False,False,06:00_UTC_to_06:00_UTC_next_day,5.638333333333334,1.4983333333333333,10.465,0.6865384615384615,0.26666666666666666,61.80000000000001,11.042307692307705,1.2175751728141564,0.23333333333333334
anniviers_magic_portfolio,Anniviers Magic Pass portfolio,2014-05-01,2,2,True,1.0,1.0,moderate,METEOSWISS_SMN_DAILY_SELECTED,False,False,06:00_UTC_to_06:00_UTC_next_day,6.7612903225806456,2.4419354838709677,11.508064516129032,-1.0363523573200992,0.22580645161290322,60.85000000000001,-26.626923076923063,0.6887600368451986,0.33870967741935487
anniviers_magic_portfolio,Anniviers Magic Pass portfolio,2014-06-01,2,2,True,1.0,1.0,moderate,METEOSWISS_SMN_DAILY_SELECTED,False,False,06:00_UTC_to_06:00_UTC_next_day,12.375,7.465,18.081666666666667,-0.7282051282051283,0.0,40.95,-30.480769230769234,0.5595474265761743,0.33333333333333337
anniviers_magic_portfolio,Anniviers Magic Pass portfolio,2014-07-01,2,2,True,1.0,1.0,moderate,METEOSWISS_SMN_DAILY_SELECTED,False,False,06:00_UTC_to_06:00_UTC_next_day,12.153225806451612,8.101612903225806,16.65967741935484,-2.8144334160463185,0.0,174.05,93.35673076923077,2.1388042531451488,0.532258064516129
anniviers_magic_portfolio,Anniviers Magic Pass portfolio,2014-08-01,2,2,True,1.0,1.0,moderate,METEOSWISS_SMN_DAILY_SELECTED,False,False,06:00_UTC_to_06:00_UTC_next_day,11.279032258064516,7.412903225806452,15.937096774193549,-3.2259305210918106,0.0,103.64999999999999,27.86923076923076,1.3761180879050237,0.4838709677419355
anniviers_magic_portfolio,Anniviers Magic Pass portfolio,2014-09-01,2,2,True,1.0,1.0,moderate,METEOSWISS_SMN_DAILY_SELECTED,False,False,06:00_UTC_to_06:00_UTC_next_day,10.683333333333334,6.745,15.335,-0.034871794871794926,0.0,20.45,-28.507692307692313,0.41777540083241527,0.16666666666666666
anniviers_magic_portfolio,Anniviers Magic Pass portfolio,2014-10-01,2,2,True,1.0,1.0,moderate,METEOSWISS_SMN_DAILY_SELECTED,False,False,06:00_UTC_to_06:00_UTC_next_day,8.469354838709679,4.643548387096775,12.920967741935483,0.9811414392059561,0.12903225806451613,42.6,-18.553846153846155,0.697480111149176,0.22580645161290322
anniviers_magic_portfolio,Anniviers Magic Pass portfolio,2014-11-01,2,2,True,1.0,1.0,moderate,METEOSWISS_SMN_DAILY_SELECTED,False,False,06:00_UTC_to_06:00_UTC_next_day,4.88,2.041666666666667,8.286666666666667,2.7183333333333333,0.35,81.0,12.949999999999996,1.2777426229880473,0.23333333333333334
anniviers_magic_portfolio,Anniviers Magic Pass portfolio,2014-12-01,2,2,True,1.0,1.0,moderate,METEOSWISS_SMN_DAILY_SELECTED,False,False,06:00_UTC_to_06:00_UTC_next_day,-0.7645161290322582,-3.787096774193549,2.303225806451613,-1.0038461538461538,0.8548387096774194,42.55,-28.11153846153847,0.5975414716946853,0.2096774193548387
anniviers_magic_portfolio,Anniviers Magic Pass portfolio,2015-01-01,2,2,True,1.0,1.0,moderate,METEOSWISS_SMN_DAILY_SELECTED,False,False,06:00_UTC_to_06:00_UTC_next_day,-1.7403225806451612,-5.174193548387096,1.6741935483870969,0.13337468982630263,0.9032258064516129,58.2,-13.153846153846157,0.8227803151463392,0.4193548387096774
anniviers_magic_portfolio,Anniviers Magic Pass portfolio,2015-02-01,2,2,True,1.0,1.0,moderate,METEOSWISS_SMN_DAILY_SELECTED,False,False,06:00_UTC_to_06:00_UTC_next_day,-3.2357142857142858,-6.7125,0.3375,-2.486912656309208,0.9821428571428572,20.95,-24.396153846153844,0.48373648113954104,0.19642857142857142
anniviers_magic_portfolio,Anniviers Magic Pass portfolio,2015-03-01,2,2,True,1.0,1.0,moderate,METEOSWISS_SMN_DAILY_SELECTED,False,False,06:00_UTC_to_06:00_UTC_next_day,1.7806451612903225,-2.061290322580645,6.10483870967742,0.32803970223325035,0.7096774193548387,78.19999999999999,23.87692307692307,1.4284545985765686,0.24193548387096775
anniviers_magic_portfolio,Anniviers Magic Pass portfolio,2015-04-01,2,2,True,1.0,1.0,moderate,METEOSWISS_SMN_DAILY_SELECTED,False,False,06:00_UTC_to_06:00_UTC_next_day,5.371666666666667,0.7983333333333333,10.563333333333333,0.41987179487179493,0.35,32.15,-18.607692307692304,0.633673855162207,0.2833333333333333
anniviers_magic_portfolio,Anniviers Magic Pass portfolio,2015-05-01,2,2,True,1.0,1.0,moderate,METEOSWISS_SMN_DAILY_SELECTED,False,False,06:00_UTC_to_06:00_UTC_next_day,8.490322580645161,3.87741935483871,13.380645161290323,0.6926799007444169,0.12903225806451613,141.7,54.22307692307693,1.6350036530800898,0.3870967741935484
anniviers_magic_portfolio,Anniviers Magic Pass portfolio,2015-06-01,2,2,True,1.0,1.0,moderate,METEOSWISS_SMN_DAILY_SELECTED,False,False,06:00_UTC_to_06:00_UTC_next_day,13.066666666666666,8.256666666666666,18.49,-0.03653846153846185,0.0,68.94999999999999,-2.4807692307692406,0.9538617901038771,0.3833333333333333
anniviers_magic_portfolio,Anniviers Magic Pass portfolio,2015-07-01,2,2,True,1.0,1.0,moderate,METEOSWISS_SMN_DAILY_SELECTED,False,False,06:00_UTC_to_06:00_UTC_next_day,17.133870967741935,11.477419354838709,23.279032258064518,2.166211745244004,0.0,50.4,-30.293269230769234,0.6310336801768712,0.24193548387096775
anniviers_magic_portfolio,Anniviers Magic Pass portfolio,2015-08-01,2,2,True,1.0,1.0,moderate,METEOSWISS_SMN_DAILY_SELECTED,False,False,06:00_UTC_to_06:00_UTC_next_day,14.519354838709678,10.269354838709678,19.424193548387098,0.014392059553349767,0.0,108.15,32.36923076923077,1.4223584922695771,0.3225806451612903
anniviers_magic_portfolio,Anniviers Magic Pass portfolio,2015-09-01,2,2,True,1.0,1.0,moderate,METEOSWISS_SMN_DAILY_SELECTED,False,False,06:00_UTC_to_06:00_UTC_next_day,8.485,4.4366666666666665,13.271666666666668,-2.233205128205128,0.03333333333333333,43.85000000000001,-5.107692307692307,0.8959976970725636,0.18333333333333335
anniviers_magic_portfolio,Anniviers Magic Pass portfolio,2015-10-01,2,2,True,1.0,1.0,moderate,METEOSWISS_SMN_DAILY_SELECTED,False,False,06:00_UTC_to_06:00_UTC_next_day,5.712903225806452,2.217741935483871,10.061290322580646,-1.7753101736972705,0.25806451612903225,43.89999999999999,-17.253846153846162,0.7242572608579801,0.24193548387096775
anniviers_magic_portfolio,Anniviers Magic Pass portfolio,2015-11-01,2,2,True,1.0,1.0,moderate,METEOSWISS_SMN_DAILY_SELECTED,False,False,06:00_UTC_to_06:00_UTC_next_day,4.235,0.32,8.556666666666668,2.0733333333333333,0.3333333333333333,69.94999999999999,1.8999999999999986,1.0080931560107054,0.18333333333333335
anniviers_magic_portfolio,Anniviers Magic Pass portfolio,2015-12-01,2,2,True,1.0,1.0,moderate,METEOSWISS_SMN_DAILY_SELECTED,False,False,06:00_UTC_to_06:00_UTC_next_day,3.685483870967742,0.0693548387096774,7.909677419354839,3.4461538461538463,0.467741935483871,3.95,-66.71153846153847,0.053665428110811195,0.04838709677419355
anniviers_magic_portfolio,Anniviers Magic Pass portfolio,2016-01-01,2,2,True,1.0,1.0,moderate,METEOSWISS_SMN_DAILY_SELECTED,False,False,06:00_UTC_to_06:00_UTC_next_day,-1.7016129032258065,-4.804838709677419,1.3580645161290321,0.17208436724565745,0.9032258064516129,121.10000000000002,49.74615384615386,1.648685038644646,0.43548387096774194
anniviers_magic_portfolio,Anniviers Magic Pass portfolio,2016-02-01,2,2,True,1.0,1.0,moderate,METEOSWISS_SMN_DAILY_SELECTED,False,False,06:00_UTC_to_06:00_UTC_next_day,-1.05,-4.741379310344827,2.231034482758621,-0.3011983705949224,0.8793103448275862,87.9,42.55384615384616,1.9264701485975557,0.4482758620689655
anniviers_magic_portfolio,Anniviers Magic Pass portfolio,2016-03-01,2,2,True,1.0,1.0,moderate,METEOSWISS_SMN_DAILY_SELECTED,False,False,06:00_UTC_to_06:00_UTC_next_day,-0.5709677419354839,-4.687096774193549,3.8709677419354835,-2.023573200992556,0.9193548387096774,28.4,-25.923076923076927,0.5339076663367162,0.2096774193548387
anniviers_magic_portfolio,Anniviers Magic Pass portfolio,2016-04-01,2,2,True,1.0,1.0,moderate,METEOSWISS_SMN_DAILY_SELECTED,False,False,06:00_UTC_to_06:00_UTC_next_day,4.220000000000001,0.415,8.678333333333333,-0.7317948717948719,0.4666666666666667,66.19999999999999,15.442307692307693,1.304710148822642,0.3833333333333333
anniviers_magic_portfolio,Anniviers Magic Pass portfolio,2016-05-01,2,2,True,1.0,1.0,moderate,METEOSWISS_SMN_DAILY_SELECTED,False,False,06:00_UTC_to_06:00_UTC_next_day,7.030645161290323,2.8870967741935485,11.75,-0.7669975186104221,0.22580645161290322,101.75,14.273076923076928,1.1677650459964783,0.32258064516129037
anniviers_magic_portfolio,Anniviers Magic Pass portfolio,2016-06-01,2,2,True,1.0,1.0,moderate,METEOSWISS_SMN_DAILY_SELECTED,False,False,06:00_UTC_to_06:00_UTC_next_day,10.931666666666668,6.831666666666667,15.546666666666667,-2.1715384615384608,0.0,88.35,16.919230769230765,1.2339680050435178,0.5
anniviers_magic_portfolio,Anniviers Magic Pass portfolio,2016-07-01,2,1,False,1.0,0.7741935483870968,moderate,METEOSWISS_SMN_DAILY_SELECTED,False,False,06:00_UTC_to_06:00_UTC_next_day,NA,NA,NA,NA,NA,NA,NA,NA,NA
anniviers_magic_portfolio,Anniviers Magic Pass portfolio,2016-08-01,2,2,True,1.0,1.0,moderate,METEOSWISS_SMN_DAILY_SELECTED,False,False,06:00_UTC_to_06:00_UTC_next_day,14.319354838709678,9.464516129032258,19.711290322580645,-0.18560794044664863,0.0,47.5,-28.280769230769227,0.633722593203873,0.22580645161290325
anniviers_magic_portfolio,Anniviers Magic Pass portfolio,2016-09-01,2,2,True,1.0,1.0,moderate,METEOSWISS_SMN_DAILY_SELECTED,False,False,06:00_UTC_to_06:00_UTC_next_day,11.933333333333334,7.916666666666666,16.875,1.215128205128206,0.0,42.5,-6.457692307692316,0.8683004052859989,0.25
anniviers_magic_portfolio,Anniviers Magic Pass portfolio,2016-10-01,2,2,True,1.0,1.0,moderate,METEOSWISS_SMN_DAILY_SELECTED,False,False,06:00_UTC_to_06:00_UTC_next_day,5.225806451612903,1.5370967741935484,9.925806451612903,-2.262406947890819,0.3225806451612903,39.5,-21.653846153846153,0.6459422937840205,0.1774193548387097
anniviers_magic_portfolio,Anniviers Magic Pass portfolio,2016-11-01,2,2,True,1.0,1.0,moderate,METEOSWISS_SMN_DAILY_SELECTED,False,False,06:00_UTC_to_06:00_UTC_next_day,1.5466666666666669,-1.6483333333333334,4.84,-0.615,0.6666666666666666,71.85,3.799999999999997,1.0226179229289492,0.2833333333333333
anniviers_magic_portfolio,Anniviers Magic Pass portfolio,2016-12-01,2,2,True,1.0,1.0,moderate,METEOSWISS_SMN_DAILY_SELECTED,False,False,06:00_UTC_to_06:00_UTC_next_day,2.096774193548387,-1.3983870967741936,6.659677419354839,1.8574441687344914,0.7903225806451613,0.44999999999999996,-70.21153846153848,0.007609608537013092,0.0
anniviers_magic_portfolio,Anniviers Magic Pass portfolio,2017-01-01,2,2,True,1.0,1.0,moderate,METEOSWISS_SMN_DAILY_SELECTED,False,False,06:00_UTC_to_06:00_UTC_next_day,-4.259677419354839,-7.72258064516129,-0.5774193548387097,-2.385980148883375,0.967741935483871,43.849999999999994,-27.50384615384616,0.6372853519638286,0.22580645161290322
anniviers_magic_portfolio,Anniviers Magic Pass portfolio,2017-02-01,2,2,True,1.0,1.0,moderate,METEOSWISS_SMN_DAILY_SELECTED,False,False,06:00_UTC_to_06:00_UTC_next_day,0.6553571428571429,-2.9000000000000004,4.4875,1.4041587722622204,0.7857142857142857,36.35,-8.996153846153845,0.8217616284181835,0.21428571428571427
anniviers_magic_portfolio,Anniviers Magic Pass portfolio,2017-03-01,2,2,True,1.0,1.0,moderate,METEOSWISS_SMN_DAILY_SELECTED,False,False,06:00_UTC_to_06:00_UTC_next_day,3.9387096774193546,-0.1274193548387097,8.377419354838711,2.486104218362283,0.41935483870967744,79.9,25.576923076923077,1.4275343711755974,0.3225806451612903
anniviers_magic_portfolio,Anniviers Magic Pass portfolio,2017-04-01,2,2,True,1.0,1.0,moderate,METEOSWISS_SMN_DAILY_SELECTED,False,False,06:00_UTC_to_06:00_UTC_next_day,4.3100000000000005,-0.5616666666666665,9.918333333333333,-0.6417948717948718,0.4666666666666667,30.700000000000003,-20.0576923076923,0.6062126196440155,0.18333333333333335
anniviers_magic_portfolio,Anniviers Magic Pass portfolio,2017-05-01,2,2,True,1.0,1.0,moderate,METEOSWISS_SMN_DAILY_SELECTED,False,False,06:00_UTC_to_06:00_UTC_next_day,8.993548387096775,4.170967741935484,14.5,1.19590570719603,0.24193548387096775,62.45,-25.02692307692307,0.7213736698615751,0.3225806451612903
anniviers_magic_portfolio,Anniviers Magic Pass portfolio,2017-06-01,2,2,True,1.0,1.0,moderate,METEOSWISS_SMN_DAILY_SELECTED,False,False,06:00_UTC_to_06:00_UTC_next_day,14.433333333333334,9.580000000000002,19.918333333333333,1.3301282051282053,0.0,78.15,6.719230769230762,1.0934150027407161,0.3833333333333333
anniviers_magic_portfolio,Anniviers Magic Pass portfolio,2017-07-01,2,2,True,1.0,1.0,moderate,METEOSWISS_SMN_DAILY_SELECTED,False,False,06:00_UTC_to_06:00_UTC_next_day,14.5,9.791935483870969,20.15,-0.46765922249793146,0.0,63.1,-17.59326923076923,0.7872926029523633,0.33870967741935487
anniviers_magic_portfolio,Anniviers Magic Pass portfolio,2017-08-01,2,2,True,1.0,1.0,moderate,METEOSWISS_SMN_DAILY_SELECTED,False,False,06:00_UTC_to_06:00_UTC_next_day,15.053225806451614,10.42258064516129,20.338709677419356,0.5482630272952864,0.0,100.05,24.269230769230766,1.3153674575687049,0.32258064516129037
anniviers_magic_portfolio,Anniviers Magic Pass portfolio,2017-09-01,2,2,True,1.0,1.0,moderate,METEOSWISS_SMN_DAILY_SELECTED,False,False,06:00_UTC_to_06:00_UTC_next_day,8.031666666666666,3.7733333333333334,12.93,-2.6865384615384618,0.11666666666666667,29.95,-19.007692307692313,0.6119857221658913,0.16666666666666666
anniviers_magic_portfolio,Anniviers Magic Pass portfolio,2017-10-01,2,2,True,1.0,1.0,moderate,METEOSWISS_SMN_DAILY_SELECTED,False,False,06:00_UTC_to_06:00_UTC_next_day,7.869354838709677,3.453225806451613,12.75,0.38114143920595556,0.2096774193548387,22.699999999999996,-38.45384615384616,0.37249248220471237,0.1935483870967742
anniviers_magic_portfolio,Anniviers Magic Pass portfolio,2017-11-01,2,2,True,1.0,1.0,moderate,METEOSWISS_SMN_DAILY_SELECTED,False,False,06:00_UTC_to_06:00_UTC_next_day,0.20000000000000007,-3.1133333333333333,3.6916666666666664,-1.9616666666666667,0.7166666666666666,66.69999999999999,-1.3500000000000014,0.9771108399482005,0.26666666666666666
anniviers_magic_portfolio,Anniviers Magic Pass portfolio,2017-12-01,2,2,True,1.0,1.0,moderate,METEOSWISS_SMN_DAILY_SELECTED,False,False,06:00_UTC_to_06:00_UTC_next_day,-3.243548387096774,-7.137096774193548,0.264516129032258,-3.4828784119106695,0.9838709677419355,114.65,43.98846153846154,1.6131597927126502,0.3548387096774194
anniviers_magic_portfolio,Anniviers Magic Pass portfolio,2018-01-01,2,2,True,1.0,1.0,moderate,METEOSWISS_SMN_DAILY_SELECTED,False,False,06:00_UTC_to_06:00_UTC_next_day,-0.1516129032258064,-3.1048387096774195,3.382258064516129,1.7220843672456574,0.8387096774193548,225.7,154.34615384615384,3.198419186434759,0.43548387096774194
anniviers_magic_portfolio,Anniviers Magic Pass portfolio,2018-02-01,2,2,True,1.0,1.0,moderate,METEOSWISS_SMN_DAILY_SELECTED,False,False,06:00_UTC_to_06:00_UTC_next_day,-5.723214285714286,-9.54642857142857,-2.0178571428571432,-4.974412656309208,0.9642857142857143,33.599999999999994,-11.74615384615385,0.7289453090653301,0.23214285714285715
anniviers_magic_portfolio,Anniviers Magic Pass portfolio,2018-03-01,2,2,True,1.0,1.0,moderate,METEOSWISS_SMN_DAILY_SELECTED,False,False,06:00_UTC_to_06:00_UTC_next_day,-0.8370967741935483,-4.332258064516129,2.767741935483871,-2.2897022332506203,0.9516129032258065,47.599999999999994,-6.723076923076928,0.8943536606249556,0.3548387096774194
anniviers_magic_portfolio,Anniviers Magic Pass portfolio,2018-04-01,2,2,True,1.0,1.0,moderate,METEOSWISS_SMN_DAILY_SELECTED,False,False,06:00_UTC_to_06:00_UTC_next_day,7.231666666666667,2.6533333333333333,12.236666666666666,2.279871794871795,0.25,28.450000000000003,-22.3076923076923,0.5598470921711336,0.15000000000000002
anniviers_magic_portfolio,Anniviers Magic Pass portfolio,2018-05-01,2,2,True,1.0,1.0,moderate,METEOSWISS_SMN_DAILY_SELECTED,False,False,06:00_UTC_to_06:00_UTC_next_day,9.237096774193548,5.016129032258064,14.379032258064516,1.4394540942928034,0.03225806451612903,82.45,-5.026923076923069,0.9449949997451574,0.467741935483871
anniviers_magic_portfolio,Anniviers Magic Pass portfolio,2018-06-01,2,2,True,1.0,1.0,moderate,METEOSWISS_SMN_DAILY_SELECTED,False,False,06:00_UTC_to_06:00_UTC_next_day,13.071666666666665,7.938333333333333,18.655,-0.03153846153846196,0.0,35.85,-35.580769230769235,0.49069963155925383,0.13333333333333333
anniviers_magic_portfolio,Anniviers Magic Pass portfolio,2018-07-01,2,2,True,1.0,1.0,moderate,METEOSWISS_SMN_DAILY_SELECTED,False,False,06:00_UTC_to_06:00_UTC_next_day,15.666129032258064,10.35483870967742,21.906451612903226,0.698469809760133,0.0,64.94999999999999,-15.74326923076924,0.7802815413809103,0.2903225806451613
anniviers_magic_portfolio,Anniviers Magic Pass portfolio,2018-08-01,2,2,True,1.0,1.0,moderate,METEOSWISS_SMN_DAILY_SELECTED,False,False,06:00_UTC_to_06:00_UTC_next_day,14.870967741935484,10.22258064516129,20.6,0.36600496277915795,0.0,84.5,8.719230769230776,1.1013826382651164,0.3709677419354839
anniviers_magic_portfolio,Anniviers Magic Pass portfolio,2018-09-01,2,2,True,1.0,1.0,moderate,METEOSWISS_SMN_DAILY_SELECTED,False,False,06:00_UTC_to_06:00_UTC_next_day,12.496666666666666,7.960000000000001,18.18,1.7784615384615385,0.0,30.950000000000003,-18.00769230769231,0.6321829344594416,0.13333333333333333
anniviers_magic_portfolio,Anniviers Magic Pass portfolio,2018-10-01,2,2,True,1.0,1.0,moderate,METEOSWISS_SMN_DAILY_SELECTED,False,False,06:00_UTC_to_06:00_UTC_next_day,8.285483870967742,4.333870967741936,13.383870967741935,0.79727047146402,0.1774193548387097,60.75,-0.4038461538461533,1.0066080468958167,0.16129032258064516
anniviers_magic_portfolio,Anniviers Magic Pass portfolio,2018-11-01,2,2,True,1.0,1.0,moderate,METEOSWISS_SMN_DAILY_SELECTED,False,False,06:00_UTC_to_06:00_UTC_next_day,3.158333333333333,0.15166666666666662,7.041666666666666,0.9966666666666667,0.48333333333333334,13.5,-54.55,0.22164700508562732,0.08333333333333334
anniviers_magic_portfolio,Anniviers Magic Pass portfolio,2018-12-01,2,2,True,1.0,1.0,moderate,METEOSWISS_SMN_DAILY_SELECTED,False,False,06:00_UTC_to_06:00_UTC_next_day,-0.16290322580645164,-3.596774193548387,3.048387096774194,-0.4022332506203474,0.8225806451612903,141.05,70.38846153846154,2.0217150892473112,0.41935483870967744
anniviers_magic_portfolio,Anniviers Magic Pass portfolio,2019-01-01,2,2,True,1.0,1.0,moderate,METEOSWISS_SMN_DAILY_SELECTED,False,False,06:00_UTC_to_06:00_UTC_next_day,-5.187096774193549,-8.482258064516127,-1.9516129032258065,-3.3133995037220845,1.0,44.949999999999996,-26.40384615384616,0.6340470721026481,0.1935483870967742
anniviers_magic_portfolio,Anniviers Magic Pass portfolio,2019-02-01,2,2,True,1.0,1.0,moderate,METEOSWISS_SMN_DAILY_SELECTED,False,False,06:00_UTC_to_06:00_UTC_next_day,1.344642857142857,-3.308928571428571,5.823214285714286,2.0934444865479347,0.7857142857142858,19.85,-25.496153846153845,0.4423692077727952,0.14285714285714285
anniviers_magic_portfolio,Anniviers Magic Pass portfolio,2019-03-01,2,2,True,1.0,1.0,moderate,METEOSWISS_SMN_DAILY_SELECTED,False,False,06:00_UTC_to_06:00_UTC_next_day,1.6032258064516127,-3.029032258064516,6.675806451612903,0.15062034739454078,0.8225806451612903,53.69999999999999,-0.6230769230769333,0.9872147064097712,0.33870967741935487
anniviers_magic_portfolio,Anniviers Magic Pass portfolio,2019-04-01,2,2,True,1.0,1.0,moderate,METEOSWISS_SMN_DAILY_SELECTED,False,False,06:00_UTC_to_06:00_UTC_next_day,3.9433333333333334,0.008333333333333304,8.763333333333334,-1.0084615384615387,0.5166666666666666,48.99999999999999,-1.7576923076923094,0.9618563590950953,0.23333333333333334
anniviers_magic_portfolio,Anniviers Magic Pass portfolio,2019-05-01,2,2,True,1.0,1.0,moderate,METEOSWISS_SMN_DAILY_SELECTED,False,False,06:00_UTC_to_06:00_UTC_next_day,5.333870967741936,0.9483870967741936,9.985483870967741,-2.463771712158809,0.3548387096774194,61.849999999999994,-25.62692307692308,0.7119319773153564,0.29032258064516125
anniviers_magic_portfolio,Anniviers Magic Pass portfolio,2019-06-01,2,2,True,1.0,1.0,moderate,METEOSWISS_SMN_DAILY_SELECTED,False,False,06:00_UTC_to_06:00_UTC_next_day,14.523333333333333,9.165000000000001,20.166666666666664,1.4201282051282051,0.0,79.25,7.819230769230764,1.1168311611938573,0.26666666666666666
anniviers_magic_portfolio,Anniviers Magic Pass portfolio,2019-07-01,2,2,True,1.0,1.0,moderate,METEOSWISS_SMN_DAILY_SELECTED,False,False,06:00_UTC_to_06:00_UTC_next_day,15.67258064516129,10.548387096774192,21.20806451612903,0.7049214226633573,0.0,73.4,-7.2932692307692335,0.9187017962444535,0.2903225806451613
anniviers_magic_portfolio,Anniviers Magic Pass portfolio,2019-08-01,2,2,True,1.0,1.0,moderate,METEOSWISS_SMN_DAILY_SELECTED,False,False,06:00_UTC_to_06:00_UTC_next_day,14.741935483870968,10.119354838709677,20.064516129032256,0.23697270471464105,0.0,86.7,10.919230769230772,1.1570095307573685,0.33870967741935487
anniviers_magic_portfolio,Anniviers Magic Pass portfolio,2019-09-01,2,2,True,1.0,1.0,moderate,METEOSWISS_SMN_DAILY_SELECTED,False,False,06:00_UTC_to_06:00_UTC_next_day,11.263333333333332,7.123333333333333,16.223333333333336,0.5451282051282043,0.0,13.149999999999999,-35.807692307692314,0.26870259550122855,0.1
anniviers_magic_portfolio,Anniviers Magic Pass portfolio,2019-10-01,2,2,True,1.0,1.0,moderate,METEOSWISS_SMN_DAILY_SELECTED,False,False,06:00_UTC_to_06:00_UTC_next_day,8.696774193548388,4.9322580645161285,13.062903225806451,1.208560794044665,0.04838709677419355,73.55000000000001,12.396153846153847,1.2033140154543034,0.33870967741935487
anniviers_magic_portfolio,Anniviers Magic Pass portfolio,2019-11-01,2,2,True,1.0,1.0,moderate,METEOSWISS_SMN_DAILY_SELECTED,False,False,06:00_UTC_to_06:00_UTC_next_day,0.5633333333333332,-2.036666666666667,3.4766666666666666,-1.5983333333333336,0.7166666666666667,90.75,22.70000000000001,1.3164364038852903,0.4
anniviers_magic_portfolio,Anniviers Magic Pass portfolio,2019-12-01,2,2,True,1.0,1.0,moderate,METEOSWISS_SMN_DAILY_SELECTED,False,False,06:00_UTC_to_06:00_UTC_next_day,0.7887096774193548,-2.493548387096774,4.030645161290323,0.5493796526054591,0.7580645161290323,110.55000000000001,39.88846153846155,1.5332859090665176,0.41935483870967744
anniviers_magic_portfolio,Anniviers Magic Pass portfolio,2020-01-01,2,2,True,1.0,1.0,moderate,METEOSWISS_SMN_DAILY_SELECTED,False,False,06:00_UTC_to_06:00_UTC_next_day,0.482258064516129,-3.508064516129032,4.330645161290323,2.355955334987593,0.9193548387096775,30.900000000000006,-40.45384615384616,0.4227983261008798,0.14516129032258063
anniviers_magic_portfolio,Anniviers Magic Pass portfolio,2020-02-01,2,2,True,1.0,1.0,moderate,METEOSWISS_SMN_DAILY_SELECTED,False,False,06:00_UTC_to_06:00_UTC_next_day,1.2103448275862068,-2.8499999999999996,5.475862068965517,1.9591464569912844,0.7586206896551724,101.60000000000001,56.25384615384617,2.234792930625165,0.3793103448275862
anniviers_magic_portfolio,Anniviers Magic Pass portfolio,2020-03-01,2,2,True,1.0,1.0,moderate,METEOSWISS_SMN_DAILY_SELECTED,False,False,06:00_UTC_to_06:00_UTC_next_day,1.232258064516129,-2.6790322580645163,5.716129032258065,-0.22034739454094304,0.7096774193548387,64.65,10.326923076923073,1.1891958720021867,0.27419354838709675
anniviers_magic_portfolio,Anniviers Magic Pass portfolio,2020-04-01,2,2,True,1.0,1.0,moderate,METEOSWISS_SMN_DAILY_SELECTED,False,False,06:00_UTC_to_06:00_UTC_next_day,7.555,2.711666666666667,12.95,2.6032051282051283,0.13333333333333333,30.0,-20.757692307692302,0.5920107719928187,0.13333333333333333
anniviers_magic_portfolio,Anniviers Magic Pass portfolio,2020-05-01,2,2,True,1.0,1.0,moderate,METEOSWISS_SMN_DAILY_SELECTED,False,False,06:00_UTC_to_06:00_UTC_next_day,9.5,4.741935483870968,14.812903225806451,1.7023573200992552,0.04838709677419355,68.05,-19.426923076923075,0.7775062043930219,0.29032258064516125
anniviers_magic_portfolio,Anniviers Magic Pass portfolio,2020-06-01,2,2,True,1.0,1.0,moderate,METEOSWISS_SMN_DAILY_SELECTED,False,False,06:00_UTC_to_06:00_UTC_next_day,10.878333333333334,6.709999999999999,15.758333333333333,-2.2248717948717953,0.0,118.64999999999999,47.219230769230755,1.6446689272889103,0.41666666666666663
anniviers_magic_portfolio,Anniviers Magic Pass portfolio,2020-07-01,2,2,True,1.0,1.0,moderate,METEOSWISS_SMN_DAILY_SELECTED,False,False,06:00_UTC_to_06:00_UTC_next_day,14.919354838709678,9.680645161290322,20.71290322580645,-0.048304383788253524,0.0,45.05,-35.643269230769235,0.5624621876064355,0.24193548387096775
anniviers_magic_portfolio,Anniviers Magic Pass portfolio,2020-08-01,2,2,True,1.0,1.0,moderate,METEOSWISS_SMN_DAILY_SELECTED,False,False,06:00_UTC_to_06:00_UTC_next_day,14.488709677419354,9.898387096774194,19.870967741935484,-0.016253101736971587,0.016129032258064516,112.19999999999999,36.419230769230765,1.4764552320623077,0.33870967741935487
anniviers_magic_portfolio,Anniviers Magic Pass portfolio,2020-09-01,2,2,True,1.0,1.0,moderate,METEOSWISS_SMN_DAILY_SELECTED,False,False,06:00_UTC_to_06:00_UTC_next_day,11.095,7.108333333333333,16.005,0.37679487179487214,0.13333333333333333,45.55,-3.4076923076923187,0.930565234337506,0.2
anniviers_magic_portfolio,Anniviers Magic Pass portfolio,2020-10-01,2,2,True,1.0,1.0,moderate,METEOSWISS_SMN_DAILY_SELECTED,False,False,06:00_UTC_to_06:00_UTC_next_day,4.5854838709677415,1.3564516129032258,8.911290322580644,-2.90272952853598,0.33870967741935487,95.04999999999998,33.89615384615384,1.5569406379658175,0.33870967741935487
anniviers_magic_portfolio,Anniviers Magic Pass portfolio,2020-11-01,2,2,True,1.0,1.0,moderate,METEOSWISS_SMN_DAILY_SELECTED,False,False,06:00_UTC_to_06:00_UTC_next_day,4.6066666666666665,0.615,9.145,2.445,0.43333333333333335,6.549999999999999,-61.5,0.09242776568161401,0.06666666666666667
anniviers_magic_portfolio,Anniviers Magic Pass portfolio,2020-12-01,2,2,True,1.0,1.0,moderate,METEOSWISS_SMN_DAILY_SELECTED,False,False,06:00_UTC_to_06:00_UTC_next_day,-1.8709677419354835,-4.64516129032258,1.0548387096774194,-2.1102977667493796,0.8870967741935484,47.349999999999994,-23.311538461538472,0.6720824920030561,0.2903225806451613
anniviers_magic_portfolio,Anniviers Magic Pass portfolio,2021-01-01,2,2,True,1.0,1.0,moderate,METEOSWISS_SMN_DAILY_SELECTED,False,False,06:00_UTC_to_06:00_UTC_next_day,-4.316129032258065,-7.348387096774194,-1.4064516129032256,-2.442431761786601,1.0,110.95,39.59615384615385,1.499476816035811,0.41935483870967744
anniviers_magic_portfolio,Anniviers Magic Pass portfolio,2021-02-01,2,2,True,1.0,1.0,moderate,METEOSWISS_SMN_DAILY_SELECTED,False,False,06:00_UTC_to_06:00_UTC_next_day,1.5142857142857142,-2.132142857142857,5.310714285714286,2.263087343690792,0.625,28.200000000000003,-17.146153846153844,0.6000826518948387,0.2142857142857143
anniviers_magic_portfolio,Anniviers Magic Pass portfolio,2021-03-01,2,2,True,1.0,1.0,moderate,METEOSWISS_SMN_DAILY_SELECTED,False,False,06:00_UTC_to_06:00_UTC_next_day,0.7629032258064515,-3.4032258064516125,5.393548387096775,-0.6897022332506204,0.8225806451612903,41.25,-13.073076923076924,0.748901658642438,0.1774193548387097
anniviers_magic_portfolio,Anniviers Magic Pass portfolio,2021-04-01,2,2,True,1.0,1.0,moderate,METEOSWISS_SMN_DAILY_SELECTED,False,False,06:00_UTC_to_06:00_UTC_next_day,2.81,-1.6083333333333334,8.118333333333332,-2.141794871794872,0.6166666666666667,24.85,-25.9076923076923,0.49013552786706666,0.21666666666666667
anniviers_magic_portfolio,Anniviers Magic Pass portfolio,2021-05-01,2,2,True,1.0,1.0,moderate,METEOSWISS_SMN_DAILY_SELECTED,False,False,06:00_UTC_to_06:00_UTC_next_day,5.356451612903226,1.0903225806451613,10.043548387096774,-2.441191066997519,0.4516129032258065,136.4,48.923076923076934,1.5662061337167192,0.41935483870967744
anniviers_magic_portfolio,Anniviers Magic Pass portfolio,2021-06-01,2,2,True,1.0,1.0,moderate,METEOSWISS_SMN_DAILY_SELECTED,False,False,06:00_UTC_to_06:00_UTC_next_day,13.506666666666668,8.831666666666667,18.883333333333333,0.40346153846153854,0.0,80.95,9.51923076923077,1.183308339763331,0.3833333333333333
anniviers_magic_portfolio,Anniviers Magic Pass portfolio,2021-07-01,2,2,True,1.0,1.0,moderate,METEOSWISS_SMN_DAILY_SELECTED,False,False,06:00_UTC_to_06:00_UTC_next_day,13.135483870967741,8.762903225806452,18.148387096774194,-1.8321753515301902,0.0,164.04999999999998,83.35673076923075,2.057386500515637,0.5
anniviers_magic_portfolio,Anniviers Magic Pass portfolio,2021-08-01,2,2,True,1.0,1.0,moderate,METEOSWISS_SMN_DAILY_SELECTED,False,False,06:00_UTC_to_06:00_UTC_next_day,12.738709677419354,8.161290322580646,17.89193548387097,-1.7662531017369716,0.0,50.0,-25.78076923076923,0.6659583511113886,0.25806451612903225
anniviers_magic_portfolio,Anniviers Magic Pass portfolio,2021-09-01,2,2,True,1.0,1.0,moderate,METEOSWISS_SMN_DAILY_SELECTED,False,False,06:00_UTC_to_06:00_UTC_next_day,11.396666666666668,7.475,16.193333333333335,0.6784615384615389,0.016666666666666666,67.10000000000001,18.142307692307693,1.3704239796948179,0.3
anniviers_magic_portfolio,Anniviers Magic Pass portfolio,2021-10-01,2,2,True,1.0,1.0,moderate,METEOSWISS_SMN_DAILY_SELECTED,False,False,06:00_UTC_to_06:00_UTC_next_day,6.237096774193549,2.3774193548387097,11.022580645161291,-1.2511166253101735,0.14516129032258063,24.6,-36.55384615384615,0.4039582619618591,0.11290322580645161
anniviers_magic_portfolio,Anniviers Magic Pass portfolio,2021-11-01,2,2,True,1.0,1.0,moderate,METEOSWISS_SMN_DAILY_SELECTED,False,False,06:00_UTC_to_06:00_UTC_next_day,1.34,-1.9099999999999997,5.311666666666667,-0.8216666666666667,0.7333333333333334,24.800000000000004,-43.24999999999999,0.3810362046489134,0.16666666666666666
anniviers_magic_portfolio,Anniviers Magic Pass portfolio,2021-12-01,2,2,True,1.0,1.0,moderate,METEOSWISS_SMN_DAILY_SELECTED,False,False,06:00_UTC_to_06:00_UTC_next_day,-0.3451612903225807,-3.8000000000000003,3.25,-0.5844913151364765,0.8225806451612903,101.75,31.08846153846153,1.42891586983652,0.33870967741935487
anniviers_magic_portfolio,Anniviers Magic Pass portfolio,2022-01-01,2,2,True,1.0,1.0,moderate,METEOSWISS_SMN_DAILY_SELECTED,False,False,06:00_UTC_to_06:00_UTC_next_day,-0.7161290322580645,-4.662903225806451,3.670967741935484,1.1575682382133994,0.8225806451612903,20.65,-50.70384615384616,0.2832901993815563,0.16129032258064516
anniviers_magic_portfolio,Anniviers Magic Pass portfolio,2022-02-01,2,2,True,1.0,1.0,moderate,METEOSWISS_SMN_DAILY_SELECTED,False,False,06:00_UTC_to_06:00_UTC_next_day,-0.2589285714285714,-4.366071428571429,3.9410714285714286,0.48987305797650627,0.9107142857142857,53.55,8.20384615384615,1.1675024180075617,0.3035714285714286
anniviers_magic_portfolio,Anniviers Magic Pass portfolio,2022-03-01,2,2,True,1.0,1.0,moderate,METEOSWISS_SMN_DAILY_SELECTED,False,False,06:00_UTC_to_06:00_UTC_next_day,2.379032258064516,-2.029032258064516,7.420967741935484,0.9264267990074442,0.6612903225806451,9.1,-45.223076923076924,0.16091571956539522,0.08064516129032258
anniviers_magic_portfolio,Anniviers Magic Pass portfolio,2022-04-01,2,2,True,1.0,1.0,moderate,METEOSWISS_SMN_DAILY_SELECTED,False,False,06:00_UTC_to_06:00_UTC_next_day,4.411666666666666,-0.39666666666666667,9.745,-0.5401282051282057,0.43333333333333335,45.55,-5.207692307692302,0.8992750585005932,0.2833333333333333
anniviers_magic_portfolio,Anniviers Magic Pass portfolio,2022-05-01,2,2,True,1.0,1.0,moderate,METEOSWISS_SMN_DAILY_SELECTED,False,False,06:00_UTC_to_06:00_UTC_next_day,10.993548387096773,6.164516129032258,16.311290322580646,3.195905707196029,0.016129032258064516,56.95,-30.52692307692307,0.6541899626289973,0.3225806451612903
anniviers_magic_portfolio,Anniviers Magic Pass portfolio,2022-06-01,2,2,True,1.0,1.0,moderate,METEOSWISS_SMN_DAILY_SELECTED,False,False,06:00_UTC_to_06:00_UTC_next_day,14.766666666666666,9.36,20.373333333333335,1.6634615384615383,0.0,74.4,2.9692307692307622,1.0413040888411982,0.4166666666666667
anniviers_magic_portfolio,Anniviers Magic Pass portfolio,2022-07-01,2,2,True,1.0,1.0,moderate,METEOSWISS_SMN_DAILY_SELECTED,False,False,06:00_UTC_to_06:00_UTC_next_day,16.85,11.240322580645161,23.080645161290324,1.882340777502069,0.0,45.0,-35.69326923076923,0.568250317155345,0.1774193548387097
anniviers_magic_portfolio,Anniviers Magic Pass portfolio,2022-08-01,2,2,True,1.0,1.0,moderate,METEOSWISS_SMN_DAILY_SELECTED,False,False,06:00_UTC_to_06:00_UTC_next_day,15.859677419354838,10.769354838709678,21.64677419354839,1.3547146401985115,0.0,42.8,-32.980769230769226,0.5640469216835178,0.22580645161290322
anniviers_magic_portfolio,Anniviers Magic Pass portfolio,2022-09-01,2,2,True,1.0,1.0,moderate,METEOSWISS_SMN_DAILY_SELECTED,False,False,06:00_UTC_to_06:00_UTC_next_day,9.918333333333333,5.806666666666667,15.106666666666666,-0.7998717948717955,0.03333333333333333,64.5,15.542307692307688,1.3169596568508757,0.36666666666666664
anniviers_magic_portfolio,Anniviers Magic Pass portfolio,2022-10-01,2,2,True,1.0,1.0,moderate,METEOSWISS_SMN_DAILY_SELECTED,False,False,06:00_UTC_to_06:00_UTC_next_day,10.561290322580646,6.943548387096774,15.075806451612905,3.0730769230769233,0.0,81.5,20.346153846153843,1.3273957024856307,0.2903225806451613
anniviers_magic_portfolio,Anniviers Magic Pass portfolio,2022-11-01,2,2,True,1.0,1.0,moderate,METEOSWISS_SMN_DAILY_SELECTED,False,False,06:00_UTC_to_06:00_UTC_next_day,2.605,-0.5199999999999999,6.166666666666666,0.44333333333333325,0.5833333333333333,55.7,-12.349999999999994,0.8177776531884696,0.45
anniviers_magic_portfolio,Anniviers Magic Pass portfolio,2022-12-01,2,2,True,1.0,1.0,moderate,METEOSWISS_SMN_DAILY_SELECTED,False,False,06:00_UTC_to_06:00_UTC_next_day,0.12258064516129033,-2.9806451612903224,3.5290322580645164,-0.11674937965260546,0.7096774193548387,90.5,19.838461538461523,1.273047283316565,0.29032258064516125
anniviers_magic_portfolio,Anniviers Magic Pass portfolio,2023-01-01,2,2,True,1.0,1.0,moderate,METEOSWISS_SMN_DAILY_SELECTED,False,False,06:00_UTC_to_06:00_UTC_next_day,-2.9709677419354836,-6.4467741935483875,0.6435483870967742,-1.09727047146402,0.8548387096774194,45.25,-26.103846153846153,0.6314399478242145,0.22580645161290322
anniviers_magic_portfolio,Anniviers Magic Pass portfolio,2023-02-01,2,2,True,1.0,1.0,moderate,METEOSWISS_SMN_DAILY_SELECTED,False,False,06:00_UTC_to_06:00_UTC_next_day,0.6678571428571429,-3.3482142857142856,5.366071428571429,1.4166587722622204,0.7321428571428572,4.700000000000001,-40.64615384615385,0.1095049679064451,0.07142857142857142
anniviers_magic_portfolio,Anniviers Magic Pass portfolio,2023-03-01,2,2,True,1.0,1.0,moderate,METEOSWISS_SMN_DAILY_SELECTED,False,False,06:00_UTC_to_06:00_UTC_next_day,1.9564516129032257,-2.085483870967742,6.622580645161291,0.5038461538461536,0.7096774193548387,148.60000000000002,94.2769230769231,2.7137832150791263,0.4838709677419355
anniviers_magic_portfolio,Anniviers Magic Pass portfolio,2023-04-01,2,2,True,1.0,1.0,moderate,METEOSWISS_SMN_DAILY_SELECTED,False,False,06:00_UTC_to_06:00_UTC_next_day,3.1733333333333333,-0.8633333333333333,7.795,-1.7784615384615388,0.6666666666666666,79.05000000000001,28.292307692307702,1.5613248368612866,0.3833333333333333
anniviers_magic_portfolio,Anniviers Magic Pass portfolio,2023-05-01,2,2,True,1.0,1.0,moderate,METEOSWISS_SMN_DAILY_SELECTED,False,False,06:00_UTC_to_06:00_UTC_next_day,8.64516129032258,4.5209677419354835,13.514516129032259,0.8475186104218362,0.016129032258064516,59.45,-28.02692307692307,0.6648571006311721,0.2903225806451613
anniviers_magic_portfolio,Anniviers Magic Pass portfolio,2023-06-01,2,2,True,1.0,1.0,moderate,METEOSWISS_SMN_DAILY_SELECTED,False,False,06:00_UTC_to_06:00_UTC_next_day,13.946666666666667,8.901666666666667,19.665,0.8434615384615389,0.0,60.64999999999999,-10.780769230769241,0.8236091802371487,0.26666666666666666
anniviers_magic_portfolio,Anniviers Magic Pass portfolio,2023-07-01,2,2,True,1.0,1.0,moderate,METEOSWISS_SMN_DAILY_SELECTED,False,False,06:00_UTC_to_06:00_UTC_next_day,15.579032258064515,10.308064516129033,21.417741935483868,0.6113730355665838,0.0,73.55,-7.143269230769235,0.9157507384468229,0.27419354838709675
anniviers_magic_portfolio,Anniviers Magic Pass portfolio,2023-08-01,2,2,True,1.0,1.0,moderate,METEOSWISS_SMN_DAILY_SELECTED,False,False,06:00_UTC_to_06:00_UTC_next_day,15.143548387096775,10.543548387096774,20.54032258064516,0.6385856079404473,0.0,94.05,18.269230769230766,1.2337730407465286,0.3064516129032258
anniviers_magic_portfolio,Anniviers Magic Pass portfolio,2023-09-01,2,2,True,1.0,1.0,moderate,METEOSWISS_SMN_DAILY_SELECTED,False,False,06:00_UTC_to_06:00_UTC_next_day,13.735,9.331666666666667,18.936666666666667,3.016794871794872,0.0,49.35,0.39230769230768914,1.008059209162019,0.2
anniviers_magic_portfolio,Anniviers Magic Pass portfolio,2023-10-01,2,2,True,1.0,1.0,moderate,METEOSWISS_SMN_DAILY_SELECTED,False,False,06:00_UTC_to_06:00_UTC_next_day,9.608064516129032,5.519354838709678,14.493548387096775,2.1198511166253096,0.03225806451612903,64.6,3.4461538461538304,1.0565685546800652,0.27419354838709675
anniviers_magic_portfolio,Anniviers Magic Pass portfolio,2023-11-01,2,2,True,1.0,1.0,moderate,METEOSWISS_SMN_DAILY_SELECTED,False,False,06:00_UTC_to_06:00_UTC_next_day,0.47,-2.868333333333333,3.9566666666666666,-1.6916666666666669,0.8166666666666667,188.15,120.10000000000002,2.69510030849343,0.6
anniviers_magic_portfolio,Anniviers Magic Pass portfolio,2023-12-01,2,2,True,1.0,1.0,moderate,METEOSWISS_SMN_DAILY_SELECTED,False,False,06:00_UTC_to_06:00_UTC_next_day,0.4983870967741935,-2.741935483870968,3.798387096774194,0.2590570719602977,0.7580645161290323,136.45,65.78846153846152,1.9262529466384606,0.3548387096774194
anniviers_magic_portfolio,Anniviers Magic Pass portfolio,2024-01-01,2,2,True,1.0,1.0,moderate,METEOSWISS_SMN_DAILY_SELECTED,False,False,06:00_UTC_to_06:00_UTC_next_day,-0.06774193548387092,-3.453225806451613,3.585483870967742,1.805955334987593,0.8064516129032258,67.0,-4.353846153846149,0.9368695291182649,0.3064516129032258
anniviers_magic_portfolio,Anniviers Magic Pass portfolio,2024-02-01,2,2,True,1.0,1.0,moderate,METEOSWISS_SMN_DAILY_SELECTED,False,False,06:00_UTC_to_06:00_UTC_next_day,2.453448275862069,-1.0775862068965516,6.367241379310345,3.2022499052671467,0.6379310344827587,43.55,-1.7961538461538478,0.9419827662006507,0.1724137931034483
anniviers_magic_portfolio,Anniviers Magic Pass portfolio,2024-03-01,2,2,True,1.0,1.0,moderate,METEOSWISS_SMN_DAILY_SELECTED,False,False,06:00_UTC_to_06:00_UTC_next_day,2.390322580645161,-1.4161290322580644,6.764516129032258,0.9377171215880892,0.6129032258064516,91.85,37.526923076923076,1.7241669298990576,0.467741935483871
anniviers_magic_portfolio,Anniviers Magic Pass portfolio,2024-04-01,2,2,True,1.0,1.0,moderate,METEOSWISS_SMN_DAILY_SELECTED,False,False,06:00_UTC_to_06:00_UTC_next_day,4.6883333333333335,0.34833333333333344,9.345,-0.2634615384615384,0.55,33.89999999999999,-16.857692307692307,0.6672252443049269,0.25
anniviers_magic_portfolio,Anniviers Magic Pass portfolio,2024-05-01,2,2,True,1.0,1.0,moderate,METEOSWISS_SMN_DAILY_SELECTED,False,False,06:00_UTC_to_06:00_UTC_next_day,7.65,3.9387096774193546,12.370967741935484,-0.14764267990074487,0.08064516129032258,114.94999999999999,27.473076923076917,1.3065808959724192,0.5806451612903226
anniviers_magic_portfolio,Anniviers Magic Pass portfolio,2024-06-01,2,2,True,1.0,1.0,moderate,METEOSWISS_SMN_DAILY_SELECTED,False,False,06:00_UTC_to_06:00_UTC_next_day,12.145,8.058333333333334,16.985,-0.9582051282051287,0.0,87.8,16.36923076923076,1.231403645077621,0.45
anniviers_magic_portfolio,Anniviers Magic Pass portfolio,2024-07-01,2,2,True,1.0,1.0,moderate,METEOSWISS_SMN_DAILY_SELECTED,False,False,06:00_UTC_to_06:00_UTC_next_day,15.54032258064516,10.837096774193547,20.938709677419354,0.5726633581472296,0.0,81.35,0.6567307692307693,1.0097525120246083,0.3064516129032258
anniviers_magic_portfolio,Anniviers Magic Pass portfolio,2024-08-01,2,2,True,1.0,1.0,moderate,METEOSWISS_SMN_DAILY_SELECTED,False,False,06:00_UTC_to_06:00_UTC_next_day,16.34193548387097,11.814516129032258,21.70967741935484,1.8369727047146407,0.0,50.65,-25.130769230769232,0.6690619171613996,0.2096774193548387
anniviers_magic_portfolio,Anniviers Magic Pass portfolio,2024-09-01,2,2,True,1.0,1.0,moderate,METEOSWISS_SMN_DAILY_SELECTED,False,False,06:00_UTC_to_06:00_UTC_next_day,9.145,5.556666666666667,13.64,-1.5732051282051285,0.11666666666666667,100.4,51.442307692307686,2.050637815409518,0.4
anniviers_magic_portfolio,Anniviers Magic Pass portfolio,2024-10-01,2,2,True,1.0,1.0,moderate,METEOSWISS_SMN_DAILY_SELECTED,False,False,06:00_UTC_to_06:00_UTC_next_day,8.285483870967742,4.9951612903225815,12.36774193548387,0.79727047146402,0.04838709677419355,90.5,29.346153846153843,1.478699897225077,0.29032258064516125
anniviers_magic_portfolio,Anniviers Magic Pass portfolio,2024-11-01,2,2,True,1.0,1.0,moderate,METEOSWISS_SMN_DAILY_SELECTED,False,False,06:00_UTC_to_06:00_UTC_next_day,3.071666666666667,-0.4133333333333333,7.708333333333334,0.9100000000000003,0.5166666666666666,69.94999999999999,1.8999999999999986,1.050368351301827,0.2
anniviers_magic_portfolio,Anniviers Magic Pass portfolio,2024-12-01,2,2,True,1.0,1.0,moderate,METEOSWISS_SMN_DAILY_SELECTED,False,False,06:00_UTC_to_06:00_UTC_next_day,-0.37258064516129036,-3.97258064516129,3.2338709677419355,-0.6119106699751862,0.8387096774193548,82.25,11.58846153846153,1.1706553630220298,0.27419354838709675
anniviers_magic_portfolio,Anniviers Magic Pass portfolio,2025-01-01,2,2,True,1.0,1.0,moderate,METEOSWISS_SMN_DAILY_SELECTED,False,False,06:00_UTC_to_06:00_UTC_next_day,-0.37096774193548393,-3.7951612903225804,3.032258064516129,1.5027295285359799,0.9032258064516129,82.65,11.296153846153842,1.1644251144132374,0.33870967741935487
anniviers_magic_portfolio,Anniviers Magic Pass portfolio,2025-02-01,2,2,True,1.0,1.0,moderate,METEOSWISS_SMN_DAILY_SELECTED,False,False,06:00_UTC_to_06:00_UTC_next_day,0.5589285714285714,-3.0464285714285717,4.392857142857143,1.307730200833649,0.8571428571428571,11.149999999999999,-34.19615384615385,0.2315092763562824,0.08928571428571427
anniviers_magic_portfolio,Anniviers Magic Pass portfolio,2025-03-01,2,2,True,1.0,1.0,moderate,METEOSWISS_SMN_DAILY_SELECTED,False,False,06:00_UTC_to_06:00_UTC_next_day,2.5370967741935484,-1.3741935483870968,7.57741935483871,1.0844913151364763,0.7903225806451613,13.349999999999998,-40.973076923076924,0.2529802158756449,0.14516129032258063
anniviers_magic_portfolio,Anniviers Magic Pass portfolio,2025-04-01,2,2,True,1.0,1.0,moderate,METEOSWISS_SMN_DAILY_SELECTED,False,False,06:00_UTC_to_06:00_UTC_next_day,6.4366666666666665,1.7933333333333332,11.846666666666666,1.4848717948717944,0.25,114.29999999999998,63.54230769230768,2.249342876186585,0.15000000000000002
anniviers_magic_portfolio,Anniviers Magic Pass portfolio,2025-05-01,2,2,True,1.0,1.0,moderate,METEOSWISS_SMN_DAILY_SELECTED,False,False,06:00_UTC_to_06:00_UTC_next_day,8.329032258064515,4.137096774193549,13.32258064516129,0.5313895781637714,0.016129032258064516,80.69999999999999,-6.776923076923083,0.9186603642798039,0.41935483870967744
anniviers_magic_portfolio,Anniviers Magic Pass portfolio,2025-06-01,2,2,True,1.0,1.0,moderate,METEOSWISS_SMN_DAILY_SELECTED,False,False,06:00_UTC_to_06:00_UTC_next_day,15.905000000000001,10.423333333333332,21.64,2.801794871794872,0.0,68.55000000000001,-2.880769230769232,0.9827789241170282,0.4166666666666667
anniviers_magic_portfolio,Anniviers Magic Pass portfolio,2025-07-01,2,2,True,1.0,1.0,moderate,METEOSWISS_SMN_DAILY_SELECTED,False,False,06:00_UTC_to_06:00_UTC_next_day,13.488709677419354,9.074193548387097,19.053225806451614,-1.478949545078578,0.0,79.75,-0.9432692307692321,0.986314554018468,0.3870967741935484
anniviers_magic_portfolio,Anniviers Magic Pass portfolio,2025-08-01,2,2,True,1.0,1.0,moderate,METEOSWISS_SMN_DAILY_SELECTED,False,False,06:00_UTC_to_06:00_UTC_next_day,15.374193548387098,10.42258064516129,21.188709677419354,0.8692307692307697,0.0,49.900000000000006,-25.88076923076923,0.6625826789203256,0.3225806451612903
anniviers_magic_portfolio,Anniviers Magic Pass portfolio,2025-09-01,2,2,True,1.0,1.0,moderate,METEOSWISS_SMN_DAILY_SELECTED,False,False,06:00_UTC_to_06:00_UTC_next_day,10.403333333333332,6.449999999999999,15.5,-0.3148717948717952,0.0,66.2,17.242307692307694,1.35189225714341,0.3333333333333333
anniviers_magic_portfolio,Anniviers Magic Pass portfolio,2025-10-01,2,2,True,1.0,1.0,moderate,METEOSWISS_SMN_DAILY_SELECTED,False,False,06:00_UTC_to_06:00_UTC_next_day,5.958064516129032,2.162903225806452,10.801612903225806,-1.53014888337469,0.1774193548387097,94.6,33.44615384615385,1.5226666286018804,0.27419354838709675
anniviers_magic_portfolio,Anniviers Magic Pass portfolio,2025-11-01,2,2,True,1.0,1.0,moderate,METEOSWISS_SMN_DAILY_SELECTED,False,False,06:00_UTC_to_06:00_UTC_next_day,1.8033333333333332,-2.046666666666667,5.776666666666667,-0.3583333333333334,0.6166666666666667,51.099999999999994,-16.950000000000003,0.7360479073566826,0.26666666666666666
anniviers_magic_portfolio,Anniviers Magic Pass portfolio,2025-12-01,2,2,True,1.0,1.0,moderate,METEOSWISS_SMN_DAILY_SELECTED,False,False,06:00_UTC_to_06:00_UTC_next_day,1.8290322580645162,-1.3483870967741935,5.433870967741935,1.5897022332506205,0.6290322580645161,15.15,-55.511538461538464,0.20638443575375018,0.06451612903225806
anniviers_magic_portfolio,Anniviers Magic Pass portfolio,2026-01-01,2,2,True,1.0,1.0,moderate,METEOSWISS_SMN_DAILY_SELECTED,False,False,06:00_UTC_to_06:00_UTC_next_day,-2.3483870967741938,-5.445161290322581,0.9983870967741936,-0.4746898263027298,0.9032258064516129,29.999999999999996,-41.35384615384616,0.41249279766927044,0.14516129032258063
anniviers_magic_portfolio,Anniviers Magic Pass portfolio,2026-02-01,2,2,True,1.0,1.0,moderate,METEOSWISS_SMN_DAILY_SELECTED,False,False,06:00_UTC_to_06:00_UTC_next_day,0.5857142857142856,-2.65,4.171428571428572,1.334515915119363,0.8214285714285714,107.0,61.65384615384615,2.262180603182977,0.375
anniviers_magic_portfolio,Anniviers Magic Pass portfolio,2026-03-01,2,2,True,1.0,1.0,moderate,METEOSWISS_SMN_DAILY_SELECTED,False,False,06:00_UTC_to_06:00_UTC_next_day,1.0548387096774194,-2.903225806451613,5.864516129032258,-0.3977667493796527,0.8225806451612903,40.75,-13.573076923076922,0.7739872007570815,0.2096774193548387
axalp,Axalp,2013-01-01,1,1,True,1.0,1.0,high,METEOSWISS_SMN_DAILY_SELECTED,False,False,06:00_UTC_to_06:00_UTC_next_day,-1.4967741935483871,-5.251612903225807,1.3774193548387097,-1.2042183622828784,0.967741935483871,76.10000000000001,-15.323076923076911,0.8323937736642828,0.3548387096774194
axalp,Axalp,2013-02-01,1,1,True,1.0,1.0,high,METEOSWISS_SMN_DAILY_SELECTED,False,False,06:00_UTC_to_06:00_UTC_next_day,-2.682142857142857,-6.703571428571428,0.5214285714285714,-4.327444107616522,0.9642857142857143,77.80000000000001,15.62307692307693,1.25126809352963,0.42857142857142855
axalp,Axalp,2013-03-01,1,1,True,1.0,1.0,high,METEOSWISS_SMN_DAILY_SELECTED,False,False,06:00_UTC_to_06:00_UTC_next_day,3.2870967741935484,-0.7709677419354839,7.5,-2.424069478908189,0.5483870967741935,42.0,-42.65384615384616,0.49613811903680144,0.3225806451612903
axalp,Axalp,2013-04-01,1,1,True,1.0,1.0,high,METEOSWISS_SMN_DAILY_SELECTED,False,False,06:00_UTC_to_06:00_UTC_next_day,8.876666666666667,3.56,14.25,-0.744358974358974,0.2,68.39999999999999,-11.56923076923077,0.8553289726818006,0.3
axalp,Axalp,2013-05-01,1,1,True,1.0,1.0,high,METEOSWISS_SMN_DAILY_SELECTED,False,False,06:00_UTC_to_06:00_UTC_next_day,10.66451612903226,6.377419354838709,15.36774193548387,-2.1677419354838694,0.0,193.2,56.65384615384616,1.4149062024674668,0.6451612903225806
axalp,Axalp,2013-06-01,1,1,True,1.0,1.0,high,METEOSWISS_SMN_DAILY_SELECTED,False,False,06:00_UTC_to_06:00_UTC_next_day,15.643333333333334,10.426666666666668,20.69,-2.0733333333333306,0.0,111.60000000000001,-15.399999999999991,0.878740157480315,0.43333333333333335
axalp,Axalp,2013-07-01,1,1,True,1.0,1.0,high,METEOSWISS_SMN_DAILY_SELECTED,False,False,06:00_UTC_to_06:00_UTC_next_day,19.53548387096774,13.161290322580646,25.932258064516127,0.565260545905705,0.0,68.7,-93.37692307692306,0.4238728049359279,0.25806451612903225
axalp,Axalp,2013-08-01,1,1,True,1.0,1.0,high,METEOSWISS_SMN_DAILY_SELECTED,False,False,06:00_UTC_to_06:00_UTC_next_day,17.56451612903226,12.070967741935483,23.23225806451613,-0.5920595533498734,0.0,110.0,-50.61538461538461,0.6848659003831418,0.3548387096774194
axalp,Axalp,2013-09-01,1,1,True,1.0,1.0,high,METEOSWISS_SMN_DAILY_SELECTED,False,False,06:00_UTC_to_06:00_UTC_next_day,14.103333333333333,9.256666666666666,19.216666666666665,-0.2282051282051274,0.0,108.39999999999999,8.869230769230768,1.0891104413014916,0.43333333333333335
axalp,Axalp,2013-10-01,1,1,True,1.0,1.0,high,METEOSWISS_SMN_DAILY_SELECTED,False,False,06:00_UTC_to_06:00_UTC_next_day,10.964516129032257,7.187096774193548,15.470967741935485,0.8540942928039694,0.0,82.1,-7.592307692307699,0.9153516295025729,0.41935483870967744
axalp,Axalp,2013-11-01,1,1,True,1.0,1.0,high,METEOSWISS_SMN_DAILY_SELECTED,False,False,06:00_UTC_to_06:00_UTC_next_day,3.0266666666666664,-0.0833333333333333,5.85,-1.2256410256410257,0.4666666666666667,126.8,32.43076923076923,1.3436582980110858,0.5
axalp,Axalp,2013-12-01,1,1,True,1.0,1.0,high,METEOSWISS_SMN_DAILY_SELECTED,False,False,06:00_UTC_to_06:00_UTC_next_day,-1.3612903225806452,-4.770967741935484,2.5935483870967744,-1.5062034739454093,0.9354838709677419,43.300000000000004,-43.49230769230768,0.4988921386156165,0.12903225806451613
axalp,Axalp,2014-01-01,1,1,True,1.0,1.0,high,METEOSWISS_SMN_DAILY_SELECTED,False,False,06:00_UTC_to_06:00_UTC_next_day,1.0516129032258066,-2.519354838709677,4.467741935483871,1.3441687344913151,0.9032258064516129,65.5,-25.92307692307692,0.7164493058477073,0.41935483870967744
axalp,Axalp,2014-02-01,1,1,True,1.0,1.0,high,METEOSWISS_SMN_DAILY_SELECTED,False,False,06:00_UTC_to_06:00_UTC_next_day,3.142857142857143,-0.725,7.767857142857143,1.4975558923834784,0.6071428571428571,76.5,14.323076923076918,1.230360014845973,0.5
axalp,Axalp,2014-03-01,1,1,True,1.0,1.0,high,METEOSWISS_SMN_DAILY_SELECTED,False,False,06:00_UTC_to_06:00_UTC_next_day,6.158064516129032,-0.16129032258064516,12.680645161290323,0.4468982630272951,0.6129032258064516,40.4,-44.25384615384616,0.47723761926397085,0.16129032258064516
axalp,Axalp,2014-04-01,1,1,True,1.0,1.0,high,METEOSWISS_SMN_DAILY_SELECTED,False,False,06:00_UTC_to_06:00_UTC_next_day,10.376666666666667,4.6,15.666666666666666,0.755641025641026,0.06666666666666667,88.8,8.830769230769235,1.1104270873412851,0.3333333333333333
axalp,Axalp,2014-05-01,1,1,True,1.0,1.0,high,METEOSWISS_SMN_DAILY_SELECTED,False,False,06:00_UTC_to_06:00_UTC_next_day,12.100000000000001,6.816129032258065,16.845161290322583,-0.7322580645161274,0.03225806451612903,112.19999999999999,-24.34615384615384,0.8217001859050195,0.41935483870967744
axalp,Axalp,2014-06-01,1,1,True,1.0,1.0,high,METEOSWISS_SMN_DAILY_SELECTED,False,False,06:00_UTC_to_06:00_UTC_next_day,16.863333333333333,10.703333333333335,22.83,-0.8533333333333317,0.0,85.9,-41.099999999999994,0.6763779527559055,0.43333333333333335
axalp,Axalp,2014-07-01,1,1,True,1.0,1.0,high,METEOSWISS_SMN_DAILY_SELECTED,False,False,06:00_UTC_to_06:00_UTC_next_day,16.961290322580645,12.296774193548387,21.9,-2.008933002481392,0.0,305.20000000000005,143.12307692307698,1.883056478405316,0.6451612903225806
axalp,Axalp,2014-08-01,1,1,True,1.0,1.0,high,METEOSWISS_SMN_DAILY_SELECTED,False,False,06:00_UTC_to_06:00_UTC_next_day,15.616129032258065,11.503225806451614,20.161290322580644,-2.5404466501240677,0.0,196.5,35.88461538461539,1.223419540229885,0.6451612903225806
axalp,Axalp,2014-09-01,1,1,True,1.0,1.0,high,METEOSWISS_SMN_DAILY_SELECTED,False,False,06:00_UTC_to_06:00_UTC_next_day,14.2,9.316666666666666,19.456666666666667,-0.1315384615384616,0.0,84.0,-15.530769230769224,0.8439601205657316,0.3333333333333333
axalp,Axalp,2014-10-01,1,1,True,1.0,1.0,high,METEOSWISS_SMN_DAILY_SELECTED,False,False,06:00_UTC_to_06:00_UTC_next_day,11.125806451612902,6.170967741935484,16.119354838709675,1.0153846153846153,0.06451612903225806,104.1,14.407692307692301,1.1606346483704975,0.3225806451612903
axalp,Axalp,2014-11-01,1,1,True,1.0,1.0,high,METEOSWISS_SMN_DAILY_SELECTED,False,False,06:00_UTC_to_06:00_UTC_next_day,6.136666666666667,1.93,10.629999999999999,1.8843589743589746,0.23333333333333334,91.8,-2.5692307692307708,0.9727746984023475,0.2
axalp,Axalp,2014-12-01,1,1,True,1.0,1.0,high,METEOSWISS_SMN_DAILY_SELECTED,False,False,06:00_UTC_to_06:00_UTC_next_day,1.3709677419354838,-1.9483870967741934,3.9129032258064513,1.2260545905707196,0.6451612903225806,52.60000000000001,-34.19230769230768,0.606044491713197,0.3548387096774194
axalp,Axalp,2015-01-01,1,1,True,1.0,1.0,high,METEOSWISS_SMN_DAILY_SELECTED,False,False,06:00_UTC_to_06:00_UTC_next_day,0.16451612903225804,-3.7161290322580647,3.690322580645161,0.4570719602977667,0.8709677419354839,120.4,28.976923076923086,1.316954143878839,0.4838709677419355
axalp,Axalp,2015-02-01,1,1,True,1.0,1.0,high,METEOSWISS_SMN_DAILY_SELECTED,False,False,06:00_UTC_to_06:00_UTC_next_day,-1.6714285714285713,-6.171428571428571,2.1,-3.3167298219022356,0.9642857142857143,31.7,-30.476923076923082,0.5098354571322529,0.25
axalp,Axalp,2015-03-01,1,1,True,1.0,1.0,high,METEOSWISS_SMN_DAILY_SELECTED,False,False,06:00_UTC_to_06:00_UTC_next_day,5.464516129032258,0.2096774193548387,10.77741935483871,-0.24665012406947895,0.45161290322580644,98.4,13.746153846153845,1.1623807360290777,0.3548387096774194
axalp,Axalp,2015-04-01,1,1,True,1.0,1.0,high,METEOSWISS_SMN_DAILY_SELECTED,False,False,06:00_UTC_to_06:00_UTC_next_day,9.436666666666667,2.69,15.506666666666666,-0.18435897435897353,0.2,91.89999999999999,11.93076923076923,1.149191996921893,0.3333333333333333
axalp,Axalp,2015-05-01,1,1,True,1.0,1.0,high,METEOSWISS_SMN_DAILY_SELECTED,False,False,06:00_UTC_to_06:00_UTC_next_day,13.135483870967741,7.812903225806451,18.43548387096774,0.30322580645161246,0.0,179.70000000000002,43.15384615384619,1.3160385330403923,0.45161290322580644
axalp,Axalp,2015-06-01,1,1,True,1.0,1.0,high,METEOSWISS_SMN_DAILY_SELECTED,False,False,06:00_UTC_to_06:00_UTC_next_day,17.863333333333333,12.463333333333333,23.186666666666667,0.14666666666666828,0.0,103.00000000000001,-23.999999999999986,0.8110236220472442,0.26666666666666666
axalp,Axalp,2015-07-01,1,1,True,1.0,1.0,high,METEOSWISS_SMN_DAILY_SELECTED,False,False,06:00_UTC_to_06:00_UTC_next_day,21.12258064516129,14.509677419354839,27.429032258064517,2.1523573200992523,0.0,100.1,-61.97692307692307,0.617607973421927,0.25806451612903225
axalp,Axalp,2015-08-01,1,1,True,1.0,1.0,high,METEOSWISS_SMN_DAILY_SELECTED,False,False,06:00_UTC_to_06:00_UTC_next_day,18.809677419354838,13.096774193548388,24.651612903225807,0.6531017369727046,0.0,120.5,-40.11538461538461,0.7502394636015326,0.3548387096774194
axalp,Axalp,2015-09-01,1,1,True,1.0,1.0,high,METEOSWISS_SMN_DAILY_SELECTED,False,False,06:00_UTC_to_06:00_UTC_next_day,12.776666666666667,8.056666666666667,17.653333333333332,-1.5548717948717936,0.0,83.1,-16.43076923076923,0.8349176907025272,0.36666666666666664
axalp,Axalp,2015-10-01,1,1,True,1.0,1.0,high,METEOSWISS_SMN_DAILY_SELECTED,False,False,06:00_UTC_to_06:00_UTC_next_day,8.583870967741936,4.338709677419355,12.890322580645162,-1.5265508684863516,0.03225806451612903,71.5,-18.192307692307693,0.7971698113207547,0.2903225806451613
axalp,Axalp,2015-11-01,1,1,True,1.0,1.0,high,METEOSWISS_SMN_DAILY_SELECTED,False,False,06:00_UTC_to_06:00_UTC_next_day,4.123333333333333,0.07666666666666662,8.96,-0.12897435897435905,0.36666666666666664,87.9,-6.469230769230762,0.9314476687316596,0.23333333333333334
axalp,Axalp,2015-12-01,1,1,True,1.0,1.0,high,METEOSWISS_SMN_DAILY_SELECTED,False,False,06:00_UTC_to_06:00_UTC_next_day,-0.6387096774193549,-3.838709677419355,3.0064516129032257,-0.7836228287841192,0.9354838709677419,13.8,-72.99230769230769,0.15900026588673227,0.0967741935483871
axalp,Axalp,2016-01-01,1,1,True,1.0,1.0,high,METEOSWISS_SMN_DAILY_SELECTED,False,False,06:00_UTC_to_06:00_UTC_next_day,0.19032258064516122,-3.4387096774193546,3.325806451612903,0.4828784119106699,0.7741935483870968,109.6,18.176923076923075,1.198822044594026,0.5806451612903226
axalp,Axalp,2016-02-01,1,1,True,1.0,1.0,high,METEOSWISS_SMN_DAILY_SELECTED,False,False,06:00_UTC_to_06:00_UTC_next_day,2.737931034482759,-1.2206896551724138,6.620689655172414,1.0926297840090946,0.6551724137931034,122.89999999999999,60.72307692307691,1.97661759247804,0.5517241379310345
axalp,Axalp,2016-03-01,1,1,True,1.0,1.0,high,METEOSWISS_SMN_DAILY_SELECTED,False,False,06:00_UTC_to_06:00_UTC_next_day,4.354838709677419,-0.8709677419354839,9.5,-1.3563275434243183,0.6129032258064516,50.6,-34.05384615384616,0.5977283053157655,0.2903225806451613
axalp,Axalp,2016-04-01,1,1,True,1.0,1.0,high,METEOSWISS_SMN_DAILY_SELECTED,False,False,06:00_UTC_to_06:00_UTC_next_day,9.173333333333334,3.6133333333333337,14.526666666666667,-0.44769230769230717,0.13333333333333333,113.8,33.830769230769235,1.4230473258945748,0.43333333333333335
axalp,Axalp,2016-05-01,1,1,True,1.0,1.0,high,METEOSWISS_SMN_DAILY_SELECTED,False,False,06:00_UTC_to_06:00_UTC_next_day,12.619354838709677,6.835483870967742,17.729032258064517,-0.2129032258064516,0.0,192.89999999999998,56.35384615384615,1.412709143146865,0.45161290322580644
axalp,Axalp,2016-06-01,1,1,True,1.0,1.0,high,METEOSWISS_SMN_DAILY_SELECTED,False,False,06:00_UTC_to_06:00_UTC_next_day,15.756666666666666,11.246666666666666,20.720000000000002,-1.959999999999999,0.0,211.20000000000002,84.20000000000002,1.6629921259842522,0.7666666666666667
axalp,Axalp,2016-07-01,1,1,True,1.0,1.0,high,METEOSWISS_SMN_DAILY_SELECTED,False,False,06:00_UTC_to_06:00_UTC_next_day,18.44516129032258,13.077419354838709,24.10967741935484,-0.5250620347394559,0.0,209.1,47.02307692307693,1.2901281442809682,0.45161290322580644
axalp,Axalp,2016-08-01,1,1,True,1.0,1.0,high,METEOSWISS_SMN_DAILY_SELECTED,False,False,06:00_UTC_to_06:00_UTC_next_day,17.458064516129035,11.893548387096773,23.638709677419353,-0.6985111662530983,0.0,185.60000000000002,24.98461538461541,1.1555555555555557,0.3548387096774194
axalp,Axalp,2016-09-01,1,1,True,1.0,1.0,high,METEOSWISS_SMN_DAILY_SELECTED,False,False,06:00_UTC_to_06:00_UTC_next_day,15.303333333333335,10.120000000000001,21.240000000000002,0.9717948717948737,0.0,91.3,-8.230769230769226,0.9173042739006106,0.23333333333333334
axalp,Axalp,2016-10-01,1,1,True,1.0,1.0,high,METEOSWISS_SMN_DAILY_SELECTED,False,False,06:00_UTC_to_06:00_UTC_next_day,8.174193548387096,3.735483870967742,12.825806451612904,-1.9362282878411907,0.03225806451612903,67.19999999999999,-22.492307692307705,0.7492281303602057,0.22580645161290322
axalp,Axalp,2016-11-01,1,1,True,1.0,1.0,high,METEOSWISS_SMN_DAILY_SELECTED,False,False,06:00_UTC_to_06:00_UTC_next_day,5.623333333333333,1.5,9.05,1.371025641025641,0.4,94.80000000000001,0.43076923076924345,1.0045647212259539,0.3333333333333333
axalp,Axalp,2016-12-01,1,1,True,1.0,1.0,high,METEOSWISS_SMN_DAILY_SELECTED,False,False,06:00_UTC_to_06:00_UTC_next_day,-2.490322580645161,-5.961290322580646,1.832258064516129,-2.6352357320099253,0.967741935483871,0.8,-85.99230769230769,0.009217406718071437,0.0
axalp,Axalp,2017-01-01,1,1,True,1.0,1.0,high,METEOSWISS_SMN_DAILY_SELECTED,False,False,06:00_UTC_to_06:00_UTC_next_day,-4.125806451612903,-8.016129032258064,-0.6096774193548387,-3.833250620347395,0.967741935483871,56.599999999999994,-34.823076923076925,0.6190997055111485,0.25806451612903225
axalp,Axalp,2017-02-01,1,1,True,1.0,1.0,high,METEOSWISS_SMN_DAILY_SELECTED,False,False,06:00_UTC_to_06:00_UTC_next_day,2.4857142857142853,-1.675,7.142857142857143,0.8404130352406209,0.8214285714285714,71.0,8.823076923076918,1.1419027588766546,0.39285714285714285
axalp,Axalp,2017-03-01,1,1,True,1.0,1.0,high,METEOSWISS_SMN_DAILY_SELECTED,False,False,06:00_UTC_to_06:00_UTC_next_day,8.141935483870968,2.196774193548387,13.90967741935484,2.430769230769231,0.16129032258064516,156.1,71.44615384615383,1.8439800090867786,0.3225806451612903
axalp,Axalp,2017-04-01,1,1,True,1.0,1.0,high,METEOSWISS_SMN_DAILY_SELECTED,False,False,06:00_UTC_to_06:00_UTC_next_day,8.556666666666667,2.533333333333333,14.2,-1.0643589743589743,0.26666666666666666,83.8,3.830769230769235,1.0479030396306273,0.4
axalp,Axalp,2017-05-01,1,1,True,1.0,1.0,high,METEOSWISS_SMN_DAILY_SELECTED,False,False,06:00_UTC_to_06:00_UTC_next_day,13.890322580645162,7.270967741935484,20.364516129032257,1.0580645161290327,0.03225806451612903,127.80000000000001,-8.746153846153817,0.9359472705763058,0.41935483870967744
axalp,Axalp,2017-06-01,1,1,True,1.0,1.0,high,METEOSWISS_SMN_DAILY_SELECTED,False,False,06:00_UTC_to_06:00_UTC_next_day,18.733333333333334,12.780000000000001,24.783333333333335,1.0166666666666693,0.0,107.8,-19.200000000000003,0.8488188976377953,0.4666666666666667
axalp,Axalp,2017-07-01,1,1,True,1.0,1.0,high,METEOSWISS_SMN_DAILY_SELECTED,False,False,06:00_UTC_to_06:00_UTC_next_day,18.45483870967742,13.432258064516128,24.0258064516129,-0.5153846153846153,0.0,123.70000000000002,-38.37692307692305,0.7632178452776461,0.4838709677419355
axalp,Axalp,2017-08-01,1,1,True,1.0,1.0,high,METEOSWISS_SMN_DAILY_SELECTED,False,False,06:00_UTC_to_06:00_UTC_next_day,18.14516129032258,12.451612903225806,24.05483870967742,-0.01141439205955308,0.0,168.8,8.184615384615398,1.0509578544061304,0.3548387096774194
axalp,Axalp,2017-09-01,1,1,True,1.0,1.0,high,METEOSWISS_SMN_DAILY_SELECTED,False,False,06:00_UTC_to_06:00_UTC_next_day,11.94,7.4766666666666675,16.843333333333334,-2.3915384615384614,0.0,133.6,34.06923076923077,1.342298477471211,0.43333333333333335
axalp,Axalp,2017-10-01,1,1,True,1.0,1.0,high,METEOSWISS_SMN_DAILY_SELECTED,False,False,06:00_UTC_to_06:00_UTC_next_day,9.332258064516129,4.577419354838709,14.738709677419354,-0.7781637717121583,0.03225806451612903,83.7,-5.992307692307691,0.9331903945111493,0.3548387096774194
axalp,Axalp,2017-11-01,1,1,True,1.0,1.0,high,METEOSWISS_SMN_DAILY_SELECTED,False,False,06:00_UTC_to_06:00_UTC_next_day,2.8,-0.5066666666666666,6.38,-1.4523076923076923,0.5666666666666667,113.69999999999997,19.330769230769207,1.2048418650146722,0.3333333333333333
axalp,Axalp,2017-12-01,1,1,True,1.0,1.0,high,METEOSWISS_SMN_DAILY_SELECTED,False,False,06:00_UTC_to_06:00_UTC_next_day,-1.3806451612903226,-4.996774193548387,1.7870967741935484,-1.5255583126550867,0.9032258064516129,106.9,20.107692307692318,1.2316759727022957,0.4838709677419355
axalp,Axalp,2018-01-01,1,1,True,1.0,1.0,high,METEOSWISS_SMN_DAILY_SELECTED,False,False,06:00_UTC_to_06:00_UTC_next_day,3.361290322580645,-0.632258064516129,7.551612903225807,3.6538461538461537,0.6451612903225806,193.09999999999997,101.67692307692305,2.1121581825830877,0.41935483870967744
axalp,Axalp,2018-02-01,1,1,True,1.0,1.0,high,METEOSWISS_SMN_DAILY_SELECTED,False,False,06:00_UTC_to_06:00_UTC_next_day,-1.5714285714285714,-4.6571428571428575,1.0892857142857142,-3.216729821902236,0.9642857142857143,66.4,4.223076923076924,1.0679203266114066,0.21428571428571427
axalp,Axalp,2018-03-01,1,1,True,1.0,1.0,high,METEOSWISS_SMN_DAILY_SELECTED,False,False,06:00_UTC_to_06:00_UTC_next_day,3.8129032258064517,-0.6161290322580646,8.703225806451613,-1.8982630272952856,0.5806451612903226,131.4,46.746153846153845,1.5522035438437074,0.4838709677419355
axalp,Axalp,2018-04-01,1,1,True,1.0,1.0,high,METEOSWISS_SMN_DAILY_SELECTED,False,False,06:00_UTC_to_06:00_UTC_next_day,12.443333333333333,4.67,19.063333333333333,2.8223076923076924,0.1,29.200000000000003,-50.76923076923076,0.3651404386302425,0.2
axalp,Axalp,2018-05-01,1,1,True,1.0,1.0,high,METEOSWISS_SMN_DAILY_SELECTED,False,False,06:00_UTC_to_06:00_UTC_next_day,14.283870967741937,8.687096774193549,19.98709677419355,1.4516129032258078,0.0,80.5,-56.04615384615383,0.5895442510281111,0.41935483870967744
axalp,Axalp,2018-06-01,1,1,True,1.0,1.0,high,METEOSWISS_SMN_DAILY_SELECTED,False,False,06:00_UTC_to_06:00_UTC_next_day,18.2,12.026666666666667,23.490000000000002,0.4833333333333343,0.0,73.9,-53.099999999999994,0.5818897637795276,0.23333333333333334
axalp,Axalp,2018-07-01,1,1,True,1.0,1.0,high,METEOSWISS_SMN_DAILY_SELECTED,False,False,06:00_UTC_to_06:00_UTC_next_day,19.46451612903226,13.025806451612903,25.89032258064516,0.4942928039702217,0.0,106.4,-55.67692307692306,0.6564784053156147,0.3870967741935484
axalp,Axalp,2018-08-01,1,1,True,1.0,1.0,high,METEOSWISS_SMN_DAILY_SELECTED,False,False,06:00_UTC_to_06:00_UTC_next_day,18.870967741935484,13.270967741935483,25.325806451612905,0.7143920595533508,0.0,219.10000000000002,58.48461538461541,1.3641283524904215,0.4838709677419355
axalp,Axalp,2018-09-01,1,1,True,1.0,1.0,high,METEOSWISS_SMN_DAILY_SELECTED,False,False,06:00_UTC_to_06:00_UTC_next_day,15.25,9.776666666666667,20.886666666666667,0.9184615384615391,0.0,109.9,10.369230769230782,1.1041811577401655,0.26666666666666666
axalp,Axalp,2018-10-01,1,1,True,1.0,1.0,high,METEOSWISS_SMN_DAILY_SELECTED,False,False,06:00_UTC_to_06:00_UTC_next_day,10.535483870967743,4.864516129032259,15.86774193548387,0.42506203473945625,0.03225806451612903,84.7,-4.992307692307691,0.9443396226415095,0.12903225806451613
axalp,Axalp,2018-11-01,1,1,True,1.0,1.0,high,METEOSWISS_SMN_DAILY_SELECTED,False,False,06:00_UTC_to_06:00_UTC_next_day,5.626666666666666,1.8399999999999999,9.15,1.374358974358974,0.43333333333333335,12.2,-82.16923076923077,0.12927942614933158,0.16666666666666666
axalp,Axalp,2018-12-01,1,1,True,1.0,1.0,high,METEOSWISS_SMN_DAILY_SELECTED,False,False,06:00_UTC_to_06:00_UTC_next_day,1.7677419354838708,-0.964516129032258,4.445161290322581,1.6228287841191067,0.5483870967741935,190.09999999999997,103.30769230769228,2.1902862713817246,0.4838709677419355
axalp,Axalp,2019-01-01,1,1,True,1.0,1.0,high,METEOSWISS_SMN_DAILY_SELECTED,False,False,06:00_UTC_to_06:00_UTC_next_day,-1.5838709677419356,-5.780645161290322,1.564516129032258,-1.291315136476427,0.967741935483871,94.1,2.6769230769230745,1.0292806058056374,0.3548387096774194
axalp,Axalp,2019-02-01,1,1,True,1.0,1.0,high,METEOSWISS_SMN_DAILY_SELECTED,False,False,06:00_UTC_to_06:00_UTC_next_day,0.7071428571428571,-4.189285714285714,6.178571428571429,-0.9381583933308073,0.9642857142857143,25.699999999999996,-36.476923076923086,0.413336632438451,0.21428571428571427
axalp,Axalp,2019-03-01,1,1,True,1.0,1.0,high,METEOSWISS_SMN_DAILY_SELECTED,False,False,06:00_UTC_to_06:00_UTC_next_day,5.793548387096774,-0.019354838709677434,11.970967741935485,0.08238213399503636,0.5483870967741935,70.89999999999999,-13.753846153846169,0.8375283961835528,0.3870967741935484
axalp,Axalp,2019-04-01,1,1,True,1.0,1.0,high,METEOSWISS_SMN_DAILY_SELECTED,False,False,06:00_UTC_to_06:00_UTC_next_day,9.306666666666667,3.48,14.336666666666668,-0.3143589743589743,0.13333333333333333,104.3,24.330769230769235,1.3042516352443247,0.23333333333333334
axalp,Axalp,2019-05-01,1,1,True,1.0,1.0,high,METEOSWISS_SMN_DAILY_SELECTED,False,False,06:00_UTC_to_06:00_UTC_next_day,10.438709677419356,5.27741935483871,15.53225806451613,-2.3935483870967733,0.03225806451612903,132.39999999999998,-4.146153846153851,0.9696355134921976,0.41935483870967744
axalp,Axalp,2019-06-01,1,1,True,1.0,1.0,high,METEOSWISS_SMN_DAILY_SELECTED,False,False,06:00_UTC_to_06:00_UTC_next_day,18.686666666666667,11.673333333333334,25.353333333333335,0.9700000000000024,0.0,118.70000000000002,-8.299999999999983,0.9346456692913387,0.4
axalp,Axalp,2019-07-01,1,1,True,1.0,1.0,high,METEOSWISS_SMN_DAILY_SELECTED,False,False,06:00_UTC_to_06:00_UTC_next_day,19.58709677419355,14.045161290322582,25.29032258064516,0.6168734491315142,0.0,103.00000000000001,-59.07692307692305,0.6355007119126722,0.4838709677419355
axalp,Axalp,2019-08-01,1,1,True,1.0,1.0,high,METEOSWISS_SMN_DAILY_SELECTED,False,False,06:00_UTC_to_06:00_UTC_next_day,18.216129032258067,12.996774193548386,23.61935483870968,0.05955334987593375,0.0,136.5,-24.115384615384613,0.8498563218390804,0.45161290322580644
axalp,Axalp,2019-09-01,1,1,True,1.0,1.0,high,METEOSWISS_SMN_DAILY_SELECTED,False,False,06:00_UTC_to_06:00_UTC_next_day,14.246666666666668,9.163333333333332,19.296666666666667,-0.08487179487179297,0.0,78.1,-21.43076923076923,0.7846819692402813,0.26666666666666666
axalp,Axalp,2019-10-01,1,1,True,1.0,1.0,high,METEOSWISS_SMN_DAILY_SELECTED,False,False,06:00_UTC_to_06:00_UTC_next_day,11.338709677419354,6.606451612903226,16.074193548387097,1.228287841191067,0.0,162.9,73.20769230769231,1.8162092624356776,0.3548387096774194
axalp,Axalp,2019-11-01,1,1,True,1.0,1.0,high,METEOSWISS_SMN_DAILY_SELECTED,False,False,06:00_UTC_to_06:00_UTC_next_day,4.776666666666667,0.9966666666666667,8.27,0.5243589743589752,0.43333333333333335,139.1,44.730769230769226,1.4739973915878708,0.5
axalp,Axalp,2019-12-01,1,1,True,1.0,1.0,high,METEOSWISS_SMN_DAILY_SELECTED,False,False,06:00_UTC_to_06:00_UTC_next_day,3.1451612903225805,-0.9838709677419355,6.693548387096774,3.0002481389578164,0.5483870967741935,87.49999999999999,0.7076923076922981,1.0081538597890631,0.3225806451612903
axalp,Axalp,2020-01-01,1,1,True,1.0,1.0,high,METEOSWISS_SMN_DAILY_SELECTED,False,False,06:00_UTC_to_06:00_UTC_next_day,-0.1838709677419355,-3.9419354838709677,3.851612903225807,0.10868486352357315,0.9354838709677419,25.9,-65.52307692307693,0.28329827513672695,0.12903225806451613
axalp,Axalp,2020-02-01,1,1,True,1.0,1.0,high,METEOSWISS_SMN_DAILY_SELECTED,False,False,06:00_UTC_to_06:00_UTC_next_day,3.810344827586207,-1.0931034482758621,9.182758620689656,2.1650435771125425,0.6896551724137931,101.89999999999999,39.72307692307691,1.6388717060497338,0.3793103448275862
axalp,Axalp,2020-03-01,1,1,True,1.0,1.0,high,METEOSWISS_SMN_DAILY_SELECTED,False,False,06:00_UTC_to_06:00_UTC_next_day,5.270967741935484,-0.0516129032258065,10.725806451612904,-0.44019851116625297,0.5161290322580645,59.7,-24.953846153846158,0.7052248977737392,0.3548387096774194
axalp,Axalp,2020-04-01,1,1,True,1.0,1.0,high,METEOSWISS_SMN_DAILY_SELECTED,False,False,06:00_UTC_to_06:00_UTC_next_day,11.68,3.6199999999999997,18.759999999999998,2.0589743589743588,0.16666666666666666,41.2,-38.76923076923076,0.5151981531358215,0.2
axalp,Axalp,2020-05-01,1,1,True,1.0,1.0,high,METEOSWISS_SMN_DAILY_SELECTED,False,False,06:00_UTC_to_06:00_UTC_next_day,14.048387096774194,7.761290322580645,19.54516129032258,1.2161290322580651,0.0,97.4,-39.14615384615382,0.7133119260886712,0.25806451612903225
axalp,Axalp,2020-06-01,1,1,True,1.0,1.0,high,METEOSWISS_SMN_DAILY_SELECTED,False,False,06:00_UTC_to_06:00_UTC_next_day,15.74,10.566666666666666,20.91,-1.9766666666666648,0.0,160.6,33.599999999999994,1.2645669291338582,0.5666666666666667
axalp,Axalp,2020-07-01,1,1,True,1.0,1.0,high,METEOSWISS_SMN_DAILY_SELECTED,False,False,06:00_UTC_to_06:00_UTC_next_day,18.567741935483873,12.964516129032257,24.174193548387095,-0.4024813895781634,0.0,192.8,30.723076923076945,1.1895586141433319,0.3548387096774194
axalp,Axalp,2020-08-01,1,1,True,1.0,1.0,high,METEOSWISS_SMN_DAILY_SELECTED,False,False,06:00_UTC_to_06:00_UTC_next_day,17.9741935483871,12.635483870967741,23.638709677419353,-0.18238213399503422,0.0,270.0,109.38461538461539,1.6810344827586208,0.5161290322580645
axalp,Axalp,2020-09-01,1,1,True,1.0,1.0,high,METEOSWISS_SMN_DAILY_SELECTED,False,False,06:00_UTC_to_06:00_UTC_next_day,15.043333333333333,9.853333333333333,20.456666666666667,0.7117948717948721,0.0,52.4,-47.130769230769225,0.5264703609243373,0.26666666666666666
axalp,Axalp,2020-10-01,1,1,True,1.0,1.0,high,METEOSWISS_SMN_DAILY_SELECTED,False,False,06:00_UTC_to_06:00_UTC_next_day,8.541935483870969,4.274193548387097,13.241935483870968,-1.5684863523573185,0.03225806451612903,137.9,48.20769230769231,1.5374785591766724,0.41935483870967744
axalp,Axalp,2020-11-01,1,1,True,1.0,1.0,high,METEOSWISS_SMN_DAILY_SELECTED,False,False,06:00_UTC_to_06:00_UTC_next_day,3.7866666666666666,-0.09000000000000001,8.72,-0.4656410256410255,0.5333333333333333,29.299999999999997,-65.06923076923077,0.3104825562438865,0.16666666666666666
axalp,Axalp,2020-12-01,1,1,True,1.0,1.0,high,METEOSWISS_SMN_DAILY_SELECTED,False,False,06:00_UTC_to_06:00_UTC_next_day,0.3032258064516129,-2.97741935483871,3.6548387096774193,0.15831265508684872,0.9354838709677419,100.0,13.207692307692312,1.1521758397589295,0.41935483870967744
axalp,Axalp,2021-01-01,1,1,True,1.0,1.0,high,METEOSWISS_SMN_DAILY_SELECTED,False,False,06:00_UTC_to_06:00_UTC_next_day,-0.5548387096774194,-3.690322580645161,2.0161290322580645,-0.2622828784119108,0.8387096774193549,197.1,105.67692307692307,2.1559108119478334,0.5161290322580645
axalp,Axalp,2021-02-01,1,1,True,1.0,1.0,high,METEOSWISS_SMN_DAILY_SELECTED,False,False,06:00_UTC_to_06:00_UTC_next_day,2.6,-1.8821428571428573,7.789285714285714,0.9546987495263357,0.7142857142857143,40.9,-21.276923076923083,0.6578003216627489,0.2857142857142857
axalp,Axalp,2021-03-01,1,1,True,1.0,1.0,high,METEOSWISS_SMN_DAILY_SELECTED,False,False,06:00_UTC_to_06:00_UTC_next_day,4.780645161290322,-0.667741935483871,10.419354838709678,-0.9305210918114151,0.6451612903225806,86.2,1.5461538461538424,1.018264425261245,0.3548387096774194
axalp,Axalp,2021-04-01,1,1,True,1.0,1.0,high,METEOSWISS_SMN_DAILY_SELECTED,False,False,06:00_UTC_to_06:00_UTC_next_day,7.8133333333333335,1.2233333333333334,13.69,-1.8076923076923075,0.43333333333333335,28.7,-51.26923076923076,0.3588880338591766,0.2
axalp,Axalp,2021-05-01,1,1,True,1.0,1.0,high,METEOSWISS_SMN_DAILY_SELECTED,False,False,06:00_UTC_to_06:00_UTC_next_day,10.496774193548386,4.948387096774193,15.793548387096775,-2.3354838709677423,0.0,158.7,22.15384615384616,1.1622443805982763,0.5483870967741935
axalp,Axalp,2021-06-01,1,1,True,1.0,1.0,high,METEOSWISS_SMN_DAILY_SELECTED,False,False,06:00_UTC_to_06:00_UTC_next_day,18.203333333333333,12.403333333333334,24.5,0.48666666666666814,0.0,171.6,44.599999999999994,1.3511811023622047,0.43333333333333335
axalp,Axalp,2021-07-01,1,1,True,1.0,1.0,high,METEOSWISS_SMN_DAILY_SELECTED,False,False,06:00_UTC_to_06:00_UTC_next_day,17.406451612903226,12.600000000000001,22.712903225806453,-1.563771712158811,0.0,321.5999999999999,159.52307692307684,1.9842429995253912,0.7096774193548387
axalp,Axalp,2021-08-01,1,1,True,1.0,1.0,high,METEOSWISS_SMN_DAILY_SELECTED,False,False,06:00_UTC_to_06:00_UTC_next_day,16.79032258064516,12.451612903225806,21.448387096774194,-1.366253101736973,0.0,118.7,-41.91538461538461,0.7390325670498085,0.3870967741935484
axalp,Axalp,2021-09-01,1,1,True,1.0,1.0,high,METEOSWISS_SMN_DAILY_SELECTED,False,False,06:00_UTC_to_06:00_UTC_next_day,15.563333333333334,10.41,21.026666666666664,1.2317948717948735,0.0,76.99999999999999,-22.530769230769238,0.7736301105185871,0.2
axalp,Axalp,2021-10-01,1,1,True,1.0,1.0,high,METEOSWISS_SMN_DAILY_SELECTED,False,False,06:00_UTC_to_06:00_UTC_next_day,8.880645161290323,3.3870967741935485,14.541935483870969,-1.2297766749379644,0.1935483870967742,31.500000000000004,-58.19230769230769,0.3512006861063465,0.16129032258064516
axalp,Axalp,2021-11-01,1,1,True,1.0,1.0,high,METEOSWISS_SMN_DAILY_SELECTED,False,False,06:00_UTC_to_06:00_UTC_next_day,3.066666666666667,-0.20666666666666664,6.076666666666667,-1.1856410256410252,0.6333333333333333,57.79999999999999,-36.56923076923078,0.6124877730681447,0.26666666666666666
axalp,Axalp,2021-12-01,1,1,True,1.0,1.0,high,METEOSWISS_SMN_DAILY_SELECTED,False,False,06:00_UTC_to_06:00_UTC_next_day,-1.5225806451612904,-5.087096774193548,1.1903225806451612,-1.6674937965260546,0.9354838709677419,119.9,33.10769230769232,1.3814588318709564,0.3548387096774194
axalp,Axalp,2022-01-01,1,1,True,1.0,1.0,high,METEOSWISS_SMN_DAILY_SELECTED,False,False,06:00_UTC_to_06:00_UTC_next_day,-2.0483870967741935,-5.741935483870968,1.6838709677419355,-1.755831265508685,0.9354838709677419,35.0,-56.42307692307692,0.38283550694152296,0.22580645161290322
axalp,Axalp,2022-02-01,1,1,True,1.0,1.0,high,METEOSWISS_SMN_DAILY_SELECTED,False,False,06:00_UTC_to_06:00_UTC_next_day,2.1714285714285713,-1.8499999999999999,6.55,0.5261273209549069,0.7857142857142857,90.50000000000001,28.323076923076933,1.4555239391315107,0.4642857142857143
axalp,Axalp,2022-03-01,1,1,True,1.0,1.0,high,METEOSWISS_SMN_DAILY_SELECTED,False,False,06:00_UTC_to_06:00_UTC_next_day,6.419354838709677,-0.9419354838709677,13.33548387096774,0.7081885856079397,0.6451612903225806,17.6,-67.05384615384617,0.20790549750113585,0.0967741935483871
axalp,Axalp,2022-04-01,1,1,True,1.0,1.0,high,METEOSWISS_SMN_DAILY_SELECTED,False,False,06:00_UTC_to_06:00_UTC_next_day,8.823333333333332,3.003333333333333,14.486666666666668,-0.7976923076923086,0.2,74.4,-5.5692307692307566,0.9303578299345904,0.4
axalp,Axalp,2022-05-01,1,1,True,1.0,1.0,high,METEOSWISS_SMN_DAILY_SELECTED,False,False,06:00_UTC_to_06:00_UTC_next_day,15.348387096774195,9.48709677419355,21.067741935483873,2.516129032258066,0.0,47.2,-89.34615384615383,0.3456706664413273,0.22580645161290322
axalp,Axalp,2022-06-01,1,1,True,1.0,1.0,high,METEOSWISS_SMN_DAILY_SELECTED,False,False,06:00_UTC_to_06:00_UTC_next_day,18.676666666666666,12.379999999999999,24.976666666666667,0.9600000000000009,0.0,142.0,15.0,1.1181102362204725,0.5333333333333333
axalp,Axalp,2022-07-01,1,1,True,1.0,1.0,high,METEOSWISS_SMN_DAILY_SELECTED,False,False,06:00_UTC_to_06:00_UTC_next_day,20.35483870967742,13.912903225806453,26.52258064516129,1.3846153846153832,0.0,72.5,-89.57692307692307,0.4473184622686284,0.22580645161290322
axalp,Axalp,2022-08-01,1,1,True,1.0,1.0,high,METEOSWISS_SMN_DAILY_SELECTED,False,False,06:00_UTC_to_06:00_UTC_next_day,19.648387096774194,13.448387096774194,25.9,1.4918114143920604,0.0,89.7,-70.91538461538461,0.5584770114942529,0.25806451612903225
axalp,Axalp,2022-09-01,1,1,True,1.0,1.0,high,METEOSWISS_SMN_DAILY_SELECTED,False,False,06:00_UTC_to_06:00_UTC_next_day,13.693333333333333,9.18,18.483333333333334,-0.6382051282051275,0.0,130.5,30.969230769230776,1.3111523301646186,0.43333333333333335
axalp,Axalp,2022-10-01,1,1,True,1.0,1.0,high,METEOSWISS_SMN_DAILY_SELECTED,False,False,06:00_UTC_to_06:00_UTC_next_day,12.019354838709678,7.161290322580645,17.664516129032258,1.9089330024813904,0.0,75.0,-14.692307692307693,0.8361921097770154,0.3225806451612903
axalp,Axalp,2022-11-01,1,1,True,1.0,1.0,high,METEOSWISS_SMN_DAILY_SELECTED,False,False,06:00_UTC_to_06:00_UTC_next_day,5.46,1.4166666666666667,9.526666666666667,1.2076923076923078,0.23333333333333334,80.80000000000001,-13.569230769230757,0.8562112813824586,0.4666666666666667
axalp,Axalp,2022-12-01,1,1,True,1.0,1.0,high,METEOSWISS_SMN_DAILY_SELECTED,False,False,06:00_UTC_to_06:00_UTC_next_day,0.8838709677419354,-2.693548387096774,3.4064516129032256,0.7389578163771713,0.7419354838709677,135.0,48.20769230769231,1.5554373836745548,0.41935483870967744
axalp,Axalp,2023-01-01,1,1,True,1.0,1.0,high,METEOSWISS_SMN_DAILY_SELECTED,False,False,06:00_UTC_to_06:00_UTC_next_day,0.46451612903225803,-3.206451612903226,3.670967741935484,0.7570719602977667,0.7096774193548387,38.2,-53.22307692307692,0.41783761043331935,0.22580645161290322
axalp,Axalp,2023-02-01,1,1,True,1.0,1.0,high,METEOSWISS_SMN_DAILY_SELECTED,False,False,06:00_UTC_to_06:00_UTC_next_day,1.9642857142857142,-2.492857142857143,7.103571428571429,0.3189844638120498,0.7857142857142857,22.5,-39.67692307692308,0.36187059260175675,0.14285714285714285
axalp,Axalp,2023-03-01,1,1,True,1.0,1.0,high,METEOSWISS_SMN_DAILY_SELECTED,False,False,06:00_UTC_to_06:00_UTC_next_day,5.787096774193548,1.1419354838709677,10.864516129032259,0.07593052109181109,0.3548387096774194,146.20000000000002,61.54615384615386,1.72703316674239,0.45161290322580644
axalp,Axalp,2023-04-01,1,1,True,1.0,1.0,high,METEOSWISS_SMN_DAILY_SELECTED,False,False,06:00_UTC_to_06:00_UTC_next_day,8.08,3.1533333333333333,12.666666666666666,-1.5410256410256409,0.13333333333333333,121.19999999999999,41.230769230769226,1.5155829165063486,0.43333333333333335
axalp,Axalp,2023-05-01,1,1,True,1.0,1.0,high,METEOSWISS_SMN_DAILY_SELECTED,False,False,06:00_UTC_to_06:00_UTC_next_day,13.583870967741936,8.551612903225807,18.74516129032258,0.7516129032258068,0.0,133.7,-2.8461538461538396,0.9791561038814716,0.41935483870967744
axalp,Axalp,2023-06-01,1,1,True,1.0,1.0,high,METEOSWISS_SMN_DAILY_SELECTED,False,False,06:00_UTC_to_06:00_UTC_next_day,19.033333333333335,11.97,26.13,1.31666666666667,0.0,51.2,-75.8,0.40314960629921265,0.26666666666666666
axalp,Axalp,2023-07-01,1,1,True,1.0,1.0,high,METEOSWISS_SMN_DAILY_SELECTED,False,False,06:00_UTC_to_06:00_UTC_next_day,19.364516129032257,13.493548387096775,25.37741935483871,0.39429280397022026,0.0,174.5,12.423076923076934,1.0766492643569057,0.41935483870967744
axalp,Axalp,2023-08-01,1,1,True,1.0,1.0,high,METEOSWISS_SMN_DAILY_SELECTED,False,False,06:00_UTC_to_06:00_UTC_next_day,18.225806451612904,13.096774193548388,24.470967741935485,0.06923076923077076,0.0,207.0,46.38461538461539,1.2887931034482758,0.5161290322580645
axalp,Axalp,2023-09-01,1,1,True,1.0,1.0,high,METEOSWISS_SMN_DAILY_SELECTED,False,False,06:00_UTC_to_06:00_UTC_next_day,16.966666666666665,11.133333333333333,23.790000000000003,2.635128205128204,0.0,54.60000000000001,-44.930769230769215,0.5485740783677256,0.16666666666666666
axalp,Axalp,2023-10-01,1,1,True,1.0,1.0,high,METEOSWISS_SMN_DAILY_SELECTED,False,False,06:00_UTC_to_06:00_UTC_next_day,11.964516129032257,6.72258064516129,17.770967741935483,1.8540942928039694,0.0,94.60000000000001,4.907692307692315,1.0547169811320756,0.3548387096774194
axalp,Axalp,2023-11-01,1,1,True,1.0,1.0,high,METEOSWISS_SMN_DAILY_SELECTED,False,False,06:00_UTC_to_06:00_UTC_next_day,4.52,1.1833333333333333,7.823333333333334,0.26769230769230745,0.36666666666666664,226.4,132.03076923076924,2.3990870557548094,0.7
axalp,Axalp,2023-12-01,1,1,True,1.0,1.0,high,METEOSWISS_SMN_DAILY_SELECTED,False,False,06:00_UTC_to_06:00_UTC_next_day,1.7967741935483872,-1.2709677419354841,4.770967741935484,1.651861042183623,0.6774193548387096,157.3,70.50769230769232,1.8123725959407961,0.45161290322580644
axalp,Axalp,2024-01-01,1,1,True,1.0,1.0,high,METEOSWISS_SMN_DAILY_SELECTED,False,False,06:00_UTC_to_06:00_UTC_next_day,0.7290322580645162,-2.6258064516129034,3.990322580645161,1.0215880893300249,0.7419354838709677,76.6,-14.823076923076925,0.8378628523348759,0.3548387096774194
axalp,Axalp,2024-02-01,1,1,True,1.0,1.0,high,METEOSWISS_SMN_DAILY_SELECTED,False,False,06:00_UTC_to_06:00_UTC_next_day,5.562068965517242,1.286206896551724,9.993103448275862,3.916767715043578,0.4827586206896552,51.400000000000006,-10.776923076923076,0.8266732648769022,0.2413793103448276
axalp,Axalp,2024-03-01,1,1,True,1.0,1.0,high,METEOSWISS_SMN_DAILY_SELECTED,False,False,06:00_UTC_to_06:00_UTC_next_day,7.819354838709677,2.5064516129032257,12.441935483870967,2.10818858560794,0.22580645161290322,175.5,90.84615384615384,2.073148568832349,0.5161290322580645
axalp,Axalp,2024-04-01,1,1,True,1.0,1.0,high,METEOSWISS_SMN_DAILY_SELECTED,False,False,06:00_UTC_to_06:00_UTC_next_day,9.653333333333334,3.746666666666667,15.08,0.03230769230769326,0.13333333333333333,92.6,12.630769230769232,1.1579453636013852,0.4
axalp,Axalp,2024-05-01,1,1,True,1.0,1.0,high,METEOSWISS_SMN_DAILY_SELECTED,False,False,06:00_UTC_to_06:00_UTC_next_day,13.264516129032257,8.558064516129033,18.438709677419357,0.43225806451612847,0.0,199.5,62.95384615384617,1.4610444482001015,0.6129032258064516
axalp,Axalp,2024-06-01,1,1,True,1.0,1.0,high,METEOSWISS_SMN_DAILY_SELECTED,False,False,06:00_UTC_to_06:00_UTC_next_day,16.86,12.09,22.3,-0.8566666666666656,0.0,169.29999999999998,42.29999999999998,1.333070866141732,0.6333333333333333
axalp,Axalp,2024-07-01,1,1,True,1.0,1.0,high,METEOSWISS_SMN_DAILY_SELECTED,False,False,06:00_UTC_to_06:00_UTC_next_day,19.567741935483873,14.570967741935483,25.074193548387097,0.5975186104218366,0.0,97.89999999999999,-64.17692307692307,0.6040341718082581,0.3548387096774194
axalp,Axalp,2024-08-01,1,1,True,1.0,1.0,high,METEOSWISS_SMN_DAILY_SELECTED,False,False,06:00_UTC_to_06:00_UTC_next_day,19.929032258064513,14.832258064516129,25.425806451612903,1.77245657568238,0.0,117.8,-42.815384615384616,0.7334291187739463,0.2903225806451613
axalp,Axalp,2024-09-01,1,1,True,1.0,1.0,high,METEOSWISS_SMN_DAILY_SELECTED,False,False,06:00_UTC_to_06:00_UTC_next_day,13.45,9.133333333333333,18.223333333333336,-0.8815384615384616,0.0,139.09999999999997,39.56923076923074,1.3975577710796814,0.36666666666666664
axalp,Axalp,2024-10-01,1,1,True,1.0,1.0,high,METEOSWISS_SMN_DAILY_SELECTED,False,False,06:00_UTC_to_06:00_UTC_next_day,10.787096774193548,6.241935483870968,15.241935483870968,0.6766749379652612,0.0,87.0,-2.6923076923076934,0.9699828473413379,0.3548387096774194
axalp,Axalp,2024-11-01,1,1,True,1.0,1.0,high,METEOSWISS_SMN_DAILY_SELECTED,False,False,06:00_UTC_to_06:00_UTC_next_day,3.0166666666666666,-0.6833333333333333,7.21,-1.2356410256410255,0.5333333333333333,74.0,-20.369230769230768,0.7841538963156178,0.23333333333333334
axalp,Axalp,2024-12-01,1,1,True,1.0,1.0,high,METEOSWISS_SMN_DAILY_SELECTED,False,False,06:00_UTC_to_06:00_UTC_next_day,-0.8258064516129032,-3.987096774193548,2.083870967741935,-0.9707196029776675,0.8387096774193549,105.10000000000001,18.30769230769232,1.210936807586635,0.3225806451612903
axalp,Axalp,2025-01-01,1,1,True,1.0,1.0,high,METEOSWISS_SMN_DAILY_SELECTED,False,False,06:00_UTC_to_06:00_UTC_next_day,0.22903225806451605,-3.7709677419354835,3.883870967741936,0.5215880893300247,0.7419354838709677,100.3,8.876923076923077,1.0970971813209929,0.3870967741935484
axalp,Axalp,2025-02-01,1,1,True,1.0,1.0,high,METEOSWISS_SMN_DAILY_SELECTED,False,False,06:00_UTC_to_06:00_UTC_next_day,2.132142857142857,-2.1035714285714286,6.682142857142857,0.48684160666919274,0.75,29.1,-33.07692307692308,0.4680192997649387,0.07142857142857142
axalp,Axalp,2025-03-01,1,1,True,1.0,1.0,high,METEOSWISS_SMN_DAILY_SELECTED,False,False,06:00_UTC_to_06:00_UTC_next_day,7.15483870967742,1.4451612903225808,12.180645161290323,1.4436724565756824,0.2903225806451613,25.499999999999996,-59.15384615384616,0.3012267151294865,0.16129032258064516
axalp,Axalp,2025-04-01,1,1,True,1.0,1.0,high,METEOSWISS_SMN_DAILY_SELECTED,False,False,06:00_UTC_to_06:00_UTC_next_day,10.853333333333333,3.46,17.34333333333333,1.2323076923076925,0.13333333333333333,101.30000000000001,21.33076923076925,1.2667372066179303,0.3
axalp,Axalp,2025-05-01,1,1,True,1.0,1.0,high,METEOSWISS_SMN_DAILY_SELECTED,False,False,06:00_UTC_to_06:00_UTC_next_day,12.94516129032258,7.825806451612903,18.270967741935483,0.11290322580645196,0.0,119.90000000000002,-16.64615384615381,0.8780913751337955,0.45161290322580644
axalp,Axalp,2025-06-01,1,1,True,1.0,1.0,high,METEOSWISS_SMN_DAILY_SELECTED,False,False,06:00_UTC_to_06:00_UTC_next_day,20.05666666666667,13.693333333333333,26.14333333333333,2.3400000000000034,0.0,144.2,17.19999999999999,1.1354330708661415,0.3333333333333333
axalp,Axalp,2025-07-01,1,1,True,1.0,1.0,high,METEOSWISS_SMN_DAILY_SELECTED,False,False,06:00_UTC_to_06:00_UTC_next_day,17.780645161290323,13.096774193548388,23.14516129032258,-1.1895781637717135,0.0,231.49999999999997,69.4230769230769,1.4283341243474132,0.5806451612903226
axalp,Axalp,2025-08-01,1,1,True,1.0,1.0,high,METEOSWISS_SMN_DAILY_SELECTED,False,False,06:00_UTC_to_06:00_UTC_next_day,18.787096774193547,13.248387096774193,24.641935483870967,0.6305210918114135,0.0,147.8,-12.815384615384602,0.9202107279693488,0.3225806451612903
axalp,Axalp,2025-09-01,1,1,True,1.0,1.0,high,METEOSWISS_SMN_DAILY_SELECTED,False,False,06:00_UTC_to_06:00_UTC_next_day,13.773333333333333,9.086666666666668,18.66,-0.5582051282051275,0.0,151.89999999999998,52.369230769230754,1.526161218023031,0.5
axalp,Axalp,2025-10-01,1,1,True,1.0,1.0,high,METEOSWISS_SMN_DAILY_SELECTED,False,False,06:00_UTC_to_06:00_UTC_next_day,9.187096774193549,5.254838709677419,13.525806451612903,-0.9233250620347384,0.03225806451612903,83.8,-5.892307692307696,0.9343053173241852,0.2903225806451613
axalp,Axalp,2025-11-01,1,1,True,1.0,1.0,high,METEOSWISS_SMN_DAILY_SELECTED,False,False,06:00_UTC_to_06:00_UTC_next_day,3.316666666666667,-1.3866666666666667,7.6066666666666665,-0.9356410256410252,0.7333333333333333,92.2,-2.169230769230765,0.9770133681121618,0.3333333333333333
axalp,Axalp,2025-12-01,1,1,True,1.0,1.0,high,METEOSWISS_SMN_DAILY_SELECTED,False,False,06:00_UTC_to_06:00_UTC_next_day,0.8354838709677419,-2.2451612903225806,4.0,0.6905707196029778,0.7741935483870968,16.0,-70.79230769230769,0.18434813436142872,0.03225806451612903
axalp,Axalp,2026-01-01,1,1,True,1.0,1.0,high,METEOSWISS_SMN_DAILY_SELECTED,False,False,06:00_UTC_to_06:00_UTC_next_day,-0.41290322580645156,-4.174193548387097,4.145161290322581,-0.1203473945409429,0.9354838709677419,24.6,-66.82307692307691,0.2690786705931847,0.1935483870967742
axalp,Axalp,2026-02-01,1,1,True,1.0,1.0,high,METEOSWISS_SMN_DAILY_SELECTED,False,False,06:00_UTC_to_06:00_UTC_next_day,4.1535714285714285,-0.07142857142857142,8.760714285714286,2.508270178097764,0.42857142857142855,74.2,12.023076923076921,1.193368798713349,0.39285714285714285
axalp,Axalp,2026-03-01,1,1,True,1.0,1.0,high,METEOSWISS_SMN_DAILY_SELECTED,False,False,06:00_UTC_to_06:00_UTC_next_day,5.519354838709678,-0.31935483870967746,11.600000000000001,-0.19181141439205973,0.5161290322580645,65.7,-18.953846153846158,0.7761017719218537,0.22580645161290322
bumbach,Bumbach,2013-01-01,1,1,True,1.0,1.0,moderate,METEOSWISS_SMN_DAILY_SELECTED,False,False,06:00_UTC_to_06:00_UTC_next_day,0.3354838709677419,-2.5806451612903225,3.1161290322580646,-0.45955334987593055,0.8064516129032258,63.89999999999999,-27.446153846153848,0.6995368421052631,0.1935483870967742
bumbach,Bumbach,2013-02-01,1,1,True,1.0,1.0,moderate,METEOSWISS_SMN_DAILY_SELECTED,False,False,06:00_UTC_to_06:00_UTC_next_day,-1.4035714285714285,-4.560714285714286,2.3178571428571426,-3.889257294429708,0.9285714285714286,80.0,13.49230769230769,1.2028683784408976,0.35714285714285715
bumbach,Bumbach,2013-03-01,1,1,True,1.0,1.0,moderate,METEOSWISS_SMN_DAILY_SELECTED,False,False,06:00_UTC_to_06:00_UTC_next_day,3.52258064516129,-0.019354838709677403,7.735483870967743,-2.386848635235732,0.3548387096774194,55.4,-20.238461538461543,0.7324316078511135,0.3225806451612903
bumbach,Bumbach,2013-04-01,1,1,True,1.0,1.0,moderate,METEOSWISS_SMN_DAILY_SELECTED,False,False,06:00_UTC_to_06:00_UTC_next_day,9.323333333333332,4.316666666666666,14.76,-0.4176923076923096,0.16666666666666666,79.8,4.8999999999999915,1.0654205607476634,0.3333333333333333
bumbach,Bumbach,2013-05-01,1,1,True,1.0,1.0,moderate,METEOSWISS_SMN_DAILY_SELECTED,False,False,06:00_UTC_to_06:00_UTC_next_day,10.983870967741936,6.690322580645161,15.693548387096774,-2.0379652605459047,0.0,177.3,40.43846153846155,1.2954698741007196,0.6774193548387096
bumbach,Bumbach,2013-06-01,1,1,True,1.0,1.0,moderate,METEOSWISS_SMN_DAILY_SELECTED,False,False,06:00_UTC_to_06:00_UTC_next_day,16.033333333333335,11.103333333333333,21.526666666666664,-2.0910256410256416,0.0,82.59999999999997,-28.853846153846177,0.7411139485126645,0.3333333333333333
bumbach,Bumbach,2013-07-01,1,1,True,1.0,1.0,moderate,METEOSWISS_SMN_DAILY_SELECTED,False,False,06:00_UTC_to_06:00_UTC_next_day,20.393548387096775,14.780645161290321,26.86774193548387,0.7846153846153854,0.0,105.2,-43.56923076923077,0.7071354705274043,0.22580645161290322
bumbach,Bumbach,2013-08-01,1,0,False,1.0,0.5806451612903226,moderate,METEOSWISS_SMN_DAILY_SELECTED,False,False,06:00_UTC_to_06:00_UTC_next_day,NA,NA,NA,NA,NA,NA,NA,NA,NA
bumbach,Bumbach,2013-09-01,1,1,True,1.0,1.0,moderate,METEOSWISS_SMN_DAILY_SELECTED,False,False,06:00_UTC_to_06:00_UTC_next_day,15.01,10.693333333333333,20.529999999999998,0.10692307692307601,0.0,118.5,26.915384615384625,1.293885435914665,0.3
bumbach,Bumbach,2013-10-01,1,1,True,1.0,1.0,moderate,METEOSWISS_SMN_DAILY_SELECTED,False,False,06:00_UTC_to_06:00_UTC_next_day,11.506451612903225,8.306451612903226,15.90967741935484,1.0406947890818845,0.0,105.40000000000002,26.83076923076925,1.3414920697082438,0.45161290322580644
bumbach,Bumbach,2013-11-01,1,1,True,1.0,1.0,moderate,METEOSWISS_SMN_DAILY_SELECTED,False,False,06:00_UTC_to_06:00_UTC_next_day,3.863333333333333,1.0633333333333332,6.836666666666667,-1.0333333333333337,0.36666666666666664,99.19999999999999,13.230769230769226,1.153901216893343,0.5333333333333333
bumbach,Bumbach,2013-12-01,1,1,True,1.0,1.0,moderate,METEOSWISS_SMN_DAILY_SELECTED,False,False,06:00_UTC_to_06:00_UTC_next_day,0.3161290322580645,-2.803225806451613,4.009677419354839,-1.259801488833747,0.8387096774193549,39.300000000000004,-47.57692307692306,0.4523640871259077,0.12903225806451613
bumbach,Bumbach,2014-01-01,1,1,True,1.0,1.0,moderate,METEOSWISS_SMN_DAILY_SELECTED,False,False,06:00_UTC_to_06:00_UTC_next_day,2.0451612903225804,-1.0903225806451613,5.467741935483871,1.250124069478908,0.6774193548387096,56.50000000000001,-34.84615384615383,0.6185263157894738,0.2903225806451613
bumbach,Bumbach,2014-02-01,1,1,True,1.0,1.0,moderate,METEOSWISS_SMN_DAILY_SELECTED,False,False,06:00_UTC_to_06:00_UTC_next_day,3.335714285714286,0.0071428571428571175,7.8999999999999995,0.8500284198560064,0.5714285714285714,83.0,16.49230769230769,1.247975942632431,0.4642857142857143
bumbach,Bumbach,2014-03-01,1,1,True,1.0,1.0,moderate,METEOSWISS_SMN_DAILY_SELECTED,False,False,06:00_UTC_to_06:00_UTC_next_day,6.570967741935483,1.2516129032258063,13.167741935483871,0.661538461538461,0.2903225806451613,40.2,-35.43846153846154,0.5314756432421438,0.1935483870967742
bumbach,Bumbach,2014-04-01,1,1,True,1.0,1.0,moderate,METEOSWISS_SMN_DAILY_SELECTED,False,False,06:00_UTC_to_06:00_UTC_next_day,10.776666666666667,5.6,16.186666666666667,1.0356410256410253,0.03333333333333333,96.3,21.39999999999999,1.2857142857142856,0.3333333333333333
bumbach,Bumbach,2014-05-01,1,1,True,1.0,1.0,moderate,METEOSWISS_SMN_DAILY_SELECTED,False,False,06:00_UTC_to_06:00_UTC_next_day,12.496774193548386,7.590322580645162,17.470967741935485,-0.5250620347394541,0.0,119.4,-17.461538461538453,0.8724145683453238,0.5161290322580645
bumbach,Bumbach,2014-06-01,1,1,True,1.0,1.0,moderate,METEOSWISS_SMN_DAILY_SELECTED,False,False,06:00_UTC_to_06:00_UTC_next_day,17.65,12.06,23.83,-0.474358974358978,0.0,54.5,-56.95384615384614,0.4889916488370488,0.3
bumbach,Bumbach,2014-07-01,1,1,True,1.0,1.0,moderate,METEOSWISS_SMN_DAILY_SELECTED,False,False,06:00_UTC_to_06:00_UTC_next_day,17.567741935483873,13.538709677419355,22.52258064516129,-2.0411910669975164,0.0,273.40000000000003,124.63076923076926,1.8377456049638057,0.6451612903225806
bumbach,Bumbach,2014-08-01,1,1,True,1.0,1.0,moderate,METEOSWISS_SMN_DAILY_SELECTED,False,False,06:00_UTC_to_06:00_UTC_next_day,16.483870967741936,12.383870967741935,21.451612903225808,-2.31451612903226,0.0,166.20000000000002,34.40833333333336,1.2610812519759724,0.5806451612903226
bumbach,Bumbach,2014-09-01,1,1,True,1.0,1.0,moderate,METEOSWISS_SMN_DAILY_SELECTED,False,False,06:00_UTC_to_06:00_UTC_next_day,15.026666666666667,10.713333333333333,20.7,0.1235897435897435,0.0,89.9,-1.6846153846153697,0.9816059129850497,0.26666666666666666
bumbach,Bumbach,2014-10-01,1,1,True,1.0,1.0,moderate,METEOSWISS_SMN_DAILY_SELECTED,False,False,06:00_UTC_to_06:00_UTC_next_day,11.783870967741937,7.964516129032258,16.90967741935484,1.318114143920596,0.0,85.19999999999999,6.630769230769218,1.0843939690620714,0.3548387096774194
bumbach,Bumbach,2014-11-01,1,1,True,1.0,1.0,moderate,METEOSWISS_SMN_DAILY_SELECTED,False,False,06:00_UTC_to_06:00_UTC_next_day,6.239999999999999,3.143333333333333,10.113333333333333,1.3433333333333328,0.0,96.69999999999999,10.730769230769226,1.1248210450966356,0.2
bumbach,Bumbach,2014-12-01,1,1,True,1.0,1.0,moderate,METEOSWISS_SMN_DAILY_SELECTED,False,False,06:00_UTC_to_06:00_UTC_next_day,2.574193548387097,-0.019354838709677424,5.183870967741935,0.9982630272952853,0.5161290322580645,62.400000000000006,-24.476923076923057,0.7182574818487695,0.3225806451612903
bumbach,Bumbach,2015-01-01,1,1,True,1.0,1.0,moderate,METEOSWISS_SMN_DAILY_SELECTED,False,False,06:00_UTC_to_06:00_UTC_next_day,1.3806451612903226,-1.7354838709677418,4.906451612903226,0.5856079404466501,0.7741935483870968,112.1,20.753846153846155,1.2272,0.41935483870967744
bumbach,Bumbach,2015-02-01,1,1,True,1.0,1.0,moderate,METEOSWISS_SMN_DAILY_SELECTED,False,False,06:00_UTC_to_06:00_UTC_next_day,-0.35714285714285715,-3.6357142857142857,3.3464285714285715,-2.8428287230011366,0.9285714285714286,34.2,-32.30769230769231,0.5142262317834837,0.21428571428571427
bumbach,Bumbach,2015-03-01,1,1,True,1.0,1.0,moderate,METEOSWISS_SMN_DAILY_SELECTED,False,False,06:00_UTC_to_06:00_UTC_next_day,6.012903225806451,1.5,11.706451612903225,0.10347394540942911,0.25806451612903225,89.80000000000001,14.16153846153847,1.187226685650361,0.3225806451612903
bumbach,Bumbach,2015-04-01,1,1,True,1.0,1.0,moderate,METEOSWISS_SMN_DAILY_SELECTED,False,False,06:00_UTC_to_06:00_UTC_next_day,9.91,3.8400000000000003,16.083333333333332,0.1689743589743582,0.13333333333333333,121.7,46.8,1.6248331108144192,0.3333333333333333
bumbach,Bumbach,2015-05-01,1,1,True,1.0,1.0,moderate,METEOSWISS_SMN_DAILY_SELECTED,False,False,06:00_UTC_to_06:00_UTC_next_day,13.629032258064516,8.525806451612903,19.070967741935487,0.6071960297766754,0.0,207.8,70.93846153846155,1.5183228417266188,0.45161290322580644
bumbach,Bumbach,2015-06-01,1,1,True,1.0,1.0,moderate,METEOSWISS_SMN_DAILY_SELECTED,False,False,06:00_UTC_to_06:00_UTC_next_day,18.566666666666666,13.56,24.133333333333333,0.44230769230768985,0.0,58.39999999999999,-53.05384615384615,0.5239837117813514,0.3
bumbach,Bumbach,2015-07-01,1,1,True,1.0,1.0,moderate,METEOSWISS_SMN_DAILY_SELECTED,False,False,06:00_UTC_to_06:00_UTC_next_day,22.216129032258067,16.177419354838708,28.787096774193547,2.607196029776677,0.0,59.900000000000006,-88.86923076923077,0.40263702171664945,0.22580645161290322
bumbach,Bumbach,2015-08-01,1,1,True,1.0,1.0,moderate,METEOSWISS_SMN_DAILY_SELECTED,False,False,06:00_UTC_to_06:00_UTC_next_day,19.72258064516129,14.864516129032259,25.664516129032258,0.9241935483870947,0.0,83.6,-48.19166666666666,0.6343344925703446,0.3548387096774194
bumbach,Bumbach,2015-09-01,1,1,True,1.0,1.0,moderate,METEOSWISS_SMN_DAILY_SELECTED,False,False,06:00_UTC_to_06:00_UTC_next_day,13.046666666666665,9.003333333333334,18.003333333333334,-1.8564102564102587,0.0,82.5,-9.084615384615375,0.9008063161431212,0.36666666666666664
bumbach,Bumbach,2015-10-01,1,1,True,1.0,1.0,moderate,METEOSWISS_SMN_DAILY_SELECTED,False,False,06:00_UTC_to_06:00_UTC_next_day,8.958064516129031,5.561290322580645,12.96774193548387,-1.5076923076923094,0.0,58.50000000000001,-20.069230769230764,0.7445662815743098,0.2903225806451613
bumbach,Bumbach,2015-11-01,1,1,True,1.0,1.0,moderate,METEOSWISS_SMN_DAILY_SELECTED,False,False,06:00_UTC_to_06:00_UTC_next_day,5.266666666666667,1.7566666666666666,10.223333333333333,0.3700000000000001,0.23333333333333334,81.9,-4.0692307692307566,0.952666428060129,0.3
bumbach,Bumbach,2015-12-01,1,1,True,1.0,1.0,moderate,METEOSWISS_SMN_DAILY_SELECTED,False,False,06:00_UTC_to_06:00_UTC_next_day,1.8870967741935485,-1.1903225806451612,6.116129032258065,0.31116625310173696,0.6774193548387096,14.7,-72.17692307692306,0.169204887550912,0.16129032258064516
bumbach,Bumbach,2016-01-01,1,1,True,1.0,1.0,moderate,METEOSWISS_SMN_DAILY_SELECTED,False,False,06:00_UTC_to_06:00_UTC_next_day,1.7064516129032257,-1.2225806451612902,4.870967741935484,0.9114143920595532,0.6451612903225806,97.1,5.753846153846155,1.0629894736842105,0.5806451612903226
bumbach,Bumbach,2016-02-01,1,1,True,1.0,1.0,moderate,METEOSWISS_SMN_DAILY_SELECTED,False,False,06:00_UTC_to_06:00_UTC_next_day,3.279310344827586,0.12758620689655173,7.0,0.7936244789693068,0.3793103448275862,137.5,70.99230769230769,2.0674300254452924,0.5517241379310345
bumbach,Bumbach,2016-03-01,1,1,True,1.0,1.0,moderate,METEOSWISS_SMN_DAILY_SELECTED,False,False,06:00_UTC_to_06:00_UTC_next_day,4.651612903225806,0.5806451612903226,9.577419354838709,-1.257816377171216,0.45161290322580644,43.199999999999996,-32.438461538461546,0.5711380046781246,0.2903225806451613
bumbach,Bumbach,2016-04-01,1,1,True,1.0,1.0,moderate,METEOSWISS_SMN_DAILY_SELECTED,False,False,06:00_UTC_to_06:00_UTC_next_day,9.036666666666667,4.456666666666666,14.003333333333334,-0.7043589743589749,0.06666666666666667,83.5,8.599999999999994,1.1148197596795726,0.43333333333333335
bumbach,Bumbach,2016-05-01,1,1,True,1.0,1.0,moderate,METEOSWISS_SMN_DAILY_SELECTED,False,False,06:00_UTC_to_06:00_UTC_next_day,12.361290322580645,7.47741935483871,17.467741935483872,-0.6605459057071954,0.0,204.8,67.93846153846155,1.4964028776978417,0.41935483870967744
bumbach,Bumbach,2016-06-01,1,1,True,1.0,1.0,moderate,METEOSWISS_SMN_DAILY_SELECTED,False,False,06:00_UTC_to_06:00_UTC_next_day,16.093333333333334,12.110000000000001,20.75,-2.031025641025643,0.0,203.00000000000003,91.54615384615389,1.8213817378701087,0.8333333333333334
bumbach,Bumbach,2016-07-01,1,1,True,1.0,1.0,moderate,METEOSWISS_SMN_DAILY_SELECTED,False,False,06:00_UTC_to_06:00_UTC_next_day,19.083870967741937,14.112903225806452,24.690322580645162,-0.5250620347394523,0.0,160.00000000000003,11.230769230769255,1.0754912099276113,0.41935483870967744
bumbach,Bumbach,2016-08-01,1,1,True,1.0,1.0,moderate,METEOSWISS_SMN_DAILY_SELECTED,False,False,06:00_UTC_to_06:00_UTC_next_day,18.31935483870968,13.419354838709678,24.13225806451613,-0.47903225806451744,0.0,128.3,-3.491666666666646,0.9735061650331965,0.2903225806451613
bumbach,Bumbach,2016-09-01,1,1,True,1.0,1.0,moderate,METEOSWISS_SMN_DAILY_SELECTED,False,False,06:00_UTC_to_06:00_UTC_next_day,16.163333333333334,11.95,21.733333333333334,1.2602564102564102,0.0,94.8,3.2153846153846217,1.035108348731732,0.23333333333333334
bumbach,Bumbach,2016-10-01,1,1,True,1.0,1.0,moderate,METEOSWISS_SMN_DAILY_SELECTED,False,False,06:00_UTC_to_06:00_UTC_next_day,8.558064516129033,4.964516129032258,12.77741935483871,-1.907692307692308,0.03225806451612903,60.099999999999994,-18.469230769230776,0.7649304875660857,0.25806451612903225
bumbach,Bumbach,2016-11-01,1,1,True,1.0,1.0,moderate,METEOSWISS_SMN_DAILY_SELECTED,False,False,06:00_UTC_to_06:00_UTC_next_day,5.1933333333333325,1.8433333333333333,8.683333333333334,0.29666666666666597,0.26666666666666666,85.30000000000001,-0.6692307692307509,0.9922154617036509,0.36666666666666664
bumbach,Bumbach,2016-12-01,1,1,True,1.0,1.0,moderate,METEOSWISS_SMN_DAILY_SELECTED,False,False,06:00_UTC_to_06:00_UTC_next_day,-0.2516129032258065,-3.041935483870968,3.861290322580645,-1.827543424317618,0.9354838709677419,1.0,-85.87692307692306,0.011510536568089253,0.03225806451612903
bumbach,Bumbach,2017-01-01,1,1,True,1.0,1.0,moderate,METEOSWISS_SMN_DAILY_SELECTED,False,False,06:00_UTC_to_06:00_UTC_next_day,-3.064516129032258,-6.074193548387097,-0.15806451612903225,-3.8595533498759305,0.967741935483871,54.1,-37.24615384615384,0.5922526315789475,0.3225806451612903
bumbach,Bumbach,2017-02-01,1,1,True,1.0,1.0,moderate,METEOSWISS_SMN_DAILY_SELECTED,False,False,06:00_UTC_to_06:00_UTC_next_day,3.1107142857142853,-0.4642857142857143,8.157142857142857,0.6250284198560059,0.5357142857142857,72.19999999999999,5.692307692307679,1.08558871154291,0.42857142857142855
bumbach,Bumbach,2017-03-01,1,1,True,1.0,1.0,moderate,METEOSWISS_SMN_DAILY_SELECTED,False,False,06:00_UTC_to_06:00_UTC_next_day,8.180645161290322,3.116129032258064,13.770967741935484,2.2712158808932994,0.06451612903225806,128.2,52.56153846153845,1.694904912030916,0.3548387096774194
bumbach,Bumbach,2017-04-01,1,1,True,1.0,1.0,moderate,METEOSWISS_SMN_DAILY_SELECTED,False,False,06:00_UTC_to_06:00_UTC_next_day,8.870000000000001,3.6300000000000003,14.26,-0.871025641025641,0.13333333333333333,75.2,0.29999999999999716,1.0040053404539386,0.4
bumbach,Bumbach,2017-05-01,1,1,True,1.0,1.0,moderate,METEOSWISS_SMN_DAILY_SELECTED,False,False,06:00_UTC_to_06:00_UTC_next_day,14.05483870967742,8.46774193548387,20.32903225806452,1.0330024813895786,0.0,104.8,-32.06153846153846,0.7657374100719424,0.4838709677419355
bumbach,Bumbach,2017-06-01,1,1,True,1.0,1.0,moderate,METEOSWISS_SMN_DAILY_SELECTED,False,False,06:00_UTC_to_06:00_UTC_next_day,19.63,14.17,25.753333333333334,1.5056410256410224,0.0,110.09999999999998,-1.3538461538461632,0.9878528538891572,0.4
bumbach,Bumbach,2017-07-01,1,1,True,1.0,1.0,moderate,METEOSWISS_SMN_DAILY_SELECTED,False,False,06:00_UTC_to_06:00_UTC_next_day,18.929032258064513,14.235483870967743,24.59032258064516,-0.6799007444168765,0.0,131.70000000000002,-17.069230769230757,0.8852637021716651,0.45161290322580644
bumbach,Bumbach,2017-08-01,1,1,True,1.0,1.0,moderate,METEOSWISS_SMN_DAILY_SELECTED,False,False,06:00_UTC_to_06:00_UTC_next_day,18.683870967741935,13.745161290322581,24.641935483870967,-0.1145161290322605,0.0,127.49999999999999,-4.291666666666671,0.9674359785014227,0.3548387096774194
bumbach,Bumbach,2017-09-01,1,1,True,1.0,1.0,moderate,METEOSWISS_SMN_DAILY_SELECTED,False,False,06:00_UTC_to_06:00_UTC_next_day,12.43,8.363333333333333,17.44333333333333,-2.473076923076924,0.0,78.6,-12.984615384615381,0.8582227448345372,0.3333333333333333
bumbach,Bumbach,2017-10-01,1,1,True,1.0,1.0,moderate,METEOSWISS_SMN_DAILY_SELECTED,False,False,06:00_UTC_to_06:00_UTC_next_day,10.219354838709679,5.970967741935484,15.770967741935483,-0.24640198511166211,0.0,67.1,-11.469230769230776,0.8540238887801056,0.25806451612903225
bumbach,Bumbach,2017-11-01,1,1,True,1.0,1.0,moderate,METEOSWISS_SMN_DAILY_SELECTED,False,False,06:00_UTC_to_06:00_UTC_next_day,3.5566666666666666,0.7166666666666667,7.113333333333333,-1.3399999999999999,0.4666666666666667,120.1,34.13076923076923,1.3970114531138154,0.4
bumbach,Bumbach,2017-12-01,1,1,True,1.0,1.0,moderate,METEOSWISS_SMN_DAILY_SELECTED,False,False,06:00_UTC_to_06:00_UTC_next_day,-0.051612903225806465,-2.667741935483871,2.5677419354838706,-1.627543424317618,0.8709677419354839,122.20000000000002,35.323076923076954,1.406587568620507,0.5161290322580645
bumbach,Bumbach,2018-01-01,1,1,True,1.0,1.0,moderate,METEOSWISS_SMN_DAILY_SELECTED,False,False,06:00_UTC_to_06:00_UTC_next_day,3.490322580645161,0.5064516129032258,7.5,2.6952853598014888,0.2903225806451613,195.1,103.75384615384615,2.1358315789473683,0.3870967741935484
bumbach,Bumbach,2018-02-01,1,1,True,1.0,1.0,moderate,METEOSWISS_SMN_DAILY_SELECTED,False,False,06:00_UTC_to_06:00_UTC_next_day,-0.5964285714285715,-2.8000000000000003,1.9428571428571428,-3.082114437286851,0.8928571428571429,61.50000000000001,-5.007692307692302,0.9247050659264401,0.17857142857142858
bumbach,Bumbach,2018-03-01,1,1,True,1.0,1.0,moderate,METEOSWISS_SMN_DAILY_SELECTED,False,False,06:00_UTC_to_06:00_UTC_next_day,3.9709677419354836,0.2709677419354839,8.235483870967743,-1.9384615384615387,0.41935483870967744,99.7,24.06153846153846,1.3181124783890978,0.4838709677419355
bumbach,Bumbach,2018-04-01,1,1,True,1.0,1.0,moderate,METEOSWISS_SMN_DAILY_SELECTED,False,False,06:00_UTC_to_06:00_UTC_next_day,12.263333333333332,5.680000000000001,19.013333333333332,2.52230769230769,0.03333333333333333,27.5,-47.400000000000006,0.36715620827770357,0.16666666666666666
bumbach,Bumbach,2018-05-01,1,1,True,1.0,1.0,moderate,METEOSWISS_SMN_DAILY_SELECTED,False,False,06:00_UTC_to_06:00_UTC_next_day,14.580645161290322,9.638709677419355,19.81935483870968,1.5588089330024815,0.0,67.0,-69.86153846153846,0.4895458633093525,0.45161290322580644
bumbach,Bumbach,2018-06-01,1,1,True,1.0,1.0,moderate,METEOSWISS_SMN_DAILY_SELECTED,False,False,06:00_UTC_to_06:00_UTC_next_day,18.60666666666667,13.38,23.896666666666665,0.48230769230769255,0.0,58.0,-53.45384615384614,0.5203947822486025,0.3
bumbach,Bumbach,2018-07-01,1,1,True,1.0,1.0,moderate,METEOSWISS_SMN_DAILY_SELECTED,False,False,06:00_UTC_to_06:00_UTC_next_day,20.293548387096774,14.861290322580645,26.55806451612903,0.684615384615384,0.0,123.29999999999998,-25.46923076923079,0.8288004136504652,0.2903225806451613
bumbach,Bumbach,2018-08-01,1,1,True,1.0,1.0,moderate,METEOSWISS_SMN_DAILY_SELECTED,False,False,06:00_UTC_to_06:00_UTC_next_day,19.26451612903226,14.412903225806453,25.780645161290323,0.46612903225806335,0.0,179.2,47.40833333333333,1.3597217831172936,0.41935483870967744
bumbach,Bumbach,2018-09-01,1,1,True,1.0,1.0,moderate,METEOSWISS_SMN_DAILY_SELECTED,False,False,06:00_UTC_to_06:00_UTC_next_day,15.913333333333332,11.213333333333333,21.62,1.0102564102564084,0.0,95.3,3.7153846153846217,1.0405677809507812,0.26666666666666666
bumbach,Bumbach,2018-10-01,1,1,True,1.0,1.0,moderate,METEOSWISS_SMN_DAILY_SELECTED,False,False,06:00_UTC_to_06:00_UTC_next_day,10.358064516129033,6.012903225806451,16.267741935483873,-0.10769230769230731,0.0,47.2,-31.369230769230768,0.6007440767573918,0.16129032258064516
bumbach,Bumbach,2018-11-01,1,1,True,1.0,1.0,moderate,METEOSWISS_SMN_DAILY_SELECTED,False,False,06:00_UTC_to_06:00_UTC_next_day,5.71,2.4200000000000004,9.05,0.8133333333333335,0.2,6.0,-79.96923076923076,0.06979241231209736,0.06666666666666667
bumbach,Bumbach,2018-12-01,1,1,True,1.0,1.0,moderate,METEOSWISS_SMN_DAILY_SELECTED,False,False,06:00_UTC_to_06:00_UTC_next_day,2.8161290322580643,0.31612903225806455,5.432258064516129,1.2401985111662528,0.45161290322580644,177.29999999999998,90.42307692307692,2.040818133522224,0.4838709677419355
bumbach,Bumbach,2019-01-01,1,1,True,1.0,1.0,moderate,METEOSWISS_SMN_DAILY_SELECTED,False,False,06:00_UTC_to_06:00_UTC_next_day,-0.4419354838709677,-3.358064516129032,2.5677419354838706,-1.2369727047146402,0.8709677419354839,81.60000000000001,-9.746153846153831,0.8933052631578949,0.3225806451612903
bumbach,Bumbach,2019-02-01,1,1,True,1.0,1.0,moderate,METEOSWISS_SMN_DAILY_SELECTED,False,False,06:00_UTC_to_06:00_UTC_next_day,2.3249999999999997,-1.5857142857142856,8.407142857142857,-0.1606858658582797,0.8214285714285714,35.5,-31.00769230769231,0.5337728429331483,0.17857142857142858
bumbach,Bumbach,2019-03-01,1,1,True,1.0,1.0,moderate,METEOSWISS_SMN_DAILY_SELECTED,False,False,06:00_UTC_to_06:00_UTC_next_day,6.141935483870968,1.058064516129032,12.422580645161291,0.23250620347394602,0.2903225806451613,75.5,-0.13846153846154152,0.9981694294721855,0.3870967741935484
bumbach,Bumbach,2019-04-01,1,1,True,1.0,1.0,moderate,METEOSWISS_SMN_DAILY_SELECTED,False,False,06:00_UTC_to_06:00_UTC_next_day,9.203333333333335,4.16,14.456666666666667,-0.537692307692307,0.13333333333333333,59.2,-15.700000000000003,0.7903871829105473,0.23333333333333334
bumbach,Bumbach,2019-05-01,1,1,True,1.0,1.0,moderate,METEOSWISS_SMN_DAILY_SELECTED,False,False,06:00_UTC_to_06:00_UTC_next_day,10.696774193548388,6.312903225806451,15.406451612903227,-2.325062034739453,0.03225806451612903,133.60000000000002,-3.2615384615384357,0.9761690647482016,0.45161290322580644
bumbach,Bumbach,2019-06-01,1,1,True,1.0,1.0,moderate,METEOSWISS_SMN_DAILY_SELECTED,False,False,06:00_UTC_to_06:00_UTC_next_day,19.166666666666668,13.360000000000001,25.40666666666667,1.0423076923076913,0.0,106.19999999999999,-5.253846153846155,0.9528607909448547,0.3
bumbach,Bumbach,2019-07-01,1,1,True,1.0,1.0,moderate,METEOSWISS_SMN_DAILY_SELECTED,False,False,06:00_UTC_to_06:00_UTC_next_day,20.312903225806455,15.35483870967742,26.364516129032257,0.7039702233250651,0.0,122.6,-26.16923076923078,0.824095139607032,0.3870967741935484
bumbach,Bumbach,2019-08-01,1,1,True,1.0,1.0,moderate,METEOSWISS_SMN_DAILY_SELECTED,False,False,06:00_UTC_to_06:00_UTC_next_day,18.864516129032257,14.193548387096774,24.348387096774193,0.06612903225806122,0.0,158.8,27.008333333333354,1.2049320265570662,0.45161290322580644
bumbach,Bumbach,2019-09-01,1,1,True,1.0,1.0,moderate,METEOSWISS_SMN_DAILY_SELECTED,False,False,06:00_UTC_to_06:00_UTC_next_day,15.08,10.743333333333334,20.283333333333335,0.1769230769230763,0.0,74.2,-17.384615384615373,0.8101797413069042,0.3
bumbach,Bumbach,2019-10-01,1,1,True,1.0,1.0,moderate,METEOSWISS_SMN_DAILY_SELECTED,False,False,06:00_UTC_to_06:00_UTC_next_day,11.406451612903227,7.503225806451613,15.87741935483871,0.9406947890818866,0.0,105.1,26.530769230769224,1.3376737810847854,0.3225806451612903
bumbach,Bumbach,2019-11-01,1,1,True,1.0,1.0,moderate,METEOSWISS_SMN_DAILY_SELECTED,False,False,06:00_UTC_to_06:00_UTC_next_day,5.116666666666666,2.256666666666667,8.24,0.21999999999999975,0.3,99.60000000000001,13.630769230769246,1.1585540443808162,0.43333333333333335
bumbach,Bumbach,2019-12-01,1,1,True,1.0,1.0,moderate,METEOSWISS_SMN_DAILY_SELECTED,False,False,06:00_UTC_to_06:00_UTC_next_day,3.4161290322580644,0.46774193548387094,6.838709677419355,1.8401985111662529,0.45161290322580644,109.1,22.22307692307693,1.2557995395785375,0.3870967741935484
bumbach,Bumbach,2020-01-01,1,1,True,1.0,1.0,moderate,METEOSWISS_SMN_DAILY_SELECTED,False,False,06:00_UTC_to_06:00_UTC_next_day,1.196774193548387,-1.8419354838709678,5.161290322580645,0.40173697270471465,0.8709677419354839,35.099999999999994,-56.246153846153845,0.38425263157894735,0.12903225806451613
bumbach,Bumbach,2020-02-01,1,1,True,1.0,1.0,moderate,METEOSWISS_SMN_DAILY_SELECTED,False,False,06:00_UTC_to_06:00_UTC_next_day,5.213793103448276,0.5482758620689655,10.817241379310344,2.728107237589996,0.4482758620689655,115.2,48.69230769230769,1.7321304649548925,0.3448275862068966
bumbach,Bumbach,2020-03-01,1,1,True,1.0,1.0,moderate,METEOSWISS_SMN_DAILY_SELECTED,False,False,06:00_UTC_to_06:00_UTC_next_day,5.696774193548387,1.164516129032258,10.741935483870968,-0.21265508684863565,0.3225806451612903,66.89999999999999,-8.73846153846155,0.8844706600223735,0.3225806451612903
bumbach,Bumbach,2020-04-01,1,1,True,1.0,1.0,moderate,METEOSWISS_SMN_DAILY_SELECTED,False,False,06:00_UTC_to_06:00_UTC_next_day,12.183333333333334,5.7,18.773333333333333,2.4423076923076916,0.03333333333333333,36.4,-38.50000000000001,0.4859813084112149,0.13333333333333333
bumbach,Bumbach,2020-05-01,1,1,True,1.0,1.0,moderate,METEOSWISS_SMN_DAILY_SELECTED,False,False,06:00_UTC_to_06:00_UTC_next_day,14.383870967741935,8.925806451612903,19.725806451612904,1.362034739454094,0.0,92.9,-43.96153846153845,0.6787882194244604,0.2903225806451613
bumbach,Bumbach,2020-06-01,1,1,True,1.0,1.0,moderate,METEOSWISS_SMN_DAILY_SELECTED,False,False,06:00_UTC_to_06:00_UTC_next_day,16.093333333333334,11.683333333333334,21.12,-2.031025641025643,0.0,138.20000000000002,26.746153846153874,1.2399751535647736,0.5333333333333333
bumbach,Bumbach,2020-07-01,1,1,True,1.0,1.0,moderate,METEOSWISS_SMN_DAILY_SELECTED,False,False,06:00_UTC_to_06:00_UTC_next_day,19.35483870967742,14.251612903225807,25.0258064516129,-0.2540942928039698,0.0,126.5,-22.269230769230774,0.8503102378490176,0.22580645161290322
bumbach,Bumbach,2020-08-01,1,1,True,1.0,1.0,moderate,METEOSWISS_SMN_DAILY_SELECTED,False,False,06:00_UTC_to_06:00_UTC_next_day,18.580645161290324,14.019354838709678,24.248387096774195,-0.21774193548387188,0.0,179.69999999999996,47.9083333333333,1.363515649699652,0.5161290322580645
bumbach,Bumbach,2020-09-01,1,1,True,1.0,1.0,moderate,METEOSWISS_SMN_DAILY_SELECTED,False,False,06:00_UTC_to_06:00_UTC_next_day,15.35,11.013333333333332,20.663333333333334,0.44692307692307587,0.0,41.9,-49.68461538461538,0.45750041995632457,0.26666666666666666
bumbach,Bumbach,2020-10-01,1,1,True,1.0,1.0,moderate,METEOSWISS_SMN_DAILY_SELECTED,False,False,06:00_UTC_to_06:00_UTC_next_day,8.603225806451613,5.225806451612903,12.654838709677419,-1.8625310173697276,0.0,132.6,54.030769230769224,1.6876835715684353,0.41935483870967744
bumbach,Bumbach,2020-11-01,1,1,True,1.0,1.0,moderate,METEOSWISS_SMN_DAILY_SELECTED,False,False,06:00_UTC_to_06:00_UTC_next_day,4.783333333333333,1.7166666666666666,9.17,-0.11333333333333329,0.3333333333333333,23.200000000000003,-62.76923076923076,0.26986399427344315,0.1
bumbach,Bumbach,2020-12-01,1,1,True,1.0,1.0,moderate,METEOSWISS_SMN_DAILY_SELECTED,False,False,06:00_UTC_to_06:00_UTC_next_day,1.0483870967741935,-1.538709677419355,3.874193548387097,-0.527543424317618,0.8064516129032258,86.39999999999999,-0.4769230769230717,0.9945103594829113,0.41935483870967744
bumbach,Bumbach,2021-01-01,1,1,True,1.0,1.0,moderate,METEOSWISS_SMN_DAILY_SELECTED,False,False,06:00_UTC_to_06:00_UTC_next_day,-0.5096774193548387,-2.8419354838709676,2.132258064516129,-1.3047146401985112,0.7741935483870968,208.9,117.55384615384617,2.286905263157895,0.4838709677419355
bumbach,Bumbach,2021-02-01,1,1,True,1.0,1.0,moderate,METEOSWISS_SMN_DAILY_SELECTED,False,False,06:00_UTC_to_06:00_UTC_next_day,2.935714285714286,-0.5714285714285714,7.735714285714286,0.4500284198560065,0.4642857142857143,37.5,-29.00769230769231,0.5638445523941708,0.2857142857142857
bumbach,Bumbach,2021-03-01,1,1,True,1.0,1.0,moderate,METEOSWISS_SMN_DAILY_SELECTED,False,False,06:00_UTC_to_06:00_UTC_next_day,4.880645161290323,0.2903225806451613,10.45483870967742,-1.0287841191066995,0.5483870967741935,81.1,5.461538461538453,1.0722058374860164,0.3548387096774194
bumbach,Bumbach,2021-04-01,1,1,True,1.0,1.0,moderate,METEOSWISS_SMN_DAILY_SELECTED,False,False,06:00_UTC_to_06:00_UTC_next_day,7.633333333333334,2.3133333333333335,13.29,-2.107692307692308,0.3333333333333333,38.8,-36.10000000000001,0.5180240320427235,0.2
bumbach,Bumbach,2021-05-01,1,1,True,1.0,1.0,moderate,METEOSWISS_SMN_DAILY_SELECTED,False,False,06:00_UTC_to_06:00_UTC_next_day,10.380645161290323,5.264516129032257,15.241935483870968,-2.641191066997518,0.0,139.6,2.738461538461536,1.0200089928057554,0.5161290322580645
bumbach,Bumbach,2021-06-01,1,1,True,1.0,1.0,moderate,METEOSWISS_SMN_DAILY_SELECTED,False,False,06:00_UTC_to_06:00_UTC_next_day,17.956666666666667,13.020000000000001,23.653333333333332,-0.16769230769230958,0.0,225.6,114.14615384615385,2.024156256470426,0.6
bumbach,Bumbach,2021-07-01,1,1,True,1.0,1.0,moderate,METEOSWISS_SMN_DAILY_SELECTED,False,False,06:00_UTC_to_06:00_UTC_next_day,17.4741935483871,13.225806451612904,22.483870967741936,-2.134739454094291,0.0,273.3,124.53076923076924,1.837073422957601,0.6451612903225806
bumbach,Bumbach,2021-08-01,1,1,True,1.0,1.0,moderate,METEOSWISS_SMN_DAILY_SELECTED,False,False,06:00_UTC_to_06:00_UTC_next_day,16.97741935483871,12.83548387096774,21.703225806451613,-1.8209677419354868,0.0,77.39999999999999,-54.391666666666666,0.5872905469490989,0.2903225806451613
bumbach,Bumbach,2021-09-01,1,1,True,1.0,1.0,moderate,METEOSWISS_SMN_DAILY_SELECTED,False,False,06:00_UTC_to_06:00_UTC_next_day,15.926666666666668,11.556666666666667,21.383333333333333,1.0235897435897439,0.0,69.5,-22.084615384615375,0.7588610784478415,0.26666666666666666
bumbach,Bumbach,2021-10-01,1,1,True,1.0,1.0,moderate,METEOSWISS_SMN_DAILY_SELECTED,False,False,06:00_UTC_to_06:00_UTC_next_day,8.96774193548387,4.554838709677419,14.425806451612903,-1.4980148883374707,0.0,27.1,-51.46923076923077,0.3449187389857059,0.1935483870967742
bumbach,Bumbach,2021-11-01,1,1,True,1.0,1.0,moderate,METEOSWISS_SMN_DAILY_SELECTED,False,False,06:00_UTC_to_06:00_UTC_next_day,3.73,0.9366666666666666,6.9366666666666665,-1.1666666666666665,0.43333333333333335,41.79999999999999,-44.16923076923077,0.4862204724409448,0.23333333333333334
bumbach,Bumbach,2021-12-01,1,1,True,1.0,1.0,moderate,METEOSWISS_SMN_DAILY_SELECTED,False,False,06:00_UTC_to_06:00_UTC_next_day,0.6838709677419355,-1.3903225806451613,3.0903225806451613,-0.8920595533498761,0.6774193548387096,128.79999999999998,41.92307692307692,1.4825571099698955,0.3225806451612903
bumbach,Bumbach,2022-01-01,1,1,True,1.0,1.0,moderate,METEOSWISS_SMN_DAILY_SELECTED,False,False,06:00_UTC_to_06:00_UTC_next_day,-0.08064516129032258,-2.870967741935484,3.735483870967742,-0.8756823821339951,0.9032258064516129,36.7,-54.64615384615384,0.40176842105263166,0.16129032258064516
bumbach,Bumbach,2022-02-01,1,1,True,1.0,1.0,moderate,METEOSWISS_SMN_DAILY_SELECTED,False,False,06:00_UTC_to_06:00_UTC_next_day,3.0142857142857147,-1.05,7.8999999999999995,0.5285998484274352,0.6428571428571429,108.8,42.29230769230769,1.6359009946796206,0.42857142857142855
bumbach,Bumbach,2022-03-01,1,1,True,1.0,1.0,moderate,METEOSWISS_SMN_DAILY_SELECTED,False,False,06:00_UTC_to_06:00_UTC_next_day,6.409677419354839,0.6064516129032257,13.264516129032257,0.5002481389578168,0.3870967741935484,13.8,-61.838461538461544,0.18244686260551204,0.03225806451612903
bumbach,Bumbach,2022-04-01,1,1,True,1.0,1.0,moderate,METEOSWISS_SMN_DAILY_SELECTED,False,False,06:00_UTC_to_06:00_UTC_next_day,8.966666666666667,3.896666666666667,14.433333333333334,-0.7743589743589752,0.2,60.0,-14.900000000000006,0.8010680907877169,0.36666666666666664
bumbach,Bumbach,2022-05-01,1,1,True,1.0,1.0,moderate,METEOSWISS_SMN_DAILY_SELECTED,False,False,06:00_UTC_to_06:00_UTC_next_day,15.87741935483871,10.725806451612904,21.27741935483871,2.8555831265508687,0.0,79.0,-57.86153846153846,0.5772257194244604,0.1935483870967742
bumbach,Bumbach,2022-06-01,1,1,True,1.0,1.0,moderate,METEOSWISS_SMN_DAILY_SELECTED,False,False,06:00_UTC_to_06:00_UTC_next_day,19.040000000000003,13.443333333333333,24.923333333333336,0.9156410256410261,0.0,137.0,25.546153846153857,1.2292083649665264,0.5333333333333333
bumbach,Bumbach,2022-07-01,1,1,True,1.0,1.0,moderate,METEOSWISS_SMN_DAILY_SELECTED,False,False,06:00_UTC_to_06:00_UTC_next_day,20.816129032258065,15.17741935483871,27.029032258064515,1.207196029776675,0.0,112.3,-36.469230769230776,0.754860392967942,0.22580645161290322
bumbach,Bumbach,2022-08-01,1,1,True,1.0,1.0,moderate,METEOSWISS_SMN_DAILY_SELECTED,False,False,06:00_UTC_to_06:00_UTC_next_day,19.983870967741936,14.654838709677419,26.345161290322583,1.1854838709677402,0.0,96.70000000000002,-35.09166666666664,0.733733797028138,0.2903225806451613
bumbach,Bumbach,2022-09-01,1,1,True,1.0,1.0,moderate,METEOSWISS_SMN_DAILY_SELECTED,False,False,06:00_UTC_to_06:00_UTC_next_day,14.206666666666667,10.133333333333333,18.89333333333333,-0.6964102564102568,0.0,126.2,34.61538461538463,1.377960692088023,0.4666666666666667
bumbach,Bumbach,2022-10-01,1,1,True,1.0,1.0,moderate,METEOSWISS_SMN_DAILY_SELECTED,False,False,06:00_UTC_to_06:00_UTC_next_day,12.696774193548388,9.035483870967743,17.845161290322583,2.231017369727047,0.0,78.3,-0.2692307692307736,0.9965733307225376,0.3225806451612903
bumbach,Bumbach,2022-11-01,1,1,True,1.0,1.0,moderate,METEOSWISS_SMN_DAILY_SELECTED,False,False,06:00_UTC_to_06:00_UTC_next_day,6.366666666666666,3.0833333333333335,9.963333333333333,1.4699999999999998,0.1,68.89999999999999,-17.06923076923077,0.8014495347172512,0.5
bumbach,Bumbach,2022-12-01,1,1,True,1.0,1.0,moderate,METEOSWISS_SMN_DAILY_SELECTED,False,False,06:00_UTC_to_06:00_UTC_next_day,2.2451612903225806,-0.11290322580645164,4.712903225806452,0.6692307692307691,0.5483870967741935,104.89999999999999,18.02307692307693,1.2074552859925625,0.41935483870967744
bumbach,Bumbach,2023-01-01,1,1,True,1.0,1.0,moderate,METEOSWISS_SMN_DAILY_SELECTED,False,False,06:00_UTC_to_06:00_UTC_next_day,1.1741935483870967,-1.6870967741935483,3.9096774193548387,0.3791563275434242,0.6451612903225806,44.5,-46.84615384615384,0.4871578947368421,0.1935483870967742
bumbach,Bumbach,2023-02-01,1,1,True,1.0,1.0,moderate,METEOSWISS_SMN_DAILY_SELECTED,False,False,06:00_UTC_to_06:00_UTC_next_day,2.8857142857142857,-0.9178571428571428,8.489285714285716,0.40002841985600623,0.5714285714285714,17.299999999999997,-49.20769230769231,0.26012028683784405,0.10714285714285714
bumbach,Bumbach,2023-03-01,1,1,True,1.0,1.0,moderate,METEOSWISS_SMN_DAILY_SELECTED,False,False,06:00_UTC_to_06:00_UTC_next_day,6.225806451612903,1.9774193548387096,11.109677419354838,0.3163771712158807,0.2903225806451613,113.6,37.96153846153845,1.5018814197091426,0.45161290322580644
bumbach,Bumbach,2023-04-01,1,1,True,1.0,1.0,moderate,METEOSWISS_SMN_DAILY_SELECTED,False,False,06:00_UTC_to_06:00_UTC_next_day,8.26,3.8033333333333337,12.743333333333334,-1.4810256410256422,0.13333333333333333,110.19999999999999,35.29999999999998,1.4712950600801065,0.43333333333333335
bumbach,Bumbach,2023-05-01,1,1,True,1.0,1.0,moderate,METEOSWISS_SMN_DAILY_SELECTED,False,False,06:00_UTC_to_06:00_UTC_next_day,13.551612903225807,9.193548387096774,18.461290322580645,0.5297766749379669,0.0,121.39999999999999,-15.461538461538467,0.8870278776978416,0.3870967741935484
bumbach,Bumbach,2023-06-01,1,1,True,1.0,1.0,moderate,METEOSWISS_SMN_DAILY_SELECTED,False,False,06:00_UTC_to_06:00_UTC_next_day,19.293333333333333,13.316666666666666,25.84333333333333,1.1689743589743564,0.0,59.1,-52.35384615384614,0.5302643384636622,0.23333333333333334
bumbach,Bumbach,2023-07-01,1,1,True,1.0,1.0,moderate,METEOSWISS_SMN_DAILY_SELECTED,False,False,06:00_UTC_to_06:00_UTC_next_day,20.061290322580643,14.970967741935485,25.774193548387096,0.452357320099253,0.0,124.4,-24.369230769230768,0.8361944157187177,0.45161290322580644
bumbach,Bumbach,2023-08-01,1,1,True,1.0,1.0,moderate,METEOSWISS_SMN_DAILY_SELECTED,False,False,06:00_UTC_to_06:00_UTC_next_day,19.200000000000003,14.390322580645162,25.093548387096774,0.4016129032258071,0.0,121.19999999999999,-10.591666666666669,0.9196332595637053,0.45161290322580644
bumbach,Bumbach,2023-09-01,1,1,True,1.0,1.0,moderate,METEOSWISS_SMN_DAILY_SELECTED,False,False,06:00_UTC_to_06:00_UTC_next_day,17.653333333333332,12.770000000000001,23.746666666666666,2.7502564102564087,0.0,61.699999999999996,-29.88461538461538,0.6736939358306736,0.16666666666666666
bumbach,Bumbach,2023-10-01,1,1,True,1.0,1.0,moderate,METEOSWISS_SMN_DAILY_SELECTED,False,False,06:00_UTC_to_06:00_UTC_next_day,12.193548387096774,7.858064516129032,17.990322580645163,1.7277915632754333,0.0,66.0,-12.56923076923077,0.8400234971607597,0.25806451612903225
bumbach,Bumbach,2023-11-01,1,1,True,1.0,1.0,moderate,METEOSWISS_SMN_DAILY_SELECTED,False,False,06:00_UTC_to_06:00_UTC_next_day,5.056666666666667,2.1599999999999997,8.536666666666667,0.16000000000000014,0.3,213.20000000000002,127.23076923076925,2.479957050823193,0.6666666666666666
bumbach,Bumbach,2023-12-01,1,1,True,1.0,1.0,moderate,METEOSWISS_SMN_DAILY_SELECTED,False,False,06:00_UTC_to_06:00_UTC_next_day,2.7774193548387096,0.009677419354838769,5.719354838709678,1.201488833746898,0.5161290322580645,151.5,64.62307692307694,1.7438462900655218,0.41935483870967744
bumbach,Bumbach,2024-01-01,1,1,True,1.0,1.0,moderate,METEOSWISS_SMN_DAILY_SELECTED,False,False,06:00_UTC_to_06:00_UTC_next_day,1.8193548387096774,-1.2419354838709677,5.170967741935484,1.024317617866005,0.6774193548387096,82.69999999999999,-8.646153846153851,0.9053473684210526,0.3225806451612903
bumbach,Bumbach,2024-02-01,1,1,True,1.0,1.0,moderate,METEOSWISS_SMN_DAILY_SELECTED,False,False,06:00_UTC_to_06:00_UTC_next_day,5.817241379310344,2.2275862068965515,10.075862068965517,3.3315555134520647,0.2413793103448276,50.6,-15.907692307692308,0.7608142493638677,0.2413793103448276
bumbach,Bumbach,2024-03-01,1,1,True,1.0,1.0,moderate,METEOSWISS_SMN_DAILY_SELECTED,False,False,06:00_UTC_to_06:00_UTC_next_day,7.412903225806452,2.9193548387096775,12.180645161290323,1.5034739454094295,0.0967741935483871,146.0,70.36153846153846,1.930234923217736,0.45161290322580644
bumbach,Bumbach,2024-04-01,1,1,True,1.0,1.0,moderate,METEOSWISS_SMN_DAILY_SELECTED,False,False,06:00_UTC_to_06:00_UTC_next_day,9.486666666666668,4.5,14.963333333333333,-0.2543589743589738,0.03333333333333333,82.5,7.599999999999994,1.1014686248331107,0.36666666666666664
bumbach,Bumbach,2024-05-01,1,1,True,1.0,1.0,moderate,METEOSWISS_SMN_DAILY_SELECTED,False,False,06:00_UTC_to_06:00_UTC_next_day,13.129032258064516,8.925806451612903,17.97741935483871,0.10719602977667542,0.0,176.50000000000003,39.63846153846157,1.2896245503597126,0.5483870967741935
bumbach,Bumbach,2024-06-01,1,1,True,1.0,1.0,moderate,METEOSWISS_SMN_DAILY_SELECTED,False,False,06:00_UTC_to_06:00_UTC_next_day,17.056666666666665,12.770000000000001,22.05666666666667,-1.0676923076923117,0.0,138.2,26.746153846153845,1.2399751535647734,0.5333333333333333
bumbach,Bumbach,2024-07-01,1,1,True,1.0,1.0,moderate,METEOSWISS_SMN_DAILY_SELECTED,False,False,06:00_UTC_to_06:00_UTC_next_day,20.05483870967742,15.548387096774194,25.41290322580645,0.4459057071960295,0.0,123.2,-25.56923076923077,0.8281282316442606,0.41935483870967744
bumbach,Bumbach,2024-08-01,1,1,True,1.0,1.0,moderate,METEOSWISS_SMN_DAILY_SELECTED,False,False,06:00_UTC_to_06:00_UTC_next_day,20.174193548387095,15.48709677419355,25.86451612903226,1.375806451612899,0.0,153.1,21.308333333333337,1.161681947518179,0.3548387096774194
bumbach,Bumbach,2024-09-01,1,1,True,1.0,1.0,moderate,METEOSWISS_SMN_DAILY_SELECTED,False,False,06:00_UTC_to_06:00_UTC_next_day,13.65,9.856666666666666,18.2,-1.2530769230769234,0.0,126.89999999999999,35.315384615384616,1.3856038971946918,0.4
bumbach,Bumbach,2024-10-01,1,1,True,1.0,1.0,moderate,METEOSWISS_SMN_DAILY_SELECTED,False,False,06:00_UTC_to_06:00_UTC_next_day,11.106451612903227,7.848387096774194,15.303225806451612,0.6406947890818859,0.0,92.6,14.030769230769224,1.1785784217740356,0.3870967741935484
bumbach,Bumbach,2024-11-01,1,1,True,1.0,1.0,moderate,METEOSWISS_SMN_DAILY_SELECTED,False,False,06:00_UTC_to_06:00_UTC_next_day,4.52,1.5899999999999999,8.633333333333333,-0.3766666666666669,0.3333333333333333,89.0,3.0307692307692378,1.0352541159627775,0.23333333333333334
bumbach,Bumbach,2024-12-01,1,1,True,1.0,1.0,moderate,METEOSWISS_SMN_DAILY_SELECTED,False,False,06:00_UTC_to_06:00_UTC_next_day,1.1935483870967742,-1.1774193548387097,3.545161290322581,-0.3823821339950373,0.7419354838709677,106.9,20.023076923076943,1.230476359128741,0.2903225806451613
bumbach,Bumbach,2025-01-01,1,1,True,1.0,1.0,moderate,METEOSWISS_SMN_DAILY_SELECTED,False,False,06:00_UTC_to_06:00_UTC_next_day,1.2838709677419355,-1.461290322580645,4.699999999999999,0.4888337468982631,0.6129032258064516,119.19999999999999,27.85384615384615,1.3049263157894737,0.3870967741935484
bumbach,Bumbach,2025-02-01,1,1,True,1.0,1.0,moderate,METEOSWISS_SMN_DAILY_SELECTED,False,False,06:00_UTC_to_06:00_UTC_next_day,2.7535714285714286,-0.65,6.742857142857143,0.2678855627131491,0.6785714285714286,31.3,-35.20769230769231,0.47062225306500116,0.14285714285714285
bumbach,Bumbach,2025-03-01,1,1,True,1.0,1.0,moderate,METEOSWISS_SMN_DAILY_SELECTED,False,False,06:00_UTC_to_06:00_UTC_next_day,7.145161290322581,2.6193548387096777,12.270967741935483,1.2357320099255586,0.25806451612903225,29.9,-45.73846153846154,0.3953015356452761,0.1935483870967742
bumbach,Bumbach,2025-04-01,1,1,True,1.0,1.0,moderate,METEOSWISS_SMN_DAILY_SELECTED,False,False,06:00_UTC_to_06:00_UTC_next_day,10.72,4.9,16.996666666666666,0.9789743589743587,0.0,102.60000000000002,27.700000000000017,1.3698264352469962,0.3
bumbach,Bumbach,2025-05-01,1,1,True,1.0,1.0,moderate,METEOSWISS_SMN_DAILY_SELECTED,False,False,06:00_UTC_to_06:00_UTC_next_day,13.158064516129032,8.551612903225806,18.183870967741935,0.1362282878411918,0.0,155.10000000000002,18.238461538461564,1.13326214028777,0.4838709677419355
bumbach,Bumbach,2025-06-01,1,1,True,1.0,1.0,moderate,METEOSWISS_SMN_DAILY_SELECTED,False,False,06:00_UTC_to_06:00_UTC_next_day,20.43,14.703333333333335,26.603333333333335,2.305641025641023,0.0,77.99999999999999,-33.45384615384616,0.6998412588860514,0.36666666666666664
bumbach,Bumbach,2025-07-01,1,1,True,1.0,1.0,moderate,METEOSWISS_SMN_DAILY_SELECTED,False,False,06:00_UTC_to_06:00_UTC_next_day,18.358064516129033,14.009677419354839,23.938709677419357,-1.2508684863523563,0.0,198.20000000000002,49.43076923076924,1.3322647362978284,0.5806451612903226
bumbach,Bumbach,2025-08-01,1,1,True,1.0,1.0,moderate,METEOSWISS_SMN_DAILY_SELECTED,False,False,06:00_UTC_to_06:00_UTC_next_day,19.325806451612905,14.393548387096773,25.383870967741935,0.5274193548387096,0.0,109.79999999999998,-21.991666666666674,0.833133101485931,0.3225806451612903
bumbach,Bumbach,2025-09-01,1,1,True,1.0,1.0,moderate,METEOSWISS_SMN_DAILY_SELECTED,False,False,06:00_UTC_to_06:00_UTC_next_day,14.283333333333333,10.370000000000001,19.15666666666667,-0.6197435897435906,0.0,130.6,39.01538461538462,1.426003695615656,0.4666666666666667
bumbach,Bumbach,2025-10-01,1,1,True,1.0,1.0,moderate,METEOSWISS_SMN_DAILY_SELECTED,False,False,06:00_UTC_to_06:00_UTC_next_day,9.696774193548388,6.225806451612903,13.758064516129032,-0.7689826302729532,0.0,96.2,17.630769230769232,1.2243978852555317,0.25806451612903225
bumbach,Bumbach,2025-11-01,1,1,True,1.0,1.0,moderate,METEOSWISS_SMN_DAILY_SELECTED,False,False,06:00_UTC_to_06:00_UTC_next_day,4.253333333333333,0.45333333333333325,8.566666666666666,-0.6433333333333335,0.26666666666666666,92.7,6.730769230769241,1.0782927702219043,0.36666666666666664
bumbach,Bumbach,2025-12-01,1,1,True,1.0,1.0,moderate,METEOSWISS_SMN_DAILY_SELECTED,False,False,06:00_UTC_to_06:00_UTC_next_day,1.832258064516129,-0.45806451612903226,4.683870967741935,0.2563275434243175,0.6451612903225806,24.900000000000002,-61.97692307692306,0.28661236054542244,0.06451612903225806
bumbach,Bumbach,2026-01-01,1,1,True,1.0,1.0,moderate,METEOSWISS_SMN_DAILY_SELECTED,False,False,06:00_UTC_to_06:00_UTC_next_day,-0.1387096774193549,-3.319354838709677,3.454838709677419,-0.9337468982630274,0.9354838709677419,26.599999999999998,-64.74615384615385,0.2912,0.16129032258064516
bumbach,Bumbach,2026-02-01,1,1,True,1.0,1.0,moderate,METEOSWISS_SMN_DAILY_SELECTED,False,False,06:00_UTC_to_06:00_UTC_next_day,4.492857142857143,0.9178571428571428,9.057142857142857,2.0071712769988634,0.25,85.2,18.692307692307693,1.281054823039556,0.42857142857142855
bumbach,Bumbach,2026-03-01,1,1,True,1.0,1.0,moderate,METEOSWISS_SMN_DAILY_SELECTED,False,False,06:00_UTC_to_06:00_UTC_next_day,5.658064516129032,0.8806451612903226,11.596774193548388,-0.2513647642679899,0.22580645161290322,79.6,3.961538461538453,1.0523746567680259,0.22580645161290322
crans_montana,Crans-Montana,2013-01-01,1,1,True,1.0,1.0,high,METEOSWISS_SMN_DAILY_SELECTED,False,False,06:00_UTC_to_06:00_UTC_next_day,-2.3225806451612905,-6.445161290322581,1.0741935483870966,-0.8258064516129036,0.967741935483871,35.599999999999994,-49.43076923076924,0.41867197394608274,0.1935483870967742
crans_montana,Crans-Montana,2013-02-01,1,1,True,1.0,1.0,high,METEOSWISS_SMN_DAILY_SELECTED,False,False,06:00_UTC_to_06:00_UTC_next_day,-5.232142857142857,-9.417857142857143,-1.6500000000000001,-5.117487684729063,0.9642857142857143,67.9,16.438461538461546,1.3194319880418537,0.2857142857142857
crans_montana,Crans-Montana,2013-03-01,1,1,True,1.0,1.0,high,METEOSWISS_SMN_DAILY_SELECTED,False,False,06:00_UTC_to_06:00_UTC_next_day,0.31612903225806455,-3.0999999999999996,3.8548387096774195,-2.0315136476426803,0.8064516129032258,33.0,-28.361538461538466,0.5377961639714178,0.22580645161290322
crans_montana,Crans-Montana,2013-04-01,1,1,True,1.0,1.0,high,METEOSWISS_SMN_DAILY_SELECTED,False,False,06:00_UTC_to_06:00_UTC_next_day,5.656666666666666,1.1866666666666668,10.543333333333333,-0.42666666666666764,0.4,54.8,4.700000000000003,1.093812375249501,0.26666666666666666
crans_montana,Crans-Montana,2013-05-01,1,1,True,1.0,1.0,high,METEOSWISS_SMN_DAILY_SELECTED,False,False,06:00_UTC_to_06:00_UTC_next_day,6.364516129032259,2.551612903225806,10.687096774193549,-2.658808933002481,0.1935483870967742,83.39999999999999,0.007692307692309441,1.0000922424130616,0.3548387096774194
crans_montana,Crans-Montana,2013-06-01,1,1,True,1.0,1.0,high,METEOSWISS_SMN_DAILY_SELECTED,False,False,06:00_UTC_to_06:00_UTC_next_day,12.043333333333333,7.386666666666667,17.006666666666668,-2.2789743589743594,0.0,40.900000000000006,-23.315384615384616,0.6369190225203641,0.16666666666666666
crans_montana,Crans-Montana,2013-07-01,1,1,True,1.0,1.0,high,METEOSWISS_SMN_DAILY_SELECTED,False,False,06:00_UTC_to_06:00_UTC_next_day,16.496774193548386,11.258064516129032,22.403225806451612,0.3947890818858575,0.0,52.800000000000004,-22.46153846153846,0.7015535568274734,0.22580645161290322
crans_montana,Crans-Montana,2013-08-01,1,1,True,1.0,1.0,high,METEOSWISS_SMN_DAILY_SELECTED,False,False,06:00_UTC_to_06:00_UTC_next_day,15.006451612903225,10.116129032258065,20.419354838709676,-0.5799007444168733,0.0,45.699999999999996,-27.207692307692305,0.6268200042202996,0.2903225806451613
crans_montana,Crans-Montana,2013-09-01,1,1,True,1.0,1.0,high,METEOSWISS_SMN_DAILY_SELECTED,False,False,06:00_UTC_to_06:00_UTC_next_day,11.626666666666667,7.376666666666667,16.7,-0.08282051282051306,0.0,65.00000000000001,15.946153846153855,1.325074486435628,0.3
crans_montana,Crans-Montana,2013-10-01,1,1,True,1.0,1.0,high,METEOSWISS_SMN_DAILY_SELECTED,False,False,06:00_UTC_to_06:00_UTC_next_day,8.790322580645162,5.261290322580645,12.812903225806451,0.5687344913151371,0.12903225806451613,59.50000000000001,-4.653846153846153,0.9274580335731415,0.3548387096774194
crans_montana,Crans-Montana,2013-11-01,1,1,True,1.0,1.0,high,METEOSWISS_SMN_DAILY_SELECTED,False,False,06:00_UTC_to_06:00_UTC_next_day,0.1766666666666666,-3.3,3.3266666666666667,-2.5646153846153847,0.6666666666666666,104.0,25.338461538461544,1.3221200860551536,0.43333333333333335
crans_montana,Crans-Montana,2013-12-01,1,1,True,1.0,1.0,high,METEOSWISS_SMN_DAILY_SELECTED,False,False,06:00_UTC_to_06:00_UTC_next_day,1.0064516129032257,-2.92258064516129,5.070967741935483,0.550124069478908,0.8064516129032258,22.8,-61.51538461538463,0.2704132834595383,0.0967741935483871
crans_montana,Crans-Montana,2014-01-01,1,1,True,1.0,1.0,high,METEOSWISS_SMN_DAILY_SELECTED,False,False,06:00_UTC_to_06:00_UTC_next_day,0.16451612903225807,-3.5548387096774197,3.3,1.661290322580645,0.8064516129032258,37.6,-47.430769230769236,0.44219287135878416,0.22580645161290322
crans_montana,Crans-Montana,2014-02-01,1,1,True,1.0,1.0,high,METEOSWISS_SMN_DAILY_SELECTED,False,False,06:00_UTC_to_06:00_UTC_next_day,-0.48214285714285715,-4.0,2.807142857142857,-0.36748768472906407,1.0,85.2,33.73846153846154,1.6556053811659195,0.4642857142857143
crans_montana,Crans-Montana,2014-03-01,1,1,True,1.0,1.0,high,METEOSWISS_SMN_DAILY_SELECTED,False,False,06:00_UTC_to_06:00_UTC_next_day,3.4516129032258065,-1.2451612903225806,8.406451612903227,1.103970223325062,0.6774193548387096,12.5,-48.861538461538466,0.2037106681709916,0.0967741935483871
crans_montana,Crans-Montana,2014-04-01,1,1,True,1.0,1.0,high,METEOSWISS_SMN_DAILY_SELECTED,False,False,06:00_UTC_to_06:00_UTC_next_day,6.763333333333334,2.3033333333333332,11.753333333333334,0.6799999999999997,0.16666666666666666,61.10000000000001,11.000000000000014,1.2195608782435132,0.23333333333333334
crans_montana,Crans-Montana,2014-05-01,1,1,True,1.0,1.0,high,METEOSWISS_SMN_DAILY_SELECTED,False,False,06:00_UTC_to_06:00_UTC_next_day,7.961290322580646,3.435483870967742,12.654838709677419,-1.062034739454094,0.12903225806451613,45.2,-38.19230769230768,0.542016419149525,0.2903225806451613
crans_montana,Crans-Montana,2014-06-01,1,1,True,1.0,1.0,high,METEOSWISS_SMN_DAILY_SELECTED,False,False,06:00_UTC_to_06:00_UTC_next_day,13.676666666666668,8.27,19.44,-0.6456410256410248,0.0,27.200000000000003,-37.01538461538462,0.4235745088643987,0.26666666666666666
crans_montana,Crans-Montana,2014-07-01,1,1,True,1.0,1.0,high,METEOSWISS_SMN_DAILY_SELECTED,False,False,06:00_UTC_to_06:00_UTC_next_day,13.248387096774193,9.04516129032258,17.787096774193547,-2.8535980148883358,0.0,140.7,65.43846153846152,1.8694807849550283,0.4838709677419355
crans_montana,Crans-Montana,2014-08-01,1,1,True,1.0,1.0,high,METEOSWISS_SMN_DAILY_SELECTED,False,False,06:00_UTC_to_06:00_UTC_next_day,12.361290322580645,8.261290322580646,17.177419354838708,-3.2250620347394534,0.0,116.39999999999999,43.49230769230769,1.5965393542941548,0.41935483870967744
crans_montana,Crans-Montana,2014-09-01,1,1,True,1.0,1.0,high,METEOSWISS_SMN_DAILY_SELECTED,False,False,06:00_UTC_to_06:00_UTC_next_day,11.72,7.373333333333334,16.51,0.010512820512820653,0.0,18.799999999999997,-30.253846153846162,0.3832523129998431,0.16666666666666666
crans_montana,Crans-Montana,2014-10-01,1,1,True,1.0,1.0,high,METEOSWISS_SMN_DAILY_SELECTED,False,False,06:00_UTC_to_06:00_UTC_next_day,9.170967741935485,5.174193548387097,13.716129032258063,0.9493796526054599,0.12903225806451613,43.6,-20.55384615384616,0.6796163069544364,0.22580645161290322
crans_montana,Crans-Montana,2014-11-01,1,1,True,1.0,1.0,high,METEOSWISS_SMN_DAILY_SELECTED,False,False,06:00_UTC_to_06:00_UTC_next_day,5.77,2.7800000000000002,9.173333333333334,3.028717948717948,0.3,56.39999999999999,-22.261538461538464,0.7169958928222179,0.2
crans_montana,Crans-Montana,2014-12-01,1,1,True,1.0,1.0,high,METEOSWISS_SMN_DAILY_SELECTED,False,False,06:00_UTC_to_06:00_UTC_next_day,-0.27419354838709675,-3.274193548387097,2.7,-0.7305210918114144,0.8387096774193549,52.4,-31.91538461538463,0.6214761426877109,0.22580645161290322
crans_montana,Crans-Montana,2015-01-01,1,1,True,1.0,1.0,high,METEOSWISS_SMN_DAILY_SELECTED,False,False,06:00_UTC_to_06:00_UTC_next_day,-1.2032258064516128,-4.906451612903226,2.2483870967741937,0.2935483870967741,0.9354838709677419,66.8,-18.23076923076924,0.7855979735842228,0.45161290322580644
crans_montana,Crans-Montana,2015-02-01,1,1,True,1.0,1.0,high,METEOSWISS_SMN_DAILY_SELECTED,False,False,06:00_UTC_to_06:00_UTC_next_day,-2.6535714285714285,-6.432142857142857,0.9821428571428571,-2.5389162561576355,1.0,16.599999999999998,-34.86153846153846,0.3225710014947683,0.14285714285714285
crans_montana,Crans-Montana,2015-03-01,1,1,True,1.0,1.0,high,METEOSWISS_SMN_DAILY_SELECTED,False,False,06:00_UTC_to_06:00_UTC_next_day,2.6322580645161286,-1.603225806451613,6.993548387096775,0.28461538461538405,0.6774193548387096,92.89999999999999,31.538461538461526,1.5139776858468093,0.1935483870967742
crans_montana,Crans-Montana,2015-04-01,1,1,True,1.0,1.0,high,METEOSWISS_SMN_DAILY_SELECTED,False,False,06:00_UTC_to_06:00_UTC_next_day,6.48,1.4200000000000002,11.72,0.3966666666666665,0.3333333333333333,32.8,-17.299999999999997,0.654690618762475,0.3
crans_montana,Crans-Montana,2015-05-01,1,1,True,1.0,1.0,high,METEOSWISS_SMN_DAILY_SELECTED,False,False,06:00_UTC_to_06:00_UTC_next_day,9.712903225806452,4.641935483870968,14.832258064516129,0.6895781637717118,0.0967741935483871,163.4,80.00769230769232,1.959413338252929,0.3548387096774194
crans_montana,Crans-Montana,2015-06-01,1,1,True,1.0,1.0,high,METEOSWISS_SMN_DAILY_SELECTED,False,False,06:00_UTC_to_06:00_UTC_next_day,14.323333333333332,9.146666666666667,19.9,0.0010256410256399562,0.0,54.0,-10.215384615384622,0.8409199808337325,0.3333333333333333
crans_montana,Crans-Montana,2015-07-01,1,1,True,1.0,1.0,high,METEOSWISS_SMN_DAILY_SELECTED,False,False,06:00_UTC_to_06:00_UTC_next_day,18.293548387096774,12.141935483870968,24.60967741935484,2.1915632754342447,0.0,54.699999999999996,-20.56153846153847,0.7267988552739165,0.25806451612903225
crans_montana,Crans-Montana,2015-08-01,1,1,True,1.0,1.0,high,METEOSWISS_SMN_DAILY_SELECTED,False,False,06:00_UTC_to_06:00_UTC_next_day,15.76774193548387,11.12258064516129,20.729032258064517,0.1813895781637722,0.0,94.5,21.5923076923077,1.2961595273264404,0.25806451612903225
crans_montana,Crans-Montana,2015-09-01,1,1,True,1.0,1.0,high,METEOSWISS_SMN_DAILY_SELECTED,False,False,06:00_UTC_to_06:00_UTC_next_day,9.523333333333333,5.17,14.34,-2.1861538461538466,0.03333333333333333,35.800000000000004,-13.253846153846155,0.7298102556060844,0.16666666666666666
crans_montana,Crans-Montana,2015-10-01,1,1,True,1.0,1.0,high,METEOSWISS_SMN_DAILY_SELECTED,False,False,06:00_UTC_to_06:00_UTC_next_day,6.619354838709677,3.103225806451613,10.980645161290324,-1.6022332506203476,0.1935483870967742,38.1,-26.05384615384616,0.5938848920863309,0.25806451612903225
crans_montana,Crans-Montana,2015-11-01,1,1,True,1.0,1.0,high,METEOSWISS_SMN_DAILY_SELECTED,False,False,06:00_UTC_to_06:00_UTC_next_day,4.59,0.30666666666666664,9.086666666666668,1.8487179487179484,0.3333333333333333,89.3,10.638461538461542,1.1352434969685117,0.16666666666666666
crans_montana,Crans-Montana,2015-12-01,1,1,True,1.0,1.0,high,METEOSWISS_SMN_DAILY_SELECTED,False,False,06:00_UTC_to_06:00_UTC_next_day,3.725806451612903,-0.4096774193548387,8.316129032258065,3.2694789081885856,0.4838709677419355,5.5,-78.81538461538463,0.06523127451874827,0.06451612903225806
crans_montana,Crans-Montana,2016-01-01,1,1,True,1.0,1.0,high,METEOSWISS_SMN_DAILY_SELECTED,False,False,06:00_UTC_to_06:00_UTC_next_day,-1.2741935483870968,-4.800000000000001,2.019354838709677,0.22258064516129017,0.9032258064516129,161.70000000000002,76.66923076923078,1.901664555816899,0.45161290322580644
crans_montana,Crans-Montana,2016-02-01,1,1,True,1.0,1.0,high,METEOSWISS_SMN_DAILY_SELECTED,False,False,06:00_UTC_to_06:00_UTC_next_day,-0.41034482758620683,-4.4206896551724135,2.882758620689655,-0.29568965517241375,0.8620689655172413,103.7,52.23846153846154,2.0150971599402094,0.4482758620689655
crans_montana,Crans-Montana,2016-03-01,1,1,True,1.0,1.0,high,METEOSWISS_SMN_DAILY_SELECTED,False,False,06:00_UTC_to_06:00_UTC_next_day,0.38064516129032255,-4.183870967741935,4.941935483870967,-1.966997518610422,0.9032258064516129,27.5,-33.861538461538466,0.4481634699761815,0.22580645161290322
crans_montana,Crans-Montana,2016-04-01,1,1,True,1.0,1.0,high,METEOSWISS_SMN_DAILY_SELECTED,False,False,06:00_UTC_to_06:00_UTC_next_day,5.383333333333334,1.4566666666666666,9.79,-0.7000000000000002,0.4,67.19999999999999,17.099999999999994,1.341317365269461,0.36666666666666664
crans_montana,Crans-Montana,2016-05-01,1,1,True,1.0,1.0,high,METEOSWISS_SMN_DAILY_SELECTED,False,False,06:00_UTC_to_06:00_UTC_next_day,8.287096774193548,4.038709677419355,13.074193548387097,-0.7362282878411914,0.12903225806451613,105.60000000000001,22.207692307692326,1.266303846508625,0.2903225806451613
crans_montana,Crans-Montana,2016-06-01,1,1,True,1.0,1.0,high,METEOSWISS_SMN_DAILY_SELECTED,False,False,06:00_UTC_to_06:00_UTC_next_day,12.203333333333335,7.8133333333333335,17.0,-2.1189743589743575,0.0,77.4,13.184615384615384,1.2053186391950168,0.4666666666666667
crans_montana,Crans-Montana,2016-07-01,1,1,True,1.0,1.0,high,METEOSWISS_SMN_DAILY_SELECTED,False,False,06:00_UTC_to_06:00_UTC_next_day,15.506451612903225,9.970967741935485,21.325806451612905,-0.5955334987593037,0.0,47.3,-27.961538461538467,0.6284750613246115,0.2903225806451613
crans_montana,Crans-Montana,2016-08-01,1,1,True,1.0,1.0,high,METEOSWISS_SMN_DAILY_SELECTED,False,False,06:00_UTC_to_06:00_UTC_next_day,15.35483870967742,10.103225806451613,21.05483870967742,-0.23151364764267868,0.0,59.5,-13.407692307692301,0.8161004431314625,0.2903225806451613
crans_montana,Crans-Montana,2016-09-01,1,1,True,1.0,1.0,high,METEOSWISS_SMN_DAILY_SELECTED,False,False,06:00_UTC_to_06:00_UTC_next_day,13.030000000000001,8.58,18.066666666666666,1.3205128205128212,0.0,37.5,-11.553846153846159,0.7644660498667084,0.23333333333333334
crans_montana,Crans-Montana,2016-10-01,1,1,True,1.0,1.0,high,METEOSWISS_SMN_DAILY_SELECTED,False,False,06:00_UTC_to_06:00_UTC_next_day,5.948387096774193,2.109677419354839,10.741935483870968,-2.2732009925558314,0.25806451612903225,41.400000000000006,-22.753846153846155,0.6453237410071943,0.16129032258064516
crans_montana,Crans-Montana,2016-11-01,1,1,True,1.0,1.0,high,METEOSWISS_SMN_DAILY_SELECTED,False,False,06:00_UTC_to_06:00_UTC_next_day,2.006666666666667,-1.1400000000000001,5.206666666666667,-0.7346153846153847,0.6666666666666666,97.19999999999999,18.538461538461533,1.2356737727361626,0.3
crans_montana,Crans-Montana,2016-12-01,1,1,True,1.0,1.0,high,METEOSWISS_SMN_DAILY_SELECTED,False,False,06:00_UTC_to_06:00_UTC_next_day,2.109677419354839,-1.896774193548387,7.04516129032258,1.6533498759305212,0.8387096774193549,0.1,-84.21538461538464,0.0011860231730681505,0.0
crans_montana,Crans-Montana,2017-01-01,1,1,True,1.0,1.0,high,METEOSWISS_SMN_DAILY_SELECTED,False,False,06:00_UTC_to_06:00_UTC_next_day,-3.851612903225807,-7.641935483870968,0.0,-2.35483870967742,0.967741935483871,44.1,-40.930769230769236,0.5186357879500633,0.1935483870967742
crans_montana,Crans-Montana,2017-02-01,1,1,True,1.0,1.0,high,METEOSWISS_SMN_DAILY_SELECTED,False,False,06:00_UTC_to_06:00_UTC_next_day,1.5607142857142857,-2.35,5.375,1.6753694581280787,0.75,34.6,-16.86153846153846,0.6723467862481316,0.21428571428571427
crans_montana,Crans-Montana,2017-03-01,1,1,True,1.0,1.0,high,METEOSWISS_SMN_DAILY_SELECTED,False,False,06:00_UTC_to_06:00_UTC_next_day,4.574193548387097,0.1290322580645161,9.170967741935485,2.226550868486352,0.41935483870967744,108.10000000000001,46.73846153846154,1.7616898583427354,0.3225806451612903
crans_montana,Crans-Montana,2017-04-01,1,1,True,1.0,1.0,high,METEOSWISS_SMN_DAILY_SELECTED,False,False,06:00_UTC_to_06:00_UTC_next_day,5.4766666666666675,0.14666666666666664,11.226666666666667,-0.6066666666666665,0.36666666666666664,35.7,-14.399999999999991,0.7125748502994014,0.13333333333333333
crans_montana,Crans-Montana,2017-05-01,1,1,True,1.0,1.0,high,METEOSWISS_SMN_DAILY_SELECTED,False,False,06:00_UTC_to_06:00_UTC_next_day,10.16451612903226,4.829032258064516,15.735483870967743,1.1411910669975196,0.16129032258064516,73.5,-9.892307692307682,0.8813762568028781,0.3225806451612903
crans_montana,Crans-Montana,2017-06-01,1,1,True,1.0,1.0,high,METEOSWISS_SMN_DAILY_SELECTED,False,False,06:00_UTC_to_06:00_UTC_next_day,15.643333333333334,10.360000000000001,21.246666666666666,1.321025641025642,0.0,69.8,5.584615384615375,1.0869669381887876,0.3
crans_montana,Crans-Montana,2017-07-01,1,1,True,1.0,1.0,high,METEOSWISS_SMN_DAILY_SELECTED,False,False,06:00_UTC_to_06:00_UTC_next_day,15.680645161290323,10.609677419354838,21.43548387096774,-0.4213399503722055,0.0,65.2,-10.061538461538461,0.866312346688471,0.3548387096774194
crans_montana,Crans-Montana,2017-08-01,1,1,True,1.0,1.0,high,METEOSWISS_SMN_DAILY_SELECTED,False,False,06:00_UTC_to_06:00_UTC_next_day,16.074193548387097,10.887096774193548,21.70967741935484,0.4878411910669982,0.0,86.5,13.592307692307699,1.1864317366533026,0.2903225806451613
crans_montana,Crans-Montana,2017-09-01,1,1,True,1.0,1.0,high,METEOSWISS_SMN_DAILY_SELECTED,False,False,06:00_UTC_to_06:00_UTC_next_day,9.066666666666666,4.406666666666666,14.293333333333333,-2.6428205128205136,0.03333333333333333,24.200000000000003,-24.853846153846156,0.49333542418064924,0.16666666666666666
crans_montana,Crans-Montana,2017-10-01,1,1,True,1.0,1.0,high,METEOSWISS_SMN_DAILY_SELECTED,False,False,06:00_UTC_to_06:00_UTC_next_day,8.364516129032259,3.512903225806452,13.44516129032258,0.1429280397022339,0.1935483870967742,22.2,-41.95384615384616,0.34604316546762587,0.16129032258064516
crans_montana,Crans-Montana,2017-11-01,1,1,True,1.0,1.0,high,METEOSWISS_SMN_DAILY_SELECTED,False,False,06:00_UTC_to_06:00_UTC_next_day,0.6533333333333334,-2.9733333333333336,4.193333333333333,-2.087948717948718,0.7333333333333333,78.39999999999999,-0.26153846153846416,0.9966751417954234,0.3
crans_montana,Crans-Montana,2017-12-01,1,1,True,1.0,1.0,high,METEOSWISS_SMN_DAILY_SELECTED,False,False,06:00_UTC_to_06:00_UTC_next_day,-3.0677419354838706,-7.303225806451613,0.35806451612903223,-3.524069478908188,1.0,140.10000000000002,55.78461538461539,1.6616184654684791,0.3870967741935484
crans_montana,Crans-Montana,2018-01-01,1,1,True,1.0,1.0,high,METEOSWISS_SMN_DAILY_SELECTED,False,False,06:00_UTC_to_06:00_UTC_next_day,0.435483870967742,-2.7451612903225806,3.8096774193548386,1.932258064516129,0.7741935483870968,256.3,171.26923076923077,3.0142030034376694,0.45161290322580644
crans_montana,Crans-Montana,2018-02-01,1,1,True,1.0,1.0,high,METEOSWISS_SMN_DAILY_SELECTED,False,False,06:00_UTC_to_06:00_UTC_next_day,-4.8,-8.839285714285714,-1.0214285714285716,-4.685344827586206,0.9642857142857143,42.099999999999994,-9.361538461538466,0.8180866965620328,0.25
crans_montana,Crans-Montana,2018-03-01,1,1,True,1.0,1.0,high,METEOSWISS_SMN_DAILY_SELECTED,False,False,06:00_UTC_to_06:00_UTC_next_day,0.2903225806451613,-3.541935483870968,4.083870967741936,-2.057320099255583,0.9032258064516129,46.3,-15.061538461538468,0.7545443149053528,0.3548387096774194
crans_montana,Crans-Montana,2018-04-01,1,1,True,1.0,1.0,high,METEOSWISS_SMN_DAILY_SELECTED,False,False,06:00_UTC_to_06:00_UTC_next_day,8.38,3.29,13.656666666666666,2.296666666666667,0.13333333333333333,25.500000000000004,-24.59999999999999,0.5089820359281438,0.1
crans_montana,Crans-Montana,2018-05-01,1,1,True,1.0,1.0,high,METEOSWISS_SMN_DAILY_SELECTED,False,False,06:00_UTC_to_06:00_UTC_next_day,10.490322580645161,5.890322580645161,15.706451612903225,1.4669975186104214,0.0,83.2,-0.1923076923076792,0.997693939673462,0.5161290322580645
crans_montana,Crans-Montana,2018-06-01,1,1,True,1.0,1.0,high,METEOSWISS_SMN_DAILY_SELECTED,False,False,06:00_UTC_to_06:00_UTC_next_day,14.316666666666666,8.733333333333333,20.009999999999998,-0.005641025641025976,0.0,24.400000000000002,-39.815384615384616,0.3799712505989459,0.1
crans_montana,Crans-Montana,2018-07-01,1,1,True,1.0,1.0,high,METEOSWISS_SMN_DAILY_SELECTED,False,False,06:00_UTC_to_06:00_UTC_next_day,16.96451612903226,11.048387096774194,23.57741935483871,0.8625310173697294,0.0,31.199999999999996,-44.06153846153847,0.4145543744889615,0.22580645161290322
crans_montana,Crans-Montana,2018-08-01,1,1,True,1.0,1.0,high,METEOSWISS_SMN_DAILY_SELECTED,False,False,06:00_UTC_to_06:00_UTC_next_day,16.135483870967743,10.929032258064517,22.43548387096774,0.5491315136476445,0.0,54.0,-18.9076923076923,0.7406625870436802,0.3225806451612903
crans_montana,Crans-Montana,2018-09-01,1,1,True,1.0,1.0,high,METEOSWISS_SMN_DAILY_SELECTED,False,False,06:00_UTC_to_06:00_UTC_next_day,13.56,8.426666666666668,19.553333333333335,1.8505128205128205,0.0,30.900000000000006,-18.153846153846153,0.6299200250901679,0.1
crans_montana,Crans-Montana,2018-10-01,1,1,True,1.0,1.0,high,METEOSWISS_SMN_DAILY_SELECTED,False,False,06:00_UTC_to_06:00_UTC_next_day,9.096774193548388,4.861290322580645,14.12258064516129,0.8751861042183631,0.12903225806451613,47.300000000000004,-16.853846153846156,0.7372901678657074,0.16129032258064516
crans_montana,Crans-Montana,2018-11-01,1,1,True,1.0,1.0,high,METEOSWISS_SMN_DAILY_SELECTED,False,False,06:00_UTC_to_06:00_UTC_next_day,4.233333333333333,1.1033333333333333,7.89,1.492051282051282,0.4666666666666667,5.7,-72.96153846153845,0.07246235087033054,0.06666666666666667
crans_montana,Crans-Montana,2018-12-01,1,1,True,1.0,1.0,high,METEOSWISS_SMN_DAILY_SELECTED,False,False,06:00_UTC_to_06:00_UTC_next_day,0.04193548387096774,-3.5612903225806454,3.3677419354838714,-0.4143920595533499,0.8709677419354839,159.3,74.98461538461538,1.889334914697564,0.41935483870967744
crans_montana,Crans-Montana,2019-01-01,1,1,True,1.0,1.0,high,METEOSWISS_SMN_DAILY_SELECTED,False,False,06:00_UTC_to_06:00_UTC_next_day,-4.883870967741935,-8.46774193548387,-1.5935483870967742,-3.3870967741935485,1.0,52.099999999999994,-32.93076923076924,0.6127193776008684,0.1935483870967742
crans_montana,Crans-Montana,2019-02-01,1,1,True,1.0,1.0,high,METEOSWISS_SMN_DAILY_SELECTED,False,False,06:00_UTC_to_06:00_UTC_next_day,1.4785714285714284,-4.378571428571428,6.739285714285714,1.5932266009852214,0.9285714285714286,21.000000000000004,-30.461538461538456,0.40807174887892383,0.10714285714285714
crans_montana,Crans-Montana,2019-03-01,1,1,True,1.0,1.0,high,METEOSWISS_SMN_DAILY_SELECTED,False,False,06:00_UTC_to_06:00_UTC_next_day,2.393548387096774,-2.52258064516129,7.422580645161291,0.0459057071960296,0.7741935483870968,61.19999999999999,-0.16153846153847695,0.9973674313651746,0.3225806451612903
crans_montana,Crans-Montana,2019-04-01,1,1,True,1.0,1.0,high,METEOSWISS_SMN_DAILY_SELECTED,False,False,06:00_UTC_to_06:00_UTC_next_day,5.183333333333334,1.0666666666666667,9.933333333333334,-0.9000000000000004,0.4,34.599999999999994,-15.5,0.6906187624750498,0.23333333333333334
crans_montana,Crans-Montana,2019-05-01,1,1,True,1.0,1.0,high,METEOSWISS_SMN_DAILY_SELECTED,False,False,06:00_UTC_to_06:00_UTC_next_day,6.616129032258065,1.935483870967742,11.351612903225806,-2.4071960297766752,0.25806451612903225,68.1,-15.292307692307688,0.816622082833687,0.3225806451612903
crans_montana,Crans-Montana,2019-06-01,1,1,True,1.0,1.0,high,METEOSWISS_SMN_DAILY_SELECTED,False,False,06:00_UTC_to_06:00_UTC_next_day,15.626666666666667,9.986666666666668,21.43,1.3043589743589745,0.0,76.4,12.184615384615384,1.189746046957355,0.26666666666666666
crans_montana,Crans-Montana,2019-07-01,1,1,True,1.0,1.0,high,METEOSWISS_SMN_DAILY_SELECTED,False,False,06:00_UTC_to_06:00_UTC_next_day,16.76774193548387,11.138709677419355,22.416129032258063,0.66575682382134,0.0,79.3,4.038461538461533,1.053659035159444,0.2903225806451613
crans_montana,Crans-Montana,2019-08-01,1,1,True,1.0,1.0,high,METEOSWISS_SMN_DAILY_SELECTED,False,False,06:00_UTC_to_06:00_UTC_next_day,15.741935483870968,10.603225806451613,21.251612903225805,0.15558312655086937,0.0,109.2,36.2923076923077,1.497784342688331,0.3548387096774194
crans_montana,Crans-Montana,2019-09-01,1,1,True,1.0,1.0,high,METEOSWISS_SMN_DAILY_SELECTED,False,False,06:00_UTC_to_06:00_UTC_next_day,12.18,7.633333333333334,17.28666666666667,0.47051282051281973,0.0,10.599999999999998,-38.45384615384616,0.2160890700956562,0.1
crans_montana,Crans-Montana,2019-10-01,1,1,True,1.0,1.0,high,METEOSWISS_SMN_DAILY_SELECTED,False,False,06:00_UTC_to_06:00_UTC_next_day,9.432258064516128,5.441935483870967,13.80967741935484,1.2106699751861036,0.03225806451612903,76.4,12.246153846153845,1.1908872901678658,0.3548387096774194
crans_montana,Crans-Montana,2019-11-01,1,1,True,1.0,1.0,high,METEOSWISS_SMN_DAILY_SELECTED,False,False,06:00_UTC_to_06:00_UTC_next_day,1.4666666666666666,-1.3266666666666667,4.28,-1.274615384615385,0.6333333333333333,112.20000000000002,33.53846153846156,1.4263641697633487,0.4
crans_montana,Crans-Montana,2019-12-01,1,1,True,1.0,1.0,high,METEOSWISS_SMN_DAILY_SELECTED,False,False,06:00_UTC_to_06:00_UTC_next_day,1.0612903225806452,-2.616129032258064,4.300000000000001,0.6049627791563275,0.8387096774193549,142.90000000000003,58.584615384615404,1.6948271143143874,0.41935483870967744
crans_montana,Crans-Montana,2020-01-01,1,1,True,1.0,1.0,high,METEOSWISS_SMN_DAILY_SELECTED,False,False,06:00_UTC_to_06:00_UTC_next_day,0.6903225806451613,-4.1,5.145161290322581,2.1870967741935483,0.967741935483871,40.50000000000001,-44.53076923076923,0.47629817260720103,0.16129032258064516
crans_montana,Crans-Montana,2020-02-01,1,1,True,1.0,1.0,high,METEOSWISS_SMN_DAILY_SELECTED,False,False,06:00_UTC_to_06:00_UTC_next_day,1.6551724137931034,-2.8137931034482757,6.086206896551724,1.7698275862068964,0.7586206896551724,117.20000000000002,65.73846153846156,2.2774289985052323,0.41379310344827586
crans_montana,Crans-Montana,2020-03-01,1,1,True,1.0,1.0,high,METEOSWISS_SMN_DAILY_SELECTED,False,False,06:00_UTC_to_06:00_UTC_next_day,1.961290322580645,-2.3451612903225807,6.629032258064516,-0.38635235732009954,0.7096774193548387,73.39999999999999,12.038461538461526,1.1961890435000624,0.2903225806451613
crans_montana,Crans-Montana,2020-04-01,1,1,True,1.0,1.0,high,METEOSWISS_SMN_DAILY_SELECTED,False,False,06:00_UTC_to_06:00_UTC_next_day,8.753333333333334,3.1666666666666665,14.370000000000001,2.67,0.13333333333333333,33.4,-16.699999999999996,0.6666666666666667,0.13333333333333333
crans_montana,Crans-Montana,2020-05-01,1,1,True,1.0,1.0,high,METEOSWISS_SMN_DAILY_SELECTED,False,False,06:00_UTC_to_06:00_UTC_next_day,10.55483870967742,5.290322580645161,16.03548387096774,1.5315136476426794,0.0,64.1,-19.292307692307688,0.7686560280416936,0.25806451612903225
crans_montana,Crans-Montana,2020-06-01,1,1,True,1.0,1.0,high,METEOSWISS_SMN_DAILY_SELECTED,False,False,06:00_UTC_to_06:00_UTC_next_day,12.139999999999999,7.6466666666666665,17.05,-2.1823076923076936,0.0,95.19999999999999,30.984615384615367,1.482510781025395,0.36666666666666664
crans_montana,Crans-Montana,2020-07-01,1,1,True,1.0,1.0,high,METEOSWISS_SMN_DAILY_SELECTED,False,False,06:00_UTC_to_06:00_UTC_next_day,16.00967741935484,10.341935483870968,22.219354838709677,-0.09230769230768843,0.0,47.0,-28.261538461538464,0.6244889615699101,0.22580645161290322
crans_montana,Crans-Montana,2020-08-01,1,1,True,1.0,1.0,high,METEOSWISS_SMN_DAILY_SELECTED,False,False,06:00_UTC_to_06:00_UTC_next_day,15.629032258064516,10.583870967741936,21.393548387096775,0.04267990074441741,0.0,99.69999999999999,26.792307692307688,1.3674825912639796,0.3225806451612903
crans_montana,Crans-Montana,2020-09-01,1,1,True,1.0,1.0,high,METEOSWISS_SMN_DAILY_SELECTED,False,False,06:00_UTC_to_06:00_UTC_next_day,12.103333333333333,7.653333333333333,17.293333333333333,0.3938461538461535,0.13333333333333333,41.39999999999999,-7.6538461538461675,0.8439705190528459,0.16666666666666666
crans_montana,Crans-Montana,2020-10-01,1,1,True,1.0,1.0,high,METEOSWISS_SMN_DAILY_SELECTED,False,False,06:00_UTC_to_06:00_UTC_next_day,5.441935483870967,2.0129032258064514,9.903225806451612,-2.7796526054590576,0.2903225806451613,96.39999999999999,32.24615384615383,1.502637889688249,0.3548387096774194
crans_montana,Crans-Montana,2020-11-01,1,1,True,1.0,1.0,high,METEOSWISS_SMN_DAILY_SELECTED,False,False,06:00_UTC_to_06:00_UTC_next_day,4.926666666666667,0.3633333333333333,9.763333333333332,2.1853846153846153,0.4666666666666667,9.2,-69.46153846153845,0.11695677684334051,0.06666666666666667
crans_montana,Crans-Montana,2020-12-01,1,1,True,1.0,1.0,high,METEOSWISS_SMN_DAILY_SELECTED,False,False,06:00_UTC_to_06:00_UTC_next_day,-1.0935483870967742,-4.193548387096774,1.7645161290322582,-1.5498759305210918,0.8709677419354839,55.79999999999999,-28.51538461538464,0.6618009305720278,0.2903225806451613
crans_montana,Crans-Montana,2021-01-01,1,1,True,1.0,1.0,high,METEOSWISS_SMN_DAILY_SELECTED,False,False,06:00_UTC_to_06:00_UTC_next_day,-3.6774193548387095,-7.112903225806452,-0.6516129032258063,-2.1806451612903226,1.0,152.10000000000002,67.06923076923078,1.7887642482359327,0.4838709677419355
crans_montana,Crans-Montana,2021-02-01,1,1,True,1.0,1.0,high,METEOSWISS_SMN_DAILY_SELECTED,False,False,06:00_UTC_to_06:00_UTC_next_day,2.0892857142857144,-1.8142857142857143,5.939285714285715,2.2039408866995074,0.6428571428571429,39.2,-12.261538461538457,0.7617339312406578,0.25
crans_montana,Crans-Montana,2021-03-01,1,1,True,1.0,1.0,high,METEOSWISS_SMN_DAILY_SELECTED,False,False,06:00_UTC_to_06:00_UTC_next_day,1.6419354838709677,-3.0999999999999996,6.45483870967742,-0.7057071960297769,0.8064516129032258,50.900000000000006,-10.46153846153846,0.8295098407922779,0.16129032258064516
crans_montana,Crans-Montana,2021-04-01,1,1,True,1.0,1.0,high,METEOSWISS_SMN_DAILY_SELECTED,False,False,06:00_UTC_to_06:00_UTC_next_day,4.013333333333334,-0.8833333333333332,9.446666666666665,-2.0700000000000003,0.5666666666666667,26.7,-23.399999999999995,0.532934131736527,0.2
crans_montana,Crans-Montana,2021-05-01,1,1,True,1.0,1.0,high,METEOSWISS_SMN_DAILY_SELECTED,False,False,06:00_UTC_to_06:00_UTC_next_day,6.548387096774194,2.0,11.26774193548387,-2.474937965260546,0.1935483870967742,143.0,59.60769230769232,1.7147864588137627,0.41935483870967744
crans_montana,Crans-Montana,2021-06-01,1,1,True,1.0,1.0,high,METEOSWISS_SMN_DAILY_SELECTED,False,False,06:00_UTC_to_06:00_UTC_next_day,14.753333333333334,9.85,20.15666666666667,0.43102564102564145,0.0,107.80000000000001,43.58461538461539,1.678725443219933,0.5
crans_montana,Crans-Montana,2021-07-01,1,1,True,1.0,1.0,high,METEOSWISS_SMN_DAILY_SELECTED,False,False,06:00_UTC_to_06:00_UTC_next_day,14.264516129032257,9.538709677419355,19.470967741935485,-1.8374689826302717,0.0,182.1,106.83846153846153,2.419562551103843,0.4838709677419355
crans_montana,Crans-Montana,2021-08-01,1,1,True,1.0,1.0,high,METEOSWISS_SMN_DAILY_SELECTED,False,False,06:00_UTC_to_06:00_UTC_next_day,13.693548387096774,8.745161290322581,19.070967741935487,-1.8928039702233246,0.0,60.4,-12.507692307692302,0.8284448195821904,0.25806451612903225
crans_montana,Crans-Montana,2021-09-01,1,1,True,1.0,1.0,high,METEOSWISS_SMN_DAILY_SELECTED,False,False,06:00_UTC_to_06:00_UTC_next_day,12.34,8.12,17.373333333333335,0.6305128205128199,0.0,70.9,21.846153846153847,1.4453504782813236,0.3
crans_montana,Crans-Montana,2021-10-01,1,1,True,1.0,1.0,high,METEOSWISS_SMN_DAILY_SELECTED,False,False,06:00_UTC_to_06:00_UTC_next_day,6.880645161290323,2.7806451612903227,11.635483870967741,-1.340942928039702,0.0967741935483871,23.700000000000003,-40.45384615384616,0.36942446043165467,0.0967741935483871
crans_montana,Crans-Montana,2021-11-01,1,1,True,1.0,1.0,high,METEOSWISS_SMN_DAILY_SELECTED,False,False,06:00_UTC_to_06:00_UTC_next_day,1.9366666666666668,-1.4666666666666666,6.013333333333334,-0.8046153846153847,0.7,21.6,-57.061538461538454,0.2745941717191473,0.16666666666666666
crans_montana,Crans-Montana,2021-12-01,1,1,True,1.0,1.0,high,METEOSWISS_SMN_DAILY_SELECTED,False,False,06:00_UTC_to_06:00_UTC_next_day,-0.5516129032258065,-4.609677419354839,3.5387096774193547,-1.007940446650124,0.9354838709677419,125.30000000000001,40.98461538461538,1.4860870358543927,0.3548387096774194
crans_montana,Crans-Montana,2022-01-01,1,1,True,1.0,1.0,high,METEOSWISS_SMN_DAILY_SELECTED,False,False,06:00_UTC_to_06:00_UTC_next_day,-0.996774193548387,-5.696774193548387,3.883870967741936,0.4999999999999999,0.8709677419354839,26.799999999999997,-58.23076923076924,0.3151800253301972,0.16129032258064516
crans_montana,Crans-Montana,2022-02-01,1,1,True,1.0,1.0,high,METEOSWISS_SMN_DAILY_SELECTED,False,False,06:00_UTC_to_06:00_UTC_next_day,0.13571428571428573,-4.675,4.478571428571429,0.2503694581280788,0.9642857142857143,65.2,13.738461538461543,1.266965620328849,0.32142857142857145
crans_montana,Crans-Montana,2022-03-01,1,1,True,1.0,1.0,high,METEOSWISS_SMN_DAILY_SELECTED,False,False,06:00_UTC_to_06:00_UTC_next_day,3.2903225806451615,-1.7580645161290323,8.306451612903226,0.9426799007444169,0.5483870967741935,13.0,-48.361538461538466,0.21185909489783125,0.0967741935483871
crans_montana,Crans-Montana,2022-04-01,1,1,True,1.0,1.0,high,METEOSWISS_SMN_DAILY_SELECTED,False,False,06:00_UTC_to_06:00_UTC_next_day,5.47,0.060000000000000046,11.073333333333332,-0.6133333333333342,0.4,52.300000000000004,2.20000000000001,1.0439121756487029,0.3
crans_montana,Crans-Montana,2022-05-01,1,1,True,1.0,1.0,high,METEOSWISS_SMN_DAILY_SELECTED,False,False,06:00_UTC_to_06:00_UTC_next_day,12.2,6.709677419354839,17.874193548387098,3.1766749379652595,0.0,60.2,-23.19230769230768,0.7218891246195002,0.1935483870967742
crans_montana,Crans-Montana,2022-06-01,1,1,True,1.0,1.0,high,METEOSWISS_SMN_DAILY_SELECTED,False,False,06:00_UTC_to_06:00_UTC_next_day,15.846666666666666,9.95,21.44333333333333,1.5243589743589734,0.0,66.7,2.484615384615381,1.0386919022520364,0.4
crans_montana,Crans-Montana,2022-07-01,1,1,True,1.0,1.0,high,METEOSWISS_SMN_DAILY_SELECTED,False,False,06:00_UTC_to_06:00_UTC_next_day,17.951612903225808,11.758064516129032,24.44193548387097,1.8496277915632788,0.0,54.6,-20.661538461538463,0.7254701553556827,0.16129032258064516
crans_montana,Crans-Montana,2022-08-01,1,1,True,1.0,1.0,high,METEOSWISS_SMN_DAILY_SELECTED,False,False,06:00_UTC_to_06:00_UTC_next_day,16.906451612903226,11.219354838709679,22.967741935483872,1.320099255583127,0.0,39.699999999999996,-33.207692307692305,0.5445241612154463,0.22580645161290322
crans_montana,Crans-Montana,2022-09-01,1,1,True,1.0,1.0,high,METEOSWISS_SMN_DAILY_SELECTED,False,False,06:00_UTC_to_06:00_UTC_next_day,10.913333333333332,6.430000000000001,16.246666666666666,-0.7961538461538478,0.0,77.2,28.146153846153844,1.5737807746589305,0.36666666666666664
crans_montana,Crans-Montana,2022-10-01,1,1,True,1.0,1.0,high,METEOSWISS_SMN_DAILY_SELECTED,False,False,06:00_UTC_to_06:00_UTC_next_day,11.274193548387096,7.293548387096774,15.851612903225808,3.0526054590570713,0.0,92.1,27.946153846153834,1.4356115107913667,0.2903225806451613
crans_montana,Crans-Montana,2022-11-01,1,1,True,1.0,1.0,high,METEOSWISS_SMN_DAILY_SELECTED,False,False,06:00_UTC_to_06:00_UTC_next_day,3.3666666666666667,0.019999999999999973,6.983333333333333,0.6253846153846152,0.5333333333333333,64.7,-13.961538461538453,0.8225112458439273,0.43333333333333335
crans_montana,Crans-Montana,2022-12-01,1,1,True,1.0,1.0,high,METEOSWISS_SMN_DAILY_SELECTED,False,False,06:00_UTC_to_06:00_UTC_next_day,0.5032258064516129,-2.890322580645161,3.8,0.04689826302729522,0.7096774193548387,110.7,26.384615384615373,1.3129276525864426,0.3225806451612903
crans_montana,Crans-Montana,2023-01-01,1,1,True,1.0,1.0,high,METEOSWISS_SMN_DAILY_SELECTED,False,False,06:00_UTC_to_06:00_UTC_next_day,-2.7193548387096773,-6.606451612903226,0.8935483870967742,-1.2225806451612904,0.8387096774193549,54.900000000000006,-30.130769230769232,0.6456486339786502,0.22580645161290322
crans_montana,Crans-Montana,2023-02-01,1,1,True,1.0,1.0,high,METEOSWISS_SMN_DAILY_SELECTED,False,False,06:00_UTC_to_06:00_UTC_next_day,0.9857142857142858,-3.685714285714286,6.007142857142857,1.1003694581280787,0.7857142857142857,3.4000000000000004,-48.06153846153846,0.06606875934230196,0.07142857142857142
crans_montana,Crans-Montana,2023-03-01,1,1,True,1.0,1.0,high,METEOSWISS_SMN_DAILY_SELECTED,False,False,06:00_UTC_to_06:00_UTC_next_day,2.6419354838709674,-1.635483870967742,7.364516129032259,0.29429280397022284,0.6129032258064516,176.80000000000004,115.43846153846158,2.8812836906105055,0.5483870967741935
crans_montana,Crans-Montana,2023-04-01,1,1,True,1.0,1.0,high,METEOSWISS_SMN_DAILY_SELECTED,False,False,06:00_UTC_to_06:00_UTC_next_day,4.243333333333333,-0.06333333333333331,8.853333333333333,-1.8400000000000007,0.6,93.4,43.30000000000001,1.8642714570858288,0.4
crans_montana,Crans-Montana,2023-05-01,1,1,True,1.0,1.0,high,METEOSWISS_SMN_DAILY_SELECTED,False,False,06:00_UTC_to_06:00_UTC_next_day,9.912903225806453,5.258064516129032,14.95483870967742,0.8895781637717128,0.0,29.099999999999998,-54.29230769230769,0.3489530486117517,0.16129032258064516
crans_montana,Crans-Montana,2023-06-01,1,1,True,1.0,1.0,high,METEOSWISS_SMN_DAILY_SELECTED,False,False,06:00_UTC_to_06:00_UTC_next_day,15.266666666666667,9.506666666666666,21.259999999999998,0.9443589743589751,0.0,36.699999999999996,-27.515384615384626,0.5715141351221849,0.2
crans_montana,Crans-Montana,2023-07-01,1,1,True,1.0,1.0,high,METEOSWISS_SMN_DAILY_SELECTED,False,False,06:00_UTC_to_06:00_UTC_next_day,16.79032258064516,11.109677419354838,22.91290322580645,0.6883374689826312,0.0,73.7,-1.5615384615384613,0.9792518397383483,0.25806451612903225
crans_montana,Crans-Montana,2023-08-01,1,1,True,1.0,1.0,high,METEOSWISS_SMN_DAILY_SELECTED,False,False,06:00_UTC_to_06:00_UTC_next_day,16.296774193548387,11.23225806451613,21.94193548387097,0.7104218362282886,0.0,75.89999999999999,2.9923076923076906,1.0410424140113947,0.25806451612903225
crans_montana,Crans-Montana,2023-09-01,1,1,True,1.0,1.0,high,METEOSWISS_SMN_DAILY_SELECTED,False,False,06:00_UTC_to_06:00_UTC_next_day,14.67,9.836666666666668,19.94333333333333,2.96051282051282,0.0,48.3,-0.7538461538461618,0.9846322722283204,0.2
crans_montana,Crans-Montana,2023-10-01,1,1,True,1.0,1.0,high,METEOSWISS_SMN_DAILY_SELECTED,False,False,06:00_UTC_to_06:00_UTC_next_day,10.280645161290321,5.72258064516129,15.161290322580646,2.0590570719602965,0.0,67.49999999999999,3.3461538461538254,1.0521582733812946,0.25806451612903225
crans_montana,Crans-Montana,2023-11-01,1,1,True,1.0,1.0,high,METEOSWISS_SMN_DAILY_SELECTED,False,False,06:00_UTC_to_06:00_UTC_next_day,0.9733333333333333,-2.51,4.203333333333333,-1.7679487179487183,0.7666666666666667,247.2,168.53846153846155,3.142577743008019,0.6666666666666666
crans_montana,Crans-Montana,2023-12-01,1,1,True,1.0,1.0,high,METEOSWISS_SMN_DAILY_SELECTED,False,False,06:00_UTC_to_06:00_UTC_next_day,0.5870967741935483,-3.041935483870968,4.080645161290323,0.1307692307692307,0.8387096774193549,164.5,80.18461538461537,1.9510081196971076,0.3548387096774194
crans_montana,Crans-Montana,2024-01-01,1,1,True,1.0,1.0,high,METEOSWISS_SMN_DAILY_SELECTED,False,False,06:00_UTC_to_06:00_UTC_next_day,0.06774193548387099,-3.8161290322580643,3.9935483870967743,1.564516129032258,0.8709677419354839,80.60000000000001,-4.430769230769229,0.9478921657318617,0.2903225806451613
crans_montana,Crans-Montana,2024-02-01,1,1,True,1.0,1.0,high,METEOSWISS_SMN_DAILY_SELECTED,False,False,06:00_UTC_to_06:00_UTC_next_day,3.089655172413793,-0.8448275862068966,7.248275862068965,3.204310344827586,0.6206896551724138,55.5,4.03846153846154,1.07847533632287,0.1724137931034483
crans_montana,Crans-Montana,2024-03-01,1,1,True,1.0,1.0,high,METEOSWISS_SMN_DAILY_SELECTED,False,False,06:00_UTC_to_06:00_UTC_next_day,3.2516129032258063,-0.6064516129032257,7.622580645161291,0.9039702233250617,0.4838709677419355,90.0,28.638461538461534,1.4667168108311395,0.45161290322580644
crans_montana,Crans-Montana,2024-04-01,1,1,True,1.0,1.0,high,METEOSWISS_SMN_DAILY_SELECTED,False,False,06:00_UTC_to_06:00_UTC_next_day,5.776666666666667,1.2933333333333334,10.520000000000001,-0.30666666666666664,0.5,30.9,-19.199999999999996,0.6167664670658684,0.2
crans_montana,Crans-Montana,2024-05-01,1,1,True,1.0,1.0,high,METEOSWISS_SMN_DAILY_SELECTED,False,False,06:00_UTC_to_06:00_UTC_next_day,8.951612903225806,4.987096774193549,13.819354838709677,-0.07171215880893378,0.03225806451612903,95.6,12.207692307692312,1.1463887095286414,0.5806451612903226
crans_montana,Crans-Montana,2024-06-01,1,1,True,1.0,1.0,high,METEOSWISS_SMN_DAILY_SELECTED,False,False,06:00_UTC_to_06:00_UTC_next_day,13.35,9.03,18.240000000000002,-0.9723076923076928,0.0,80.5,16.28461538461538,1.253593675131768,0.4666666666666667
crans_montana,Crans-Montana,2024-07-01,1,1,True,1.0,1.0,high,METEOSWISS_SMN_DAILY_SELECTED,False,False,06:00_UTC_to_06:00_UTC_next_day,16.64516129032258,11.587096774193547,22.183870967741935,0.5431761786600511,0.0,77.80000000000001,2.538461538461547,1.0337285363859363,0.2903225806451613
crans_montana,Crans-Montana,2024-08-01,1,1,True,1.0,1.0,high,METEOSWISS_SMN_DAILY_SELECTED,False,False,06:00_UTC_to_06:00_UTC_next_day,17.370967741935484,12.370967741935484,22.93548387096774,1.7846153846153854,0.0,50.099999999999994,-22.807692307692307,0.6871702890905255,0.1935483870967742
crans_montana,Crans-Montana,2024-09-01,1,1,True,1.0,1.0,high,METEOSWISS_SMN_DAILY_SELECTED,False,False,06:00_UTC_to_06:00_UTC_next_day,10.353333333333333,6.616666666666666,14.746666666666666,-1.3561538461538465,0.03333333333333333,103.4,54.34615384615385,2.1078877214991376,0.4
crans_montana,Crans-Montana,2024-10-01,1,1,True,1.0,1.0,high,METEOSWISS_SMN_DAILY_SELECTED,False,False,06:00_UTC_to_06:00_UTC_next_day,9.187096774193549,5.609677419354839,13.235483870967743,0.9655086848635239,0.03225806451612903,96.4,32.246153846153845,1.5026378896882493,0.25806451612903225
crans_montana,Crans-Montana,2024-11-01,1,1,True,1.0,1.0,high,METEOSWISS_SMN_DAILY_SELECTED,False,False,06:00_UTC_to_06:00_UTC_next_day,3.2633333333333336,-0.5966666666666666,7.83,0.5220512820512822,0.5666666666666667,71.3,-7.3615384615384585,0.906415020535889,0.16666666666666666
crans_montana,Crans-Montana,2024-12-01,1,1,True,1.0,1.0,high,METEOSWISS_SMN_DAILY_SELECTED,False,False,06:00_UTC_to_06:00_UTC_next_day,-0.37419354838709684,-4.377419354838709,3.6258064516129034,-0.8305210918114145,0.9354838709677419,95.8,11.484615384615367,1.1362101997992882,0.25806451612903225
crans_montana,Crans-Montana,2025-01-01,1,1,True,1.0,1.0,high,METEOSWISS_SMN_DAILY_SELECTED,False,False,06:00_UTC_to_06:00_UTC_next_day,0.11290322580645155,-3.6774193548387095,3.6580645161290324,1.6096774193548384,0.8709677419354839,96.3,11.26923076923076,1.1325312104215668,0.3548387096774194
crans_montana,Crans-Montana,2025-02-01,1,1,True,1.0,1.0,high,METEOSWISS_SMN_DAILY_SELECTED,False,False,06:00_UTC_to_06:00_UTC_next_day,1.092857142857143,-3.192857142857143,5.396428571428571,1.207512315270936,0.8571428571428571,17.4,-34.06153846153846,0.3381165919282511,0.10714285714285714
crans_montana,Crans-Montana,2025-03-01,1,1,True,1.0,1.0,high,METEOSWISS_SMN_DAILY_SELECTED,False,False,06:00_UTC_to_06:00_UTC_next_day,3.693548387096774,-0.5193548387096775,8.670967741935485,1.3459057071960294,0.6451612903225806,12.1,-49.261538461538464,0.19719192678951986,0.12903225806451613
crans_montana,Crans-Montana,2025-04-01,1,1,True,1.0,1.0,high,METEOSWISS_SMN_DAILY_SELECTED,False,False,06:00_UTC_to_06:00_UTC_next_day,7.503333333333333,2.3366666666666664,12.963333333333333,1.419999999999999,0.23333333333333334,102.89999999999999,52.8,2.053892215568862,0.1
crans_montana,Crans-Montana,2025-05-01,1,1,True,1.0,1.0,high,METEOSWISS_SMN_DAILY_SELECTED,False,False,06:00_UTC_to_06:00_UTC_next_day,9.538709677419355,4.864516129032259,14.687096774193549,0.5153846153846153,0.0,69.69999999999999,-13.692307692307693,0.8358085047504843,0.3548387096774194
crans_montana,Crans-Montana,2025-06-01,1,1,True,1.0,1.0,high,METEOSWISS_SMN_DAILY_SELECTED,False,False,06:00_UTC_to_06:00_UTC_next_day,17.0,11.033333333333333,22.743333333333332,2.6776923076923076,0.0,77.80000000000001,13.58461538461539,1.2115476760900814,0.43333333333333335
crans_montana,Crans-Montana,2025-07-01,1,1,True,1.0,1.0,high,METEOSWISS_SMN_DAILY_SELECTED,False,False,06:00_UTC_to_06:00_UTC_next_day,14.706451612903225,9.964516129032257,20.59032258064516,-1.3955334987593044,0.0,72.0,-3.261538461538464,0.9566639411283728,0.3225806451612903
crans_montana,Crans-Montana,2025-08-01,1,1,True,1.0,1.0,high,METEOSWISS_SMN_DAILY_SELECTED,False,False,06:00_UTC_to_06:00_UTC_next_day,16.283870967741937,10.748387096774193,22.306451612903224,0.697518610421838,0.0,56.2,-16.707692307692298,0.7708377294787931,0.3225806451612903
crans_montana,Crans-Montana,2025-09-01,1,1,True,1.0,1.0,high,METEOSWISS_SMN_DAILY_SELECTED,False,False,06:00_UTC_to_06:00_UTC_next_day,11.136666666666667,6.96,16.136666666666667,-0.5728205128205133,0.0,73.7,24.646153846153844,1.5024306100047042,0.3333333333333333
crans_montana,Crans-Montana,2025-10-01,1,1,True,1.0,1.0,high,METEOSWISS_SMN_DAILY_SELECTED,False,False,06:00_UTC_to_06:00_UTC_next_day,6.393548387096774,2.606451612903226,11.006451612903225,-1.8280397022332506,0.06451612903225806,129.4,65.24615384615385,2.0170263788968823,0.2903225806451613
crans_montana,Crans-Montana,2025-11-01,1,1,True,1.0,1.0,high,METEOSWISS_SMN_DAILY_SELECTED,False,False,06:00_UTC_to_06:00_UTC_next_day,2.2733333333333334,-1.8766666666666667,6.343333333333334,-0.46794871794871806,0.6,65.39999999999999,-13.261538461538464,0.8314101310385292,0.23333333333333334
crans_montana,Crans-Montana,2025-12-01,1,1,True,1.0,1.0,high,METEOSWISS_SMN_DAILY_SELECTED,False,False,06:00_UTC_to_06:00_UTC_next_day,2.2580645161290325,-1.2064516129032257,5.864516129032259,1.8017369727047148,0.6451612903225806,20.900000000000002,-63.415384615384625,0.24787884317124348,0.06451612903225806
crans_montana,Crans-Montana,2026-01-01,1,1,True,1.0,1.0,high,METEOSWISS_SMN_DAILY_SELECTED,False,False,06:00_UTC_to_06:00_UTC_next_day,-1.638709677419355,-4.958064516129032,1.6064516129032258,-0.1419354838709681,0.8709677419354839,38.599999999999994,-46.43076923076924,0.45395332006513467,0.1935483870967742
crans_montana,Crans-Montana,2026-02-01,1,1,True,1.0,1.0,high,METEOSWISS_SMN_DAILY_SELECTED,False,False,06:00_UTC_to_06:00_UTC_next_day,1.2107142857142856,-2.5,4.928571428571429,1.3253694581280786,0.8571428571428571,153.6,102.13846153846154,2.9847533632286996,0.39285714285714285
crans_montana,Crans-Montana,2026-03-01,1,1,True,1.0,1.0,high,METEOSWISS_SMN_DAILY_SELECTED,False,False,06:00_UTC_to_06:00_UTC_next_day,1.9838709677419355,-2.3483870967741933,6.693548387096774,-0.3637717121588091,0.7419354838709677,36.2,-25.161538461538463,0.5899460950231917,0.1935483870967742
espace_dent_blanche,Espace Dent Blanche,2013-01-01,1,1,True,1.0,1.0,high,METEOSWISS_SMN_DAILY_SELECTED,False,False,06:00_UTC_to_06:00_UTC_next_day,-3.0677419354838706,-6.245161290322581,-0.10000000000000005,-0.8171215880893299,0.7741935483870968,29.400000000000002,-28.276923076923072,0.5097359295812217,0.22580645161290322
espace_dent_blanche,Espace Dent Blanche,2013-02-01,1,1,True,1.0,1.0,high,METEOSWISS_SMN_DAILY_SELECTED,False,False,06:00_UTC_to_06:00_UTC_next_day,-7.35,-10.685714285714285,-3.892857142857143,-5.967051913603638,1.0,46.5,7.2692307692307665,1.1852941176470588,0.2857142857142857
espace_dent_blanche,Espace Dent Blanche,2013-03-01,1,1,True,1.0,1.0,high,METEOSWISS_SMN_DAILY_SELECTED,False,False,06:00_UTC_to_06:00_UTC_next_day,-1.8451612903225807,-4.877419354838709,1.8064516129032258,-2.40272952853598,0.967741935483871,30.3,-16.984615384615385,0.6408003904343582,0.1935483870967742
espace_dent_blanche,Espace Dent Blanche,2013-04-01,1,1,True,1.0,1.0,high,METEOSWISS_SMN_DAILY_SELECTED,False,False,06:00_UTC_to_06:00_UTC_next_day,3.51,-0.27666666666666667,8.34,-0.3102564102564105,0.6666666666666666,72.99999999999999,21.584615384615375,1.4198084979054457,0.3
espace_dent_blanche,Espace Dent Blanche,2013-05-01,1,1,True,1.0,1.0,high,METEOSWISS_SMN_DAILY_SELECTED,False,False,06:00_UTC_to_06:00_UTC_next_day,3.732258064516129,0.19999999999999998,7.948387096774193,-2.8397022332506205,0.4838709677419355,135.90000000000003,44.33846153846157,1.4842476686549613,0.6129032258064516
espace_dent_blanche,Espace Dent Blanche,2013-06-01,1,1,True,1.0,1.0,high,METEOSWISS_SMN_DAILY_SELECTED,False,False,06:00_UTC_to_06:00_UTC_next_day,9.54,5.383333333333334,14.303333333333335,-2.344102564102565,0.0,51.300000000000004,-27.346153846153847,0.6522887323943662,0.26666666666666666
espace_dent_blanche,Espace Dent Blanche,2013-07-01,1,1,True,1.0,1.0,high,METEOSWISS_SMN_DAILY_SELECTED,False,False,06:00_UTC_to_06:00_UTC_next_day,14.04516129032258,9.525806451612903,19.638709677419353,0.2118279569892465,0.0,82.5,-3.625,0.9579100145137881,0.41935483870967744
espace_dent_blanche,Espace Dent Blanche,2013-08-01,1,1,True,1.0,1.0,high,METEOSWISS_SMN_DAILY_SELECTED,False,False,06:00_UTC_to_06:00_UTC_next_day,12.661290322580646,8.458064516129031,17.858064516129033,-0.7622828784119093,0.0,64.3,-14.353846153846163,0.8175061124694375,0.25806451612903225
espace_dent_blanche,Espace Dent Blanche,2013-09-01,1,1,True,1.0,1.0,high,METEOSWISS_SMN_DAILY_SELECTED,False,False,06:00_UTC_to_06:00_UTC_next_day,9.873333333333333,6.180000000000001,14.596666666666666,0.14641025641025607,0.03333333333333333,60.00000000000001,11.138461538461542,1.2279596977329976,0.23333333333333334
espace_dent_blanche,Espace Dent Blanche,2013-10-01,1,1,True,1.0,1.0,high,METEOSWISS_SMN_DAILY_SELECTED,False,False,06:00_UTC_to_06:00_UTC_next_day,6.912903225806452,3.7161290322580642,11.035483870967743,0.15806451612903238,0.12903225806451613,62.800000000000004,4.646153846153851,1.07989417989418,0.3548387096774194
espace_dent_blanche,Espace Dent Blanche,2013-11-01,1,1,True,1.0,1.0,high,METEOSWISS_SMN_DAILY_SELECTED,False,False,06:00_UTC_to_06:00_UTC_next_day,-0.9333333333333332,-4.086666666666667,2.4066666666666667,-2.5153846153846153,0.7333333333333333,85.3,27.86153846153846,1.4850676309093342,0.43333333333333335
espace_dent_blanche,Espace Dent Blanche,2013-12-01,1,1,True,1.0,1.0,high,METEOSWISS_SMN_DAILY_SELECTED,False,False,06:00_UTC_to_06:00_UTC_next_day,0.6935483870967742,-2.4193548387096775,4.17741935483871,0.6712158808933003,0.7096774193548387,41.1,-15.907692307692308,0.7209553366617191,0.0967741935483871
espace_dent_blanche,Espace Dent Blanche,2014-01-01,1,1,True,1.0,1.0,high,METEOSWISS_SMN_DAILY_SELECTED,False,False,06:00_UTC_to_06:00_UTC_next_day,-1.4903225806451612,-4.467741935483871,1.3612903225806452,0.7602977667493795,0.8387096774193549,50.2,-7.476923076923072,0.8703654307815418,0.2903225806451613
espace_dent_blanche,Espace Dent Blanche,2014-02-01,1,1,True,1.0,1.0,high,METEOSWISS_SMN_DAILY_SELECTED,False,False,06:00_UTC_to_06:00_UTC_next_day,-2.6785714285714284,-5.417857142857143,0.6892857142857143,-1.2956233421750663,1.0,96.6,57.36923076923076,2.46235294117647,0.5357142857142857
espace_dent_blanche,Espace Dent Blanche,2014-03-01,1,1,True,1.0,1.0,high,METEOSWISS_SMN_DAILY_SELECTED,False,False,06:00_UTC_to_06:00_UTC_next_day,1.5,-1.9516129032258065,5.848387096774194,0.9424317617866005,0.5161290322580645,23.400000000000002,-23.884615384615383,0.49487554904831627,0.12903225806451613
espace_dent_blanche,Espace Dent Blanche,2014-04-01,1,1,True,1.0,1.0,high,METEOSWISS_SMN_DAILY_SELECTED,False,False,06:00_UTC_to_06:00_UTC_next_day,4.513333333333334,0.6933333333333334,9.176666666666668,0.6930769230769234,0.36666666666666664,62.50000000000001,11.084615384615397,1.2155894673847998,0.23333333333333334
espace_dent_blanche,Espace Dent Blanche,2014-05-01,1,1,True,1.0,1.0,high,METEOSWISS_SMN_DAILY_SELECTED,False,False,06:00_UTC_to_06:00_UTC_next_day,5.561290322580645,1.4483870967741934,10.361290322580645,-1.0106699751861044,0.3225806451612903,76.50000000000001,-15.061538461538447,0.8355036545408722,0.3870967741935484
espace_dent_blanche,Espace Dent Blanche,2014-06-01,1,1,True,1.0,1.0,high,METEOSWISS_SMN_DAILY_SELECTED,False,False,06:00_UTC_to_06:00_UTC_next_day,11.073333333333332,6.66,16.723333333333333,-0.8107692307692318,0.0,54.7,-23.946153846153848,0.69552034428795,0.4
espace_dent_blanche,Espace Dent Blanche,2014-07-01,1,1,True,1.0,1.0,high,METEOSWISS_SMN_DAILY_SELECTED,False,False,06:00_UTC_to_06:00_UTC_next_day,11.058064516129033,7.158064516129032,15.53225806451613,-2.775268817204301,0.0,207.4,121.275,2.4081277213352688,0.5806451612903226
espace_dent_blanche,Espace Dent Blanche,2014-08-01,1,1,True,1.0,1.0,high,METEOSWISS_SMN_DAILY_SELECTED,False,False,06:00_UTC_to_06:00_UTC_next_day,10.196774193548388,6.564516129032258,14.696774193548388,-3.2267990074441677,0.0,90.89999999999999,12.246153846153831,1.1556968215158923,0.5483870967741935
espace_dent_blanche,Espace Dent Blanche,2014-09-01,1,1,True,1.0,1.0,high,METEOSWISS_SMN_DAILY_SELECTED,False,False,06:00_UTC_to_06:00_UTC_next_day,9.646666666666667,6.116666666666666,14.16,-0.0802564102564105,0.0,22.1,-26.761538461538464,0.4522984886649874,0.16666666666666666
espace_dent_blanche,Espace Dent Blanche,2014-10-01,1,1,True,1.0,1.0,high,METEOSWISS_SMN_DAILY_SELECTED,False,False,06:00_UTC_to_06:00_UTC_next_day,7.767741935483872,4.112903225806452,12.125806451612902,1.0129032258064523,0.12903225806451613,41.6,-16.553846153846152,0.7153439153439154,0.22580645161290322
espace_dent_blanche,Espace Dent Blanche,2014-11-01,1,1,True,1.0,1.0,high,METEOSWISS_SMN_DAILY_SELECTED,False,False,06:00_UTC_to_06:00_UTC_next_day,3.99,1.3033333333333335,7.4,2.4079487179487185,0.4,105.6,48.161538461538456,1.8384893531538768,0.26666666666666666
espace_dent_blanche,Espace Dent Blanche,2014-12-01,1,1,True,1.0,1.0,high,METEOSWISS_SMN_DAILY_SELECTED,False,False,06:00_UTC_to_06:00_UTC_next_day,-1.2548387096774196,-4.300000000000001,1.9064516129032256,-1.2771712158808934,0.8709677419354839,32.7,-24.307692307692307,0.5736068007016597,0.1935483870967742
espace_dent_blanche,Espace Dent Blanche,2015-01-01,1,1,True,1.0,1.0,high,METEOSWISS_SMN_DAILY_SELECTED,False,False,06:00_UTC_to_06:00_UTC_next_day,-2.2774193548387096,-5.441935483870967,1.1,-0.026799007444168854,0.8709677419354839,49.6,-8.076923076923073,0.8599626567084556,0.3870967741935484
espace_dent_blanche,Espace Dent Blanche,2015-02-01,1,1,True,1.0,1.0,high,METEOSWISS_SMN_DAILY_SELECTED,False,False,06:00_UTC_to_06:00_UTC_next_day,-3.817857142857143,-6.992857142857143,-0.3071428571428571,-2.434909056460781,0.9642857142857143,25.3,-13.930769230769233,0.6449019607843137,0.25
espace_dent_blanche,Espace Dent Blanche,2015-03-01,1,1,True,1.0,1.0,high,METEOSWISS_SMN_DAILY_SELECTED,False,False,06:00_UTC_to_06:00_UTC_next_day,0.9290322580645162,-2.519354838709677,5.216129032258064,0.37146401985111666,0.7419354838709677,63.5,16.215384615384615,1.3429315113063283,0.2903225806451613
espace_dent_blanche,Espace Dent Blanche,2015-04-01,1,1,True,1.0,1.0,high,METEOSWISS_SMN_DAILY_SELECTED,False,False,06:00_UTC_to_06:00_UTC_next_day,4.263333333333334,0.17666666666666664,9.406666666666666,0.44307692307692337,0.36666666666666664,31.500000000000004,-19.915384615384607,0.612657091561939,0.26666666666666666
espace_dent_blanche,Espace Dent Blanche,2015-05-01,1,1,True,1.0,1.0,high,METEOSWISS_SMN_DAILY_SELECTED,False,False,06:00_UTC_to_06:00_UTC_next_day,7.267741935483872,3.1129032258064515,11.929032258064517,0.695781637717122,0.16129032258064516,120.0,28.43846153846154,1.3105939679072502,0.41935483870967744
espace_dent_blanche,Espace Dent Blanche,2015-06-01,1,1,True,1.0,1.0,high,METEOSWISS_SMN_DAILY_SELECTED,False,False,06:00_UTC_to_06:00_UTC_next_day,11.81,7.366666666666666,17.08,-0.07410256410256366,0.0,83.89999999999999,5.2538461538461405,1.0668035993740217,0.43333333333333335
espace_dent_blanche,Espace Dent Blanche,2015-07-01,1,1,True,1.0,1.0,high,METEOSWISS_SMN_DAILY_SELECTED,False,False,06:00_UTC_to_06:00_UTC_next_day,15.974193548387097,10.812903225806451,21.948387096774194,2.1408602150537632,0.0,46.1,-40.025,0.5352685050798258,0.22580645161290322
espace_dent_blanche,Espace Dent Blanche,2015-08-01,1,1,True,1.0,1.0,high,METEOSWISS_SMN_DAILY_SELECTED,False,False,06:00_UTC_to_06:00_UTC_next_day,13.270967741935483,9.416129032258064,18.11935483870968,-0.15260545905707268,0.0,121.8,43.14615384615384,1.5485574572127139,0.3870967741935484
espace_dent_blanche,Espace Dent Blanche,2015-09-01,1,1,True,1.0,1.0,high,METEOSWISS_SMN_DAILY_SELECTED,False,False,06:00_UTC_to_06:00_UTC_next_day,7.446666666666667,3.703333333333333,12.203333333333335,-2.28025641025641,0.03333333333333333,51.900000000000006,3.03846153846154,1.0621851385390428,0.2
espace_dent_blanche,Espace Dent Blanche,2015-10-01,1,1,True,1.0,1.0,high,METEOSWISS_SMN_DAILY_SELECTED,False,False,06:00_UTC_to_06:00_UTC_next_day,4.806451612903226,1.332258064516129,9.141935483870967,-1.9483870967741934,0.3225806451612903,49.69999999999999,-8.453846153846165,0.8546296296296294,0.22580645161290322
espace_dent_blanche,Espace Dent Blanche,2015-11-01,1,1,True,1.0,1.0,high,METEOSWISS_SMN_DAILY_SELECTED,False,False,06:00_UTC_to_06:00_UTC_next_day,3.8800000000000003,0.33333333333333337,8.026666666666667,2.297948717948718,0.3333333333333333,50.599999999999994,-6.838461538461544,0.8809428150528993,0.2
espace_dent_blanche,Espace Dent Blanche,2015-12-01,1,1,True,1.0,1.0,high,METEOSWISS_SMN_DAILY_SELECTED,False,False,06:00_UTC_to_06:00_UTC_next_day,3.6451612903225805,0.5483870967741935,7.503225806451613,3.6228287841191067,0.45161290322580644,2.4000000000000004,-54.60769230769231,0.04209958170287411,0.03225806451612903
espace_dent_blanche,Espace Dent Blanche,2016-01-01,1,1,True,1.0,1.0,high,METEOSWISS_SMN_DAILY_SELECTED,False,False,06:00_UTC_to_06:00_UTC_next_day,-2.129032258064516,-4.809677419354839,0.696774193548387,0.12158808933002474,0.9032258064516129,80.50000000000001,22.82307692307694,1.395705521472393,0.41935483870967744
espace_dent_blanche,Espace Dent Blanche,2016-02-01,1,1,True,1.0,1.0,high,METEOSWISS_SMN_DAILY_SELECTED,False,False,06:00_UTC_to_06:00_UTC_next_day,-1.6896551724137931,-5.062068965517242,1.5793103448275863,-0.306707086017431,0.896551724137931,72.10000000000001,32.869230769230775,1.837843137254902,0.4482758620689655
espace_dent_blanche,Espace Dent Blanche,2016-03-01,1,1,True,1.0,1.0,high,METEOSWISS_SMN_DAILY_SELECTED,False,False,06:00_UTC_to_06:00_UTC_next_day,-1.5225806451612904,-5.190322580645161,2.8,-2.08014888337469,0.9354838709677419,29.3,-17.984615384615385,0.6196518626972507,0.1935483870967742
espace_dent_blanche,Espace Dent Blanche,2016-04-01,1,1,True,1.0,1.0,high,METEOSWISS_SMN_DAILY_SELECTED,False,False,06:00_UTC_to_06:00_UTC_next_day,3.0566666666666666,-0.6266666666666666,7.566666666666666,-0.7635897435897436,0.5333333333333333,65.2,13.784615384615392,1.268102932375823,0.4
espace_dent_blanche,Espace Dent Blanche,2016-05-01,1,1,True,1.0,1.0,high,METEOSWISS_SMN_DAILY_SELECTED,False,False,06:00_UTC_to_06:00_UTC_next_day,5.774193548387097,1.7354838709677418,10.425806451612903,-0.7977667493796528,0.3225806451612903,97.89999999999999,6.33846153846153,1.0692262454843315,0.3548387096774194
espace_dent_blanche,Espace Dent Blanche,2016-06-01,1,1,True,1.0,1.0,high,METEOSWISS_SMN_DAILY_SELECTED,False,False,06:00_UTC_to_06:00_UTC_next_day,9.66,5.85,14.093333333333334,-2.224102564102564,0.0,99.3,20.653846153846146,1.2626173708920188,0.5333333333333333
espace_dent_blanche,Espace Dent Blanche,2016-07-01,1,0,False,1.0,0.5483870967741935,high,METEOSWISS_SMN_DAILY_SELECTED,False,False,06:00_UTC_to_06:00_UTC_next_day,NA,NA,NA,NA,NA,NA,NA,NA,NA
espace_dent_blanche,Espace Dent Blanche,2016-08-01,1,1,True,1.0,1.0,high,METEOSWISS_SMN_DAILY_SELECTED,False,False,06:00_UTC_to_06:00_UTC_next_day,13.283870967741937,8.825806451612904,18.36774193548387,-0.1397022332506186,0.0,35.50000000000001,-43.15384615384615,0.45134474327628366,0.16129032258064516
espace_dent_blanche,Espace Dent Blanche,2016-09-01,1,1,True,1.0,1.0,high,METEOSWISS_SMN_DAILY_SELECTED,False,False,06:00_UTC_to_06:00_UTC_next_day,10.836666666666668,7.253333333333333,15.683333333333334,1.1097435897435908,0.0,47.49999999999999,-1.3615384615384727,0.9721347607052895,0.26666666666666666
espace_dent_blanche,Espace Dent Blanche,2016-10-01,1,1,True,1.0,1.0,high,METEOSWISS_SMN_DAILY_SELECTED,False,False,06:00_UTC_to_06:00_UTC_next_day,4.503225806451613,0.964516129032258,9.109677419354838,-2.2516129032258068,0.3870967741935484,37.6,-20.553846153846152,0.6465608465608466,0.1935483870967742
espace_dent_blanche,Espace Dent Blanche,2016-11-01,1,1,True,1.0,1.0,high,METEOSWISS_SMN_DAILY_SELECTED,False,False,06:00_UTC_to_06:00_UTC_next_day,1.0866666666666667,-2.1566666666666667,4.473333333333333,-0.4953846153846153,0.6666666666666666,46.5,-10.938461538461539,0.8095620731217357,0.26666666666666666
espace_dent_blanche,Espace Dent Blanche,2016-12-01,1,1,True,1.0,1.0,high,METEOSWISS_SMN_DAILY_SELECTED,False,False,06:00_UTC_to_06:00_UTC_next_day,2.083870967741935,-0.8999999999999999,6.274193548387097,2.0615384615384613,0.7419354838709677,0.7999999999999999,-56.20769230769231,0.014033193900958033,0.0
espace_dent_blanche,Espace Dent Blanche,2017-01-01,1,1,True,1.0,1.0,high,METEOSWISS_SMN_DAILY_SELECTED,False,False,06:00_UTC_to_06:00_UTC_next_day,-4.66774193548387,-7.803225806451613,-1.1548387096774193,-2.4171215880893295,0.967741935483871,43.599999999999994,-14.07692307692308,0.755934915977594,0.25806451612903225
espace_dent_blanche,Espace Dent Blanche,2017-02-01,1,1,True,1.0,1.0,high,METEOSWISS_SMN_DAILY_SELECTED,False,False,06:00_UTC_to_06:00_UTC_next_day,-0.25000000000000006,-3.45,3.6,1.1329480863963621,0.8214285714285714,38.1,-1.130769230769232,0.9711764705882353,0.21428571428571427
espace_dent_blanche,Espace Dent Blanche,2017-03-01,1,1,True,1.0,1.0,high,METEOSWISS_SMN_DAILY_SELECTED,False,False,06:00_UTC_to_06:00_UTC_next_day,3.303225806451613,-0.3838709677419355,7.583870967741936,2.7456575682382134,0.41935483870967744,51.699999999999996,4.41538461538461,1.0933788840084593,0.3225806451612903
espace_dent_blanche,Espace Dent Blanche,2017-04-01,1,1,True,1.0,1.0,high,METEOSWISS_SMN_DAILY_SELECTED,False,False,06:00_UTC_to_06:00_UTC_next_day,3.143333333333333,-1.2699999999999998,8.610000000000001,-0.6769230769230772,0.5666666666666667,25.700000000000003,-25.715384615384608,0.49985038898862966,0.23333333333333334
espace_dent_blanche,Espace Dent Blanche,2017-05-01,1,1,True,1.0,1.0,high,METEOSWISS_SMN_DAILY_SELECTED,False,False,06:00_UTC_to_06:00_UTC_next_day,7.82258064516129,3.512903225806452,13.264516129032257,1.2506203473945403,0.3225806451612903,51.400000000000006,-40.161538461538456,0.5613710829202723,0.3225806451612903
espace_dent_blanche,Espace Dent Blanche,2017-06-01,1,1,True,1.0,1.0,high,METEOSWISS_SMN_DAILY_SELECTED,False,False,06:00_UTC_to_06:00_UTC_next_day,13.223333333333333,8.8,18.59,1.3392307692307686,0.0,86.5,7.853846153846149,1.0998630672926446,0.4666666666666667
espace_dent_blanche,Espace Dent Blanche,2017-07-01,1,1,True,1.0,1.0,high,METEOSWISS_SMN_DAILY_SELECTED,False,False,06:00_UTC_to_06:00_UTC_next_day,13.319354838709677,8.974193548387097,18.864516129032257,-0.5139784946236574,0.0,61.0,-25.125,0.7082728592162555,0.3225806451612903
espace_dent_blanche,Espace Dent Blanche,2017-08-01,1,1,True,1.0,1.0,high,METEOSWISS_SMN_DAILY_SELECTED,False,False,06:00_UTC_to_06:00_UTC_next_day,14.03225806451613,9.958064516129031,18.967741935483872,0.6086848635235746,0.0,113.6,34.946153846153834,1.4443031784841074,0.3548387096774194
espace_dent_blanche,Espace Dent Blanche,2017-09-01,1,1,True,1.0,1.0,high,METEOSWISS_SMN_DAILY_SELECTED,False,False,06:00_UTC_to_06:00_UTC_next_day,6.996666666666667,3.14,11.566666666666666,-2.73025641025641,0.2,35.699999999999996,-13.16153846153847,0.7306360201511334,0.16666666666666666
espace_dent_blanche,Espace Dent Blanche,2017-10-01,1,1,True,1.0,1.0,high,METEOSWISS_SMN_DAILY_SELECTED,False,False,06:00_UTC_to_06:00_UTC_next_day,7.374193548387097,3.393548387096774,12.05483870967742,0.6193548387096772,0.22580645161290322,23.199999999999996,-34.95384615384616,0.3989417989417989,0.22580645161290322
espace_dent_blanche,Espace Dent Blanche,2017-11-01,1,1,True,1.0,1.0,high,METEOSWISS_SMN_DAILY_SELECTED,False,False,06:00_UTC_to_06:00_UTC_next_day,-0.2533333333333333,-3.253333333333333,3.19,-1.8353846153846152,0.7,55.0,-2.4384615384615387,0.9575465381009777,0.23333333333333334
espace_dent_blanche,Espace Dent Blanche,2017-12-01,1,1,True,1.0,1.0,high,METEOSWISS_SMN_DAILY_SELECTED,False,False,06:00_UTC_to_06:00_UTC_next_day,-3.4193548387096775,-6.970967741935484,0.17096774193548384,-3.4416873449131513,0.967741935483871,89.2,32.19230769230769,1.564701119956821,0.3225806451612903
espace_dent_blanche,Espace Dent Blanche,2018-01-01,1,1,True,1.0,1.0,high,METEOSWISS_SMN_DAILY_SELECTED,False,False,06:00_UTC_to_06:00_UTC_next_day,-0.7387096774193548,-3.4645161290322584,2.9548387096774196,1.5119106699751859,0.9032258064516129,195.1,137.4230769230769,3.3826353694318487,0.41935483870967744
espace_dent_blanche,Espace Dent Blanche,2018-02-01,1,1,True,1.0,1.0,high,METEOSWISS_SMN_DAILY_SELECTED,False,False,06:00_UTC_to_06:00_UTC_next_day,-6.646428571428571,-10.25357142857143,-3.0142857142857147,-5.263480485032209,0.9642857142857143,25.099999999999998,-14.130769230769236,0.6398039215686273,0.21428571428571427
espace_dent_blanche,Espace Dent Blanche,2018-03-01,1,1,True,1.0,1.0,high,METEOSWISS_SMN_DAILY_SELECTED,False,False,06:00_UTC_to_06:00_UTC_next_day,-1.964516129032258,-5.122580645161291,1.4516129032258065,-2.5220843672456574,1.0,48.9,1.6153846153846132,1.0341630063445584,0.3548387096774194
espace_dent_blanche,Espace Dent Blanche,2018-04-01,1,1,True,1.0,1.0,high,METEOSWISS_SMN_DAILY_SELECTED,False,False,06:00_UTC_to_06:00_UTC_next_day,6.083333333333333,2.0166666666666666,10.816666666666666,2.2630769230769228,0.36666666666666664,31.400000000000006,-20.015384615384605,0.6107121484141235,0.2
espace_dent_blanche,Espace Dent Blanche,2018-05-01,1,1,True,1.0,1.0,high,METEOSWISS_SMN_DAILY_SELECTED,False,False,06:00_UTC_to_06:00_UTC_next_day,7.983870967741935,4.141935483870968,13.051612903225807,1.4119106699751853,0.06451612903225806,81.7,-9.861538461538458,0.8922960598168529,0.41935483870967744
espace_dent_blanche,Espace Dent Blanche,2018-06-01,1,1,True,1.0,1.0,high,METEOSWISS_SMN_DAILY_SELECTED,False,False,06:00_UTC_to_06:00_UTC_next_day,11.826666666666666,7.1433333333333335,17.3,-0.05743589743589794,0.0,47.300000000000004,-31.346153846153847,0.6014280125195618,0.16666666666666666
espace_dent_blanche,Espace Dent Blanche,2018-07-01,1,1,True,1.0,1.0,high,METEOSWISS_SMN_DAILY_SELECTED,False,False,06:00_UTC_to_06:00_UTC_next_day,14.36774193548387,9.661290322580646,20.23548387096774,0.5344086021505365,0.0,98.69999999999999,12.574999999999989,1.1460087082728592,0.3548387096774194
espace_dent_blanche,Espace Dent Blanche,2018-08-01,1,1,True,1.0,1.0,high,METEOSWISS_SMN_DAILY_SELECTED,False,False,06:00_UTC_to_06:00_UTC_next_day,13.606451612903227,9.516129032258064,18.76451612903226,0.18287841191067145,0.0,115.00000000000001,36.346153846153854,1.4621026894865525,0.41935483870967744
espace_dent_blanche,Espace Dent Blanche,2018-09-01,1,1,True,1.0,1.0,high,METEOSWISS_SMN_DAILY_SELECTED,False,False,06:00_UTC_to_06:00_UTC_next_day,11.433333333333334,7.493333333333334,16.806666666666665,1.7064102564102566,0.0,31.0,-17.861538461538466,0.6344458438287153,0.16666666666666666
espace_dent_blanche,Espace Dent Blanche,2018-10-01,1,1,True,1.0,1.0,high,METEOSWISS_SMN_DAILY_SELECTED,False,False,06:00_UTC_to_06:00_UTC_next_day,7.474193548387096,3.806451612903226,12.64516129032258,0.7193548387096769,0.22580645161290322,74.2,16.04615384615385,1.275925925925926,0.16129032258064516
espace_dent_blanche,Espace Dent Blanche,2018-11-01,1,1,True,1.0,1.0,high,METEOSWISS_SMN_DAILY_SELECTED,False,False,06:00_UTC_to_06:00_UTC_next_day,2.0833333333333335,-0.8,6.193333333333333,0.5012820512820515,0.5,21.3,-36.13846153846154,0.3708316593009241,0.1
espace_dent_blanche,Espace Dent Blanche,2018-12-01,1,1,True,1.0,1.0,high,METEOSWISS_SMN_DAILY_SELECTED,False,False,06:00_UTC_to_06:00_UTC_next_day,-0.367741935483871,-3.6322580645161286,2.729032258064516,-0.39007444168734495,0.7741935483870968,122.8,65.79230769230769,2.1540952637970583,0.41935483870967744
espace_dent_blanche,Espace Dent Blanche,2019-01-01,1,1,True,1.0,1.0,high,METEOSWISS_SMN_DAILY_SELECTED,False,False,06:00_UTC_to_06:00_UTC_next_day,-5.490322580645161,-8.496774193548386,-2.3096774193548386,-3.2397022332506205,1.0,37.8,-19.876923076923077,0.6553747666044278,0.1935483870967742
espace_dent_blanche,Espace Dent Blanche,2019-02-01,1,1,True,1.0,1.0,high,METEOSWISS_SMN_DAILY_SELECTED,False,False,06:00_UTC_to_06:00_UTC_next_day,1.2107142857142856,-2.2392857142857143,4.9071428571428575,2.5936623721106478,0.6428571428571429,18.7,-20.530769230769234,0.4766666666666666,0.17857142857142858
espace_dent_blanche,Espace Dent Blanche,2019-03-01,1,1,True,1.0,1.0,high,METEOSWISS_SMN_DAILY_SELECTED,False,False,06:00_UTC_to_06:00_UTC_next_day,0.8129032258064515,-3.5354838709677416,5.929032258064517,0.25533498759305195,0.8709677419354839,46.199999999999996,-1.0846153846153896,0.9770619814543678,0.3548387096774194
espace_dent_blanche,Espace Dent Blanche,2019-04-01,1,1,True,1.0,1.0,high,METEOSWISS_SMN_DAILY_SELECTED,False,False,06:00_UTC_to_06:00_UTC_next_day,2.703333333333333,-1.05,7.593333333333334,-1.1169230769230771,0.6333333333333333,63.39999999999999,11.984615384615381,1.2330939557151406,0.23333333333333334
espace_dent_blanche,Espace Dent Blanche,2019-05-01,1,1,True,1.0,1.0,high,METEOSWISS_SMN_DAILY_SELECTED,False,False,06:00_UTC_to_06:00_UTC_next_day,4.051612903225807,-0.038709677419354785,8.619354838709677,-2.520347394540943,0.45161290322580644,55.59999999999999,-35.961538461538474,0.6072418717970258,0.25806451612903225
espace_dent_blanche,Espace Dent Blanche,2019-06-01,1,1,True,1.0,1.0,high,METEOSWISS_SMN_DAILY_SELECTED,False,False,06:00_UTC_to_06:00_UTC_next_day,13.42,8.343333333333334,18.903333333333332,1.5358974358974358,0.0,82.1,3.4538461538461434,1.0439162754303597,0.26666666666666666
espace_dent_blanche,Espace Dent Blanche,2019-07-01,1,1,True,1.0,1.0,high,METEOSWISS_SMN_DAILY_SELECTED,False,False,06:00_UTC_to_06:00_UTC_next_day,14.577419354838709,9.958064516129031,20.0,0.7440860215053746,0.0,67.5,-18.625,0.783744557329463,0.2903225806451613
espace_dent_blanche,Espace Dent Blanche,2019-08-01,1,1,True,1.0,1.0,high,METEOSWISS_SMN_DAILY_SELECTED,False,False,06:00_UTC_to_06:00_UTC_next_day,13.741935483870968,9.635483870967741,18.87741935483871,0.31836228287841273,0.0,64.2,-14.453846153846158,0.8162347188264059,0.3225806451612903
espace_dent_blanche,Espace Dent Blanche,2019-09-01,1,1,True,1.0,1.0,high,METEOSWISS_SMN_DAILY_SELECTED,False,False,06:00_UTC_to_06:00_UTC_next_day,10.346666666666666,6.613333333333333,15.16,0.6197435897435888,0.0,15.699999999999998,-33.16153846153847,0.32131612090680095,0.1
espace_dent_blanche,Espace Dent Blanche,2019-10-01,1,1,True,1.0,1.0,high,METEOSWISS_SMN_DAILY_SELECTED,False,False,06:00_UTC_to_06:00_UTC_next_day,7.961290322580646,4.422580645161291,12.316129032258065,1.2064516129032263,0.06451612903225806,70.7,12.54615384615385,1.2157407407407408,0.3225806451612903
espace_dent_blanche,Espace Dent Blanche,2019-11-01,1,1,True,1.0,1.0,high,METEOSWISS_SMN_DAILY_SELECTED,False,False,06:00_UTC_to_06:00_UTC_next_day,-0.33999999999999997,-2.746666666666667,2.6733333333333333,-1.922051282051282,0.8,69.3,11.861538461538458,1.2065086380072318,0.4
espace_dent_blanche,Espace Dent Blanche,2019-12-01,1,1,True,1.0,1.0,high,METEOSWISS_SMN_DAILY_SELECTED,False,False,06:00_UTC_to_06:00_UTC_next_day,0.5161290322580645,-2.370967741935484,3.761290322580645,0.49379652605459057,0.6774193548387096,78.2,21.192307692307693,1.3717447038186479,0.41935483870967744
espace_dent_blanche,Espace Dent Blanche,2020-01-01,1,1,True,1.0,1.0,high,METEOSWISS_SMN_DAILY_SELECTED,False,False,06:00_UTC_to_06:00_UTC_next_day,0.27419354838709675,-2.9161290322580644,3.5161290322580645,2.5248138957816373,0.8709677419354839,21.3,-36.37692307692308,0.3692984795945586,0.12903225806451613
espace_dent_blanche,Espace Dent Blanche,2020-02-01,1,1,True,1.0,1.0,high,METEOSWISS_SMN_DAILY_SELECTED,False,False,06:00_UTC_to_06:00_UTC_next_day,0.7655172413793103,-2.886206896551724,4.86551724137931,2.1484653277756722,0.7586206896551724,86.0,46.76923076923077,2.192156862745098,0.3448275862068966
espace_dent_blanche,Espace Dent Blanche,2020-03-01,1,1,True,1.0,1.0,high,METEOSWISS_SMN_DAILY_SELECTED,False,False,06:00_UTC_to_06:00_UTC_next_day,0.503225806451613,-3.012903225806452,4.803225806451613,-0.05434243176178655,0.7096774193548387,55.900000000000006,8.61538461538462,1.1822027005043112,0.25806451612903225
espace_dent_blanche,Espace Dent Blanche,2020-04-01,1,1,True,1.0,1.0,high,METEOSWISS_SMN_DAILY_SELECTED,False,False,06:00_UTC_to_06:00_UTC_next_day,6.3566666666666665,2.256666666666667,11.53,2.536410256410256,0.13333333333333333,26.6,-24.81538461538461,0.5173548773189708,0.13333333333333333
espace_dent_blanche,Espace Dent Blanche,2020-05-01,1,1,True,1.0,1.0,high,METEOSWISS_SMN_DAILY_SELECTED,False,False,06:00_UTC_to_06:00_UTC_next_day,8.44516129032258,4.193548387096774,13.59032258064516,1.873200992555831,0.0967741935483871,72.0,-19.56153846153846,0.7863563807443502,0.3225806451612903
espace_dent_blanche,Espace Dent Blanche,2020-06-01,1,1,True,1.0,1.0,high,METEOSWISS_SMN_DAILY_SELECTED,False,False,06:00_UTC_to_06:00_UTC_next_day,9.616666666666667,5.7733333333333325,14.466666666666667,-2.267435897435897,0.0,142.1,63.45384615384614,1.8068270735524254,0.4666666666666667
espace_dent_blanche,Espace Dent Blanche,2020-07-01,1,1,True,1.0,1.0,high,METEOSWISS_SMN_DAILY_SELECTED,False,False,06:00_UTC_to_06:00_UTC_next_day,13.829032258064515,9.019354838709678,19.206451612903226,-0.004301075268818622,0.0,43.1,-43.025,0.5004354136429608,0.25806451612903225
espace_dent_blanche,Espace Dent Blanche,2020-08-01,1,1,True,1.0,1.0,high,METEOSWISS_SMN_DAILY_SELECTED,False,False,06:00_UTC_to_06:00_UTC_next_day,13.348387096774195,9.212903225806452,18.348387096774193,-0.07518610421836058,0.03225806451612903,124.7,46.04615384615384,1.5854278728606357,0.3548387096774194
espace_dent_blanche,Espace Dent Blanche,2020-09-01,1,1,True,1.0,1.0,high,METEOSWISS_SMN_DAILY_SELECTED,False,False,06:00_UTC_to_06:00_UTC_next_day,10.086666666666668,6.5633333333333335,14.716666666666667,0.3597435897435908,0.13333333333333333,49.699999999999996,0.8384615384615302,1.0171599496221662,0.23333333333333334
espace_dent_blanche,Espace Dent Blanche,2020-10-01,1,1,True,1.0,1.0,high,METEOSWISS_SMN_DAILY_SELECTED,False,False,06:00_UTC_to_06:00_UTC_next_day,3.729032258064516,0.7000000000000001,7.919354838709677,-3.0258064516129033,0.3870967741935484,93.69999999999999,35.546153846153835,1.6112433862433861,0.3225806451612903
espace_dent_blanche,Espace Dent Blanche,2020-11-01,1,1,True,1.0,1.0,high,METEOSWISS_SMN_DAILY_SELECTED,False,False,06:00_UTC_to_06:00_UTC_next_day,4.286666666666666,0.8666666666666667,8.526666666666667,2.7046153846153844,0.4,3.8999999999999995,-53.53846153846154,0.0678987545198875,0.06666666666666667
espace_dent_blanche,Espace Dent Blanche,2020-12-01,1,1,True,1.0,1.0,high,METEOSWISS_SMN_DAILY_SELECTED,False,False,06:00_UTC_to_06:00_UTC_next_day,-2.648387096774193,-5.096774193548387,0.34516129032258064,-2.670719602977667,0.9032258064516129,38.900000000000006,-18.107692307692304,0.6823640534340846,0.2903225806451613
espace_dent_blanche,Espace Dent Blanche,2021-01-01,1,1,True,1.0,1.0,high,METEOSWISS_SMN_DAILY_SELECTED,False,False,06:00_UTC_to_06:00_UTC_next_day,-4.95483870967742,-7.583870967741936,-2.161290322580645,-2.704218362282879,1.0,69.79999999999998,12.123076923076908,1.2101893838356892,0.3548387096774194
espace_dent_blanche,Espace Dent Blanche,2021-02-01,1,1,True,1.0,1.0,high,METEOSWISS_SMN_DAILY_SELECTED,False,False,06:00_UTC_to_06:00_UTC_next_day,0.9392857142857143,-2.4499999999999997,4.682142857142857,2.3222338006820764,0.6071428571428571,17.2,-22.030769230769234,0.43843137254901954,0.17857142857142858
espace_dent_blanche,Espace Dent Blanche,2021-03-01,1,1,True,1.0,1.0,high,METEOSWISS_SMN_DAILY_SELECTED,False,False,06:00_UTC_to_06:00_UTC_next_day,-0.11612903225806451,-3.7064516129032254,4.33225806451613,-0.673697270471464,0.8387096774193549,31.599999999999998,-15.684615384615388,0.668293476492598,0.1935483870967742
espace_dent_blanche,Espace Dent Blanche,2021-04-01,1,1,True,1.0,1.0,high,METEOSWISS_SMN_DAILY_SELECTED,False,False,06:00_UTC_to_06:00_UTC_next_day,1.6066666666666665,-2.3333333333333335,6.79,-2.213589743589744,0.6666666666666666,23.0,-28.41538461538461,0.4473369239976063,0.23333333333333334
espace_dent_blanche,Espace Dent Blanche,2021-05-01,1,1,True,1.0,1.0,high,METEOSWISS_SMN_DAILY_SELECTED,False,False,06:00_UTC_to_06:00_UTC_next_day,4.164516129032258,0.18064516129032254,8.819354838709677,-2.407444168734492,0.7096774193548387,129.8,38.23846153846155,1.4176258086196758,0.41935483870967744
espace_dent_blanche,Espace Dent Blanche,2021-06-01,1,1,True,1.0,1.0,high,METEOSWISS_SMN_DAILY_SELECTED,False,False,06:00_UTC_to_06:00_UTC_next_day,12.26,7.8133333333333335,17.61,0.37589743589743563,0.0,54.1,-24.54615384615385,0.6878912363067292,0.26666666666666666
espace_dent_blanche,Espace Dent Blanche,2021-07-01,1,1,True,1.0,1.0,high,METEOSWISS_SMN_DAILY_SELECTED,False,False,06:00_UTC_to_06:00_UTC_next_day,12.006451612903225,7.987096774193549,16.825806451612905,-1.8268817204301087,0.0,145.99999999999997,59.87499999999997,1.6952104499274308,0.5161290322580645
espace_dent_blanche,Espace Dent Blanche,2021-08-01,1,1,True,1.0,1.0,high,METEOSWISS_SMN_DAILY_SELECTED,False,False,06:00_UTC_to_06:00_UTC_next_day,11.783870967741937,7.577419354838709,16.712903225806453,-1.6397022332506186,0.0,39.6,-39.05384615384616,0.5034718826405867,0.25806451612903225
espace_dent_blanche,Espace Dent Blanche,2021-09-01,1,1,True,1.0,1.0,high,METEOSWISS_SMN_DAILY_SELECTED,False,False,06:00_UTC_to_06:00_UTC_next_day,10.453333333333335,6.83,15.013333333333332,0.7264102564102579,0.03333333333333333,63.300000000000004,14.438461538461539,1.2954974811083124,0.3
espace_dent_blanche,Espace Dent Blanche,2021-10-01,1,1,True,1.0,1.0,high,METEOSWISS_SMN_DAILY_SELECTED,False,False,06:00_UTC_to_06:00_UTC_next_day,5.593548387096774,1.974193548387097,10.40967741935484,-1.161290322580645,0.1935483870967742,25.5,-32.65384615384615,0.4384920634920635,0.12903225806451613
espace_dent_blanche,Espace Dent Blanche,2021-11-01,1,1,True,1.0,1.0,high,METEOSWISS_SMN_DAILY_SELECTED,False,False,06:00_UTC_to_06:00_UTC_next_day,0.7433333333333334,-2.353333333333333,4.61,-0.8387179487179486,0.7666666666666667,28.000000000000004,-29.438461538461535,0.4874782375786796,0.16666666666666666
espace_dent_blanche,Espace Dent Blanche,2021-12-01,1,1,True,1.0,1.0,high,METEOSWISS_SMN_DAILY_SELECTED,False,False,06:00_UTC_to_06:00_UTC_next_day,-0.13870967741935486,-2.990322580645161,2.9612903225806453,-0.1610421836228288,0.7096774193548387,78.19999999999999,21.19230769230768,1.3717447038186477,0.3225806451612903
espace_dent_blanche,Espace Dent Blanche,2022-01-01,1,1,True,1.0,1.0,high,METEOSWISS_SMN_DAILY_SELECTED,False,False,06:00_UTC_to_06:00_UTC_next_day,-0.4354838709677419,-3.629032258064516,3.458064516129032,1.8151364764267988,0.7741935483870968,14.5,-43.176923076923075,0.25140037343291544,0.16129032258064516
espace_dent_blanche,Espace Dent Blanche,2022-02-01,1,1,True,1.0,1.0,high,METEOSWISS_SMN_DAILY_SELECTED,False,False,06:00_UTC_to_06:00_UTC_next_day,-0.6535714285714285,-4.057142857142857,3.4035714285714285,0.7293766578249337,0.8571428571428571,41.89999999999999,2.669230769230758,1.0680392156862741,0.2857142857142857
espace_dent_blanche,Espace Dent Blanche,2022-03-01,1,1,True,1.0,1.0,high,METEOSWISS_SMN_DAILY_SELECTED,False,False,06:00_UTC_to_06:00_UTC_next_day,1.467741935483871,-2.3,6.535483870967742,0.9101736972704715,0.7741935483870968,5.2,-42.08461538461538,0.10997234423295917,0.06451612903225806
espace_dent_blanche,Espace Dent Blanche,2022-04-01,1,1,True,1.0,1.0,high,METEOSWISS_SMN_DAILY_SELECTED,False,False,06:00_UTC_to_06:00_UTC_next_day,3.353333333333333,-0.8533333333333334,8.416666666666666,-0.4669230769230772,0.4666666666666667,38.8,-12.615384615384613,0.7546379413524835,0.26666666666666666
espace_dent_blanche,Espace Dent Blanche,2022-05-01,1,1,True,1.0,1.0,high,METEOSWISS_SMN_DAILY_SELECTED,False,False,06:00_UTC_to_06:00_UTC_next_day,9.787096774193548,5.619354838709677,14.748387096774193,3.2151364764267987,0.03225806451612903,53.7,-37.86153846153846,0.5864908006384946,0.45161290322580644
espace_dent_blanche,Espace Dent Blanche,2022-06-01,1,1,True,1.0,1.0,high,METEOSWISS_SMN_DAILY_SELECTED,False,False,06:00_UTC_to_06:00_UTC_next_day,13.686666666666667,8.770000000000001,19.303333333333335,1.8025641025641033,0.0,82.1,3.4538461538461434,1.0439162754303597,0.43333333333333335
espace_dent_blanche,Espace Dent Blanche,2022-07-01,1,1,True,1.0,1.0,high,METEOSWISS_SMN_DAILY_SELECTED,False,False,06:00_UTC_to_06:00_UTC_next_day,15.748387096774193,10.72258064516129,21.719354838709677,1.9150537634408593,0.0,35.4,-50.725,0.4110304789550072,0.1935483870967742
espace_dent_blanche,Espace Dent Blanche,2022-08-01,1,1,True,1.0,1.0,high,METEOSWISS_SMN_DAILY_SELECTED,False,False,06:00_UTC_to_06:00_UTC_next_day,14.812903225806451,10.319354838709677,20.325806451612905,1.389330024813896,0.0,45.900000000000006,-32.753846153846155,0.5835696821515892,0.22580645161290322
espace_dent_blanche,Espace Dent Blanche,2022-09-01,1,1,True,1.0,1.0,high,METEOSWISS_SMN_DAILY_SELECTED,False,False,06:00_UTC_to_06:00_UTC_next_day,8.923333333333334,5.183333333333334,13.966666666666667,-0.8035897435897432,0.06666666666666667,51.8,2.9384615384615316,1.060138539042821,0.36666666666666664
espace_dent_blanche,Espace Dent Blanche,2022-10-01,1,1,True,1.0,1.0,high,METEOSWISS_SMN_DAILY_SELECTED,False,False,06:00_UTC_to_06:00_UTC_next_day,9.848387096774195,6.593548387096774,14.3,3.0935483870967753,0.0,70.9,12.746153846153852,1.2191798941798944,0.2903225806451613
espace_dent_blanche,Espace Dent Blanche,2022-11-01,1,1,True,1.0,1.0,high,METEOSWISS_SMN_DAILY_SELECTED,False,False,06:00_UTC_to_06:00_UTC_next_day,1.8433333333333333,-1.0599999999999998,5.35,0.2612820512820513,0.6333333333333333,46.7,-10.738461538461536,0.8130440605330119,0.4666666666666667
espace_dent_blanche,Espace Dent Blanche,2022-12-01,1,1,True,1.0,1.0,high,METEOSWISS_SMN_DAILY_SELECTED,False,False,06:00_UTC_to_06:00_UTC_next_day,-0.2580645161290322,-3.070967741935484,3.2580645161290325,-0.28039702233250613,0.7096774193548387,70.29999999999998,13.292307692307674,1.233166914046687,0.25806451612903225
espace_dent_blanche,Espace Dent Blanche,2023-01-01,1,1,True,1.0,1.0,high,METEOSWISS_SMN_DAILY_SELECTED,False,False,06:00_UTC_to_06:00_UTC_next_day,-3.2225806451612904,-6.287096774193548,0.3935483870967743,-0.9719602977667496,0.8709677419354839,35.6,-22.076923076923073,0.6172312616697787,0.22580645161290322
espace_dent_blanche,Espace Dent Blanche,2023-02-01,1,1,True,1.0,1.0,high,METEOSWISS_SMN_DAILY_SELECTED,False,False,06:00_UTC_to_06:00_UTC_next_day,0.35000000000000003,-3.0107142857142857,4.7250000000000005,1.7329480863963622,0.6785714285714286,6.000000000000001,-33.23076923076923,0.15294117647058825,0.07142857142857142
espace_dent_blanche,Espace Dent Blanche,2023-03-01,1,1,True,1.0,1.0,high,METEOSWISS_SMN_DAILY_SELECTED,False,False,06:00_UTC_to_06:00_UTC_next_day,1.270967741935484,-2.5354838709677416,5.880645161290323,0.7133995037220844,0.8064516129032258,120.4,73.11538461538461,2.5462827395477468,0.41935483870967744
espace_dent_blanche,Espace Dent Blanche,2023-04-01,1,1,True,1.0,1.0,high,METEOSWISS_SMN_DAILY_SELECTED,False,False,06:00_UTC_to_06:00_UTC_next_day,2.1033333333333335,-1.6633333333333333,6.736666666666666,-1.7169230769230768,0.7333333333333333,64.7,13.284615384615392,1.2583782166367445,0.36666666666666664
espace_dent_blanche,Espace Dent Blanche,2023-05-01,1,1,True,1.0,1.0,high,METEOSWISS_SMN_DAILY_SELECTED,False,False,06:00_UTC_to_06:00_UTC_next_day,7.377419354838709,3.7838709677419353,12.074193548387097,0.8054590570719595,0.03225806451612903,89.80000000000001,-1.76153846153845,0.9807611526505924,0.41935483870967744
espace_dent_blanche,Espace Dent Blanche,2023-06-01,1,1,True,1.0,1.0,high,METEOSWISS_SMN_DAILY_SELECTED,False,False,06:00_UTC_to_06:00_UTC_next_day,12.626666666666667,8.296666666666667,18.07,0.7425641025641028,0.0,84.6,5.953846153846143,1.0757042253521125,0.3333333333333333
espace_dent_blanche,Espace Dent Blanche,2023-07-01,1,1,True,1.0,1.0,high,METEOSWISS_SMN_DAILY_SELECTED,False,False,06:00_UTC_to_06:00_UTC_next_day,14.36774193548387,9.506451612903225,19.92258064516129,0.5344086021505365,0.0,73.39999999999999,-12.725000000000009,0.8522496371552974,0.2903225806451613
espace_dent_blanche,Espace Dent Blanche,2023-08-01,1,1,True,1.0,1.0,high,METEOSWISS_SMN_DAILY_SELECTED,False,False,06:00_UTC_to_06:00_UTC_next_day,13.990322580645161,9.85483870967742,19.138709677419353,0.566749379652606,0.0,112.2,33.54615384615384,1.4265036674816625,0.3548387096774194
espace_dent_blanche,Espace Dent Blanche,2023-09-01,1,1,True,1.0,1.0,high,METEOSWISS_SMN_DAILY_SELECTED,False,False,06:00_UTC_to_06:00_UTC_next_day,12.8,8.826666666666666,17.93,3.0730769230769237,0.0,50.400000000000006,1.53846153846154,1.0314861460957179,0.2
espace_dent_blanche,Espace Dent Blanche,2023-10-01,1,1,True,1.0,1.0,high,METEOSWISS_SMN_DAILY_SELECTED,False,False,06:00_UTC_to_06:00_UTC_next_day,8.935483870967742,5.316129032258065,13.825806451612904,2.1806451612903226,0.06451612903225806,61.69999999999999,3.5461538461538353,1.0609788359788357,0.2903225806451613
espace_dent_blanche,Espace Dent Blanche,2023-11-01,1,1,True,1.0,1.0,high,METEOSWISS_SMN_DAILY_SELECTED,False,False,06:00_UTC_to_06:00_UTC_next_day,-0.03333333333333335,-3.2266666666666666,3.71,-1.6153846153846154,0.8666666666666667,129.10000000000002,71.66153846153848,2.2476228739788406,0.5333333333333333
espace_dent_blanche,Espace Dent Blanche,2023-12-01,1,1,True,1.0,1.0,high,METEOSWISS_SMN_DAILY_SELECTED,False,False,06:00_UTC_to_06:00_UTC_next_day,0.4096774193548387,-2.4419354838709677,3.5161290322580645,0.38734491315136477,0.6774193548387096,108.39999999999999,51.39230769230768,1.9014977735798135,0.3548387096774194
espace_dent_blanche,Espace Dent Blanche,2024-01-01,1,1,True,1.0,1.0,high,METEOSWISS_SMN_DAILY_SELECTED,False,False,06:00_UTC_to_06:00_UTC_next_day,-0.2032258064516128,-3.0903225806451613,3.1774193548387095,2.047394540942928,0.7419354838709677,53.400000000000006,-4.276923076923069,0.925846892504668,0.3225806451612903
espace_dent_blanche,Espace Dent Blanche,2024-02-01,1,1,True,1.0,1.0,high,METEOSWISS_SMN_DAILY_SELECTED,False,False,06:00_UTC_to_06:00_UTC_next_day,1.817241379310345,-1.3103448275862069,5.486206896551724,3.200189465706707,0.6551724137931034,31.599999999999998,-7.630769230769236,0.8054901960784313,0.1724137931034483
espace_dent_blanche,Espace Dent Blanche,2024-03-01,1,1,True,1.0,1.0,high,METEOSWISS_SMN_DAILY_SELECTED,False,False,06:00_UTC_to_06:00_UTC_next_day,1.5290322580645161,-2.225806451612903,5.906451612903226,0.9714640198511166,0.7419354838709677,93.7,46.41538461538462,1.9816170489669758,0.4838709677419355
espace_dent_blanche,Espace Dent Blanche,2024-04-01,1,1,True,1.0,1.0,high,METEOSWISS_SMN_DAILY_SELECTED,False,False,06:00_UTC_to_06:00_UTC_next_day,3.6,-0.5966666666666666,8.17,-0.22025641025641018,0.6,36.89999999999999,-14.515384615384619,0.7176840215439856,0.3
espace_dent_blanche,Espace Dent Blanche,2024-05-01,1,1,True,1.0,1.0,high,METEOSWISS_SMN_DAILY_SELECTED,False,False,06:00_UTC_to_06:00_UTC_next_day,6.348387096774194,2.890322580645161,10.922580645161291,-0.22357320099255595,0.12903225806451613,134.29999999999998,42.73846153846152,1.4667730824161973,0.5806451612903226
espace_dent_blanche,Espace Dent Blanche,2024-06-01,1,1,True,1.0,1.0,high,METEOSWISS_SMN_DAILY_SELECTED,False,False,06:00_UTC_to_06:00_UTC_next_day,10.94,7.086666666666667,15.729999999999999,-0.9441025641025647,0.0,95.1,16.453846153846143,1.209213615023474,0.43333333333333335
espace_dent_blanche,Espace Dent Blanche,2024-07-01,1,1,True,1.0,1.0,high,METEOSWISS_SMN_DAILY_SELECTED,False,False,06:00_UTC_to_06:00_UTC_next_day,14.435483870967742,10.087096774193547,19.693548387096776,0.6021505376344081,0.0,84.89999999999999,-1.2250000000000085,0.98577648766328,0.3225806451612903
espace_dent_blanche,Espace Dent Blanche,2024-08-01,1,1,True,1.0,1.0,high,METEOSWISS_SMN_DAILY_SELECTED,False,False,06:00_UTC_to_06:00_UTC_next_day,15.312903225806451,11.258064516129032,20.483870967741936,1.889330024813896,0.0,51.2,-27.453846153846158,0.6509535452322738,0.22580645161290322
espace_dent_blanche,Espace Dent Blanche,2024-09-01,1,1,True,1.0,1.0,high,METEOSWISS_SMN_DAILY_SELECTED,False,False,06:00_UTC_to_06:00_UTC_next_day,7.9366666666666665,4.496666666666667,12.533333333333333,-1.7902564102564105,0.2,97.39999999999999,48.538461538461526,1.993387909319899,0.4
espace_dent_blanche,Espace Dent Blanche,2024-10-01,1,1,True,1.0,1.0,high,METEOSWISS_SMN_DAILY_SELECTED,False,False,06:00_UTC_to_06:00_UTC_next_day,7.383870967741935,4.380645161290323,11.5,0.629032258064516,0.06451612903225806,84.6,26.44615384615384,1.4547619047619047,0.3225806451612903
espace_dent_blanche,Espace Dent Blanche,2024-11-01,1,1,True,1.0,1.0,high,METEOSWISS_SMN_DAILY_SELECTED,False,False,06:00_UTC_to_06:00_UTC_next_day,2.8800000000000003,-0.23,7.586666666666667,1.2979487179487184,0.4666666666666667,68.6,11.161538461538456,1.1943216820677647,0.23333333333333334
espace_dent_blanche,Espace Dent Blanche,2024-12-01,1,1,True,1.0,1.0,high,METEOSWISS_SMN_DAILY_SELECTED,False,False,06:00_UTC_to_06:00_UTC_next_day,-0.3709677419354839,-3.5677419354838706,2.8419354838709676,-0.3933002481389578,0.7419354838709677,68.7,11.692307692307693,1.2051005262447714,0.2903225806451613
espace_dent_blanche,Espace Dent Blanche,2025-01-01,1,1,True,1.0,1.0,high,METEOSWISS_SMN_DAILY_SELECTED,False,False,06:00_UTC_to_06:00_UTC_next_day,-0.8548387096774194,-3.9129032258064513,2.406451612903226,1.3957816377171213,0.9354838709677419,69.0,11.323076923076925,1.196319018404908,0.3225806451612903
espace_dent_blanche,Espace Dent Blanche,2025-02-01,1,1,True,1.0,1.0,high,METEOSWISS_SMN_DAILY_SELECTED,False,False,06:00_UTC_to_06:00_UTC_next_day,0.025000000000000005,-2.9,3.3892857142857147,1.407948086396362,0.8571428571428571,4.8999999999999995,-34.330769230769235,0.1249019607843137,0.07142857142857142
espace_dent_blanche,Espace Dent Blanche,2025-03-01,1,1,True,1.0,1.0,high,METEOSWISS_SMN_DAILY_SELECTED,False,False,06:00_UTC_to_06:00_UTC_next_day,1.3806451612903228,-2.229032258064516,6.483870967741935,0.8230769230769233,0.9354838709677419,14.599999999999998,-32.684615384615384,0.30876850496176994,0.16129032258064516
espace_dent_blanche,Espace Dent Blanche,2025-04-01,1,1,True,1.0,1.0,high,METEOSWISS_SMN_DAILY_SELECTED,False,False,06:00_UTC_to_06:00_UTC_next_day,5.37,1.25,10.729999999999999,1.5497435897435898,0.26666666666666666,125.69999999999997,74.28461538461536,2.4447935368043083,0.2
espace_dent_blanche,Espace Dent Blanche,2025-05-01,1,1,True,1.0,1.0,high,METEOSWISS_SMN_DAILY_SELECTED,False,False,06:00_UTC_to_06:00_UTC_next_day,7.119354838709677,3.4096774193548387,11.958064516129031,0.5473945409429275,0.03225806451612903,91.69999999999999,0.1384615384615273,1.0015122238091236,0.4838709677419355
espace_dent_blanche,Espace Dent Blanche,2025-06-01,1,1,True,1.0,1.0,high,METEOSWISS_SMN_DAILY_SELECTED,False,False,06:00_UTC_to_06:00_UTC_next_day,14.81,9.813333333333333,20.53666666666667,2.9258974358974363,0.0,59.3,-19.346153846153854,0.7540101721439749,0.4
espace_dent_blanche,Espace Dent Blanche,2025-07-01,1,1,True,1.0,1.0,high,METEOSWISS_SMN_DAILY_SELECTED,False,False,06:00_UTC_to_06:00_UTC_next_day,12.270967741935483,8.183870967741935,17.516129032258064,-1.5623655913978514,0.0,87.5,1.375,1.0159651669085632,0.45161290322580644
espace_dent_blanche,Espace Dent Blanche,2025-08-01,1,1,True,1.0,1.0,high,METEOSWISS_SMN_DAILY_SELECTED,False,False,06:00_UTC_to_06:00_UTC_next_day,14.464516129032257,10.096774193548388,20.070967741935487,1.0409429280397013,0.0,43.6,-35.05384615384616,0.5543276283618581,0.3225806451612903
espace_dent_blanche,Espace Dent Blanche,2025-09-01,1,1,True,1.0,1.0,high,METEOSWISS_SMN_DAILY_SELECTED,False,False,06:00_UTC_to_06:00_UTC_next_day,9.67,5.9399999999999995,14.863333333333333,-0.056923076923077076,0.0,58.70000000000001,9.838461538461544,1.201353904282116,0.3333333333333333
espace_dent_blanche,Espace Dent Blanche,2025-10-01,1,1,True,1.0,1.0,high,METEOSWISS_SMN_DAILY_SELECTED,False,False,06:00_UTC_to_06:00_UTC_next_day,5.52258064516129,1.7193548387096773,10.596774193548388,-1.2322580645161292,0.2903225806451613,59.8,1.6461538461538439,1.0283068783068783,0.25806451612903225
espace_dent_blanche,Espace Dent Blanche,2025-11-01,1,1,True,1.0,1.0,high,METEOSWISS_SMN_DAILY_SELECTED,False,False,06:00_UTC_to_06:00_UTC_next_day,1.3333333333333333,-2.216666666666667,5.21,-0.24871794871794872,0.6333333333333333,36.8,-20.63846153846154,0.6406856836748359,0.3
espace_dent_blanche,Espace Dent Blanche,2025-12-01,1,1,True,1.0,1.0,high,METEOSWISS_SMN_DAILY_SELECTED,False,False,06:00_UTC_to_06:00_UTC_next_day,1.4,-1.4903225806451614,5.003225806451613,1.377667493796526,0.6129032258064516,9.399999999999999,-47.60769230769231,0.16489002833625688,0.06451612903225806
espace_dent_blanche,Espace Dent Blanche,2026-01-01,1,1,True,1.0,1.0,high,METEOSWISS_SMN_DAILY_SELECTED,False,False,06:00_UTC_to_06:00_UTC_next_day,-3.0580645161290323,-5.932258064516129,0.3903225806451613,-0.8074441687344915,0.9354838709677419,21.4,-36.276923076923076,0.3710322752734062,0.0967741935483871
espace_dent_blanche,Espace Dent Blanche,2026-02-01,1,1,True,1.0,1.0,high,METEOSWISS_SMN_DAILY_SELECTED,False,False,06:00_UTC_to_06:00_UTC_next_day,-0.03928571428571426,-2.8,3.4142857142857146,1.3436623721106478,0.7857142857142857,60.4,21.169230769230765,1.5396078431372549,0.35714285714285715
espace_dent_blanche,Espace Dent Blanche,2026-03-01,1,1,True,1.0,1.0,high,METEOSWISS_SMN_DAILY_SELECTED,False,False,06:00_UTC_to_06:00_UTC_next_day,0.12580645161290327,-3.458064516129032,5.035483870967742,-0.43176178660049624,0.9032258064516129,45.300000000000004,-1.9846153846153811,0.9580283064909713,0.22580645161290322
les_pleiades,Les Pléiades,2013-01-01,1,1,True,1.0,1.0,high,METEOSWISS_SMN_DAILY_SELECTED,False,False,06:00_UTC_to_06:00_UTC_next_day,-3.2838709677419353,-6.116129032258065,-0.42903225806451617,-0.38486352357320097,0.8064516129032258,48.099999999999994,-30.75384615384617,0.6099892693395765,0.2903225806451613
les_pleiades,Les Pléiades,2013-02-01,1,1,True,1.0,1.0,high,METEOSWISS_SMN_DAILY_SELECTED,False,False,06:00_UTC_to_06:00_UTC_next_day,-8.092857142857143,-10.617857142857144,-5.321428571428571,-5.823815839333081,1.0,105.8,45.46153846153846,1.7534421213666496,0.4642857142857143
les_pleiades,Les Pléiades,2013-03-01,1,1,True,1.0,1.0,high,METEOSWISS_SMN_DAILY_SELECTED,False,False,06:00_UTC_to_06:00_UTC_next_day,-2.703225806451613,-4.67741935483871,-0.38387096774193546,-1.9985111662531017,0.8709677419354839,60.00000000000001,2.761538461538464,1.048246203467276,0.41935483870967744
les_pleiades,Les Pléiades,2013-04-01,1,1,True,1.0,1.0,high,METEOSWISS_SMN_DAILY_SELECTED,False,False,06:00_UTC_to_06:00_UTC_next_day,1.4666666666666666,-1.1533333333333333,4.3966666666666665,-0.32769230769230795,0.6666666666666666,104.10000000000001,30.51538461538462,1.414697888354589,0.26666666666666666
les_pleiades,Les Pléiades,2013-05-01,1,1,True,1.0,1.0,high,METEOSWISS_SMN_DAILY_SELECTED,False,False,06:00_UTC_to_06:00_UTC_next_day,1.1903225806451612,-1.1451612903225807,4.300000000000001,-3.259801488833747,0.6774193548387096,173.3,42.5,1.3249235474006116,0.6774193548387096
les_pleiades,Les Pléiades,2013-06-01,1,1,True,1.0,1.0,high,METEOSWISS_SMN_DAILY_SELECTED,False,False,06:00_UTC_to_06:00_UTC_next_day,7.236666666666666,4.473333333333333,10.879999999999999,-2.735897435897437,0.2,92.19999999999999,-19.66153846153847,0.824233255398157,0.3333333333333333
les_pleiades,Les Pléiades,2013-07-01,1,1,True,1.0,1.0,high,METEOSWISS_SMN_DAILY_SELECTED,False,False,06:00_UTC_to_06:00_UTC_next_day,12.225806451612904,9.55483870967742,15.929032258064517,0.5143920595533498,0.0,159.8,15.123076923076951,1.1045299872394727,0.2903225806451613
les_pleiades,Les Pléiades,2013-08-01,1,1,True,1.0,1.0,high,METEOSWISS_SMN_DAILY_SELECTED,False,False,06:00_UTC_to_06:00_UTC_next_day,10.635483870967741,7.887096774193548,14.254838709677419,-1.0349875930521097,0.0,85.6,-41.676923076923075,0.6725492566179136,0.1935483870967742
les_pleiades,Les Pléiades,2013-09-01,1,1,True,1.0,1.0,high,METEOSWISS_SMN_DAILY_SELECTED,False,False,06:00_UTC_to_06:00_UTC_next_day,8.096666666666668,5.46,11.316666666666666,-0.07589743589743492,0.13333333333333333,138.7,38.83846153846153,1.3889231243259899,0.5
les_pleiades,Les Pléiades,2013-10-01,1,1,True,1.0,1.0,high,METEOSWISS_SMN_DAILY_SELECTED,False,False,06:00_UTC_to_06:00_UTC_next_day,5.658064516129032,3.2516129032258063,8.577419354838709,-0.29826302729528553,0.1935483870967742,122.60000000000001,42.00769230769231,1.5212369953230886,0.4838709677419355
les_pleiades,Les Pléiades,2013-11-01,1,1,True,1.0,1.0,high,METEOSWISS_SMN_DAILY_SELECTED,False,False,06:00_UTC_to_06:00_UTC_next_day,-1.9,-4.67,1.0933333333333335,-2.8802564102564103,0.8,84.0,-1.8615384615384585,0.9783192976169146,0.5
les_pleiades,Les Pléiades,2013-12-01,1,1,True,1.0,1.0,high,METEOSWISS_SMN_DAILY_SELECTED,False,False,06:00_UTC_to_06:00_UTC_next_day,0.8290322580645161,-1.967741935483871,3.4096774193548387,1.1444168734491313,0.6774193548387096,59.1,-20.630769230769225,0.7412445730824893,0.1935483870967742
les_pleiades,Les Pléiades,2014-01-01,1,1,True,1.0,1.0,high,METEOSWISS_SMN_DAILY_SELECTED,False,False,06:00_UTC_to_06:00_UTC_next_day,-1.6419354838709677,-4.438709677419355,0.7806451612903227,1.2570719602977667,0.9032258064516129,50.400000000000006,-28.453846153846158,0.6391571553994733,0.3225806451612903
les_pleiades,Les Pléiades,2014-02-01,1,1,True,1.0,1.0,high,METEOSWISS_SMN_DAILY_SELECTED,False,False,06:00_UTC_to_06:00_UTC_next_day,-2.9499999999999997,-5.9678571428571425,0.4428571428571429,-0.6809586964759378,1.0,70.5,10.161538461538463,1.1684089750127487,0.35714285714285715
les_pleiades,Les Pléiades,2014-03-01,1,1,True,1.0,1.0,high,METEOSWISS_SMN_DAILY_SELECTED,False,False,06:00_UTC_to_06:00_UTC_next_day,0.4129032258064516,-2.361290322580645,3.5903225806451613,1.1176178660049627,0.6129032258064516,25.2,-32.03846153846155,0.4402634054562558,0.16129032258064516
les_pleiades,Les Pléiades,2014-04-01,1,1,True,1.0,1.0,high,METEOSWISS_SMN_DAILY_SELECTED,False,False,06:00_UTC_to_06:00_UTC_next_day,2.3699999999999997,-0.3633333333333333,6.1033333333333335,0.5756410256410252,0.5,108.4,34.815384615384616,1.4731340163077566,0.3333333333333333
les_pleiades,Les Pléiades,2014-05-01,1,1,True,1.0,1.0,high,METEOSWISS_SMN_DAILY_SELECTED,False,False,06:00_UTC_to_06:00_UTC_next_day,3.0258064516129033,0.49677419354838714,6.251612903225807,-1.4243176178660053,0.41935483870967744,109.60000000000001,-21.200000000000003,0.8379204892966361,0.5161290322580645
les_pleiades,Les Pléiades,2014-06-01,1,1,True,1.0,1.0,high,METEOSWISS_SMN_DAILY_SELECTED,False,False,06:00_UTC_to_06:00_UTC_next_day,9.323333333333332,6.373333333333333,13.433333333333334,-0.6492307692307708,0.0,78.80000000000001,-33.06153846153845,0.7044423050474489,0.36666666666666664
les_pleiades,Les Pléiades,2014-07-01,1,1,True,1.0,1.0,high,METEOSWISS_SMN_DAILY_SELECTED,False,False,06:00_UTC_to_06:00_UTC_next_day,9.419354838709678,6.890322580645161,12.629032258064516,-2.292059553349876,0.0,460.70000000000005,316.023076923077,3.1843364525733735,0.6451612903225806
les_pleiades,Les Pléiades,2014-08-01,1,1,True,1.0,1.0,high,METEOSWISS_SMN_DAILY_SELECTED,False,False,06:00_UTC_to_06:00_UTC_next_day,7.787096774193548,5.354838709677419,11.209677419354838,-3.8833746898263026,0.0,157.20000000000002,29.923076923076948,1.235102139489907,0.6129032258064516
les_pleiades,Les Pléiades,2014-09-01,1,1,True,1.0,1.0,high,METEOSWISS_SMN_DAILY_SELECTED,False,False,06:00_UTC_to_06:00_UTC_next_day,8.423333333333334,5.843333333333334,12.183333333333334,0.2507692307692313,0.06666666666666667,72.5,-27.36153846153846,0.7260052380218764,0.2
les_pleiades,Les Pléiades,2014-10-01,1,1,True,1.0,1.0,high,METEOSWISS_SMN_DAILY_SELECTED,False,False,06:00_UTC_to_06:00_UTC_next_day,6.967741935483871,4.351612903225806,10.412903225806453,1.011414392059553,0.0967741935483871,85.6,5.007692307692295,1.0621361076644076,0.3548387096774194
les_pleiades,Les Pléiades,2014-11-01,1,1,True,1.0,1.0,high,METEOSWISS_SMN_DAILY_SELECTED,False,False,06:00_UTC_to_06:00_UTC_next_day,3.8433333333333333,1.6700000000000002,6.53,2.863076923076923,0.43333333333333335,80.0,-5.8615384615384585,0.9317326643970615,0.26666666666666666
les_pleiades,Les Pléiades,2014-12-01,1,1,True,1.0,1.0,high,METEOSWISS_SMN_DAILY_SELECTED,False,False,06:00_UTC_to_06:00_UTC_next_day,-2.238709677419355,-5.04516129032258,0.38387096774193546,-1.9233250620347395,0.9032258064516129,47.400000000000006,-32.33076923076922,0.5945007235890015,0.3548387096774194
les_pleiades,Les Pléiades,2015-01-01,1,1,True,1.0,1.0,high,METEOSWISS_SMN_DAILY_SELECTED,False,False,06:00_UTC_to_06:00_UTC_next_day,-3.206451612903226,-6.17741935483871,-0.46774193548387094,-0.30744416873449154,0.967741935483871,94.60000000000001,15.746153846153845,1.1996878353331382,0.41935483870967744
les_pleiades,Les Pléiades,2015-02-01,1,1,True,1.0,1.0,high,METEOSWISS_SMN_DAILY_SELECTED,False,False,06:00_UTC_to_06:00_UTC_next_day,-4.371428571428571,-7.1000000000000005,-1.3214285714285714,-2.102387267904509,0.9642857142857143,57.6,-2.738461538461536,0.9546149923508415,0.2857142857142857
les_pleiades,Les Pléiades,2015-03-01,1,1,True,1.0,1.0,high,METEOSWISS_SMN_DAILY_SELECTED,False,False,06:00_UTC_to_06:00_UTC_next_day,-0.567741935483871,-3.009677419354839,1.9870967741935484,0.13697270471464007,0.7741935483870968,82.99999999999999,25.761538461538443,1.450073914796398,0.3548387096774194
les_pleiades,Les Pléiades,2015-04-01,1,1,True,1.0,1.0,high,METEOSWISS_SMN_DAILY_SELECTED,False,False,06:00_UTC_to_06:00_UTC_next_day,1.9933333333333332,-0.98,5.256666666666666,0.19897435897435867,0.5,69.1,-4.484615384615395,0.9390549864102027,0.3
les_pleiades,Les Pléiades,2015-05-01,1,1,True,1.0,1.0,high,METEOSWISS_SMN_DAILY_SELECTED,False,False,06:00_UTC_to_06:00_UTC_next_day,5.135483870967741,2.1,8.880645161290323,0.6853598014888327,0.3548387096774194,175.6,44.79999999999998,1.3425076452599387,0.41935483870967744
les_pleiades,Les Pléiades,2015-06-01,1,1,True,1.0,1.0,high,METEOSWISS_SMN_DAILY_SELECTED,False,False,06:00_UTC_to_06:00_UTC_next_day,9.91,7.066666666666666,13.76,-0.06256410256410305,0.0,112.5,0.6384615384615415,1.0057076055563197,0.3
les_pleiades,Les Pléiades,2015-07-01,1,1,True,1.0,1.0,high,METEOSWISS_SMN_DAILY_SELECTED,False,False,06:00_UTC_to_06:00_UTC_next_day,13.806451612903226,10.154838709677419,18.551612903225806,2.095037220843672,0.0,33.300000000000004,-111.37692307692305,0.23016801361122932,0.25806451612903225
les_pleiades,Les Pléiades,2015-08-01,1,1,True,1.0,1.0,high,METEOSWISS_SMN_DAILY_SELECTED,False,False,06:00_UTC_to_06:00_UTC_next_day,12.13225806451613,9.316129032258065,15.62258064516129,0.4617866004962785,0.0,147.7,20.42307692307692,1.1604617430194608,0.3548387096774194
les_pleiades,Les Pléiades,2015-09-01,1,1,True,1.0,1.0,high,METEOSWISS_SMN_DAILY_SELECTED,False,False,06:00_UTC_to_06:00_UTC_next_day,5.63,2.9466666666666668,9.596666666666666,-2.5425641025641026,0.2,132.9,33.03846153846155,1.3308427052842398,0.36666666666666664
les_pleiades,Les Pléiades,2015-10-01,1,1,True,1.0,1.0,high,METEOSWISS_SMN_DAILY_SELECTED,False,False,06:00_UTC_to_06:00_UTC_next_day,4.232258064516128,1.2161290322580647,7.964516129032258,-1.7240694789081896,0.41935483870967744,65.9,-14.692307692307693,0.8176959053164073,0.2903225806451613
les_pleiades,Les Pléiades,2015-11-01,1,1,True,1.0,1.0,high,METEOSWISS_SMN_DAILY_SELECTED,False,False,06:00_UTC_to_06:00_UTC_next_day,2.9033333333333333,0.18,5.873333333333333,1.9230769230769231,0.36666666666666664,67.1,-18.761538461538464,0.7814907722630352,0.3
les_pleiades,Les Pléiades,2015-12-01,1,1,True,1.0,1.0,high,METEOSWISS_SMN_DAILY_SELECTED,False,False,06:00_UTC_to_06:00_UTC_next_day,3.561290322580645,0.7967741935483871,6.351612903225806,3.8766749379652605,0.45161290322580644,19.7,-60.030769230769224,0.24708152436082972,0.16129032258064516
les_pleiades,Les Pléiades,2016-01-01,1,1,True,1.0,1.0,high,METEOSWISS_SMN_DAILY_SELECTED,False,False,06:00_UTC_to_06:00_UTC_next_day,-2.561290322580645,-4.745161290322581,-0.37741935483870964,0.3377171215880894,0.8709677419354839,90.50000000000001,11.646153846153851,1.1476929080089748,0.6129032258064516
les_pleiades,Les Pléiades,2016-02-01,1,1,True,1.0,1.0,high,METEOSWISS_SMN_DAILY_SELECTED,False,False,06:00_UTC_to_06:00_UTC_next_day,-2.927586206896552,-5.834482758620689,-0.1413793103448275,-0.6585449033724902,0.896551724137931,71.69999999999999,11.361538461538451,1.188296787353391,0.5862068965517241
les_pleiades,Les Pléiades,2016-03-01,1,1,True,1.0,1.0,high,METEOSWISS_SMN_DAILY_SELECTED,False,False,06:00_UTC_to_06:00_UTC_next_day,-3.051612903225806,-5.699999999999999,-0.2870967741935484,-2.346898263027295,0.9354838709677419,54.7,-2.53846153846154,0.9556511221609998,0.2903225806451613
les_pleiades,Les Pléiades,2016-04-01,1,1,True,1.0,1.0,high,METEOSWISS_SMN_DAILY_SELECTED,False,False,06:00_UTC_to_06:00_UTC_next_day,0.5233333333333333,-2.19,3.5900000000000003,-1.2710256410256413,0.6,126.4,52.815384615384616,1.7177503658791553,0.36666666666666664
les_pleiades,Les Pléiades,2016-05-01,1,1,True,1.0,1.0,high,METEOSWISS_SMN_DAILY_SELECTED,False,False,06:00_UTC_to_06:00_UTC_next_day,3.693548387096774,0.8935483870967743,6.690322580645161,-0.7565756823821346,0.41935483870967744,184.7,53.89999999999998,1.4120795107033637,0.4838709677419355
les_pleiades,Les Pléiades,2016-06-01,1,1,True,1.0,1.0,high,METEOSWISS_SMN_DAILY_SELECTED,False,False,06:00_UTC_to_06:00_UTC_next_day,7.453333333333333,5.213333333333334,10.34,-2.51923076923077,0.0,190.6,78.73846153846154,1.703892174391418,0.7333333333333333
les_pleiades,Les Pléiades,2016-07-01,1,1,True,1.0,1.0,high,METEOSWISS_SMN_DAILY_SELECTED,False,False,06:00_UTC_to_06:00_UTC_next_day,11.135483870967741,8.058064516129033,14.841935483870968,-0.5759305210918129,0.06451612903225806,155.7,11.023076923076928,1.0761909825606126,0.3225806451612903
les_pleiades,Les Pléiades,2016-08-01,1,1,True,1.0,1.0,high,METEOSWISS_SMN_DAILY_SELECTED,False,False,06:00_UTC_to_06:00_UTC_next_day,11.46774193548387,8.306451612903226,15.341935483870968,-0.20272952853598092,0.0,105.19999999999999,-22.07692307692308,0.8265441798622023,0.22580645161290322
les_pleiades,Les Pléiades,2016-09-01,1,1,True,1.0,1.0,high,METEOSWISS_SMN_DAILY_SELECTED,False,False,06:00_UTC_to_06:00_UTC_next_day,9.403333333333334,7.23,12.873333333333333,1.2307692307692317,0.0,65.3,-34.56153846153846,0.6539054074872901,0.26666666666666666
les_pleiades,Les Pléiades,2016-10-01,1,1,True,1.0,1.0,high,METEOSWISS_SMN_DAILY_SELECTED,False,False,06:00_UTC_to_06:00_UTC_next_day,3.7903225806451615,1.038709677419355,7.245161290322581,-2.1660049627791564,0.3870967741935484,82.4,1.8076923076923066,1.0224300849479813,0.3225806451612903
les_pleiades,Les Pléiades,2016-11-01,1,1,True,1.0,1.0,high,METEOSWISS_SMN_DAILY_SELECTED,False,False,06:00_UTC_to_06:00_UTC_next_day,0.3066666666666667,-2.2366666666666664,3.07,-0.6735897435897436,0.7,88.2,2.3384615384615444,1.0272352624977603,0.3333333333333333
les_pleiades,Les Pléiades,2016-12-01,1,1,True,1.0,1.0,high,METEOSWISS_SMN_DAILY_SELECTED,False,False,06:00_UTC_to_06:00_UTC_next_day,2.174193548387097,-0.31935483870967746,5.619354838709677,2.4895781637717125,0.6129032258064516,0.30000000000000004,-79.43076923076923,0.0037626628075253265,0.0
les_pleiades,Les Pléiades,2017-01-01,1,1,True,1.0,1.0,high,METEOSWISS_SMN_DAILY_SELECTED,False,False,06:00_UTC_to_06:00_UTC_next_day,-5.119354838709677,-7.790322580645161,-2.2806451612903227,-2.220347394540943,0.967741935483871,63.50000000000001,-15.353846153846156,0.8052872890449713,0.3548387096774194
les_pleiades,Les Pléiades,2017-02-01,1,1,True,1.0,1.0,high,METEOSWISS_SMN_DAILY_SELECTED,False,False,06:00_UTC_to_06:00_UTC_next_day,-0.9821428571428571,-3.442857142857143,1.6178571428571427,1.2868984463812048,0.7857142857142857,73.0,12.661538461538463,1.2098419173890873,0.32142857142857145
les_pleiades,Les Pléiades,2017-03-01,1,1,True,1.0,1.0,high,METEOSWISS_SMN_DAILY_SELECTED,False,False,06:00_UTC_to_06:00_UTC_next_day,1.6483870967741934,-1.3225806451612903,4.854838709677419,2.3531017369727043,0.5161290322580645,47.199999999999996,-10.038461538461547,0.8246203467275902,0.3225806451612903
les_pleiades,Les Pléiades,2017-04-01,1,1,True,1.0,1.0,high,METEOSWISS_SMN_DAILY_SELECTED,False,False,06:00_UTC_to_06:00_UTC_next_day,0.7433333333333334,-2.14,4.85,-1.051025641025641,0.6666666666666666,77.7,4.115384615384613,1.0559272423165378,0.3
les_pleiades,Les Pléiades,2017-05-01,1,1,True,1.0,1.0,high,METEOSWISS_SMN_DAILY_SELECTED,False,False,06:00_UTC_to_06:00_UTC_next_day,5.825806451612903,3.2129032258064516,9.887096774193548,1.375682382133994,0.3870967741935484,86.7,-44.10000000000001,0.6628440366972477,0.3870967741935484
les_pleiades,Les Pléiades,2017-06-01,1,1,True,1.0,1.0,high,METEOSWISS_SMN_DAILY_SELECTED,False,False,06:00_UTC_to_06:00_UTC_next_day,11.126666666666667,8.136666666666667,15.076666666666666,1.1541025641025637,0.06666666666666667,111.69999999999999,-0.16153846153846985,0.9985559070279191,0.43333333333333335
les_pleiades,Les Pléiades,2017-07-01,1,1,True,1.0,1.0,high,METEOSWISS_SMN_DAILY_SELECTED,False,False,06:00_UTC_to_06:00_UTC_next_day,11.058064516129033,8.170967741935485,14.758064516129032,-0.6533498759305214,0.0,121.39999999999998,-23.276923076923083,0.8391110165886856,0.3870967741935484
les_pleiades,Les Pléiades,2017-08-01,1,1,True,1.0,1.0,high,METEOSWISS_SMN_DAILY_SELECTED,False,False,06:00_UTC_to_06:00_UTC_next_day,12.219354838709679,9.270967741935483,16.02258064516129,0.5488833746898276,0.0,112.79999999999998,-14.476923076923086,0.8862564970385591,0.3225806451612903
les_pleiades,Les Pléiades,2017-09-01,1,1,True,1.0,1.0,high,METEOSWISS_SMN_DAILY_SELECTED,False,False,06:00_UTC_to_06:00_UTC_next_day,4.92,2.4299999999999997,8.453333333333333,-3.2525641025641026,0.23333333333333334,81.4,-18.461538461538453,0.8151286396549069,0.43333333333333335
les_pleiades,Les Pléiades,2017-10-01,1,1,True,1.0,1.0,high,METEOSWISS_SMN_DAILY_SELECTED,False,False,06:00_UTC_to_06:00_UTC_next_day,6.135483870967741,2.990322580645161,9.448387096774193,0.17915632754342337,0.3225806451612903,56.8,-23.792307692307702,0.7047819032165695,0.25806451612903225
les_pleiades,Les Pléiades,2017-11-01,1,1,True,1.0,1.0,high,METEOSWISS_SMN_DAILY_SELECTED,False,False,06:00_UTC_to_06:00_UTC_next_day,-1.3566666666666667,-4.056666666666667,1.59,-2.336923076923077,0.7333333333333333,110.20000000000002,24.33846153846156,1.2834617452069523,0.4
les_pleiades,Les Pléiades,2017-12-01,1,1,True,1.0,1.0,high,METEOSWISS_SMN_DAILY_SELECTED,False,False,06:00_UTC_to_06:00_UTC_next_day,-4.074193548387097,-7.106451612903226,-1.3419354838709678,-3.7588089330024816,0.9354838709677419,131.6,51.86923076923077,1.650554751567776,0.5806451612903226
les_pleiades,Les Pléiades,2018-01-01,1,1,True,1.0,1.0,high,METEOSWISS_SMN_DAILY_SELECTED,False,False,06:00_UTC_to_06:00_UTC_next_day,-1.367741935483871,-3.490322580645161,1.2354838709677418,1.5312655086848634,0.9032258064516129,128.0,49.14615384615384,1.6232562676812017,0.41935483870967744
les_pleiades,Les Pléiades,2018-02-01,1,1,True,1.0,1.0,high,METEOSWISS_SMN_DAILY_SELECTED,False,False,06:00_UTC_to_06:00_UTC_next_day,-7.625,-10.467857142857143,-4.7,-5.355958696475938,1.0,33.5,-26.838461538461537,0.5552014278429372,0.17857142857142858
les_pleiades,Les Pléiades,2018-03-01,1,1,True,1.0,1.0,high,METEOSWISS_SMN_DAILY_SELECTED,False,False,06:00_UTC_to_06:00_UTC_next_day,-2.8806451612903223,-4.993548387096775,-0.4741935483870967,-2.175930521091811,0.967741935483871,61.5,4.261538461538457,1.0744523585539578,0.5483870967741935
les_pleiades,Les Pléiades,2018-04-01,1,1,True,1.0,1.0,high,METEOSWISS_SMN_DAILY_SELECTED,False,False,06:00_UTC_to_06:00_UTC_next_day,4.996666666666667,1.95,8.343333333333334,3.2023076923076923,0.3333333333333333,20.0,-53.58461538461539,0.27179594396822077,0.26666666666666666
les_pleiades,Les Pléiades,2018-05-01,1,1,True,1.0,1.0,high,METEOSWISS_SMN_DAILY_SELECTED,False,False,06:00_UTC_to_06:00_UTC_next_day,6.290322580645161,3.664516129032258,9.906451612903227,1.8401985111662524,0.16129032258064516,120.0,-10.800000000000011,0.9174311926605504,0.6129032258064516
les_pleiades,Les Pléiades,2018-06-01,1,1,True,1.0,1.0,high,METEOSWISS_SMN_DAILY_SELECTED,False,False,06:00_UTC_to_06:00_UTC_next_day,9.393333333333334,6.496666666666667,13.403333333333334,-0.5792307692307688,0.0,125.5,13.638461538461542,1.1219227066428277,0.26666666666666666
les_pleiades,Les Pléiades,2018-07-01,1,1,True,1.0,1.0,high,METEOSWISS_SMN_DAILY_SELECTED,False,False,06:00_UTC_to_06:00_UTC_next_day,12.441935483870967,9.432258064516128,16.967741935483872,0.7305210918114131,0.0,95.6,-49.076923076923066,0.6607826456826883,0.2903225806451613
les_pleiades,Les Pléiades,2018-08-01,1,1,True,1.0,1.0,high,METEOSWISS_SMN_DAILY_SELECTED,False,False,06:00_UTC_to_06:00_UTC_next_day,12.138709677419355,9.096774193548388,16.280645161290323,0.4682382133995038,0.03225806451612903,70.1,-57.176923076923075,0.5507675571135018,0.3225806451612903
les_pleiades,Les Pléiades,2018-09-01,1,1,True,1.0,1.0,high,METEOSWISS_SMN_DAILY_SELECTED,False,False,06:00_UTC_to_06:00_UTC_next_day,9.753333333333334,6.58,14.163333333333332,1.5807692307692314,0.06666666666666667,60.6,-39.26153846153846,0.6068402403327685,0.16666666666666666
les_pleiades,Les Pléiades,2018-10-01,1,1,True,1.0,1.0,high,METEOSWISS_SMN_DAILY_SELECTED,False,False,06:00_UTC_to_06:00_UTC_next_day,6.896774193548388,4.016129032258065,11.041935483870969,0.9404466501240698,0.22580645161290322,39.3,-41.2923076923077,0.48763959148611236,0.16129032258064516
les_pleiades,Les Pléiades,2018-11-01,1,1,True,1.0,1.0,high,METEOSWISS_SMN_DAILY_SELECTED,False,False,06:00_UTC_to_06:00_UTC_next_day,1.7866666666666666,-0.7333333333333333,5.09,0.8064102564102564,0.5666666666666667,26.2,-59.661538461538456,0.3051424475900376,0.23333333333333334
les_pleiades,Les Pléiades,2018-12-01,1,1,True,1.0,1.0,high,METEOSWISS_SMN_DAILY_SELECTED,False,False,06:00_UTC_to_06:00_UTC_next_day,-1.096774193548387,-3.674193548387097,1.3451612903225807,-0.7813895781637716,0.9032258064516129,133.5,53.769230769230774,1.67438494934877,0.4838709677419355
les_pleiades,Les Pléiades,2019-01-01,1,1,True,1.0,1.0,high,METEOSWISS_SMN_DAILY_SELECTED,False,False,06:00_UTC_to_06:00_UTC_next_day,-6.719354838709678,-9.36774193548387,-3.916129032258065,-3.8203473945409434,1.0,85.40000000000002,6.546153846153857,1.083016291093552,0.41935483870967744
les_pleiades,Les Pléiades,2019-02-01,1,1,True,1.0,1.0,high,METEOSWISS_SMN_DAILY_SELECTED,False,False,06:00_UTC_to_06:00_UTC_next_day,0.8535714285714285,-2.05,3.6785714285714284,3.1226127320954906,0.6428571428571429,78.2,17.861538461538466,1.2960224375318716,0.17857142857142858
les_pleiades,Les Pléiades,2019-03-01,1,1,True,1.0,1.0,high,METEOSWISS_SMN_DAILY_SELECTED,False,False,06:00_UTC_to_06:00_UTC_next_day,-0.28387096774193543,-3.6516129032258067,3.2419354838709675,0.4208436724565756,0.8064516129032258,84.4,27.161538461538463,1.4745329928773014,0.41935483870967744
les_pleiades,Les Pléiades,2019-04-01,1,1,True,1.0,1.0,high,METEOSWISS_SMN_DAILY_SELECTED,False,False,06:00_UTC_to_06:00_UTC_next_day,0.8099999999999999,-2.05,4.26,-0.9843589743589746,0.7666666666666667,64.3,-9.284615384615392,0.8738239598578297,0.26666666666666666
les_pleiades,Les Pléiades,2019-05-01,1,1,True,1.0,1.0,high,METEOSWISS_SMN_DAILY_SELECTED,False,False,06:00_UTC_to_06:00_UTC_next_day,1.4483870967741934,-1.1290322580645162,4.535483870967742,-3.001736972704715,0.5483870967741935,192.70000000000002,61.900000000000006,1.4732415902140672,0.5806451612903226
les_pleiades,Les Pléiades,2019-06-01,1,1,True,1.0,1.0,high,METEOSWISS_SMN_DAILY_SELECTED,False,False,06:00_UTC_to_06:00_UTC_next_day,11.99,8.22,16.14,2.017435897435897,0.03333333333333333,82.5,-29.36153846153846,0.737518910741301,0.26666666666666666
les_pleiades,Les Pléiades,2019-07-01,1,1,True,1.0,1.0,high,METEOSWISS_SMN_DAILY_SELECTED,False,False,06:00_UTC_to_06:00_UTC_next_day,12.787096774193548,9.280645161290321,17.519354838709678,1.0756823821339943,0.0,109.99999999999999,-34.676923076923075,0.7603147596767333,0.1935483870967742
les_pleiades,Les Pléiades,2019-08-01,1,1,True,1.0,1.0,high,METEOSWISS_SMN_DAILY_SELECTED,False,False,06:00_UTC_to_06:00_UTC_next_day,12.26774193548387,9.006451612903225,16.548387096774192,0.5972704714640198,0.0,173.49999999999997,46.2230769230769,1.363169346065514,0.41935483870967744
les_pleiades,Les Pléiades,2019-09-01,1,1,True,1.0,1.0,high,METEOSWISS_SMN_DAILY_SELECTED,False,False,06:00_UTC_to_06:00_UTC_next_day,8.72,5.986666666666666,12.183333333333334,0.5474358974358982,0.06666666666666667,85.60000000000001,-14.26153846153845,0.8571868741334157,0.23333333333333334
les_pleiades,Les Pléiades,2019-10-01,1,1,True,1.0,1.0,high,METEOSWISS_SMN_DAILY_SELECTED,False,False,06:00_UTC_to_06:00_UTC_next_day,6.696774193548387,3.729032258064516,9.580645161290322,0.7404466501240687,0.22580645161290322,118.30000000000001,37.70769230769231,1.4678820272978907,0.5483870967741935
les_pleiades,Les Pléiades,2019-11-01,1,1,True,1.0,1.0,high,METEOSWISS_SMN_DAILY_SELECTED,False,False,06:00_UTC_to_06:00_UTC_next_day,-0.8866666666666667,-2.896666666666667,1.4466666666666668,-1.866923076923077,0.8,97.39999999999999,11.538461538461533,1.1343845189034223,0.4666666666666667
les_pleiades,Les Pléiades,2019-12-01,1,1,True,1.0,1.0,high,METEOSWISS_SMN_DAILY_SELECTED,False,False,06:00_UTC_to_06:00_UTC_next_day,0.27096774193548384,-2.47741935483871,3.141935483870968,0.5863523573200993,0.7096774193548387,104.30000000000001,24.569230769230785,1.3081524360829717,0.45161290322580644
les_pleiades,Les Pléiades,2020-01-01,1,1,True,1.0,1.0,high,METEOSWISS_SMN_DAILY_SELECTED,False,False,06:00_UTC_to_06:00_UTC_next_day,-0.12903225806451618,-2.793548387096774,2.4129032258064513,2.7699751861042183,0.7096774193548387,52.4,-26.453846153846165,0.6645205345819919,0.16129032258064516
les_pleiades,Les Pléiades,2020-02-01,1,1,True,1.0,1.0,high,METEOSWISS_SMN_DAILY_SELECTED,False,False,06:00_UTC_to_06:00_UTC_next_day,-0.7758620689655172,-3.6310344827586207,2.779310344827586,1.4931792345585446,0.7241379310344828,141.29999999999998,80.96153846153845,2.3417899031106577,0.4482758620689655
les_pleiades,Les Pléiades,2020-03-01,1,1,True,1.0,1.0,high,METEOSWISS_SMN_DAILY_SELECTED,False,False,06:00_UTC_to_06:00_UTC_next_day,-0.9870967741935485,-3.6870967741935483,2.4064516129032256,-0.2823821339950374,0.7096774193548387,75.0,17.761538461538457,1.3103077543340949,0.2903225806451613
les_pleiades,Les Pléiades,2020-04-01,1,1,True,1.0,1.0,high,METEOSWISS_SMN_DAILY_SELECTED,False,False,06:00_UTC_to_06:00_UTC_next_day,5.026666666666667,2.3133333333333335,9.24,3.2323076923076925,0.26666666666666666,37.5,-36.08461538461539,0.5096173949404139,0.2
les_pleiades,Les Pléiades,2020-05-01,1,1,True,1.0,1.0,high,METEOSWISS_SMN_DAILY_SELECTED,False,False,06:00_UTC_to_06:00_UTC_next_day,6.570967741935483,3.5999999999999996,10.770967741935483,2.1208436724565747,0.16129032258064516,71.5,-59.30000000000001,0.5466360856269112,0.25806451612903225
les_pleiades,Les Pléiades,2020-06-01,1,1,True,1.0,1.0,high,METEOSWISS_SMN_DAILY_SELECTED,False,False,06:00_UTC_to_06:00_UTC_next_day,7.626666666666667,5.21,11.146666666666667,-2.3458974358974363,0.0,160.1,48.238461538461536,1.431233667996149,0.6666666666666666
les_pleiades,Les Pléiades,2020-07-01,1,1,True,1.0,1.0,high,METEOSWISS_SMN_DAILY_SELECTED,False,False,06:00_UTC_to_06:00_UTC_next_day,11.587096774193547,8.183870967741935,15.583870967741936,-0.12431761786600681,0.0,83.4,-61.276923076923055,0.5764568268821779,0.3225806451612903
les_pleiades,Les Pléiades,2020-08-01,1,1,True,1.0,1.0,high,METEOSWISS_SMN_DAILY_SELECTED,False,False,06:00_UTC_to_06:00_UTC_next_day,11.851612903225806,8.583870967741936,15.819354838709678,0.18114143920595538,0.0,168.2,40.92307692307692,1.3215278617188444,0.41935483870967744
les_pleiades,Les Pléiades,2020-09-01,1,1,True,1.0,1.0,high,METEOSWISS_SMN_DAILY_SELECTED,False,False,06:00_UTC_to_06:00_UTC_next_day,9.013333333333332,6.45,12.47,0.8407692307692294,0.13333333333333333,55.7,-44.161538461538456,0.5577723001078416,0.2
les_pleiades,Les Pléiades,2020-10-01,1,1,True,1.0,1.0,high,METEOSWISS_SMN_DAILY_SELECTED,False,False,06:00_UTC_to_06:00_UTC_next_day,2.803225806451613,0.29354838709677417,5.683870967741935,-3.153101736972705,0.5161290322580645,110.5,29.9076923076923,1.371098596926601,0.3870967741935484
les_pleiades,Les Pléiades,2020-11-01,1,1,True,1.0,1.0,high,METEOSWISS_SMN_DAILY_SELECTED,False,False,06:00_UTC_to_06:00_UTC_next_day,4.073333333333333,1.13,7.596666666666667,3.0930769230769233,0.3333333333333333,32.5,-53.36153846153846,0.37851639491130623,0.16666666666666666
les_pleiades,Les Pléiades,2020-12-01,1,1,True,1.0,1.0,high,METEOSWISS_SMN_DAILY_SELECTED,False,False,06:00_UTC_to_06:00_UTC_next_day,-2.7225806451612904,-4.990322580645161,-0.14838709677419348,-2.4071960297766752,0.7741935483870968,66.49999999999999,-13.23076923076924,0.8340569223347803,0.3548387096774194
les_pleiades,Les Pléiades,2021-01-01,1,1,True,1.0,1.0,high,METEOSWISS_SMN_DAILY_SELECTED,False,False,06:00_UTC_to_06:00_UTC_next_day,-5.603225806451612,-7.829032258064516,-3.293548387096774,-2.704218362282878,1.0,128.3,49.44615384615385,1.6270607745585797,0.5483870967741935
les_pleiades,Les Pléiades,2021-02-01,1,1,True,1.0,1.0,high,METEOSWISS_SMN_DAILY_SELECTED,False,False,06:00_UTC_to_06:00_UTC_next_day,0.9464285714285714,-1.7357142857142858,3.5,3.2154698749526336,0.6428571428571429,23.9,-36.43846153846154,0.39609892911779704,0.21428571428571427
les_pleiades,Les Pléiades,2021-03-01,1,1,True,1.0,1.0,high,METEOSWISS_SMN_DAILY_SELECTED,False,False,06:00_UTC_to_06:00_UTC_next_day,-1.6064516129032258,-4.025806451612903,1.1161290322580646,-0.9017369727047148,0.8387096774193549,78.3,21.061538461538454,1.3679612955247948,0.2903225806451613
les_pleiades,Les Pléiades,2021-04-01,1,1,True,1.0,1.0,high,METEOSWISS_SMN_DAILY_SELECTED,False,False,06:00_UTC_to_06:00_UTC_next_day,-0.7899999999999999,-3.5733333333333333,2.45,-2.5843589743589743,0.7333333333333333,40.2,-33.38461538461539,0.5463098473761238,0.26666666666666666
les_pleiades,Les Pléiades,2021-05-01,1,1,True,1.0,1.0,high,METEOSWISS_SMN_DAILY_SELECTED,False,False,06:00_UTC_to_06:00_UTC_next_day,1.9225806451612903,-0.7677419354838709,4.838709677419355,-2.527543424317618,0.7741935483870968,149.79999999999998,18.99999999999997,1.1452599388379203,0.5483870967741935
les_pleiades,Les Pléiades,2021-06-01,1,1,True,1.0,1.0,high,METEOSWISS_SMN_DAILY_SELECTED,False,False,06:00_UTC_to_06:00_UTC_next_day,10.486666666666668,7.746666666666667,14.296666666666665,0.5141025641025649,0.0,168.29999999999998,56.438461538461524,1.504538577912254,0.4666666666666667
les_pleiades,Les Pléiades,2021-07-01,1,1,True,1.0,1.0,high,METEOSWISS_SMN_DAILY_SELECTED,False,False,06:00_UTC_to_06:00_UTC_next_day,9.861290322580645,7.148387096774194,13.387096774193548,-1.850124069478909,0.0,276.5,131.82307692307694,1.9111548277328798,0.4838709677419355
les_pleiades,Les Pléiades,2021-08-01,1,1,True,1.0,1.0,high,METEOSWISS_SMN_DAILY_SELECTED,False,False,06:00_UTC_to_06:00_UTC_next_day,9.219354838709679,6.658064516129032,12.496774193548386,-2.4511166253101724,0.0,121.30000000000001,-5.9769230769230575,0.953040009670011,0.2903225806451613
les_pleiades,Les Pléiades,2021-09-01,1,1,True,1.0,1.0,high,METEOSWISS_SMN_DAILY_SELECTED,False,False,06:00_UTC_to_06:00_UTC_next_day,9.313333333333333,6.9766666666666675,12.906666666666666,1.14076923076923,0.0,51.0,-48.86153846153846,0.51070713295332,0.3
les_pleiades,Les Pléiades,2021-10-01,1,1,True,1.0,1.0,high,METEOSWISS_SMN_DAILY_SELECTED,False,False,06:00_UTC_to_06:00_UTC_next_day,4.854838709677419,2.032258064516129,8.419354838709678,-1.1014888337468989,0.2903225806451613,44.0,-36.5923076923077,0.5459578123508637,0.25806451612903225
les_pleiades,Les Pléiades,2021-11-01,1,1,True,1.0,1.0,high,METEOSWISS_SMN_DAILY_SELECTED,False,False,06:00_UTC_to_06:00_UTC_next_day,0.26,-2.686666666666667,3.42,-0.7202564102564102,0.7,27.700000000000003,-58.161538461538456,0.32261243504748255,0.23333333333333334
les_pleiades,Les Pléiades,2021-12-01,1,1,True,1.0,1.0,high,METEOSWISS_SMN_DAILY_SELECTED,False,False,06:00_UTC_to_06:00_UTC_next_day,-0.36129032258064514,-2.7419354838709675,2.041935483870968,-0.045905707196029766,0.6451612903225806,83.59999999999997,3.8692307692307395,1.0485287023637238,0.3870967741935484
les_pleiades,Les Pléiades,2022-01-01,1,1,True,1.0,1.0,high,METEOSWISS_SMN_DAILY_SELECTED,False,False,06:00_UTC_to_06:00_UTC_next_day,-1.564516129032258,-4.629032258064516,1.464516129032258,1.3344913151364763,0.8387096774193549,32.4,-46.453846153846165,0.41088674275680415,0.1935483870967742
les_pleiades,Les Pléiades,2022-02-01,1,1,True,1.0,1.0,high,METEOSWISS_SMN_DAILY_SELECTED,False,False,06:00_UTC_to_06:00_UTC_next_day,-2.514285714285714,-5.196428571428571,0.43928571428571433,-0.24524441076165182,0.9642857142857143,56.2,-4.138461538461534,0.9314125446200918,0.39285714285714285
les_pleiades,Les Pléiades,2022-03-01,1,1,True,1.0,1.0,high,METEOSWISS_SMN_DAILY_SELECTED,False,False,06:00_UTC_to_06:00_UTC_next_day,0.5548387096774193,-1.932258064516129,3.870967741935484,1.2595533498759304,0.7419354838709677,13.9,-43.338461538461544,0.24284370380325224,0.03225806451612903
les_pleiades,Les Pléiades,2022-04-01,1,1,True,1.0,1.0,high,METEOSWISS_SMN_DAILY_SELECTED,False,False,06:00_UTC_to_06:00_UTC_next_day,1.2766666666666666,-1.23,4.586666666666667,-0.5176923076923079,0.5,65.5,-8.08461538461539,0.890131716495923,0.3333333333333333
les_pleiades,Les Pléiades,2022-05-01,1,1,True,1.0,1.0,high,METEOSWISS_SMN_DAILY_SELECTED,False,False,06:00_UTC_to_06:00_UTC_next_day,7.641935483870968,4.883870967741935,11.583870967741936,3.1918114143920597,0.06451612903225806,64.2,-66.60000000000001,0.4908256880733945,0.22580645161290322
les_pleiades,Les Pléiades,2022-06-01,1,1,True,1.0,1.0,high,METEOSWISS_SMN_DAILY_SELECTED,False,False,06:00_UTC_to_06:00_UTC_next_day,11.78,8.476666666666667,15.889999999999999,1.8074358974358962,0.0,92.5,-19.36153846153846,0.8269151423463073,0.43333333333333335
les_pleiades,Les Pléiades,2022-07-01,1,1,True,1.0,1.0,high,METEOSWISS_SMN_DAILY_SELECTED,False,False,06:00_UTC_to_06:00_UTC_next_day,13.529032258064515,10.058064516129033,18.26451612903226,1.8176178660049604,0.0,26.900000000000002,-117.77692307692305,0.18593151850276482,0.16129032258064516
les_pleiades,Les Pléiades,2022-08-01,1,1,True,1.0,1.0,high,METEOSWISS_SMN_DAILY_SELECTED,False,False,06:00_UTC_to_06:00_UTC_next_day,13.37741935483871,10.17741935483871,18.65806451612903,1.7069478908188582,0.0,123.69999999999999,-3.57692307692308,0.9718965308835972,0.25806451612903225
les_pleiades,Les Pléiades,2022-09-01,1,1,True,1.0,1.0,high,METEOSWISS_SMN_DAILY_SELECTED,False,False,06:00_UTC_to_06:00_UTC_next_day,6.656666666666666,3.9066666666666667,10.103333333333333,-1.5158974358974362,0.26666666666666666,177.70000000000002,77.83846153846156,1.7794638730549994,0.5666666666666667
les_pleiades,Les Pléiades,2022-10-01,1,1,True,1.0,1.0,high,METEOSWISS_SMN_DAILY_SELECTED,False,False,06:00_UTC_to_06:00_UTC_next_day,9.280645161290321,6.877419354838709,12.393548387096773,3.3243176178660034,0.0,75.3,-5.292307692307702,0.93433234704591,0.25806451612903225
les_pleiades,Les Pléiades,2022-11-01,1,1,True,1.0,1.0,high,METEOSWISS_SMN_DAILY_SELECTED,False,False,06:00_UTC_to_06:00_UTC_next_day,1.1766666666666665,-1.1333333333333333,3.8733333333333335,0.19641025641025633,0.5666666666666667,56.000000000000014,-29.861538461538444,0.6522128650779432,0.43333333333333335
les_pleiades,Les Pléiades,2022-12-01,1,1,True,1.0,1.0,high,METEOSWISS_SMN_DAILY_SELECTED,False,False,06:00_UTC_to_06:00_UTC_next_day,-0.7387096774193548,-3.174193548387097,1.2806451612903227,-0.4233250620347394,0.7741935483870968,76.3,-3.4307692307692292,0.9569705740472745,0.22580645161290322
les_pleiades,Les Pléiades,2023-01-01,1,1,True,1.0,1.0,high,METEOSWISS_SMN_DAILY_SELECTED,False,False,06:00_UTC_to_06:00_UTC_next_day,-3.935483870967742,-6.603225806451612,-1.1516129032258065,-1.0364764267990076,0.8709677419354839,71.10000000000001,-7.753846153846155,0.9016681299385426,0.3225806451612903
les_pleiades,Les Pléiades,2023-02-01,1,1,True,1.0,1.0,high,METEOSWISS_SMN_DAILY_SELECTED,False,False,06:00_UTC_to_06:00_UTC_next_day,-1.1321428571428571,-3.8249999999999997,1.875,1.1368984463812049,0.7142857142857143,15.299999999999999,-45.03846153846154,0.2535696073431922,0.10714285714285714
les_pleiades,Les Pléiades,2023-03-01,1,1,True,1.0,1.0,high,METEOSWISS_SMN_DAILY_SELECTED,False,False,06:00_UTC_to_06:00_UTC_next_day,-0.2161290322580645,-3.3774193548387097,2.935483870967742,0.48858560794044653,0.8387096774193549,85.5,28.261538461538457,1.493750839940868,0.41935483870967744
les_pleiades,Les Pléiades,2023-04-01,1,1,True,1.0,1.0,high,METEOSWISS_SMN_DAILY_SELECTED,False,False,06:00_UTC_to_06:00_UTC_next_day,-0.33999999999999997,-2.5933333333333333,2.283333333333333,-2.1343589743589746,0.7666666666666667,102.30000000000001,28.71538461538462,1.3902362533974493,0.4666666666666667
les_pleiades,Les Pléiades,2023-05-01,1,1,True,1.0,1.0,high,METEOSWISS_SMN_DAILY_SELECTED,False,False,06:00_UTC_to_06:00_UTC_next_day,5.448387096774193,3.0548387096774197,8.980645161290322,0.9982630272952848,0.2903225806451613,92.0,-38.80000000000001,0.7033639143730887,0.41935483870967744
les_pleiades,Les Pléiades,2023-06-01,1,1,True,1.0,1.0,high,METEOSWISS_SMN_DAILY_SELECTED,False,False,06:00_UTC_to_06:00_UTC_next_day,11.086666666666668,8.17,15.703333333333335,1.1141025641025646,0.0,61.699999999999996,-50.16153846153846,0.5515747490028882,0.26666666666666666
les_pleiades,Les Pléiades,2023-07-01,1,1,True,1.0,1.0,high,METEOSWISS_SMN_DAILY_SELECTED,False,False,06:00_UTC_to_06:00_UTC_next_day,11.890322580645162,8.380645161290323,15.754838709677419,0.17890818858560742,0.0,96.39999999999999,-48.27692307692307,0.6663122075712463,0.3870967741935484
les_pleiades,Les Pléiades,2023-08-01,1,1,True,1.0,1.0,high,METEOSWISS_SMN_DAILY_SELECTED,False,False,06:00_UTC_to_06:00_UTC_next_day,12.238709677419354,9.361290322580645,16.10322580645161,0.5682382133995034,0.03225806451612903,153.1,25.823076923076925,1.2028889157500302,0.2903225806451613
les_pleiades,Les Pléiades,2023-09-01,1,1,True,1.0,1.0,high,METEOSWISS_SMN_DAILY_SELECTED,False,False,06:00_UTC_to_06:00_UTC_next_day,11.983333333333333,9.233333333333333,15.83,3.81076923076923,0.06666666666666667,62.400000000000006,-37.46153846153845,0.6248651979664152,0.2
les_pleiades,Les Pléiades,2023-10-01,1,1,True,1.0,1.0,high,METEOSWISS_SMN_DAILY_SELECTED,False,False,06:00_UTC_to_06:00_UTC_next_day,8.180645161290322,5.529032258064516,11.635483870967741,2.224317617866004,0.16129032258064516,71.89999999999999,-8.692307692307708,0.8921446979097067,0.3548387096774194
les_pleiades,Les Pléiades,2023-11-01,1,1,True,1.0,1.0,high,METEOSWISS_SMN_DAILY_SELECTED,False,False,06:00_UTC_to_06:00_UTC_next_day,-1.2633333333333334,-3.8733333333333335,1.2666666666666666,-2.2435897435897436,0.9,165.99999999999997,80.13846153846151,1.9333452786239023,0.7
les_pleiades,Les Pléiades,2023-12-01,1,1,True,1.0,1.0,high,METEOSWISS_SMN_DAILY_SELECTED,False,False,06:00_UTC_to_06:00_UTC_next_day,-0.3806451612903226,-2.883870967741936,2.296774193548387,-0.06526054590570723,0.7419354838709677,181.1,101.36923076923077,2.2713941148094547,0.45161290322580644
les_pleiades,Les Pléiades,2024-01-01,1,1,True,1.0,1.0,high,METEOSWISS_SMN_DAILY_SELECTED,False,False,06:00_UTC_to_06:00_UTC_next_day,-1.1290322580645162,-3.6838709677419357,1.4258064516129034,1.7699751861042181,0.8387096774193549,122.50000000000001,43.64615384615385,1.5535069749292751,0.3548387096774194
les_pleiades,Les Pléiades,2024-02-01,1,1,True,1.0,1.0,high,METEOSWISS_SMN_DAILY_SELECTED,False,False,06:00_UTC_to_06:00_UTC_next_day,0.5344827586206896,-2.0310344827586206,3.1206896551724137,2.8035240621447515,0.7241379310344828,33.900000000000006,-26.43846153846153,0.5618306986231516,0.2413793103448276
les_pleiades,Les Pléiades,2024-03-01,1,1,True,1.0,1.0,high,METEOSWISS_SMN_DAILY_SELECTED,False,False,06:00_UTC_to_06:00_UTC_next_day,0.39999999999999997,-2.041935483870968,3.467741935483871,1.104714640198511,0.6129032258064516,55.3,-1.9384615384615458,0.9661335841956725,0.41935483870967744
les_pleiades,Les Pléiades,2024-04-01,1,1,True,1.0,1.0,high,METEOSWISS_SMN_DAILY_SELECTED,False,False,06:00_UTC_to_06:00_UTC_next_day,1.6366666666666667,-1.2266666666666668,4.95,-0.1576923076923078,0.6333333333333333,74.1,0.5153846153846047,1.007003972402258,0.4
les_pleiades,Les Pléiades,2024-05-01,1,1,True,1.0,1.0,high,METEOSWISS_SMN_DAILY_SELECTED,False,False,06:00_UTC_to_06:00_UTC_next_day,4.603225806451612,2.1129032258064515,8.112903225806452,0.15310173697270368,0.22580645161290322,138.2,7.399999999999977,1.0565749235474005,0.6129032258064516
les_pleiades,Les Pléiades,2024-06-01,1,1,True,1.0,1.0,high,METEOSWISS_SMN_DAILY_SELECTED,False,False,06:00_UTC_to_06:00_UTC_next_day,9.120000000000001,6.29,12.52,-0.8525641025641022,0.03333333333333333,106.3,-5.561538461538461,0.9502819419612157,0.4666666666666667
les_pleiades,Les Pléiades,2024-07-01,1,1,True,1.0,1.0,high,METEOSWISS_SMN_DAILY_SELECTED,False,False,06:00_UTC_to_06:00_UTC_next_day,12.329032258064515,9.370967741935484,16.25483870967742,0.6176178660049612,0.0,109.00000000000001,-35.676923076923046,0.7534028073160359,0.3548387096774194
les_pleiades,Les Pléiades,2024-08-01,1,1,True,1.0,1.0,high,METEOSWISS_SMN_DAILY_SELECTED,False,False,06:00_UTC_to_06:00_UTC_next_day,13.83548387096774,10.941935483870967,17.603225806451615,2.1650124069478895,0.0,92.10000000000001,-35.17692307692306,0.7236190015713769,0.3548387096774194
les_pleiades,Les Pléiades,2024-09-01,1,1,True,1.0,1.0,high,METEOSWISS_SMN_DAILY_SELECTED,False,False,06:00_UTC_to_06:00_UTC_next_day,6.58,3.993333333333333,9.74,-1.5925641025641024,0.23333333333333334,166.7,66.83846153846153,1.6693113541827145,0.4666666666666667
les_pleiades,Les Pléiades,2024-10-01,1,1,True,1.0,1.0,high,METEOSWISS_SMN_DAILY_SELECTED,False,False,06:00_UTC_to_06:00_UTC_next_day,7.0,4.819354838709677,10.22258064516129,1.043672456575682,0.12903225806451613,97.7,17.107692307692304,1.2122745060608953,0.3548387096774194
les_pleiades,Les Pléiades,2024-11-01,1,1,True,1.0,1.0,high,METEOSWISS_SMN_DAILY_SELECTED,False,False,06:00_UTC_to_06:00_UTC_next_day,2.8333333333333335,-0.17333333333333337,6.323333333333333,1.8530769230769233,0.5,58.5,-27.36153846153846,0.6813295108403512,0.2
les_pleiades,Les Pléiades,2024-12-01,1,1,True,1.0,1.0,high,METEOSWISS_SMN_DAILY_SELECTED,False,False,06:00_UTC_to_06:00_UTC_next_day,-0.8612903225806453,-3.6774193548387095,1.7354838709677418,-0.5459057071960299,0.7096774193548387,107.19999999999999,27.469230769230762,1.3445248432223829,0.3225806451612903
les_pleiades,Les Pléiades,2025-01-01,1,1,True,1.0,1.0,high,METEOSWISS_SMN_DAILY_SELECTED,False,False,06:00_UTC_to_06:00_UTC_next_day,-1.4258064516129034,-4.658064516129032,1.6064516129032258,1.473200992555831,0.9354838709677419,57.9,-20.953846153846165,0.7342698273339185,0.25806451612903225
les_pleiades,Les Pléiades,2025-02-01,1,1,True,1.0,1.0,high,METEOSWISS_SMN_DAILY_SELECTED,False,False,06:00_UTC_to_06:00_UTC_next_day,-0.4607142857142857,-2.7035714285714287,1.707142857142857,1.8083270178097763,0.8214285714285714,23.499999999999996,-36.838461538461544,0.3894696583375828,0.14285714285714285
les_pleiades,Les Pléiades,2025-03-01,1,1,True,1.0,1.0,high,METEOSWISS_SMN_DAILY_SELECTED,False,False,06:00_UTC_to_06:00_UTC_next_day,0.11935483870967742,-2.1838709677419357,3.4935483870967743,0.8240694789081885,0.7419354838709677,20.1,-37.13846153846154,0.35116247816153745,0.1935483870967742
les_pleiades,Les Pléiades,2025-04-01,1,1,True,1.0,1.0,high,METEOSWISS_SMN_DAILY_SELECTED,False,False,06:00_UTC_to_06:00_UTC_next_day,3.6133333333333337,0.9633333333333333,7.516666666666667,1.8189743589743592,0.4,67.00000000000001,-6.584615384615375,0.9105164122935397,0.26666666666666666
les_pleiades,Les Pléiades,2025-05-01,1,1,True,1.0,1.0,high,METEOSWISS_SMN_DAILY_SELECTED,False,False,06:00_UTC_to_06:00_UTC_next_day,5.054838709677419,2.3096774193548386,8.648387096774194,0.6047146401985106,0.25806451612903225,142.1,11.299999999999983,1.0863914373088683,0.4838709677419355
les_pleiades,Les Pléiades,2025-06-01,1,1,True,1.0,1.0,high,METEOSWISS_SMN_DAILY_SELECTED,False,False,06:00_UTC_to_06:00_UTC_next_day,13.110000000000001,10.01,17.033333333333335,3.137435897435898,0.0,71.5,-40.36153846153846,0.6391830559757943,0.2
les_pleiades,Les Pléiades,2025-07-01,1,1,True,1.0,1.0,high,METEOSWISS_SMN_DAILY_SELECTED,False,False,06:00_UTC_to_06:00_UTC_next_day,10.17741935483871,7.216129032258065,14.416129032258064,-1.5339950372208442,0.0,152.09999999999994,7.423076923076877,1.0513079540621009,0.4838709677419355
les_pleiades,Les Pléiades,2025-08-01,1,1,True,1.0,1.0,high,METEOSWISS_SMN_DAILY_SELECTED,False,False,06:00_UTC_to_06:00_UTC_next_day,12.54516129032258,9.387096774193548,16.719354838709677,0.8746898263027294,0.0,144.1,16.823076923076925,1.1321769611990813,0.3225806451612903
les_pleiades,Les Pléiades,2025-09-01,1,1,True,1.0,1.0,high,METEOSWISS_SMN_DAILY_SELECTED,False,False,06:00_UTC_to_06:00_UTC_next_day,7.75,5.23,11.023333333333333,-0.4225641025641025,0.13333333333333333,147.70000000000002,47.83846153846156,1.479047912494223,0.5
les_pleiades,Les Pléiades,2025-10-01,1,1,True,1.0,1.0,high,METEOSWISS_SMN_DAILY_SELECTED,False,False,06:00_UTC_to_06:00_UTC_next_day,4.935483870967742,2.203225806451613,8.212903225806452,-1.020843672456576,0.2903225806451613,77.39999999999999,-3.1923076923077076,0.9603894244535648,0.3548387096774194
les_pleiades,Les Pléiades,2025-11-01,1,1,True,1.0,1.0,high,METEOSWISS_SMN_DAILY_SELECTED,False,False,06:00_UTC_to_06:00_UTC_next_day,0.9666666666666666,-1.8299999999999998,3.8033333333333332,-0.01358974358974363,0.6,222.40000000000003,136.53846153846158,2.590216807023831,0.4666666666666667
les_pleiades,Les Pléiades,2025-12-01,1,1,True,1.0,1.0,high,METEOSWISS_SMN_DAILY_SELECTED,False,False,06:00_UTC_to_06:00_UTC_next_day,1.538709677419355,-0.7,4.158064516129032,1.8540942928039703,0.45161290322580644,25.9,-53.83076923076923,0.32484322238301977,0.0967741935483871
les_pleiades,Les Pléiades,2026-01-01,1,1,True,1.0,1.0,high,METEOSWISS_SMN_DAILY_SELECTED,False,False,06:00_UTC_to_06:00_UTC_next_day,-3.425806451612903,-5.951612903225806,-0.8838709677419355,-0.5267990074441689,0.9354838709677419,84.6,5.746153846153831,1.0728709394205442,0.22580645161290322
les_pleiades,Les Pléiades,2026-02-01,1,1,True,1.0,1.0,high,METEOSWISS_SMN_DAILY_SELECTED,False,False,06:00_UTC_to_06:00_UTC_next_day,-0.9642857142857143,-3.0,1.2714285714285716,1.3047555892383476,0.8214285714285714,96.69999999999999,36.36153846153845,1.602626211116777,0.39285714285714285
les_pleiades,Les Pléiades,2026-03-01,1,1,True,1.0,1.0,high,METEOSWISS_SMN_DAILY_SELECTED,False,False,06:00_UTC_to_06:00_UTC_next_day,-1.4064516129032256,-3.7580645161290325,1.5225806451612904,-0.7017369727047146,0.8064516129032258,87.5,30.261538461538457,1.5286923800564438,0.25806451612903225
meiringen_hasliberg,Meiringen-Hasliberg,2013-01-01,1,1,True,1.0,1.0,high,METEOSWISS_SMN_DAILY_SELECTED,False,False,06:00_UTC_to_06:00_UTC_next_day,-1.4967741935483871,-5.251612903225807,1.3774193548387097,-1.2042183622828784,0.967741935483871,76.10000000000001,-15.323076923076911,0.8323937736642828,0.3548387096774194
meiringen_hasliberg,Meiringen-Hasliberg,2013-02-01,1,1,True,1.0,1.0,high,METEOSWISS_SMN_DAILY_SELECTED,False,False,06:00_UTC_to_06:00_UTC_next_day,-2.682142857142857,-6.703571428571428,0.5214285714285714,-4.327444107616522,0.9642857142857143,77.80000000000001,15.62307692307693,1.25126809352963,0.42857142857142855
meiringen_hasliberg,Meiringen-Hasliberg,2013-03-01,1,1,True,1.0,1.0,high,METEOSWISS_SMN_DAILY_SELECTED,False,False,06:00_UTC_to_06:00_UTC_next_day,3.2870967741935484,-0.7709677419354839,7.5,-2.424069478908189,0.5483870967741935,42.0,-42.65384615384616,0.49613811903680144,0.3225806451612903
meiringen_hasliberg,Meiringen-Hasliberg,2013-04-01,1,1,True,1.0,1.0,high,METEOSWISS_SMN_DAILY_SELECTED,False,False,06:00_UTC_to_06:00_UTC_next_day,8.876666666666667,3.56,14.25,-0.744358974358974,0.2,68.39999999999999,-11.56923076923077,0.8553289726818006,0.3
meiringen_hasliberg,Meiringen-Hasliberg,2013-05-01,1,1,True,1.0,1.0,high,METEOSWISS_SMN_DAILY_SELECTED,False,False,06:00_UTC_to_06:00_UTC_next_day,10.66451612903226,6.377419354838709,15.36774193548387,-2.1677419354838694,0.0,193.2,56.65384615384616,1.4149062024674668,0.6451612903225806
meiringen_hasliberg,Meiringen-Hasliberg,2013-06-01,1,1,True,1.0,1.0,high,METEOSWISS_SMN_DAILY_SELECTED,False,False,06:00_UTC_to_06:00_UTC_next_day,15.643333333333334,10.426666666666668,20.69,-2.0733333333333306,0.0,111.60000000000001,-15.399999999999991,0.878740157480315,0.43333333333333335
meiringen_hasliberg,Meiringen-Hasliberg,2013-07-01,1,1,True,1.0,1.0,high,METEOSWISS_SMN_DAILY_SELECTED,False,False,06:00_UTC_to_06:00_UTC_next_day,19.53548387096774,13.161290322580646,25.932258064516127,0.565260545905705,0.0,68.7,-93.37692307692306,0.4238728049359279,0.25806451612903225
meiringen_hasliberg,Meiringen-Hasliberg,2013-08-01,1,1,True,1.0,1.0,high,METEOSWISS_SMN_DAILY_SELECTED,False,False,06:00_UTC_to_06:00_UTC_next_day,17.56451612903226,12.070967741935483,23.23225806451613,-0.5920595533498734,0.0,110.0,-50.61538461538461,0.6848659003831418,0.3548387096774194
meiringen_hasliberg,Meiringen-Hasliberg,2013-09-01,1,1,True,1.0,1.0,high,METEOSWISS_SMN_DAILY_SELECTED,False,False,06:00_UTC_to_06:00_UTC_next_day,14.103333333333333,9.256666666666666,19.216666666666665,-0.2282051282051274,0.0,108.39999999999999,8.869230769230768,1.0891104413014916,0.43333333333333335
meiringen_hasliberg,Meiringen-Hasliberg,2013-10-01,1,1,True,1.0,1.0,high,METEOSWISS_SMN_DAILY_SELECTED,False,False,06:00_UTC_to_06:00_UTC_next_day,10.964516129032257,7.187096774193548,15.470967741935485,0.8540942928039694,0.0,82.1,-7.592307692307699,0.9153516295025729,0.41935483870967744
meiringen_hasliberg,Meiringen-Hasliberg,2013-11-01,1,1,True,1.0,1.0,high,METEOSWISS_SMN_DAILY_SELECTED,False,False,06:00_UTC_to_06:00_UTC_next_day,3.0266666666666664,-0.0833333333333333,5.85,-1.2256410256410257,0.4666666666666667,126.8,32.43076923076923,1.3436582980110858,0.5
meiringen_hasliberg,Meiringen-Hasliberg,2013-12-01,1,1,True,1.0,1.0,high,METEOSWISS_SMN_DAILY_SELECTED,False,False,06:00_UTC_to_06:00_UTC_next_day,-1.3612903225806452,-4.770967741935484,2.5935483870967744,-1.5062034739454093,0.9354838709677419,43.300000000000004,-43.49230769230768,0.4988921386156165,0.12903225806451613
meiringen_hasliberg,Meiringen-Hasliberg,2014-01-01,1,1,True,1.0,1.0,high,METEOSWISS_SMN_DAILY_SELECTED,False,False,06:00_UTC_to_06:00_UTC_next_day,1.0516129032258066,-2.519354838709677,4.467741935483871,1.3441687344913151,0.9032258064516129,65.5,-25.92307692307692,0.7164493058477073,0.41935483870967744
meiringen_hasliberg,Meiringen-Hasliberg,2014-02-01,1,1,True,1.0,1.0,high,METEOSWISS_SMN_DAILY_SELECTED,False,False,06:00_UTC_to_06:00_UTC_next_day,3.142857142857143,-0.725,7.767857142857143,1.4975558923834784,0.6071428571428571,76.5,14.323076923076918,1.230360014845973,0.5
meiringen_hasliberg,Meiringen-Hasliberg,2014-03-01,1,1,True,1.0,1.0,high,METEOSWISS_SMN_DAILY_SELECTED,False,False,06:00_UTC_to_06:00_UTC_next_day,6.158064516129032,-0.16129032258064516,12.680645161290323,0.4468982630272951,0.6129032258064516,40.4,-44.25384615384616,0.47723761926397085,0.16129032258064516
meiringen_hasliberg,Meiringen-Hasliberg,2014-04-01,1,1,True,1.0,1.0,high,METEOSWISS_SMN_DAILY_SELECTED,False,False,06:00_UTC_to_06:00_UTC_next_day,10.376666666666667,4.6,15.666666666666666,0.755641025641026,0.06666666666666667,88.8,8.830769230769235,1.1104270873412851,0.3333333333333333
meiringen_hasliberg,Meiringen-Hasliberg,2014-05-01,1,1,True,1.0,1.0,high,METEOSWISS_SMN_DAILY_SELECTED,False,False,06:00_UTC_to_06:00_UTC_next_day,12.100000000000001,6.816129032258065,16.845161290322583,-0.7322580645161274,0.03225806451612903,112.19999999999999,-24.34615384615384,0.8217001859050195,0.41935483870967744
meiringen_hasliberg,Meiringen-Hasliberg,2014-06-01,1,1,True,1.0,1.0,high,METEOSWISS_SMN_DAILY_SELECTED,False,False,06:00_UTC_to_06:00_UTC_next_day,16.863333333333333,10.703333333333335,22.83,-0.8533333333333317,0.0,85.9,-41.099999999999994,0.6763779527559055,0.43333333333333335
meiringen_hasliberg,Meiringen-Hasliberg,2014-07-01,1,1,True,1.0,1.0,high,METEOSWISS_SMN_DAILY_SELECTED,False,False,06:00_UTC_to_06:00_UTC_next_day,16.961290322580645,12.296774193548387,21.9,-2.008933002481392,0.0,305.20000000000005,143.12307692307698,1.883056478405316,0.6451612903225806
meiringen_hasliberg,Meiringen-Hasliberg,2014-08-01,1,1,True,1.0,1.0,high,METEOSWISS_SMN_DAILY_SELECTED,False,False,06:00_UTC_to_06:00_UTC_next_day,15.616129032258065,11.503225806451614,20.161290322580644,-2.5404466501240677,0.0,196.5,35.88461538461539,1.223419540229885,0.6451612903225806
meiringen_hasliberg,Meiringen-Hasliberg,2014-09-01,1,1,True,1.0,1.0,high,METEOSWISS_SMN_DAILY_SELECTED,False,False,06:00_UTC_to_06:00_UTC_next_day,14.2,9.316666666666666,19.456666666666667,-0.1315384615384616,0.0,84.0,-15.530769230769224,0.8439601205657316,0.3333333333333333
meiringen_hasliberg,Meiringen-Hasliberg,2014-10-01,1,1,True,1.0,1.0,high,METEOSWISS_SMN_DAILY_SELECTED,False,False,06:00_UTC_to_06:00_UTC_next_day,11.125806451612902,6.170967741935484,16.119354838709675,1.0153846153846153,0.06451612903225806,104.1,14.407692307692301,1.1606346483704975,0.3225806451612903
meiringen_hasliberg,Meiringen-Hasliberg,2014-11-01,1,1,True,1.0,1.0,high,METEOSWISS_SMN_DAILY_SELECTED,False,False,06:00_UTC_to_06:00_UTC_next_day,6.136666666666667,1.93,10.629999999999999,1.8843589743589746,0.23333333333333334,91.8,-2.5692307692307708,0.9727746984023475,0.2
meiringen_hasliberg,Meiringen-Hasliberg,2014-12-01,1,1,True,1.0,1.0,high,METEOSWISS_SMN_DAILY_SELECTED,False,False,06:00_UTC_to_06:00_UTC_next_day,1.3709677419354838,-1.9483870967741934,3.9129032258064513,1.2260545905707196,0.6451612903225806,52.60000000000001,-34.19230769230768,0.606044491713197,0.3548387096774194
meiringen_hasliberg,Meiringen-Hasliberg,2015-01-01,1,1,True,1.0,1.0,high,METEOSWISS_SMN_DAILY_SELECTED,False,False,06:00_UTC_to_06:00_UTC_next_day,0.16451612903225804,-3.7161290322580647,3.690322580645161,0.4570719602977667,0.8709677419354839,120.4,28.976923076923086,1.316954143878839,0.4838709677419355
meiringen_hasliberg,Meiringen-Hasliberg,2015-02-01,1,1,True,1.0,1.0,high,METEOSWISS_SMN_DAILY_SELECTED,False,False,06:00_UTC_to_06:00_UTC_next_day,-1.6714285714285713,-6.171428571428571,2.1,-3.3167298219022356,0.9642857142857143,31.7,-30.476923076923082,0.5098354571322529,0.25
meiringen_hasliberg,Meiringen-Hasliberg,2015-03-01,1,1,True,1.0,1.0,high,METEOSWISS_SMN_DAILY_SELECTED,False,False,06:00_UTC_to_06:00_UTC_next_day,5.464516129032258,0.2096774193548387,10.77741935483871,-0.24665012406947895,0.45161290322580644,98.4,13.746153846153845,1.1623807360290777,0.3548387096774194
meiringen_hasliberg,Meiringen-Hasliberg,2015-04-01,1,1,True,1.0,1.0,high,METEOSWISS_SMN_DAILY_SELECTED,False,False,06:00_UTC_to_06:00_UTC_next_day,9.436666666666667,2.69,15.506666666666666,-0.18435897435897353,0.2,91.89999999999999,11.93076923076923,1.149191996921893,0.3333333333333333
meiringen_hasliberg,Meiringen-Hasliberg,2015-05-01,1,1,True,1.0,1.0,high,METEOSWISS_SMN_DAILY_SELECTED,False,False,06:00_UTC_to_06:00_UTC_next_day,13.135483870967741,7.812903225806451,18.43548387096774,0.30322580645161246,0.0,179.70000000000002,43.15384615384619,1.3160385330403923,0.45161290322580644
meiringen_hasliberg,Meiringen-Hasliberg,2015-06-01,1,1,True,1.0,1.0,high,METEOSWISS_SMN_DAILY_SELECTED,False,False,06:00_UTC_to_06:00_UTC_next_day,17.863333333333333,12.463333333333333,23.186666666666667,0.14666666666666828,0.0,103.00000000000001,-23.999999999999986,0.8110236220472442,0.26666666666666666
meiringen_hasliberg,Meiringen-Hasliberg,2015-07-01,1,1,True,1.0,1.0,high,METEOSWISS_SMN_DAILY_SELECTED,False,False,06:00_UTC_to_06:00_UTC_next_day,21.12258064516129,14.509677419354839,27.429032258064517,2.1523573200992523,0.0,100.1,-61.97692307692307,0.617607973421927,0.25806451612903225
meiringen_hasliberg,Meiringen-Hasliberg,2015-08-01,1,1,True,1.0,1.0,high,METEOSWISS_SMN_DAILY_SELECTED,False,False,06:00_UTC_to_06:00_UTC_next_day,18.809677419354838,13.096774193548388,24.651612903225807,0.6531017369727046,0.0,120.5,-40.11538461538461,0.7502394636015326,0.3548387096774194
meiringen_hasliberg,Meiringen-Hasliberg,2015-09-01,1,1,True,1.0,1.0,high,METEOSWISS_SMN_DAILY_SELECTED,False,False,06:00_UTC_to_06:00_UTC_next_day,12.776666666666667,8.056666666666667,17.653333333333332,-1.5548717948717936,0.0,83.1,-16.43076923076923,0.8349176907025272,0.36666666666666664
meiringen_hasliberg,Meiringen-Hasliberg,2015-10-01,1,1,True,1.0,1.0,high,METEOSWISS_SMN_DAILY_SELECTED,False,False,06:00_UTC_to_06:00_UTC_next_day,8.583870967741936,4.338709677419355,12.890322580645162,-1.5265508684863516,0.03225806451612903,71.5,-18.192307692307693,0.7971698113207547,0.2903225806451613
meiringen_hasliberg,Meiringen-Hasliberg,2015-11-01,1,1,True,1.0,1.0,high,METEOSWISS_SMN_DAILY_SELECTED,False,False,06:00_UTC_to_06:00_UTC_next_day,4.123333333333333,0.07666666666666662,8.96,-0.12897435897435905,0.36666666666666664,87.9,-6.469230769230762,0.9314476687316596,0.23333333333333334
meiringen_hasliberg,Meiringen-Hasliberg,2015-12-01,1,1,True,1.0,1.0,high,METEOSWISS_SMN_DAILY_SELECTED,False,False,06:00_UTC_to_06:00_UTC_next_day,-0.6387096774193549,-3.838709677419355,3.0064516129032257,-0.7836228287841192,0.9354838709677419,13.8,-72.99230769230769,0.15900026588673227,0.0967741935483871
meiringen_hasliberg,Meiringen-Hasliberg,2016-01-01,1,1,True,1.0,1.0,high,METEOSWISS_SMN_DAILY_SELECTED,False,False,06:00_UTC_to_06:00_UTC_next_day,0.19032258064516122,-3.4387096774193546,3.325806451612903,0.4828784119106699,0.7741935483870968,109.6,18.176923076923075,1.198822044594026,0.5806451612903226
meiringen_hasliberg,Meiringen-Hasliberg,2016-02-01,1,1,True,1.0,1.0,high,METEOSWISS_SMN_DAILY_SELECTED,False,False,06:00_UTC_to_06:00_UTC_next_day,2.737931034482759,-1.2206896551724138,6.620689655172414,1.0926297840090946,0.6551724137931034,122.89999999999999,60.72307692307691,1.97661759247804,0.5517241379310345
meiringen_hasliberg,Meiringen-Hasliberg,2016-03-01,1,1,True,1.0,1.0,high,METEOSWISS_SMN_DAILY_SELECTED,False,False,06:00_UTC_to_06:00_UTC_next_day,4.354838709677419,-0.8709677419354839,9.5,-1.3563275434243183,0.6129032258064516,50.6,-34.05384615384616,0.5977283053157655,0.2903225806451613
meiringen_hasliberg,Meiringen-Hasliberg,2016-04-01,1,1,True,1.0,1.0,high,METEOSWISS_SMN_DAILY_SELECTED,False,False,06:00_UTC_to_06:00_UTC_next_day,9.173333333333334,3.6133333333333337,14.526666666666667,-0.44769230769230717,0.13333333333333333,113.8,33.830769230769235,1.4230473258945748,0.43333333333333335
meiringen_hasliberg,Meiringen-Hasliberg,2016-05-01,1,1,True,1.0,1.0,high,METEOSWISS_SMN_DAILY_SELECTED,False,False,06:00_UTC_to_06:00_UTC_next_day,12.619354838709677,6.835483870967742,17.729032258064517,-0.2129032258064516,0.0,192.89999999999998,56.35384615384615,1.412709143146865,0.45161290322580644
meiringen_hasliberg,Meiringen-Hasliberg,2016-06-01,1,1,True,1.0,1.0,high,METEOSWISS_SMN_DAILY_SELECTED,False,False,06:00_UTC_to_06:00_UTC_next_day,15.756666666666666,11.246666666666666,20.720000000000002,-1.959999999999999,0.0,211.20000000000002,84.20000000000002,1.6629921259842522,0.7666666666666667
meiringen_hasliberg,Meiringen-Hasliberg,2016-07-01,1,1,True,1.0,1.0,high,METEOSWISS_SMN_DAILY_SELECTED,False,False,06:00_UTC_to_06:00_UTC_next_day,18.44516129032258,13.077419354838709,24.10967741935484,-0.5250620347394559,0.0,209.1,47.02307692307693,1.2901281442809682,0.45161290322580644
meiringen_hasliberg,Meiringen-Hasliberg,2016-08-01,1,1,True,1.0,1.0,high,METEOSWISS_SMN_DAILY_SELECTED,False,False,06:00_UTC_to_06:00_UTC_next_day,17.458064516129035,11.893548387096773,23.638709677419353,-0.6985111662530983,0.0,185.60000000000002,24.98461538461541,1.1555555555555557,0.3548387096774194
meiringen_hasliberg,Meiringen-Hasliberg,2016-09-01,1,1,True,1.0,1.0,high,METEOSWISS_SMN_DAILY_SELECTED,False,False,06:00_UTC_to_06:00_UTC_next_day,15.303333333333335,10.120000000000001,21.240000000000002,0.9717948717948737,0.0,91.3,-8.230769230769226,0.9173042739006106,0.23333333333333334
meiringen_hasliberg,Meiringen-Hasliberg,2016-10-01,1,1,True,1.0,1.0,high,METEOSWISS_SMN_DAILY_SELECTED,False,False,06:00_UTC_to_06:00_UTC_next_day,8.174193548387096,3.735483870967742,12.825806451612904,-1.9362282878411907,0.03225806451612903,67.19999999999999,-22.492307692307705,0.7492281303602057,0.22580645161290322
meiringen_hasliberg,Meiringen-Hasliberg,2016-11-01,1,1,True,1.0,1.0,high,METEOSWISS_SMN_DAILY_SELECTED,False,False,06:00_UTC_to_06:00_UTC_next_day,5.623333333333333,1.5,9.05,1.371025641025641,0.4,94.80000000000001,0.43076923076924345,1.0045647212259539,0.3333333333333333
meiringen_hasliberg,Meiringen-Hasliberg,2016-12-01,1,1,True,1.0,1.0,high,METEOSWISS_SMN_DAILY_SELECTED,False,False,06:00_UTC_to_06:00_UTC_next_day,-2.490322580645161,-5.961290322580646,1.832258064516129,-2.6352357320099253,0.967741935483871,0.8,-85.99230769230769,0.009217406718071437,0.0
meiringen_hasliberg,Meiringen-Hasliberg,2017-01-01,1,1,True,1.0,1.0,high,METEOSWISS_SMN_DAILY_SELECTED,False,False,06:00_UTC_to_06:00_UTC_next_day,-4.125806451612903,-8.016129032258064,-0.6096774193548387,-3.833250620347395,0.967741935483871,56.599999999999994,-34.823076923076925,0.6190997055111485,0.25806451612903225
meiringen_hasliberg,Meiringen-Hasliberg,2017-02-01,1,1,True,1.0,1.0,high,METEOSWISS_SMN_DAILY_SELECTED,False,False,06:00_UTC_to_06:00_UTC_next_day,2.4857142857142853,-1.675,7.142857142857143,0.8404130352406209,0.8214285714285714,71.0,8.823076923076918,1.1419027588766546,0.39285714285714285
meiringen_hasliberg,Meiringen-Hasliberg,2017-03-01,1,1,True,1.0,1.0,high,METEOSWISS_SMN_DAILY_SELECTED,False,False,06:00_UTC_to_06:00_UTC_next_day,8.141935483870968,2.196774193548387,13.90967741935484,2.430769230769231,0.16129032258064516,156.1,71.44615384615383,1.8439800090867786,0.3225806451612903
meiringen_hasliberg,Meiringen-Hasliberg,2017-04-01,1,1,True,1.0,1.0,high,METEOSWISS_SMN_DAILY_SELECTED,False,False,06:00_UTC_to_06:00_UTC_next_day,8.556666666666667,2.533333333333333,14.2,-1.0643589743589743,0.26666666666666666,83.8,3.830769230769235,1.0479030396306273,0.4
meiringen_hasliberg,Meiringen-Hasliberg,2017-05-01,1,1,True,1.0,1.0,high,METEOSWISS_SMN_DAILY_SELECTED,False,False,06:00_UTC_to_06:00_UTC_next_day,13.890322580645162,7.270967741935484,20.364516129032257,1.0580645161290327,0.03225806451612903,127.80000000000001,-8.746153846153817,0.9359472705763058,0.41935483870967744
meiringen_hasliberg,Meiringen-Hasliberg,2017-06-01,1,1,True,1.0,1.0,high,METEOSWISS_SMN_DAILY_SELECTED,False,False,06:00_UTC_to_06:00_UTC_next_day,18.733333333333334,12.780000000000001,24.783333333333335,1.0166666666666693,0.0,107.8,-19.200000000000003,0.8488188976377953,0.4666666666666667
meiringen_hasliberg,Meiringen-Hasliberg,2017-07-01,1,1,True,1.0,1.0,high,METEOSWISS_SMN_DAILY_SELECTED,False,False,06:00_UTC_to_06:00_UTC_next_day,18.45483870967742,13.432258064516128,24.0258064516129,-0.5153846153846153,0.0,123.70000000000002,-38.37692307692305,0.7632178452776461,0.4838709677419355
meiringen_hasliberg,Meiringen-Hasliberg,2017-08-01,1,1,True,1.0,1.0,high,METEOSWISS_SMN_DAILY_SELECTED,False,False,06:00_UTC_to_06:00_UTC_next_day,18.14516129032258,12.451612903225806,24.05483870967742,-0.01141439205955308,0.0,168.8,8.184615384615398,1.0509578544061304,0.3548387096774194
meiringen_hasliberg,Meiringen-Hasliberg,2017-09-01,1,1,True,1.0,1.0,high,METEOSWISS_SMN_DAILY_SELECTED,False,False,06:00_UTC_to_06:00_UTC_next_day,11.94,7.4766666666666675,16.843333333333334,-2.3915384615384614,0.0,133.6,34.06923076923077,1.342298477471211,0.43333333333333335
meiringen_hasliberg,Meiringen-Hasliberg,2017-10-01,1,1,True,1.0,1.0,high,METEOSWISS_SMN_DAILY_SELECTED,False,False,06:00_UTC_to_06:00_UTC_next_day,9.332258064516129,4.577419354838709,14.738709677419354,-0.7781637717121583,0.03225806451612903,83.7,-5.992307692307691,0.9331903945111493,0.3548387096774194
meiringen_hasliberg,Meiringen-Hasliberg,2017-11-01,1,1,True,1.0,1.0,high,METEOSWISS_SMN_DAILY_SELECTED,False,False,06:00_UTC_to_06:00_UTC_next_day,2.8,-0.5066666666666666,6.38,-1.4523076923076923,0.5666666666666667,113.69999999999997,19.330769230769207,1.2048418650146722,0.3333333333333333
meiringen_hasliberg,Meiringen-Hasliberg,2017-12-01,1,1,True,1.0,1.0,high,METEOSWISS_SMN_DAILY_SELECTED,False,False,06:00_UTC_to_06:00_UTC_next_day,-1.3806451612903226,-4.996774193548387,1.7870967741935484,-1.5255583126550867,0.9032258064516129,106.9,20.107692307692318,1.2316759727022957,0.4838709677419355
meiringen_hasliberg,Meiringen-Hasliberg,2018-01-01,1,1,True,1.0,1.0,high,METEOSWISS_SMN_DAILY_SELECTED,False,False,06:00_UTC_to_06:00_UTC_next_day,3.361290322580645,-0.632258064516129,7.551612903225807,3.6538461538461537,0.6451612903225806,193.09999999999997,101.67692307692305,2.1121581825830877,0.41935483870967744
meiringen_hasliberg,Meiringen-Hasliberg,2018-02-01,1,1,True,1.0,1.0,high,METEOSWISS_SMN_DAILY_SELECTED,False,False,06:00_UTC_to_06:00_UTC_next_day,-1.5714285714285714,-4.6571428571428575,1.0892857142857142,-3.216729821902236,0.9642857142857143,66.4,4.223076923076924,1.0679203266114066,0.21428571428571427
meiringen_hasliberg,Meiringen-Hasliberg,2018-03-01,1,1,True,1.0,1.0,high,METEOSWISS_SMN_DAILY_SELECTED,False,False,06:00_UTC_to_06:00_UTC_next_day,3.8129032258064517,-0.6161290322580646,8.703225806451613,-1.8982630272952856,0.5806451612903226,131.4,46.746153846153845,1.5522035438437074,0.4838709677419355
meiringen_hasliberg,Meiringen-Hasliberg,2018-04-01,1,1,True,1.0,1.0,high,METEOSWISS_SMN_DAILY_SELECTED,False,False,06:00_UTC_to_06:00_UTC_next_day,12.443333333333333,4.67,19.063333333333333,2.8223076923076924,0.1,29.200000000000003,-50.76923076923076,0.3651404386302425,0.2
meiringen_hasliberg,Meiringen-Hasliberg,2018-05-01,1,1,True,1.0,1.0,high,METEOSWISS_SMN_DAILY_SELECTED,False,False,06:00_UTC_to_06:00_UTC_next_day,14.283870967741937,8.687096774193549,19.98709677419355,1.4516129032258078,0.0,80.5,-56.04615384615383,0.5895442510281111,0.41935483870967744
meiringen_hasliberg,Meiringen-Hasliberg,2018-06-01,1,1,True,1.0,1.0,high,METEOSWISS_SMN_DAILY_SELECTED,False,False,06:00_UTC_to_06:00_UTC_next_day,18.2,12.026666666666667,23.490000000000002,0.4833333333333343,0.0,73.9,-53.099999999999994,0.5818897637795276,0.23333333333333334
meiringen_hasliberg,Meiringen-Hasliberg,2018-07-01,1,1,True,1.0,1.0,high,METEOSWISS_SMN_DAILY_SELECTED,False,False,06:00_UTC_to_06:00_UTC_next_day,19.46451612903226,13.025806451612903,25.89032258064516,0.4942928039702217,0.0,106.4,-55.67692307692306,0.6564784053156147,0.3870967741935484
meiringen_hasliberg,Meiringen-Hasliberg,2018-08-01,1,1,True,1.0,1.0,high,METEOSWISS_SMN_DAILY_SELECTED,False,False,06:00_UTC_to_06:00_UTC_next_day,18.870967741935484,13.270967741935483,25.325806451612905,0.7143920595533508,0.0,219.10000000000002,58.48461538461541,1.3641283524904215,0.4838709677419355
meiringen_hasliberg,Meiringen-Hasliberg,2018-09-01,1,1,True,1.0,1.0,high,METEOSWISS_SMN_DAILY_SELECTED,False,False,06:00_UTC_to_06:00_UTC_next_day,15.25,9.776666666666667,20.886666666666667,0.9184615384615391,0.0,109.9,10.369230769230782,1.1041811577401655,0.26666666666666666
meiringen_hasliberg,Meiringen-Hasliberg,2018-10-01,1,1,True,1.0,1.0,high,METEOSWISS_SMN_DAILY_SELECTED,False,False,06:00_UTC_to_06:00_UTC_next_day,10.535483870967743,4.864516129032259,15.86774193548387,0.42506203473945625,0.03225806451612903,84.7,-4.992307692307691,0.9443396226415095,0.12903225806451613
meiringen_hasliberg,Meiringen-Hasliberg,2018-11-01,1,1,True,1.0,1.0,high,METEOSWISS_SMN_DAILY_SELECTED,False,False,06:00_UTC_to_06:00_UTC_next_day,5.626666666666666,1.8399999999999999,9.15,1.374358974358974,0.43333333333333335,12.2,-82.16923076923077,0.12927942614933158,0.16666666666666666
meiringen_hasliberg,Meiringen-Hasliberg,2018-12-01,1,1,True,1.0,1.0,high,METEOSWISS_SMN_DAILY_SELECTED,False,False,06:00_UTC_to_06:00_UTC_next_day,1.7677419354838708,-0.964516129032258,4.445161290322581,1.6228287841191067,0.5483870967741935,190.09999999999997,103.30769230769228,2.1902862713817246,0.4838709677419355
meiringen_hasliberg,Meiringen-Hasliberg,2019-01-01,1,1,True,1.0,1.0,high,METEOSWISS_SMN_DAILY_SELECTED,False,False,06:00_UTC_to_06:00_UTC_next_day,-1.5838709677419356,-5.780645161290322,1.564516129032258,-1.291315136476427,0.967741935483871,94.1,2.6769230769230745,1.0292806058056374,0.3548387096774194
meiringen_hasliberg,Meiringen-Hasliberg,2019-02-01,1,1,True,1.0,1.0,high,METEOSWISS_SMN_DAILY_SELECTED,False,False,06:00_UTC_to_06:00_UTC_next_day,0.7071428571428571,-4.189285714285714,6.178571428571429,-0.9381583933308073,0.9642857142857143,25.699999999999996,-36.476923076923086,0.413336632438451,0.21428571428571427
meiringen_hasliberg,Meiringen-Hasliberg,2019-03-01,1,1,True,1.0,1.0,high,METEOSWISS_SMN_DAILY_SELECTED,False,False,06:00_UTC_to_06:00_UTC_next_day,5.793548387096774,-0.019354838709677434,11.970967741935485,0.08238213399503636,0.5483870967741935,70.89999999999999,-13.753846153846169,0.8375283961835528,0.3870967741935484
meiringen_hasliberg,Meiringen-Hasliberg,2019-04-01,1,1,True,1.0,1.0,high,METEOSWISS_SMN_DAILY_SELECTED,False,False,06:00_UTC_to_06:00_UTC_next_day,9.306666666666667,3.48,14.336666666666668,-0.3143589743589743,0.13333333333333333,104.3,24.330769230769235,1.3042516352443247,0.23333333333333334
meiringen_hasliberg,Meiringen-Hasliberg,2019-05-01,1,1,True,1.0,1.0,high,METEOSWISS_SMN_DAILY_SELECTED,False,False,06:00_UTC_to_06:00_UTC_next_day,10.438709677419356,5.27741935483871,15.53225806451613,-2.3935483870967733,0.03225806451612903,132.39999999999998,-4.146153846153851,0.9696355134921976,0.41935483870967744
meiringen_hasliberg,Meiringen-Hasliberg,2019-06-01,1,1,True,1.0,1.0,high,METEOSWISS_SMN_DAILY_SELECTED,False,False,06:00_UTC_to_06:00_UTC_next_day,18.686666666666667,11.673333333333334,25.353333333333335,0.9700000000000024,0.0,118.70000000000002,-8.299999999999983,0.9346456692913387,0.4
meiringen_hasliberg,Meiringen-Hasliberg,2019-07-01,1,1,True,1.0,1.0,high,METEOSWISS_SMN_DAILY_SELECTED,False,False,06:00_UTC_to_06:00_UTC_next_day,19.58709677419355,14.045161290322582,25.29032258064516,0.6168734491315142,0.0,103.00000000000001,-59.07692307692305,0.6355007119126722,0.4838709677419355
meiringen_hasliberg,Meiringen-Hasliberg,2019-08-01,1,1,True,1.0,1.0,high,METEOSWISS_SMN_DAILY_SELECTED,False,False,06:00_UTC_to_06:00_UTC_next_day,18.216129032258067,12.996774193548386,23.61935483870968,0.05955334987593375,0.0,136.5,-24.115384615384613,0.8498563218390804,0.45161290322580644
meiringen_hasliberg,Meiringen-Hasliberg,2019-09-01,1,1,True,1.0,1.0,high,METEOSWISS_SMN_DAILY_SELECTED,False,False,06:00_UTC_to_06:00_UTC_next_day,14.246666666666668,9.163333333333332,19.296666666666667,-0.08487179487179297,0.0,78.1,-21.43076923076923,0.7846819692402813,0.26666666666666666
meiringen_hasliberg,Meiringen-Hasliberg,2019-10-01,1,1,True,1.0,1.0,high,METEOSWISS_SMN_DAILY_SELECTED,False,False,06:00_UTC_to_06:00_UTC_next_day,11.338709677419354,6.606451612903226,16.074193548387097,1.228287841191067,0.0,162.9,73.20769230769231,1.8162092624356776,0.3548387096774194
meiringen_hasliberg,Meiringen-Hasliberg,2019-11-01,1,1,True,1.0,1.0,high,METEOSWISS_SMN_DAILY_SELECTED,False,False,06:00_UTC_to_06:00_UTC_next_day,4.776666666666667,0.9966666666666667,8.27,0.5243589743589752,0.43333333333333335,139.1,44.730769230769226,1.4739973915878708,0.5
meiringen_hasliberg,Meiringen-Hasliberg,2019-12-01,1,1,True,1.0,1.0,high,METEOSWISS_SMN_DAILY_SELECTED,False,False,06:00_UTC_to_06:00_UTC_next_day,3.1451612903225805,-0.9838709677419355,6.693548387096774,3.0002481389578164,0.5483870967741935,87.49999999999999,0.7076923076922981,1.0081538597890631,0.3225806451612903
meiringen_hasliberg,Meiringen-Hasliberg,2020-01-01,1,1,True,1.0,1.0,high,METEOSWISS_SMN_DAILY_SELECTED,False,False,06:00_UTC_to_06:00_UTC_next_day,-0.1838709677419355,-3.9419354838709677,3.851612903225807,0.10868486352357315,0.9354838709677419,25.9,-65.52307692307693,0.28329827513672695,0.12903225806451613
meiringen_hasliberg,Meiringen-Hasliberg,2020-02-01,1,1,True,1.0,1.0,high,METEOSWISS_SMN_DAILY_SELECTED,False,False,06:00_UTC_to_06:00_UTC_next_day,3.810344827586207,-1.0931034482758621,9.182758620689656,2.1650435771125425,0.6896551724137931,101.89999999999999,39.72307692307691,1.6388717060497338,0.3793103448275862
meiringen_hasliberg,Meiringen-Hasliberg,2020-03-01,1,1,True,1.0,1.0,high,METEOSWISS_SMN_DAILY_SELECTED,False,False,06:00_UTC_to_06:00_UTC_next_day,5.270967741935484,-0.0516129032258065,10.725806451612904,-0.44019851116625297,0.5161290322580645,59.7,-24.953846153846158,0.7052248977737392,0.3548387096774194
meiringen_hasliberg,Meiringen-Hasliberg,2020-04-01,1,1,True,1.0,1.0,high,METEOSWISS_SMN_DAILY_SELECTED,False,False,06:00_UTC_to_06:00_UTC_next_day,11.68,3.6199999999999997,18.759999999999998,2.0589743589743588,0.16666666666666666,41.2,-38.76923076923076,0.5151981531358215,0.2
meiringen_hasliberg,Meiringen-Hasliberg,2020-05-01,1,1,True,1.0,1.0,high,METEOSWISS_SMN_DAILY_SELECTED,False,False,06:00_UTC_to_06:00_UTC_next_day,14.048387096774194,7.761290322580645,19.54516129032258,1.2161290322580651,0.0,97.4,-39.14615384615382,0.7133119260886712,0.25806451612903225
meiringen_hasliberg,Meiringen-Hasliberg,2020-06-01,1,1,True,1.0,1.0,high,METEOSWISS_SMN_DAILY_SELECTED,False,False,06:00_UTC_to_06:00_UTC_next_day,15.74,10.566666666666666,20.91,-1.9766666666666648,0.0,160.6,33.599999999999994,1.2645669291338582,0.5666666666666667
meiringen_hasliberg,Meiringen-Hasliberg,2020-07-01,1,1,True,1.0,1.0,high,METEOSWISS_SMN_DAILY_SELECTED,False,False,06:00_UTC_to_06:00_UTC_next_day,18.567741935483873,12.964516129032257,24.174193548387095,-0.4024813895781634,0.0,192.8,30.723076923076945,1.1895586141433319,0.3548387096774194
meiringen_hasliberg,Meiringen-Hasliberg,2020-08-01,1,1,True,1.0,1.0,high,METEOSWISS_SMN_DAILY_SELECTED,False,False,06:00_UTC_to_06:00_UTC_next_day,17.9741935483871,12.635483870967741,23.638709677419353,-0.18238213399503422,0.0,270.0,109.38461538461539,1.6810344827586208,0.5161290322580645
meiringen_hasliberg,Meiringen-Hasliberg,2020-09-01,1,1,True,1.0,1.0,high,METEOSWISS_SMN_DAILY_SELECTED,False,False,06:00_UTC_to_06:00_UTC_next_day,15.043333333333333,9.853333333333333,20.456666666666667,0.7117948717948721,0.0,52.4,-47.130769230769225,0.5264703609243373,0.26666666666666666
meiringen_hasliberg,Meiringen-Hasliberg,2020-10-01,1,1,True,1.0,1.0,high,METEOSWISS_SMN_DAILY_SELECTED,False,False,06:00_UTC_to_06:00_UTC_next_day,8.541935483870969,4.274193548387097,13.241935483870968,-1.5684863523573185,0.03225806451612903,137.9,48.20769230769231,1.5374785591766724,0.41935483870967744
meiringen_hasliberg,Meiringen-Hasliberg,2020-11-01,1,1,True,1.0,1.0,high,METEOSWISS_SMN_DAILY_SELECTED,False,False,06:00_UTC_to_06:00_UTC_next_day,3.7866666666666666,-0.09000000000000001,8.72,-0.4656410256410255,0.5333333333333333,29.299999999999997,-65.06923076923077,0.3104825562438865,0.16666666666666666
meiringen_hasliberg,Meiringen-Hasliberg,2020-12-01,1,1,True,1.0,1.0,high,METEOSWISS_SMN_DAILY_SELECTED,False,False,06:00_UTC_to_06:00_UTC_next_day,0.3032258064516129,-2.97741935483871,3.6548387096774193,0.15831265508684872,0.9354838709677419,100.0,13.207692307692312,1.1521758397589295,0.41935483870967744
meiringen_hasliberg,Meiringen-Hasliberg,2021-01-01,1,1,True,1.0,1.0,high,METEOSWISS_SMN_DAILY_SELECTED,False,False,06:00_UTC_to_06:00_UTC_next_day,-0.5548387096774194,-3.690322580645161,2.0161290322580645,-0.2622828784119108,0.8387096774193549,197.1,105.67692307692307,2.1559108119478334,0.5161290322580645
meiringen_hasliberg,Meiringen-Hasliberg,2021-02-01,1,1,True,1.0,1.0,high,METEOSWISS_SMN_DAILY_SELECTED,False,False,06:00_UTC_to_06:00_UTC_next_day,2.6,-1.8821428571428573,7.789285714285714,0.9546987495263357,0.7142857142857143,40.9,-21.276923076923083,0.6578003216627489,0.2857142857142857
meiringen_hasliberg,Meiringen-Hasliberg,2021-03-01,1,1,True,1.0,1.0,high,METEOSWISS_SMN_DAILY_SELECTED,False,False,06:00_UTC_to_06:00_UTC_next_day,4.780645161290322,-0.667741935483871,10.419354838709678,-0.9305210918114151,0.6451612903225806,86.2,1.5461538461538424,1.018264425261245,0.3548387096774194
meiringen_hasliberg,Meiringen-Hasliberg,2021-04-01,1,1,True,1.0,1.0,high,METEOSWISS_SMN_DAILY_SELECTED,False,False,06:00_UTC_to_06:00_UTC_next_day,7.8133333333333335,1.2233333333333334,13.69,-1.8076923076923075,0.43333333333333335,28.7,-51.26923076923076,0.3588880338591766,0.2
meiringen_hasliberg,Meiringen-Hasliberg,2021-05-01,1,1,True,1.0,1.0,high,METEOSWISS_SMN_DAILY_SELECTED,False,False,06:00_UTC_to_06:00_UTC_next_day,10.496774193548386,4.948387096774193,15.793548387096775,-2.3354838709677423,0.0,158.7,22.15384615384616,1.1622443805982763,0.5483870967741935
meiringen_hasliberg,Meiringen-Hasliberg,2021-06-01,1,1,True,1.0,1.0,high,METEOSWISS_SMN_DAILY_SELECTED,False,False,06:00_UTC_to_06:00_UTC_next_day,18.203333333333333,12.403333333333334,24.5,0.48666666666666814,0.0,171.6,44.599999999999994,1.3511811023622047,0.43333333333333335
meiringen_hasliberg,Meiringen-Hasliberg,2021-07-01,1,1,True,1.0,1.0,high,METEOSWISS_SMN_DAILY_SELECTED,False,False,06:00_UTC_to_06:00_UTC_next_day,17.406451612903226,12.600000000000001,22.712903225806453,-1.563771712158811,0.0,321.5999999999999,159.52307692307684,1.9842429995253912,0.7096774193548387
meiringen_hasliberg,Meiringen-Hasliberg,2021-08-01,1,1,True,1.0,1.0,high,METEOSWISS_SMN_DAILY_SELECTED,False,False,06:00_UTC_to_06:00_UTC_next_day,16.79032258064516,12.451612903225806,21.448387096774194,-1.366253101736973,0.0,118.7,-41.91538461538461,0.7390325670498085,0.3870967741935484
meiringen_hasliberg,Meiringen-Hasliberg,2021-09-01,1,1,True,1.0,1.0,high,METEOSWISS_SMN_DAILY_SELECTED,False,False,06:00_UTC_to_06:00_UTC_next_day,15.563333333333334,10.41,21.026666666666664,1.2317948717948735,0.0,76.99999999999999,-22.530769230769238,0.7736301105185871,0.2
meiringen_hasliberg,Meiringen-Hasliberg,2021-10-01,1,1,True,1.0,1.0,high,METEOSWISS_SMN_DAILY_SELECTED,False,False,06:00_UTC_to_06:00_UTC_next_day,8.880645161290323,3.3870967741935485,14.541935483870969,-1.2297766749379644,0.1935483870967742,31.500000000000004,-58.19230769230769,0.3512006861063465,0.16129032258064516
meiringen_hasliberg,Meiringen-Hasliberg,2021-11-01,1,1,True,1.0,1.0,high,METEOSWISS_SMN_DAILY_SELECTED,False,False,06:00_UTC_to_06:00_UTC_next_day,3.066666666666667,-0.20666666666666664,6.076666666666667,-1.1856410256410252,0.6333333333333333,57.79999999999999,-36.56923076923078,0.6124877730681447,0.26666666666666666
meiringen_hasliberg,Meiringen-Hasliberg,2021-12-01,1,1,True,1.0,1.0,high,METEOSWISS_SMN_DAILY_SELECTED,False,False,06:00_UTC_to_06:00_UTC_next_day,-1.5225806451612904,-5.087096774193548,1.1903225806451612,-1.6674937965260546,0.9354838709677419,119.9,33.10769230769232,1.3814588318709564,0.3548387096774194
meiringen_hasliberg,Meiringen-Hasliberg,2022-01-01,1,1,True,1.0,1.0,high,METEOSWISS_SMN_DAILY_SELECTED,False,False,06:00_UTC_to_06:00_UTC_next_day,-2.0483870967741935,-5.741935483870968,1.6838709677419355,-1.755831265508685,0.9354838709677419,35.0,-56.42307692307692,0.38283550694152296,0.22580645161290322
meiringen_hasliberg,Meiringen-Hasliberg,2022-02-01,1,1,True,1.0,1.0,high,METEOSWISS_SMN_DAILY_SELECTED,False,False,06:00_UTC_to_06:00_UTC_next_day,2.1714285714285713,-1.8499999999999999,6.55,0.5261273209549069,0.7857142857142857,90.50000000000001,28.323076923076933,1.4555239391315107,0.4642857142857143
meiringen_hasliberg,Meiringen-Hasliberg,2022-03-01,1,1,True,1.0,1.0,high,METEOSWISS_SMN_DAILY_SELECTED,False,False,06:00_UTC_to_06:00_UTC_next_day,6.419354838709677,-0.9419354838709677,13.33548387096774,0.7081885856079397,0.6451612903225806,17.6,-67.05384615384617,0.20790549750113585,0.0967741935483871
meiringen_hasliberg,Meiringen-Hasliberg,2022-04-01,1,1,True,1.0,1.0,high,METEOSWISS_SMN_DAILY_SELECTED,False,False,06:00_UTC_to_06:00_UTC_next_day,8.823333333333332,3.003333333333333,14.486666666666668,-0.7976923076923086,0.2,74.4,-5.5692307692307566,0.9303578299345904,0.4
meiringen_hasliberg,Meiringen-Hasliberg,2022-05-01,1,1,True,1.0,1.0,high,METEOSWISS_SMN_DAILY_SELECTED,False,False,06:00_UTC_to_06:00_UTC_next_day,15.348387096774195,9.48709677419355,21.067741935483873,2.516129032258066,0.0,47.2,-89.34615384615383,0.3456706664413273,0.22580645161290322
meiringen_hasliberg,Meiringen-Hasliberg,2022-06-01,1,1,True,1.0,1.0,high,METEOSWISS_SMN_DAILY_SELECTED,False,False,06:00_UTC_to_06:00_UTC_next_day,18.676666666666666,12.379999999999999,24.976666666666667,0.9600000000000009,0.0,142.0,15.0,1.1181102362204725,0.5333333333333333
meiringen_hasliberg,Meiringen-Hasliberg,2022-07-01,1,1,True,1.0,1.0,high,METEOSWISS_SMN_DAILY_SELECTED,False,False,06:00_UTC_to_06:00_UTC_next_day,20.35483870967742,13.912903225806453,26.52258064516129,1.3846153846153832,0.0,72.5,-89.57692307692307,0.4473184622686284,0.22580645161290322
meiringen_hasliberg,Meiringen-Hasliberg,2022-08-01,1,1,True,1.0,1.0,high,METEOSWISS_SMN_DAILY_SELECTED,False,False,06:00_UTC_to_06:00_UTC_next_day,19.648387096774194,13.448387096774194,25.9,1.4918114143920604,0.0,89.7,-70.91538461538461,0.5584770114942529,0.25806451612903225
meiringen_hasliberg,Meiringen-Hasliberg,2022-09-01,1,1,True,1.0,1.0,high,METEOSWISS_SMN_DAILY_SELECTED,False,False,06:00_UTC_to_06:00_UTC_next_day,13.693333333333333,9.18,18.483333333333334,-0.6382051282051275,0.0,130.5,30.969230769230776,1.3111523301646186,0.43333333333333335
meiringen_hasliberg,Meiringen-Hasliberg,2022-10-01,1,1,True,1.0,1.0,high,METEOSWISS_SMN_DAILY_SELECTED,False,False,06:00_UTC_to_06:00_UTC_next_day,12.019354838709678,7.161290322580645,17.664516129032258,1.9089330024813904,0.0,75.0,-14.692307692307693,0.8361921097770154,0.3225806451612903
meiringen_hasliberg,Meiringen-Hasliberg,2022-11-01,1,1,True,1.0,1.0,high,METEOSWISS_SMN_DAILY_SELECTED,False,False,06:00_UTC_to_06:00_UTC_next_day,5.46,1.4166666666666667,9.526666666666667,1.2076923076923078,0.23333333333333334,80.80000000000001,-13.569230769230757,0.8562112813824586,0.4666666666666667
meiringen_hasliberg,Meiringen-Hasliberg,2022-12-01,1,1,True,1.0,1.0,high,METEOSWISS_SMN_DAILY_SELECTED,False,False,06:00_UTC_to_06:00_UTC_next_day,0.8838709677419354,-2.693548387096774,3.4064516129032256,0.7389578163771713,0.7419354838709677,135.0,48.20769230769231,1.5554373836745548,0.41935483870967744
meiringen_hasliberg,Meiringen-Hasliberg,2023-01-01,1,1,True,1.0,1.0,high,METEOSWISS_SMN_DAILY_SELECTED,False,False,06:00_UTC_to_06:00_UTC_next_day,0.46451612903225803,-3.206451612903226,3.670967741935484,0.7570719602977667,0.7096774193548387,38.2,-53.22307692307692,0.41783761043331935,0.22580645161290322
meiringen_hasliberg,Meiringen-Hasliberg,2023-02-01,1,1,True,1.0,1.0,high,METEOSWISS_SMN_DAILY_SELECTED,False,False,06:00_UTC_to_06:00_UTC_next_day,1.9642857142857142,-2.492857142857143,7.103571428571429,0.3189844638120498,0.7857142857142857,22.5,-39.67692307692308,0.36187059260175675,0.14285714285714285
meiringen_hasliberg,Meiringen-Hasliberg,2023-03-01,1,1,True,1.0,1.0,high,METEOSWISS_SMN_DAILY_SELECTED,False,False,06:00_UTC_to_06:00_UTC_next_day,5.787096774193548,1.1419354838709677,10.864516129032259,0.07593052109181109,0.3548387096774194,146.20000000000002,61.54615384615386,1.72703316674239,0.45161290322580644
meiringen_hasliberg,Meiringen-Hasliberg,2023-04-01,1,1,True,1.0,1.0,high,METEOSWISS_SMN_DAILY_SELECTED,False,False,06:00_UTC_to_06:00_UTC_next_day,8.08,3.1533333333333333,12.666666666666666,-1.5410256410256409,0.13333333333333333,121.19999999999999,41.230769230769226,1.5155829165063486,0.43333333333333335
meiringen_hasliberg,Meiringen-Hasliberg,2023-05-01,1,1,True,1.0,1.0,high,METEOSWISS_SMN_DAILY_SELECTED,False,False,06:00_UTC_to_06:00_UTC_next_day,13.583870967741936,8.551612903225807,18.74516129032258,0.7516129032258068,0.0,133.7,-2.8461538461538396,0.9791561038814716,0.41935483870967744
meiringen_hasliberg,Meiringen-Hasliberg,2023-06-01,1,1,True,1.0,1.0,high,METEOSWISS_SMN_DAILY_SELECTED,False,False,06:00_UTC_to_06:00_UTC_next_day,19.033333333333335,11.97,26.13,1.31666666666667,0.0,51.2,-75.8,0.40314960629921265,0.26666666666666666
meiringen_hasliberg,Meiringen-Hasliberg,2023-07-01,1,1,True,1.0,1.0,high,METEOSWISS_SMN_DAILY_SELECTED,False,False,06:00_UTC_to_06:00_UTC_next_day,19.364516129032257,13.493548387096775,25.37741935483871,0.39429280397022026,0.0,174.5,12.423076923076934,1.0766492643569057,0.41935483870967744
meiringen_hasliberg,Meiringen-Hasliberg,2023-08-01,1,1,True,1.0,1.0,high,METEOSWISS_SMN_DAILY_SELECTED,False,False,06:00_UTC_to_06:00_UTC_next_day,18.225806451612904,13.096774193548388,24.470967741935485,0.06923076923077076,0.0,207.0,46.38461538461539,1.2887931034482758,0.5161290322580645
meiringen_hasliberg,Meiringen-Hasliberg,2023-09-01,1,1,True,1.0,1.0,high,METEOSWISS_SMN_DAILY_SELECTED,False,False,06:00_UTC_to_06:00_UTC_next_day,16.966666666666665,11.133333333333333,23.790000000000003,2.635128205128204,0.0,54.60000000000001,-44.930769230769215,0.5485740783677256,0.16666666666666666
meiringen_hasliberg,Meiringen-Hasliberg,2023-10-01,1,1,True,1.0,1.0,high,METEOSWISS_SMN_DAILY_SELECTED,False,False,06:00_UTC_to_06:00_UTC_next_day,11.964516129032257,6.72258064516129,17.770967741935483,1.8540942928039694,0.0,94.60000000000001,4.907692307692315,1.0547169811320756,0.3548387096774194
meiringen_hasliberg,Meiringen-Hasliberg,2023-11-01,1,1,True,1.0,1.0,high,METEOSWISS_SMN_DAILY_SELECTED,False,False,06:00_UTC_to_06:00_UTC_next_day,4.52,1.1833333333333333,7.823333333333334,0.26769230769230745,0.36666666666666664,226.4,132.03076923076924,2.3990870557548094,0.7
meiringen_hasliberg,Meiringen-Hasliberg,2023-12-01,1,1,True,1.0,1.0,high,METEOSWISS_SMN_DAILY_SELECTED,False,False,06:00_UTC_to_06:00_UTC_next_day,1.7967741935483872,-1.2709677419354841,4.770967741935484,1.651861042183623,0.6774193548387096,157.3,70.50769230769232,1.8123725959407961,0.45161290322580644
meiringen_hasliberg,Meiringen-Hasliberg,2024-01-01,1,1,True,1.0,1.0,high,METEOSWISS_SMN_DAILY_SELECTED,False,False,06:00_UTC_to_06:00_UTC_next_day,0.7290322580645162,-2.6258064516129034,3.990322580645161,1.0215880893300249,0.7419354838709677,76.6,-14.823076923076925,0.8378628523348759,0.3548387096774194
meiringen_hasliberg,Meiringen-Hasliberg,2024-02-01,1,1,True,1.0,1.0,high,METEOSWISS_SMN_DAILY_SELECTED,False,False,06:00_UTC_to_06:00_UTC_next_day,5.562068965517242,1.286206896551724,9.993103448275862,3.916767715043578,0.4827586206896552,51.400000000000006,-10.776923076923076,0.8266732648769022,0.2413793103448276
meiringen_hasliberg,Meiringen-Hasliberg,2024-03-01,1,1,True,1.0,1.0,high,METEOSWISS_SMN_DAILY_SELECTED,False,False,06:00_UTC_to_06:00_UTC_next_day,7.819354838709677,2.5064516129032257,12.441935483870967,2.10818858560794,0.22580645161290322,175.5,90.84615384615384,2.073148568832349,0.5161290322580645
meiringen_hasliberg,Meiringen-Hasliberg,2024-04-01,1,1,True,1.0,1.0,high,METEOSWISS_SMN_DAILY_SELECTED,False,False,06:00_UTC_to_06:00_UTC_next_day,9.653333333333334,3.746666666666667,15.08,0.03230769230769326,0.13333333333333333,92.6,12.630769230769232,1.1579453636013852,0.4
meiringen_hasliberg,Meiringen-Hasliberg,2024-05-01,1,1,True,1.0,1.0,high,METEOSWISS_SMN_DAILY_SELECTED,False,False,06:00_UTC_to_06:00_UTC_next_day,13.264516129032257,8.558064516129033,18.438709677419357,0.43225806451612847,0.0,199.5,62.95384615384617,1.4610444482001015,0.6129032258064516
meiringen_hasliberg,Meiringen-Hasliberg,2024-06-01,1,1,True,1.0,1.0,high,METEOSWISS_SMN_DAILY_SELECTED,False,False,06:00_UTC_to_06:00_UTC_next_day,16.86,12.09,22.3,-0.8566666666666656,0.0,169.29999999999998,42.29999999999998,1.333070866141732,0.6333333333333333
meiringen_hasliberg,Meiringen-Hasliberg,2024-07-01,1,1,True,1.0,1.0,high,METEOSWISS_SMN_DAILY_SELECTED,False,False,06:00_UTC_to_06:00_UTC_next_day,19.567741935483873,14.570967741935483,25.074193548387097,0.5975186104218366,0.0,97.89999999999999,-64.17692307692307,0.6040341718082581,0.3548387096774194
meiringen_hasliberg,Meiringen-Hasliberg,2024-08-01,1,1,True,1.0,1.0,high,METEOSWISS_SMN_DAILY_SELECTED,False,False,06:00_UTC_to_06:00_UTC_next_day,19.929032258064513,14.832258064516129,25.425806451612903,1.77245657568238,0.0,117.8,-42.815384615384616,0.7334291187739463,0.2903225806451613
meiringen_hasliberg,Meiringen-Hasliberg,2024-09-01,1,1,True,1.0,1.0,high,METEOSWISS_SMN_DAILY_SELECTED,False,False,06:00_UTC_to_06:00_UTC_next_day,13.45,9.133333333333333,18.223333333333336,-0.8815384615384616,0.0,139.09999999999997,39.56923076923074,1.3975577710796814,0.36666666666666664
meiringen_hasliberg,Meiringen-Hasliberg,2024-10-01,1,1,True,1.0,1.0,high,METEOSWISS_SMN_DAILY_SELECTED,False,False,06:00_UTC_to_06:00_UTC_next_day,10.787096774193548,6.241935483870968,15.241935483870968,0.6766749379652612,0.0,87.0,-2.6923076923076934,0.9699828473413379,0.3548387096774194
meiringen_hasliberg,Meiringen-Hasliberg,2024-11-01,1,1,True,1.0,1.0,high,METEOSWISS_SMN_DAILY_SELECTED,False,False,06:00_UTC_to_06:00_UTC_next_day,3.0166666666666666,-0.6833333333333333,7.21,-1.2356410256410255,0.5333333333333333,74.0,-20.369230769230768,0.7841538963156178,0.23333333333333334
meiringen_hasliberg,Meiringen-Hasliberg,2024-12-01,1,1,True,1.0,1.0,high,METEOSWISS_SMN_DAILY_SELECTED,False,False,06:00_UTC_to_06:00_UTC_next_day,-0.8258064516129032,-3.987096774193548,2.083870967741935,-0.9707196029776675,0.8387096774193549,105.10000000000001,18.30769230769232,1.210936807586635,0.3225806451612903
meiringen_hasliberg,Meiringen-Hasliberg,2025-01-01,1,1,True,1.0,1.0,high,METEOSWISS_SMN_DAILY_SELECTED,False,False,06:00_UTC_to_06:00_UTC_next_day,0.22903225806451605,-3.7709677419354835,3.883870967741936,0.5215880893300247,0.7419354838709677,100.3,8.876923076923077,1.0970971813209929,0.3870967741935484
meiringen_hasliberg,Meiringen-Hasliberg,2025-02-01,1,1,True,1.0,1.0,high,METEOSWISS_SMN_DAILY_SELECTED,False,False,06:00_UTC_to_06:00_UTC_next_day,2.132142857142857,-2.1035714285714286,6.682142857142857,0.48684160666919274,0.75,29.1,-33.07692307692308,0.4680192997649387,0.07142857142857142
meiringen_hasliberg,Meiringen-Hasliberg,2025-03-01,1,1,True,1.0,1.0,high,METEOSWISS_SMN_DAILY_SELECTED,False,False,06:00_UTC_to_06:00_UTC_next_day,7.15483870967742,1.4451612903225808,12.180645161290323,1.4436724565756824,0.2903225806451613,25.499999999999996,-59.15384615384616,0.3012267151294865,0.16129032258064516
meiringen_hasliberg,Meiringen-Hasliberg,2025-04-01,1,1,True,1.0,1.0,high,METEOSWISS_SMN_DAILY_SELECTED,False,False,06:00_UTC_to_06:00_UTC_next_day,10.853333333333333,3.46,17.34333333333333,1.2323076923076925,0.13333333333333333,101.30000000000001,21.33076923076925,1.2667372066179303,0.3
meiringen_hasliberg,Meiringen-Hasliberg,2025-05-01,1,1,True,1.0,1.0,high,METEOSWISS_SMN_DAILY_SELECTED,False,False,06:00_UTC_to_06:00_UTC_next_day,12.94516129032258,7.825806451612903,18.270967741935483,0.11290322580645196,0.0,119.90000000000002,-16.64615384615381,0.8780913751337955,0.45161290322580644
meiringen_hasliberg,Meiringen-Hasliberg,2025-06-01,1,1,True,1.0,1.0,high,METEOSWISS_SMN_DAILY_SELECTED,False,False,06:00_UTC_to_06:00_UTC_next_day,20.05666666666667,13.693333333333333,26.14333333333333,2.3400000000000034,0.0,144.2,17.19999999999999,1.1354330708661415,0.3333333333333333
meiringen_hasliberg,Meiringen-Hasliberg,2025-07-01,1,1,True,1.0,1.0,high,METEOSWISS_SMN_DAILY_SELECTED,False,False,06:00_UTC_to_06:00_UTC_next_day,17.780645161290323,13.096774193548388,23.14516129032258,-1.1895781637717135,0.0,231.49999999999997,69.4230769230769,1.4283341243474132,0.5806451612903226
meiringen_hasliberg,Meiringen-Hasliberg,2025-08-01,1,1,True,1.0,1.0,high,METEOSWISS_SMN_DAILY_SELECTED,False,False,06:00_UTC_to_06:00_UTC_next_day,18.787096774193547,13.248387096774193,24.641935483870967,0.6305210918114135,0.0,147.8,-12.815384615384602,0.9202107279693488,0.3225806451612903
meiringen_hasliberg,Meiringen-Hasliberg,2025-09-01,1,1,True,1.0,1.0,high,METEOSWISS_SMN_DAILY_SELECTED,False,False,06:00_UTC_to_06:00_UTC_next_day,13.773333333333333,9.086666666666668,18.66,-0.5582051282051275,0.0,151.89999999999998,52.369230769230754,1.526161218023031,0.5
meiringen_hasliberg,Meiringen-Hasliberg,2025-10-01,1,1,True,1.0,1.0,high,METEOSWISS_SMN_DAILY_SELECTED,False,False,06:00_UTC_to_06:00_UTC_next_day,9.187096774193549,5.254838709677419,13.525806451612903,-0.9233250620347384,0.03225806451612903,83.8,-5.892307692307696,0.9343053173241852,0.2903225806451613
meiringen_hasliberg,Meiringen-Hasliberg,2025-11-01,1,1,True,1.0,1.0,high,METEOSWISS_SMN_DAILY_SELECTED,False,False,06:00_UTC_to_06:00_UTC_next_day,3.316666666666667,-1.3866666666666667,7.6066666666666665,-0.9356410256410252,0.7333333333333333,92.2,-2.169230769230765,0.9770133681121618,0.3333333333333333
meiringen_hasliberg,Meiringen-Hasliberg,2025-12-01,1,1,True,1.0,1.0,high,METEOSWISS_SMN_DAILY_SELECTED,False,False,06:00_UTC_to_06:00_UTC_next_day,0.8354838709677419,-2.2451612903225806,4.0,0.6905707196029778,0.7741935483870968,16.0,-70.79230769230769,0.18434813436142872,0.03225806451612903
meiringen_hasliberg,Meiringen-Hasliberg,2026-01-01,1,1,True,1.0,1.0,high,METEOSWISS_SMN_DAILY_SELECTED,False,False,06:00_UTC_to_06:00_UTC_next_day,-0.41290322580645156,-4.174193548387097,4.145161290322581,-0.1203473945409429,0.9354838709677419,24.6,-66.82307692307691,0.2690786705931847,0.1935483870967742
meiringen_hasliberg,Meiringen-Hasliberg,2026-02-01,1,1,True,1.0,1.0,high,METEOSWISS_SMN_DAILY_SELECTED,False,False,06:00_UTC_to_06:00_UTC_next_day,4.1535714285714285,-0.07142857142857142,8.760714285714286,2.508270178097764,0.42857142857142855,74.2,12.023076923076921,1.193368798713349,0.39285714285714285
meiringen_hasliberg,Meiringen-Hasliberg,2026-03-01,1,1,True,1.0,1.0,high,METEOSWISS_SMN_DAILY_SELECTED,False,False,06:00_UTC_to_06:00_UTC_next_day,5.519354838709678,-0.31935483870967746,11.600000000000001,-0.19181141439205973,0.5161290322580645,65.7,-18.953846153846158,0.7761017719218537,0.22580645161290322
moleson,Moléson,2013-01-01,1,1,True,1.0,1.0,high,METEOSWISS_SMN_DAILY_SELECTED,False,False,06:00_UTC_to_06:00_UTC_next_day,-3.2838709677419353,-6.116129032258065,-0.42903225806451617,-0.38486352357320097,0.8064516129032258,48.099999999999994,-30.75384615384617,0.6099892693395765,0.2903225806451613
moleson,Moléson,2013-02-01,1,1,True,1.0,1.0,high,METEOSWISS_SMN_DAILY_SELECTED,False,False,06:00_UTC_to_06:00_UTC_next_day,-8.092857142857143,-10.617857142857144,-5.321428571428571,-5.823815839333081,1.0,105.8,45.46153846153846,1.7534421213666496,0.4642857142857143
moleson,Moléson,2013-03-01,1,1,True,1.0,1.0,high,METEOSWISS_SMN_DAILY_SELECTED,False,False,06:00_UTC_to_06:00_UTC_next_day,-2.703225806451613,-4.67741935483871,-0.38387096774193546,-1.9985111662531017,0.8709677419354839,60.00000000000001,2.761538461538464,1.048246203467276,0.41935483870967744
moleson,Moléson,2013-04-01,1,1,True,1.0,1.0,high,METEOSWISS_SMN_DAILY_SELECTED,False,False,06:00_UTC_to_06:00_UTC_next_day,1.4666666666666666,-1.1533333333333333,4.3966666666666665,-0.32769230769230795,0.6666666666666666,104.10000000000001,30.51538461538462,1.414697888354589,0.26666666666666666
moleson,Moléson,2013-05-01,1,1,True,1.0,1.0,high,METEOSWISS_SMN_DAILY_SELECTED,False,False,06:00_UTC_to_06:00_UTC_next_day,1.1903225806451612,-1.1451612903225807,4.300000000000001,-3.259801488833747,0.6774193548387096,173.3,42.5,1.3249235474006116,0.6774193548387096
moleson,Moléson,2013-06-01,1,1,True,1.0,1.0,high,METEOSWISS_SMN_DAILY_SELECTED,False,False,06:00_UTC_to_06:00_UTC_next_day,7.236666666666666,4.473333333333333,10.879999999999999,-2.735897435897437,0.2,92.19999999999999,-19.66153846153847,0.824233255398157,0.3333333333333333
moleson,Moléson,2013-07-01,1,1,True,1.0,1.0,high,METEOSWISS_SMN_DAILY_SELECTED,False,False,06:00_UTC_to_06:00_UTC_next_day,12.225806451612904,9.55483870967742,15.929032258064517,0.5143920595533498,0.0,159.8,15.123076923076951,1.1045299872394727,0.2903225806451613
moleson,Moléson,2013-08-01,1,1,True,1.0,1.0,high,METEOSWISS_SMN_DAILY_SELECTED,False,False,06:00_UTC_to_06:00_UTC_next_day,10.635483870967741,7.887096774193548,14.254838709677419,-1.0349875930521097,0.0,85.6,-41.676923076923075,0.6725492566179136,0.1935483870967742
moleson,Moléson,2013-09-01,1,1,True,1.0,1.0,high,METEOSWISS_SMN_DAILY_SELECTED,False,False,06:00_UTC_to_06:00_UTC_next_day,8.096666666666668,5.46,11.316666666666666,-0.07589743589743492,0.13333333333333333,138.7,38.83846153846153,1.3889231243259899,0.5
moleson,Moléson,2013-10-01,1,1,True,1.0,1.0,high,METEOSWISS_SMN_DAILY_SELECTED,False,False,06:00_UTC_to_06:00_UTC_next_day,5.658064516129032,3.2516129032258063,8.577419354838709,-0.29826302729528553,0.1935483870967742,122.60000000000001,42.00769230769231,1.5212369953230886,0.4838709677419355
moleson,Moléson,2013-11-01,1,1,True,1.0,1.0,high,METEOSWISS_SMN_DAILY_SELECTED,False,False,06:00_UTC_to_06:00_UTC_next_day,-1.9,-4.67,1.0933333333333335,-2.8802564102564103,0.8,84.0,-1.8615384615384585,0.9783192976169146,0.5
moleson,Moléson,2013-12-01,1,1,True,1.0,1.0,high,METEOSWISS_SMN_DAILY_SELECTED,False,False,06:00_UTC_to_06:00_UTC_next_day,0.8290322580645161,-1.967741935483871,3.4096774193548387,1.1444168734491313,0.6774193548387096,59.1,-20.630769230769225,0.7412445730824893,0.1935483870967742
moleson,Moléson,2014-01-01,1,1,True,1.0,1.0,high,METEOSWISS_SMN_DAILY_SELECTED,False,False,06:00_UTC_to_06:00_UTC_next_day,-1.6419354838709677,-4.438709677419355,0.7806451612903227,1.2570719602977667,0.9032258064516129,50.400000000000006,-28.453846153846158,0.6391571553994733,0.3225806451612903
moleson,Moléson,2014-02-01,1,1,True,1.0,1.0,high,METEOSWISS_SMN_DAILY_SELECTED,False,False,06:00_UTC_to_06:00_UTC_next_day,-2.9499999999999997,-5.9678571428571425,0.4428571428571429,-0.6809586964759378,1.0,70.5,10.161538461538463,1.1684089750127487,0.35714285714285715
moleson,Moléson,2014-03-01,1,1,True,1.0,1.0,high,METEOSWISS_SMN_DAILY_SELECTED,False,False,06:00_UTC_to_06:00_UTC_next_day,0.4129032258064516,-2.361290322580645,3.5903225806451613,1.1176178660049627,0.6129032258064516,25.2,-32.03846153846155,0.4402634054562558,0.16129032258064516
moleson,Moléson,2014-04-01,1,1,True,1.0,1.0,high,METEOSWISS_SMN_DAILY_SELECTED,False,False,06:00_UTC_to_06:00_UTC_next_day,2.3699999999999997,-0.3633333333333333,6.1033333333333335,0.5756410256410252,0.5,108.4,34.815384615384616,1.4731340163077566,0.3333333333333333
moleson,Moléson,2014-05-01,1,1,True,1.0,1.0,high,METEOSWISS_SMN_DAILY_SELECTED,False,False,06:00_UTC_to_06:00_UTC_next_day,3.0258064516129033,0.49677419354838714,6.251612903225807,-1.4243176178660053,0.41935483870967744,109.60000000000001,-21.200000000000003,0.8379204892966361,0.5161290322580645
moleson,Moléson,2014-06-01,1,1,True,1.0,1.0,high,METEOSWISS_SMN_DAILY_SELECTED,False,False,06:00_UTC_to_06:00_UTC_next_day,9.323333333333332,6.373333333333333,13.433333333333334,-0.6492307692307708,0.0,78.80000000000001,-33.06153846153845,0.7044423050474489,0.36666666666666664
moleson,Moléson,2014-07-01,1,1,True,1.0,1.0,high,METEOSWISS_SMN_DAILY_SELECTED,False,False,06:00_UTC_to_06:00_UTC_next_day,9.419354838709678,6.890322580645161,12.629032258064516,-2.292059553349876,0.0,460.70000000000005,316.023076923077,3.1843364525733735,0.6451612903225806
moleson,Moléson,2014-08-01,1,1,True,1.0,1.0,high,METEOSWISS_SMN_DAILY_SELECTED,False,False,06:00_UTC_to_06:00_UTC_next_day,7.787096774193548,5.354838709677419,11.209677419354838,-3.8833746898263026,0.0,157.20000000000002,29.923076923076948,1.235102139489907,0.6129032258064516
moleson,Moléson,2014-09-01,1,1,True,1.0,1.0,high,METEOSWISS_SMN_DAILY_SELECTED,False,False,06:00_UTC_to_06:00_UTC_next_day,8.423333333333334,5.843333333333334,12.183333333333334,0.2507692307692313,0.06666666666666667,72.5,-27.36153846153846,0.7260052380218764,0.2
moleson,Moléson,2014-10-01,1,1,True,1.0,1.0,high,METEOSWISS_SMN_DAILY_SELECTED,False,False,06:00_UTC_to_06:00_UTC_next_day,6.967741935483871,4.351612903225806,10.412903225806453,1.011414392059553,0.0967741935483871,85.6,5.007692307692295,1.0621361076644076,0.3548387096774194
moleson,Moléson,2014-11-01,1,1,True,1.0,1.0,high,METEOSWISS_SMN_DAILY_SELECTED,False,False,06:00_UTC_to_06:00_UTC_next_day,3.8433333333333333,1.6700000000000002,6.53,2.863076923076923,0.43333333333333335,80.0,-5.8615384615384585,0.9317326643970615,0.26666666666666666
moleson,Moléson,2014-12-01,1,1,True,1.0,1.0,high,METEOSWISS_SMN_DAILY_SELECTED,False,False,06:00_UTC_to_06:00_UTC_next_day,-2.238709677419355,-5.04516129032258,0.38387096774193546,-1.9233250620347395,0.9032258064516129,47.400000000000006,-32.33076923076922,0.5945007235890015,0.3548387096774194
moleson,Moléson,2015-01-01,1,1,True,1.0,1.0,high,METEOSWISS_SMN_DAILY_SELECTED,False,False,06:00_UTC_to_06:00_UTC_next_day,-3.206451612903226,-6.17741935483871,-0.46774193548387094,-0.30744416873449154,0.967741935483871,94.60000000000001,15.746153846153845,1.1996878353331382,0.41935483870967744
moleson,Moléson,2015-02-01,1,1,True,1.0,1.0,high,METEOSWISS_SMN_DAILY_SELECTED,False,False,06:00_UTC_to_06:00_UTC_next_day,-4.371428571428571,-7.1000000000000005,-1.3214285714285714,-2.102387267904509,0.9642857142857143,57.6,-2.738461538461536,0.9546149923508415,0.2857142857142857
moleson,Moléson,2015-03-01,1,1,True,1.0,1.0,high,METEOSWISS_SMN_DAILY_SELECTED,False,False,06:00_UTC_to_06:00_UTC_next_day,-0.567741935483871,-3.009677419354839,1.9870967741935484,0.13697270471464007,0.7741935483870968,82.99999999999999,25.761538461538443,1.450073914796398,0.3548387096774194
moleson,Moléson,2015-04-01,1,1,True,1.0,1.0,high,METEOSWISS_SMN_DAILY_SELECTED,False,False,06:00_UTC_to_06:00_UTC_next_day,1.9933333333333332,-0.98,5.256666666666666,0.19897435897435867,0.5,69.1,-4.484615384615395,0.9390549864102027,0.3
moleson,Moléson,2015-05-01,1,1,True,1.0,1.0,high,METEOSWISS_SMN_DAILY_SELECTED,False,False,06:00_UTC_to_06:00_UTC_next_day,5.135483870967741,2.1,8.880645161290323,0.6853598014888327,0.3548387096774194,175.6,44.79999999999998,1.3425076452599387,0.41935483870967744
moleson,Moléson,2015-06-01,1,1,True,1.0,1.0,high,METEOSWISS_SMN_DAILY_SELECTED,False,False,06:00_UTC_to_06:00_UTC_next_day,9.91,7.066666666666666,13.76,-0.06256410256410305,0.0,112.5,0.6384615384615415,1.0057076055563197,0.3
moleson,Moléson,2015-07-01,1,1,True,1.0,1.0,high,METEOSWISS_SMN_DAILY_SELECTED,False,False,06:00_UTC_to_06:00_UTC_next_day,13.806451612903226,10.154838709677419,18.551612903225806,2.095037220843672,0.0,33.300000000000004,-111.37692307692305,0.23016801361122932,0.25806451612903225
moleson,Moléson,2015-08-01,1,1,True,1.0,1.0,high,METEOSWISS_SMN_DAILY_SELECTED,False,False,06:00_UTC_to_06:00_UTC_next_day,12.13225806451613,9.316129032258065,15.62258064516129,0.4617866004962785,0.0,147.7,20.42307692307692,1.1604617430194608,0.3548387096774194
moleson,Moléson,2015-09-01,1,1,True,1.0,1.0,high,METEOSWISS_SMN_DAILY_SELECTED,False,False,06:00_UTC_to_06:00_UTC_next_day,5.63,2.9466666666666668,9.596666666666666,-2.5425641025641026,0.2,132.9,33.03846153846155,1.3308427052842398,0.36666666666666664
moleson,Moléson,2015-10-01,1,1,True,1.0,1.0,high,METEOSWISS_SMN_DAILY_SELECTED,False,False,06:00_UTC_to_06:00_UTC_next_day,4.232258064516128,1.2161290322580647,7.964516129032258,-1.7240694789081896,0.41935483870967744,65.9,-14.692307692307693,0.8176959053164073,0.2903225806451613
moleson,Moléson,2015-11-01,1,1,True,1.0,1.0,high,METEOSWISS_SMN_DAILY_SELECTED,False,False,06:00_UTC_to_06:00_UTC_next_day,2.9033333333333333,0.18,5.873333333333333,1.9230769230769231,0.36666666666666664,67.1,-18.761538461538464,0.7814907722630352,0.3
moleson,Moléson,2015-12-01,1,1,True,1.0,1.0,high,METEOSWISS_SMN_DAILY_SELECTED,False,False,06:00_UTC_to_06:00_UTC_next_day,3.561290322580645,0.7967741935483871,6.351612903225806,3.8766749379652605,0.45161290322580644,19.7,-60.030769230769224,0.24708152436082972,0.16129032258064516
moleson,Moléson,2016-01-01,1,1,True,1.0,1.0,high,METEOSWISS_SMN_DAILY_SELECTED,False,False,06:00_UTC_to_06:00_UTC_next_day,-2.561290322580645,-4.745161290322581,-0.37741935483870964,0.3377171215880894,0.8709677419354839,90.50000000000001,11.646153846153851,1.1476929080089748,0.6129032258064516
moleson,Moléson,2016-02-01,1,1,True,1.0,1.0,high,METEOSWISS_SMN_DAILY_SELECTED,False,False,06:00_UTC_to_06:00_UTC_next_day,-2.927586206896552,-5.834482758620689,-0.1413793103448275,-0.6585449033724902,0.896551724137931,71.69999999999999,11.361538461538451,1.188296787353391,0.5862068965517241
moleson,Moléson,2016-03-01,1,1,True,1.0,1.0,high,METEOSWISS_SMN_DAILY_SELECTED,False,False,06:00_UTC_to_06:00_UTC_next_day,-3.051612903225806,-5.699999999999999,-0.2870967741935484,-2.346898263027295,0.9354838709677419,54.7,-2.53846153846154,0.9556511221609998,0.2903225806451613
moleson,Moléson,2016-04-01,1,1,True,1.0,1.0,high,METEOSWISS_SMN_DAILY_SELECTED,False,False,06:00_UTC_to_06:00_UTC_next_day,0.5233333333333333,-2.19,3.5900000000000003,-1.2710256410256413,0.6,126.4,52.815384615384616,1.7177503658791553,0.36666666666666664
moleson,Moléson,2016-05-01,1,1,True,1.0,1.0,high,METEOSWISS_SMN_DAILY_SELECTED,False,False,06:00_UTC_to_06:00_UTC_next_day,3.693548387096774,0.8935483870967743,6.690322580645161,-0.7565756823821346,0.41935483870967744,184.7,53.89999999999998,1.4120795107033637,0.4838709677419355
moleson,Moléson,2016-06-01,1,1,True,1.0,1.0,high,METEOSWISS_SMN_DAILY_SELECTED,False,False,06:00_UTC_to_06:00_UTC_next_day,7.453333333333333,5.213333333333334,10.34,-2.51923076923077,0.0,190.6,78.73846153846154,1.703892174391418,0.7333333333333333
moleson,Moléson,2016-07-01,1,1,True,1.0,1.0,high,METEOSWISS_SMN_DAILY_SELECTED,False,False,06:00_UTC_to_06:00_UTC_next_day,11.135483870967741,8.058064516129033,14.841935483870968,-0.5759305210918129,0.06451612903225806,155.7,11.023076923076928,1.0761909825606126,0.3225806451612903
moleson,Moléson,2016-08-01,1,1,True,1.0,1.0,high,METEOSWISS_SMN_DAILY_SELECTED,False,False,06:00_UTC_to_06:00_UTC_next_day,11.46774193548387,8.306451612903226,15.341935483870968,-0.20272952853598092,0.0,105.19999999999999,-22.07692307692308,0.8265441798622023,0.22580645161290322
moleson,Moléson,2016-09-01,1,1,True,1.0,1.0,high,METEOSWISS_SMN_DAILY_SELECTED,False,False,06:00_UTC_to_06:00_UTC_next_day,9.403333333333334,7.23,12.873333333333333,1.2307692307692317,0.0,65.3,-34.56153846153846,0.6539054074872901,0.26666666666666666
moleson,Moléson,2016-10-01,1,1,True,1.0,1.0,high,METEOSWISS_SMN_DAILY_SELECTED,False,False,06:00_UTC_to_06:00_UTC_next_day,3.7903225806451615,1.038709677419355,7.245161290322581,-2.1660049627791564,0.3870967741935484,82.4,1.8076923076923066,1.0224300849479813,0.3225806451612903
moleson,Moléson,2016-11-01,1,1,True,1.0,1.0,high,METEOSWISS_SMN_DAILY_SELECTED,False,False,06:00_UTC_to_06:00_UTC_next_day,0.3066666666666667,-2.2366666666666664,3.07,-0.6735897435897436,0.7,88.2,2.3384615384615444,1.0272352624977603,0.3333333333333333
moleson,Moléson,2016-12-01,1,1,True,1.0,1.0,high,METEOSWISS_SMN_DAILY_SELECTED,False,False,06:00_UTC_to_06:00_UTC_next_day,2.174193548387097,-0.31935483870967746,5.619354838709677,2.4895781637717125,0.6129032258064516,0.30000000000000004,-79.43076923076923,0.0037626628075253265,0.0
moleson,Moléson,2017-01-01,1,1,True,1.0,1.0,high,METEOSWISS_SMN_DAILY_SELECTED,False,False,06:00_UTC_to_06:00_UTC_next_day,-5.119354838709677,-7.790322580645161,-2.2806451612903227,-2.220347394540943,0.967741935483871,63.50000000000001,-15.353846153846156,0.8052872890449713,0.3548387096774194
moleson,Moléson,2017-02-01,1,1,True,1.0,1.0,high,METEOSWISS_SMN_DAILY_SELECTED,False,False,06:00_UTC_to_06:00_UTC_next_day,-0.9821428571428571,-3.442857142857143,1.6178571428571427,1.2868984463812048,0.7857142857142857,73.0,12.661538461538463,1.2098419173890873,0.32142857142857145
moleson,Moléson,2017-03-01,1,1,True,1.0,1.0,high,METEOSWISS_SMN_DAILY_SELECTED,False,False,06:00_UTC_to_06:00_UTC_next_day,1.6483870967741934,-1.3225806451612903,4.854838709677419,2.3531017369727043,0.5161290322580645,47.199999999999996,-10.038461538461547,0.8246203467275902,0.3225806451612903
moleson,Moléson,2017-04-01,1,1,True,1.0,1.0,high,METEOSWISS_SMN_DAILY_SELECTED,False,False,06:00_UTC_to_06:00_UTC_next_day,0.7433333333333334,-2.14,4.85,-1.051025641025641,0.6666666666666666,77.7,4.115384615384613,1.0559272423165378,0.3
moleson,Moléson,2017-05-01,1,1,True,1.0,1.0,high,METEOSWISS_SMN_DAILY_SELECTED,False,False,06:00_UTC_to_06:00_UTC_next_day,5.825806451612903,3.2129032258064516,9.887096774193548,1.375682382133994,0.3870967741935484,86.7,-44.10000000000001,0.6628440366972477,0.3870967741935484
moleson,Moléson,2017-06-01,1,1,True,1.0,1.0,high,METEOSWISS_SMN_DAILY_SELECTED,False,False,06:00_UTC_to_06:00_UTC_next_day,11.126666666666667,8.136666666666667,15.076666666666666,1.1541025641025637,0.06666666666666667,111.69999999999999,-0.16153846153846985,0.9985559070279191,0.43333333333333335
moleson,Moléson,2017-07-01,1,1,True,1.0,1.0,high,METEOSWISS_SMN_DAILY_SELECTED,False,False,06:00_UTC_to_06:00_UTC_next_day,11.058064516129033,8.170967741935485,14.758064516129032,-0.6533498759305214,0.0,121.39999999999998,-23.276923076923083,0.8391110165886856,0.3870967741935484
moleson,Moléson,2017-08-01,1,1,True,1.0,1.0,high,METEOSWISS_SMN_DAILY_SELECTED,False,False,06:00_UTC_to_06:00_UTC_next_day,12.219354838709679,9.270967741935483,16.02258064516129,0.5488833746898276,0.0,112.79999999999998,-14.476923076923086,0.8862564970385591,0.3225806451612903
moleson,Moléson,2017-09-01,1,1,True,1.0,1.0,high,METEOSWISS_SMN_DAILY_SELECTED,False,False,06:00_UTC_to_06:00_UTC_next_day,4.92,2.4299999999999997,8.453333333333333,-3.2525641025641026,0.23333333333333334,81.4,-18.461538461538453,0.8151286396549069,0.43333333333333335
moleson,Moléson,2017-10-01,1,1,True,1.0,1.0,high,METEOSWISS_SMN_DAILY_SELECTED,False,False,06:00_UTC_to_06:00_UTC_next_day,6.135483870967741,2.990322580645161,9.448387096774193,0.17915632754342337,0.3225806451612903,56.8,-23.792307692307702,0.7047819032165695,0.25806451612903225
moleson,Moléson,2017-11-01,1,1,True,1.0,1.0,high,METEOSWISS_SMN_DAILY_SELECTED,False,False,06:00_UTC_to_06:00_UTC_next_day,-1.3566666666666667,-4.056666666666667,1.59,-2.336923076923077,0.7333333333333333,110.20000000000002,24.33846153846156,1.2834617452069523,0.4
moleson,Moléson,2017-12-01,1,1,True,1.0,1.0,high,METEOSWISS_SMN_DAILY_SELECTED,False,False,06:00_UTC_to_06:00_UTC_next_day,-4.074193548387097,-7.106451612903226,-1.3419354838709678,-3.7588089330024816,0.9354838709677419,131.6,51.86923076923077,1.650554751567776,0.5806451612903226
moleson,Moléson,2018-01-01,1,1,True,1.0,1.0,high,METEOSWISS_SMN_DAILY_SELECTED,False,False,06:00_UTC_to_06:00_UTC_next_day,-1.367741935483871,-3.490322580645161,1.2354838709677418,1.5312655086848634,0.9032258064516129,128.0,49.14615384615384,1.6232562676812017,0.41935483870967744
moleson,Moléson,2018-02-01,1,1,True,1.0,1.0,high,METEOSWISS_SMN_DAILY_SELECTED,False,False,06:00_UTC_to_06:00_UTC_next_day,-7.625,-10.467857142857143,-4.7,-5.355958696475938,1.0,33.5,-26.838461538461537,0.5552014278429372,0.17857142857142858
moleson,Moléson,2018-03-01,1,1,True,1.0,1.0,high,METEOSWISS_SMN_DAILY_SELECTED,False,False,06:00_UTC_to_06:00_UTC_next_day,-2.8806451612903223,-4.993548387096775,-0.4741935483870967,-2.175930521091811,0.967741935483871,61.5,4.261538461538457,1.0744523585539578,0.5483870967741935
moleson,Moléson,2018-04-01,1,1,True,1.0,1.0,high,METEOSWISS_SMN_DAILY_SELECTED,False,False,06:00_UTC_to_06:00_UTC_next_day,4.996666666666667,1.95,8.343333333333334,3.2023076923076923,0.3333333333333333,20.0,-53.58461538461539,0.27179594396822077,0.26666666666666666
moleson,Moléson,2018-05-01,1,1,True,1.0,1.0,high,METEOSWISS_SMN_DAILY_SELECTED,False,False,06:00_UTC_to_06:00_UTC_next_day,6.290322580645161,3.664516129032258,9.906451612903227,1.8401985111662524,0.16129032258064516,120.0,-10.800000000000011,0.9174311926605504,0.6129032258064516
moleson,Moléson,2018-06-01,1,1,True,1.0,1.0,high,METEOSWISS_SMN_DAILY_SELECTED,False,False,06:00_UTC_to_06:00_UTC_next_day,9.393333333333334,6.496666666666667,13.403333333333334,-0.5792307692307688,0.0,125.5,13.638461538461542,1.1219227066428277,0.26666666666666666
moleson,Moléson,2018-07-01,1,1,True,1.0,1.0,high,METEOSWISS_SMN_DAILY_SELECTED,False,False,06:00_UTC_to_06:00_UTC_next_day,12.441935483870967,9.432258064516128,16.967741935483872,0.7305210918114131,0.0,95.6,-49.076923076923066,0.6607826456826883,0.2903225806451613
moleson,Moléson,2018-08-01,1,1,True,1.0,1.0,high,METEOSWISS_SMN_DAILY_SELECTED,False,False,06:00_UTC_to_06:00_UTC_next_day,12.138709677419355,9.096774193548388,16.280645161290323,0.4682382133995038,0.03225806451612903,70.1,-57.176923076923075,0.5507675571135018,0.3225806451612903
moleson,Moléson,2018-09-01,1,1,True,1.0,1.0,high,METEOSWISS_SMN_DAILY_SELECTED,False,False,06:00_UTC_to_06:00_UTC_next_day,9.753333333333334,6.58,14.163333333333332,1.5807692307692314,0.06666666666666667,60.6,-39.26153846153846,0.6068402403327685,0.16666666666666666
moleson,Moléson,2018-10-01,1,1,True,1.0,1.0,high,METEOSWISS_SMN_DAILY_SELECTED,False,False,06:00_UTC_to_06:00_UTC_next_day,6.896774193548388,4.016129032258065,11.041935483870969,0.9404466501240698,0.22580645161290322,39.3,-41.2923076923077,0.48763959148611236,0.16129032258064516
moleson,Moléson,2018-11-01,1,1,True,1.0,1.0,high,METEOSWISS_SMN_DAILY_SELECTED,False,False,06:00_UTC_to_06:00_UTC_next_day,1.7866666666666666,-0.7333333333333333,5.09,0.8064102564102564,0.5666666666666667,26.2,-59.661538461538456,0.3051424475900376,0.23333333333333334
moleson,Moléson,2018-12-01,1,1,True,1.0,1.0,high,METEOSWISS_SMN_DAILY_SELECTED,False,False,06:00_UTC_to_06:00_UTC_next_day,-1.096774193548387,-3.674193548387097,1.3451612903225807,-0.7813895781637716,0.9032258064516129,133.5,53.769230769230774,1.67438494934877,0.4838709677419355
moleson,Moléson,2019-01-01,1,1,True,1.0,1.0,high,METEOSWISS_SMN_DAILY_SELECTED,False,False,06:00_UTC_to_06:00_UTC_next_day,-6.719354838709678,-9.36774193548387,-3.916129032258065,-3.8203473945409434,1.0,85.40000000000002,6.546153846153857,1.083016291093552,0.41935483870967744
moleson,Moléson,2019-02-01,1,1,True,1.0,1.0,high,METEOSWISS_SMN_DAILY_SELECTED,False,False,06:00_UTC_to_06:00_UTC_next_day,0.8535714285714285,-2.05,3.6785714285714284,3.1226127320954906,0.6428571428571429,78.2,17.861538461538466,1.2960224375318716,0.17857142857142858
moleson,Moléson,2019-03-01,1,1,True,1.0,1.0,high,METEOSWISS_SMN_DAILY_SELECTED,False,False,06:00_UTC_to_06:00_UTC_next_day,-0.28387096774193543,-3.6516129032258067,3.2419354838709675,0.4208436724565756,0.8064516129032258,84.4,27.161538461538463,1.4745329928773014,0.41935483870967744
moleson,Moléson,2019-04-01,1,1,True,1.0,1.0,high,METEOSWISS_SMN_DAILY_SELECTED,False,False,06:00_UTC_to_06:00_UTC_next_day,0.8099999999999999,-2.05,4.26,-0.9843589743589746,0.7666666666666667,64.3,-9.284615384615392,0.8738239598578297,0.26666666666666666
moleson,Moléson,2019-05-01,1,1,True,1.0,1.0,high,METEOSWISS_SMN_DAILY_SELECTED,False,False,06:00_UTC_to_06:00_UTC_next_day,1.4483870967741934,-1.1290322580645162,4.535483870967742,-3.001736972704715,0.5483870967741935,192.70000000000002,61.900000000000006,1.4732415902140672,0.5806451612903226
moleson,Moléson,2019-06-01,1,1,True,1.0,1.0,high,METEOSWISS_SMN_DAILY_SELECTED,False,False,06:00_UTC_to_06:00_UTC_next_day,11.99,8.22,16.14,2.017435897435897,0.03333333333333333,82.5,-29.36153846153846,0.737518910741301,0.26666666666666666
moleson,Moléson,2019-07-01,1,1,True,1.0,1.0,high,METEOSWISS_SMN_DAILY_SELECTED,False,False,06:00_UTC_to_06:00_UTC_next_day,12.787096774193548,9.280645161290321,17.519354838709678,1.0756823821339943,0.0,109.99999999999999,-34.676923076923075,0.7603147596767333,0.1935483870967742
moleson,Moléson,2019-08-01,1,1,True,1.0,1.0,high,METEOSWISS_SMN_DAILY_SELECTED,False,False,06:00_UTC_to_06:00_UTC_next_day,12.26774193548387,9.006451612903225,16.548387096774192,0.5972704714640198,0.0,173.49999999999997,46.2230769230769,1.363169346065514,0.41935483870967744
moleson,Moléson,2019-09-01,1,1,True,1.0,1.0,high,METEOSWISS_SMN_DAILY_SELECTED,False,False,06:00_UTC_to_06:00_UTC_next_day,8.72,5.986666666666666,12.183333333333334,0.5474358974358982,0.06666666666666667,85.60000000000001,-14.26153846153845,0.8571868741334157,0.23333333333333334
moleson,Moléson,2019-10-01,1,1,True,1.0,1.0,high,METEOSWISS_SMN_DAILY_SELECTED,False,False,06:00_UTC_to_06:00_UTC_next_day,6.696774193548387,3.729032258064516,9.580645161290322,0.7404466501240687,0.22580645161290322,118.30000000000001,37.70769230769231,1.4678820272978907,0.5483870967741935
moleson,Moléson,2019-11-01,1,1,True,1.0,1.0,high,METEOSWISS_SMN_DAILY_SELECTED,False,False,06:00_UTC_to_06:00_UTC_next_day,-0.8866666666666667,-2.896666666666667,1.4466666666666668,-1.866923076923077,0.8,97.39999999999999,11.538461538461533,1.1343845189034223,0.4666666666666667
moleson,Moléson,2019-12-01,1,1,True,1.0,1.0,high,METEOSWISS_SMN_DAILY_SELECTED,False,False,06:00_UTC_to_06:00_UTC_next_day,0.27096774193548384,-2.47741935483871,3.141935483870968,0.5863523573200993,0.7096774193548387,104.30000000000001,24.569230769230785,1.3081524360829717,0.45161290322580644
moleson,Moléson,2020-01-01,1,1,True,1.0,1.0,high,METEOSWISS_SMN_DAILY_SELECTED,False,False,06:00_UTC_to_06:00_UTC_next_day,-0.12903225806451618,-2.793548387096774,2.4129032258064513,2.7699751861042183,0.7096774193548387,52.4,-26.453846153846165,0.6645205345819919,0.16129032258064516
moleson,Moléson,2020-02-01,1,1,True,1.0,1.0,high,METEOSWISS_SMN_DAILY_SELECTED,False,False,06:00_UTC_to_06:00_UTC_next_day,-0.7758620689655172,-3.6310344827586207,2.779310344827586,1.4931792345585446,0.7241379310344828,141.29999999999998,80.96153846153845,2.3417899031106577,0.4482758620689655
moleson,Moléson,2020-03-01,1,1,True,1.0,1.0,high,METEOSWISS_SMN_DAILY_SELECTED,False,False,06:00_UTC_to_06:00_UTC_next_day,-0.9870967741935485,-3.6870967741935483,2.4064516129032256,-0.2823821339950374,0.7096774193548387,75.0,17.761538461538457,1.3103077543340949,0.2903225806451613
moleson,Moléson,2020-04-01,1,1,True,1.0,1.0,high,METEOSWISS_SMN_DAILY_SELECTED,False,False,06:00_UTC_to_06:00_UTC_next_day,5.026666666666667,2.3133333333333335,9.24,3.2323076923076925,0.26666666666666666,37.5,-36.08461538461539,0.5096173949404139,0.2
moleson,Moléson,2020-05-01,1,1,True,1.0,1.0,high,METEOSWISS_SMN_DAILY_SELECTED,False,False,06:00_UTC_to_06:00_UTC_next_day,6.570967741935483,3.5999999999999996,10.770967741935483,2.1208436724565747,0.16129032258064516,71.5,-59.30000000000001,0.5466360856269112,0.25806451612903225
moleson,Moléson,2020-06-01,1,1,True,1.0,1.0,high,METEOSWISS_SMN_DAILY_SELECTED,False,False,06:00_UTC_to_06:00_UTC_next_day,7.626666666666667,5.21,11.146666666666667,-2.3458974358974363,0.0,160.1,48.238461538461536,1.431233667996149,0.6666666666666666
moleson,Moléson,2020-07-01,1,1,True,1.0,1.0,high,METEOSWISS_SMN_DAILY_SELECTED,False,False,06:00_UTC_to_06:00_UTC_next_day,11.587096774193547,8.183870967741935,15.583870967741936,-0.12431761786600681,0.0,83.4,-61.276923076923055,0.5764568268821779,0.3225806451612903
moleson,Moléson,2020-08-01,1,1,True,1.0,1.0,high,METEOSWISS_SMN_DAILY_SELECTED,False,False,06:00_UTC_to_06:00_UTC_next_day,11.851612903225806,8.583870967741936,15.819354838709678,0.18114143920595538,0.0,168.2,40.92307692307692,1.3215278617188444,0.41935483870967744
moleson,Moléson,2020-09-01,1,1,True,1.0,1.0,high,METEOSWISS_SMN_DAILY_SELECTED,False,False,06:00_UTC_to_06:00_UTC_next_day,9.013333333333332,6.45,12.47,0.8407692307692294,0.13333333333333333,55.7,-44.161538461538456,0.5577723001078416,0.2
moleson,Moléson,2020-10-01,1,1,True,1.0,1.0,high,METEOSWISS_SMN_DAILY_SELECTED,False,False,06:00_UTC_to_06:00_UTC_next_day,2.803225806451613,0.29354838709677417,5.683870967741935,-3.153101736972705,0.5161290322580645,110.5,29.9076923076923,1.371098596926601,0.3870967741935484
moleson,Moléson,2020-11-01,1,1,True,1.0,1.0,high,METEOSWISS_SMN_DAILY_SELECTED,False,False,06:00_UTC_to_06:00_UTC_next_day,4.073333333333333,1.13,7.596666666666667,3.0930769230769233,0.3333333333333333,32.5,-53.36153846153846,0.37851639491130623,0.16666666666666666
moleson,Moléson,2020-12-01,1,1,True,1.0,1.0,high,METEOSWISS_SMN_DAILY_SELECTED,False,False,06:00_UTC_to_06:00_UTC_next_day,-2.7225806451612904,-4.990322580645161,-0.14838709677419348,-2.4071960297766752,0.7741935483870968,66.49999999999999,-13.23076923076924,0.8340569223347803,0.3548387096774194
moleson,Moléson,2021-01-01,1,1,True,1.0,1.0,high,METEOSWISS_SMN_DAILY_SELECTED,False,False,06:00_UTC_to_06:00_UTC_next_day,-5.603225806451612,-7.829032258064516,-3.293548387096774,-2.704218362282878,1.0,128.3,49.44615384615385,1.6270607745585797,0.5483870967741935
moleson,Moléson,2021-02-01,1,1,True,1.0,1.0,high,METEOSWISS_SMN_DAILY_SELECTED,False,False,06:00_UTC_to_06:00_UTC_next_day,0.9464285714285714,-1.7357142857142858,3.5,3.2154698749526336,0.6428571428571429,23.9,-36.43846153846154,0.39609892911779704,0.21428571428571427
moleson,Moléson,2021-03-01,1,1,True,1.0,1.0,high,METEOSWISS_SMN_DAILY_SELECTED,False,False,06:00_UTC_to_06:00_UTC_next_day,-1.6064516129032258,-4.025806451612903,1.1161290322580646,-0.9017369727047148,0.8387096774193549,78.3,21.061538461538454,1.3679612955247948,0.2903225806451613
moleson,Moléson,2021-04-01,1,1,True,1.0,1.0,high,METEOSWISS_SMN_DAILY_SELECTED,False,False,06:00_UTC_to_06:00_UTC_next_day,-0.7899999999999999,-3.5733333333333333,2.45,-2.5843589743589743,0.7333333333333333,40.2,-33.38461538461539,0.5463098473761238,0.26666666666666666
moleson,Moléson,2021-05-01,1,1,True,1.0,1.0,high,METEOSWISS_SMN_DAILY_SELECTED,False,False,06:00_UTC_to_06:00_UTC_next_day,1.9225806451612903,-0.7677419354838709,4.838709677419355,-2.527543424317618,0.7741935483870968,149.79999999999998,18.99999999999997,1.1452599388379203,0.5483870967741935
moleson,Moléson,2021-06-01,1,1,True,1.0,1.0,high,METEOSWISS_SMN_DAILY_SELECTED,False,False,06:00_UTC_to_06:00_UTC_next_day,10.486666666666668,7.746666666666667,14.296666666666665,0.5141025641025649,0.0,168.29999999999998,56.438461538461524,1.504538577912254,0.4666666666666667
moleson,Moléson,2021-07-01,1,1,True,1.0,1.0,high,METEOSWISS_SMN_DAILY_SELECTED,False,False,06:00_UTC_to_06:00_UTC_next_day,9.861290322580645,7.148387096774194,13.387096774193548,-1.850124069478909,0.0,276.5,131.82307692307694,1.9111548277328798,0.4838709677419355
moleson,Moléson,2021-08-01,1,1,True,1.0,1.0,high,METEOSWISS_SMN_DAILY_SELECTED,False,False,06:00_UTC_to_06:00_UTC_next_day,9.219354838709679,6.658064516129032,12.496774193548386,-2.4511166253101724,0.0,121.30000000000001,-5.9769230769230575,0.953040009670011,0.2903225806451613
moleson,Moléson,2021-09-01,1,1,True,1.0,1.0,high,METEOSWISS_SMN_DAILY_SELECTED,False,False,06:00_UTC_to_06:00_UTC_next_day,9.313333333333333,6.9766666666666675,12.906666666666666,1.14076923076923,0.0,51.0,-48.86153846153846,0.51070713295332,0.3
moleson,Moléson,2021-10-01,1,1,True,1.0,1.0,high,METEOSWISS_SMN_DAILY_SELECTED,False,False,06:00_UTC_to_06:00_UTC_next_day,4.854838709677419,2.032258064516129,8.419354838709678,-1.1014888337468989,0.2903225806451613,44.0,-36.5923076923077,0.5459578123508637,0.25806451612903225
moleson,Moléson,2021-11-01,1,1,True,1.0,1.0,high,METEOSWISS_SMN_DAILY_SELECTED,False,False,06:00_UTC_to_06:00_UTC_next_day,0.26,-2.686666666666667,3.42,-0.7202564102564102,0.7,27.700000000000003,-58.161538461538456,0.32261243504748255,0.23333333333333334
moleson,Moléson,2021-12-01,1,1,True,1.0,1.0,high,METEOSWISS_SMN_DAILY_SELECTED,False,False,06:00_UTC_to_06:00_UTC_next_day,-0.36129032258064514,-2.7419354838709675,2.041935483870968,-0.045905707196029766,0.6451612903225806,83.59999999999997,3.8692307692307395,1.0485287023637238,0.3870967741935484
moleson,Moléson,2022-01-01,1,1,True,1.0,1.0,high,METEOSWISS_SMN_DAILY_SELECTED,False,False,06:00_UTC_to_06:00_UTC_next_day,-1.564516129032258,-4.629032258064516,1.464516129032258,1.3344913151364763,0.8387096774193549,32.4,-46.453846153846165,0.41088674275680415,0.1935483870967742
moleson,Moléson,2022-02-01,1,1,True,1.0,1.0,high,METEOSWISS_SMN_DAILY_SELECTED,False,False,06:00_UTC_to_06:00_UTC_next_day,-2.514285714285714,-5.196428571428571,0.43928571428571433,-0.24524441076165182,0.9642857142857143,56.2,-4.138461538461534,0.9314125446200918,0.39285714285714285
moleson,Moléson,2022-03-01,1,1,True,1.0,1.0,high,METEOSWISS_SMN_DAILY_SELECTED,False,False,06:00_UTC_to_06:00_UTC_next_day,0.5548387096774193,-1.932258064516129,3.870967741935484,1.2595533498759304,0.7419354838709677,13.9,-43.338461538461544,0.24284370380325224,0.03225806451612903
moleson,Moléson,2022-04-01,1,1,True,1.0,1.0,high,METEOSWISS_SMN_DAILY_SELECTED,False,False,06:00_UTC_to_06:00_UTC_next_day,1.2766666666666666,-1.23,4.586666666666667,-0.5176923076923079,0.5,65.5,-8.08461538461539,0.890131716495923,0.3333333333333333
moleson,Moléson,2022-05-01,1,1,True,1.0,1.0,high,METEOSWISS_SMN_DAILY_SELECTED,False,False,06:00_UTC_to_06:00_UTC_next_day,7.641935483870968,4.883870967741935,11.583870967741936,3.1918114143920597,0.06451612903225806,64.2,-66.60000000000001,0.4908256880733945,0.22580645161290322
moleson,Moléson,2022-06-01,1,1,True,1.0,1.0,high,METEOSWISS_SMN_DAILY_SELECTED,False,False,06:00_UTC_to_06:00_UTC_next_day,11.78,8.476666666666667,15.889999999999999,1.8074358974358962,0.0,92.5,-19.36153846153846,0.8269151423463073,0.43333333333333335
moleson,Moléson,2022-07-01,1,1,True,1.0,1.0,high,METEOSWISS_SMN_DAILY_SELECTED,False,False,06:00_UTC_to_06:00_UTC_next_day,13.529032258064515,10.058064516129033,18.26451612903226,1.8176178660049604,0.0,26.900000000000002,-117.77692307692305,0.18593151850276482,0.16129032258064516
moleson,Moléson,2022-08-01,1,1,True,1.0,1.0,high,METEOSWISS_SMN_DAILY_SELECTED,False,False,06:00_UTC_to_06:00_UTC_next_day,13.37741935483871,10.17741935483871,18.65806451612903,1.7069478908188582,0.0,123.69999999999999,-3.57692307692308,0.9718965308835972,0.25806451612903225
moleson,Moléson,2022-09-01,1,1,True,1.0,1.0,high,METEOSWISS_SMN_DAILY_SELECTED,False,False,06:00_UTC_to_06:00_UTC_next_day,6.656666666666666,3.9066666666666667,10.103333333333333,-1.5158974358974362,0.26666666666666666,177.70000000000002,77.83846153846156,1.7794638730549994,0.5666666666666667
moleson,Moléson,2022-10-01,1,1,True,1.0,1.0,high,METEOSWISS_SMN_DAILY_SELECTED,False,False,06:00_UTC_to_06:00_UTC_next_day,9.280645161290321,6.877419354838709,12.393548387096773,3.3243176178660034,0.0,75.3,-5.292307692307702,0.93433234704591,0.25806451612903225
moleson,Moléson,2022-11-01,1,1,True,1.0,1.0,high,METEOSWISS_SMN_DAILY_SELECTED,False,False,06:00_UTC_to_06:00_UTC_next_day,1.1766666666666665,-1.1333333333333333,3.8733333333333335,0.19641025641025633,0.5666666666666667,56.000000000000014,-29.861538461538444,0.6522128650779432,0.43333333333333335
moleson,Moléson,2022-12-01,1,1,True,1.0,1.0,high,METEOSWISS_SMN_DAILY_SELECTED,False,False,06:00_UTC_to_06:00_UTC_next_day,-0.7387096774193548,-3.174193548387097,1.2806451612903227,-0.4233250620347394,0.7741935483870968,76.3,-3.4307692307692292,0.9569705740472745,0.22580645161290322
moleson,Moléson,2023-01-01,1,1,True,1.0,1.0,high,METEOSWISS_SMN_DAILY_SELECTED,False,False,06:00_UTC_to_06:00_UTC_next_day,-3.935483870967742,-6.603225806451612,-1.1516129032258065,-1.0364764267990076,0.8709677419354839,71.10000000000001,-7.753846153846155,0.9016681299385426,0.3225806451612903
moleson,Moléson,2023-02-01,1,1,True,1.0,1.0,high,METEOSWISS_SMN_DAILY_SELECTED,False,False,06:00_UTC_to_06:00_UTC_next_day,-1.1321428571428571,-3.8249999999999997,1.875,1.1368984463812049,0.7142857142857143,15.299999999999999,-45.03846153846154,0.2535696073431922,0.10714285714285714
moleson,Moléson,2023-03-01,1,1,True,1.0,1.0,high,METEOSWISS_SMN_DAILY_SELECTED,False,False,06:00_UTC_to_06:00_UTC_next_day,-0.2161290322580645,-3.3774193548387097,2.935483870967742,0.48858560794044653,0.8387096774193549,85.5,28.261538461538457,1.493750839940868,0.41935483870967744
moleson,Moléson,2023-04-01,1,1,True,1.0,1.0,high,METEOSWISS_SMN_DAILY_SELECTED,False,False,06:00_UTC_to_06:00_UTC_next_day,-0.33999999999999997,-2.5933333333333333,2.283333333333333,-2.1343589743589746,0.7666666666666667,102.30000000000001,28.71538461538462,1.3902362533974493,0.4666666666666667
moleson,Moléson,2023-05-01,1,1,True,1.0,1.0,high,METEOSWISS_SMN_DAILY_SELECTED,False,False,06:00_UTC_to_06:00_UTC_next_day,5.448387096774193,3.0548387096774197,8.980645161290322,0.9982630272952848,0.2903225806451613,92.0,-38.80000000000001,0.7033639143730887,0.41935483870967744
moleson,Moléson,2023-06-01,1,1,True,1.0,1.0,high,METEOSWISS_SMN_DAILY_SELECTED,False,False,06:00_UTC_to_06:00_UTC_next_day,11.086666666666668,8.17,15.703333333333335,1.1141025641025646,0.0,61.699999999999996,-50.16153846153846,0.5515747490028882,0.26666666666666666
moleson,Moléson,2023-07-01,1,1,True,1.0,1.0,high,METEOSWISS_SMN_DAILY_SELECTED,False,False,06:00_UTC_to_06:00_UTC_next_day,11.890322580645162,8.380645161290323,15.754838709677419,0.17890818858560742,0.0,96.39999999999999,-48.27692307692307,0.6663122075712463,0.3870967741935484
moleson,Moléson,2023-08-01,1,1,True,1.0,1.0,high,METEOSWISS_SMN_DAILY_SELECTED,False,False,06:00_UTC_to_06:00_UTC_next_day,12.238709677419354,9.361290322580645,16.10322580645161,0.5682382133995034,0.03225806451612903,153.1,25.823076923076925,1.2028889157500302,0.2903225806451613
moleson,Moléson,2023-09-01,1,1,True,1.0,1.0,high,METEOSWISS_SMN_DAILY_SELECTED,False,False,06:00_UTC_to_06:00_UTC_next_day,11.983333333333333,9.233333333333333,15.83,3.81076923076923,0.06666666666666667,62.400000000000006,-37.46153846153845,0.6248651979664152,0.2
moleson,Moléson,2023-10-01,1,1,True,1.0,1.0,high,METEOSWISS_SMN_DAILY_SELECTED,False,False,06:00_UTC_to_06:00_UTC_next_day,8.180645161290322,5.529032258064516,11.635483870967741,2.224317617866004,0.16129032258064516,71.89999999999999,-8.692307692307708,0.8921446979097067,0.3548387096774194
moleson,Moléson,2023-11-01,1,1,True,1.0,1.0,high,METEOSWISS_SMN_DAILY_SELECTED,False,False,06:00_UTC_to_06:00_UTC_next_day,-1.2633333333333334,-3.8733333333333335,1.2666666666666666,-2.2435897435897436,0.9,165.99999999999997,80.13846153846151,1.9333452786239023,0.7
moleson,Moléson,2023-12-01,1,1,True,1.0,1.0,high,METEOSWISS_SMN_DAILY_SELECTED,False,False,06:00_UTC_to_06:00_UTC_next_day,-0.3806451612903226,-2.883870967741936,2.296774193548387,-0.06526054590570723,0.7419354838709677,181.1,101.36923076923077,2.2713941148094547,0.45161290322580644
moleson,Moléson,2024-01-01,1,1,True,1.0,1.0,high,METEOSWISS_SMN_DAILY_SELECTED,False,False,06:00_UTC_to_06:00_UTC_next_day,-1.1290322580645162,-3.6838709677419357,1.4258064516129034,1.7699751861042181,0.8387096774193549,122.50000000000001,43.64615384615385,1.5535069749292751,0.3548387096774194
moleson,Moléson,2024-02-01,1,1,True,1.0,1.0,high,METEOSWISS_SMN_DAILY_SELECTED,False,False,06:00_UTC_to_06:00_UTC_next_day,0.5344827586206896,-2.0310344827586206,3.1206896551724137,2.8035240621447515,0.7241379310344828,33.900000000000006,-26.43846153846153,0.5618306986231516,0.2413793103448276
moleson,Moléson,2024-03-01,1,1,True,1.0,1.0,high,METEOSWISS_SMN_DAILY_SELECTED,False,False,06:00_UTC_to_06:00_UTC_next_day,0.39999999999999997,-2.041935483870968,3.467741935483871,1.104714640198511,0.6129032258064516,55.3,-1.9384615384615458,0.9661335841956725,0.41935483870967744
moleson,Moléson,2024-04-01,1,1,True,1.0,1.0,high,METEOSWISS_SMN_DAILY_SELECTED,False,False,06:00_UTC_to_06:00_UTC_next_day,1.6366666666666667,-1.2266666666666668,4.95,-0.1576923076923078,0.6333333333333333,74.1,0.5153846153846047,1.007003972402258,0.4
moleson,Moléson,2024-05-01,1,1,True,1.0,1.0,high,METEOSWISS_SMN_DAILY_SELECTED,False,False,06:00_UTC_to_06:00_UTC_next_day,4.603225806451612,2.1129032258064515,8.112903225806452,0.15310173697270368,0.22580645161290322,138.2,7.399999999999977,1.0565749235474005,0.6129032258064516
moleson,Moléson,2024-06-01,1,1,True,1.0,1.0,high,METEOSWISS_SMN_DAILY_SELECTED,False,False,06:00_UTC_to_06:00_UTC_next_day,9.120000000000001,6.29,12.52,-0.8525641025641022,0.03333333333333333,106.3,-5.561538461538461,0.9502819419612157,0.4666666666666667
moleson,Moléson,2024-07-01,1,1,True,1.0,1.0,high,METEOSWISS_SMN_DAILY_SELECTED,False,False,06:00_UTC_to_06:00_UTC_next_day,12.329032258064515,9.370967741935484,16.25483870967742,0.6176178660049612,0.0,109.00000000000001,-35.676923076923046,0.7534028073160359,0.3548387096774194
moleson,Moléson,2024-08-01,1,1,True,1.0,1.0,high,METEOSWISS_SMN_DAILY_SELECTED,False,False,06:00_UTC_to_06:00_UTC_next_day,13.83548387096774,10.941935483870967,17.603225806451615,2.1650124069478895,0.0,92.10000000000001,-35.17692307692306,0.7236190015713769,0.3548387096774194
moleson,Moléson,2024-09-01,1,1,True,1.0,1.0,high,METEOSWISS_SMN_DAILY_SELECTED,False,False,06:00_UTC_to_06:00_UTC_next_day,6.58,3.993333333333333,9.74,-1.5925641025641024,0.23333333333333334,166.7,66.83846153846153,1.6693113541827145,0.4666666666666667
moleson,Moléson,2024-10-01,1,1,True,1.0,1.0,high,METEOSWISS_SMN_DAILY_SELECTED,False,False,06:00_UTC_to_06:00_UTC_next_day,7.0,4.819354838709677,10.22258064516129,1.043672456575682,0.12903225806451613,97.7,17.107692307692304,1.2122745060608953,0.3548387096774194
moleson,Moléson,2024-11-01,1,1,True,1.0,1.0,high,METEOSWISS_SMN_DAILY_SELECTED,False,False,06:00_UTC_to_06:00_UTC_next_day,2.8333333333333335,-0.17333333333333337,6.323333333333333,1.8530769230769233,0.5,58.5,-27.36153846153846,0.6813295108403512,0.2
moleson,Moléson,2024-12-01,1,1,True,1.0,1.0,high,METEOSWISS_SMN_DAILY_SELECTED,False,False,06:00_UTC_to_06:00_UTC_next_day,-0.8612903225806453,-3.6774193548387095,1.7354838709677418,-0.5459057071960299,0.7096774193548387,107.19999999999999,27.469230769230762,1.3445248432223829,0.3225806451612903
moleson,Moléson,2025-01-01,1,1,True,1.0,1.0,high,METEOSWISS_SMN_DAILY_SELECTED,False,False,06:00_UTC_to_06:00_UTC_next_day,-1.4258064516129034,-4.658064516129032,1.6064516129032258,1.473200992555831,0.9354838709677419,57.9,-20.953846153846165,0.7342698273339185,0.25806451612903225
moleson,Moléson,2025-02-01,1,1,True,1.0,1.0,high,METEOSWISS_SMN_DAILY_SELECTED,False,False,06:00_UTC_to_06:00_UTC_next_day,-0.4607142857142857,-2.7035714285714287,1.707142857142857,1.8083270178097763,0.8214285714285714,23.499999999999996,-36.838461538461544,0.3894696583375828,0.14285714285714285
moleson,Moléson,2025-03-01,1,1,True,1.0,1.0,high,METEOSWISS_SMN_DAILY_SELECTED,False,False,06:00_UTC_to_06:00_UTC_next_day,0.11935483870967742,-2.1838709677419357,3.4935483870967743,0.8240694789081885,0.7419354838709677,20.1,-37.13846153846154,0.35116247816153745,0.1935483870967742
moleson,Moléson,2025-04-01,1,1,True,1.0,1.0,high,METEOSWISS_SMN_DAILY_SELECTED,False,False,06:00_UTC_to_06:00_UTC_next_day,3.6133333333333337,0.9633333333333333,7.516666666666667,1.8189743589743592,0.4,67.00000000000001,-6.584615384615375,0.9105164122935397,0.26666666666666666
moleson,Moléson,2025-05-01,1,1,True,1.0,1.0,high,METEOSWISS_SMN_DAILY_SELECTED,False,False,06:00_UTC_to_06:00_UTC_next_day,5.054838709677419,2.3096774193548386,8.648387096774194,0.6047146401985106,0.25806451612903225,142.1,11.299999999999983,1.0863914373088683,0.4838709677419355
moleson,Moléson,2025-06-01,1,1,True,1.0,1.0,high,METEOSWISS_SMN_DAILY_SELECTED,False,False,06:00_UTC_to_06:00_UTC_next_day,13.110000000000001,10.01,17.033333333333335,3.137435897435898,0.0,71.5,-40.36153846153846,0.6391830559757943,0.2
moleson,Moléson,2025-07-01,1,1,True,1.0,1.0,high,METEOSWISS_SMN_DAILY_SELECTED,False,False,06:00_UTC_to_06:00_UTC_next_day,10.17741935483871,7.216129032258065,14.416129032258064,-1.5339950372208442,0.0,152.09999999999994,7.423076923076877,1.0513079540621009,0.4838709677419355
moleson,Moléson,2025-08-01,1,1,True,1.0,1.0,high,METEOSWISS_SMN_DAILY_SELECTED,False,False,06:00_UTC_to_06:00_UTC_next_day,12.54516129032258,9.387096774193548,16.719354838709677,0.8746898263027294,0.0,144.1,16.823076923076925,1.1321769611990813,0.3225806451612903
moleson,Moléson,2025-09-01,1,1,True,1.0,1.0,high,METEOSWISS_SMN_DAILY_SELECTED,False,False,06:00_UTC_to_06:00_UTC_next_day,7.75,5.23,11.023333333333333,-0.4225641025641025,0.13333333333333333,147.70000000000002,47.83846153846156,1.479047912494223,0.5
moleson,Moléson,2025-10-01,1,1,True,1.0,1.0,high,METEOSWISS_SMN_DAILY_SELECTED,False,False,06:00_UTC_to_06:00_UTC_next_day,4.935483870967742,2.203225806451613,8.212903225806452,-1.020843672456576,0.2903225806451613,77.39999999999999,-3.1923076923077076,0.9603894244535648,0.3548387096774194
moleson,Moléson,2025-11-01,1,1,True,1.0,1.0,high,METEOSWISS_SMN_DAILY_SELECTED,False,False,06:00_UTC_to_06:00_UTC_next_day,0.9666666666666666,-1.8299999999999998,3.8033333333333332,-0.01358974358974363,0.6,222.40000000000003,136.53846153846158,2.590216807023831,0.4666666666666667
moleson,Moléson,2025-12-01,1,1,True,1.0,1.0,high,METEOSWISS_SMN_DAILY_SELECTED,False,False,06:00_UTC_to_06:00_UTC_next_day,1.538709677419355,-0.7,4.158064516129032,1.8540942928039703,0.45161290322580644,25.9,-53.83076923076923,0.32484322238301977,0.0967741935483871
moleson,Moléson,2026-01-01,1,1,True,1.0,1.0,high,METEOSWISS_SMN_DAILY_SELECTED,False,False,06:00_UTC_to_06:00_UTC_next_day,-3.425806451612903,-5.951612903225806,-0.8838709677419355,-0.5267990074441689,0.9354838709677419,84.6,5.746153846153831,1.0728709394205442,0.22580645161290322
moleson,Moléson,2026-02-01,1,1,True,1.0,1.0,high,METEOSWISS_SMN_DAILY_SELECTED,False,False,06:00_UTC_to_06:00_UTC_next_day,-0.9642857142857143,-3.0,1.2714285714285716,1.3047555892383476,0.8214285714285714,96.69999999999999,36.36153846153845,1.602626211116777,0.39285714285714285
moleson,Moléson,2026-03-01,1,1,True,1.0,1.0,high,METEOSWISS_SMN_DAILY_SELECTED,False,False,06:00_UTC_to_06:00_UTC_next_day,-1.4064516129032256,-3.7580645161290325,1.5225806451612904,-0.7017369727047146,0.8064516129032258,87.5,30.261538461538457,1.5286923800564438,0.25806451612903225
reichenbach_magic_portfolio,Reichenbach im Kandertal Magic Pass portfolio,2013-01-01,2,2,True,1.0,1.0,moderate,METEOSWISS_SMN_DAILY_SELECTED,False,False,06:00_UTC_to_06:00_UTC_next_day,-0.7338709677419355,-3.9951612903225806,2.459677419354839,-0.8363523573200993,0.8548387096774193,59.3,-35.93076923076923,0.6257094377387007,0.27419354838709675
reichenbach_magic_portfolio,Reichenbach im Kandertal Magic Pass portfolio,2013-02-01,2,2,True,1.0,1.0,moderate,METEOSWISS_SMN_DAILY_SELECTED,False,False,06:00_UTC_to_06:00_UTC_next_day,-3.407142857142857,-6.851785714285715,0.2910714285714284,-4.828637741568776,0.9464285714285714,87.9,21.819230769230764,1.331018254832634,0.4107142857142857
reichenbach_magic_portfolio,Reichenbach im Kandertal Magic Pass portfolio,2013-03-01,2,2,True,1.0,1.0,moderate,METEOSWISS_SMN_DAILY_SELECTED,False,False,06:00_UTC_to_06:00_UTC_next_day,1.8499999999999999,-1.6080645161290323,5.888709677419355,-2.4833746898263027,0.5967741935483871,53.9,-23.700000000000003,0.6955206477813045,0.33870967741935487
reichenbach_magic_portfolio,Reichenbach im Kandertal Magic Pass portfolio,2013-04-01,2,2,True,1.0,1.0,moderate,METEOSWISS_SMN_DAILY_SELECTED,False,False,06:00_UTC_to_06:00_UTC_next_day,7.236666666666666,2.6616666666666666,12.233333333333334,-0.5811538461538466,0.3333333333333333,88.94999999999999,9.453846153846143,1.11599787642213,0.31666666666666665
reichenbach_magic_portfolio,Reichenbach im Kandertal Magic Pass portfolio,2013-05-01,2,2,True,1.0,1.0,moderate,METEOSWISS_SMN_DAILY_SELECTED,False,False,06:00_UTC_to_06:00_UTC_next_day,8.57741935483871,4.593548387096774,13.09516129032258,-2.368362282878411,0.14516129032258066,178.75000000000003,35.16538461538464,1.247171989250974,0.6290322580645161
reichenbach_magic_portfolio,Reichenbach im Kandertal Magic Pass portfolio,2013-06-01,2,2,True,1.0,1.0,moderate,METEOSWISS_SMN_DAILY_SELECTED,False,False,06:00_UTC_to_06:00_UTC_next_day,13.841666666666669,9.313333333333333,18.831666666666663,-2.2660256410256414,0.0,94.44999999999999,-26.126923076923077,0.7803488015500872,0.3666666666666667
reichenbach_magic_portfolio,Reichenbach im Kandertal Magic Pass portfolio,2013-07-01,2,2,True,1.0,1.0,moderate,METEOSWISS_SMN_DAILY_SELECTED,False,False,06:00_UTC_to_06:00_UTC_next_day,18.170967741935485,13.016129032258064,23.96290322580645,0.5393300248138955,0.0,104.65,-51.72307692307692,0.6709904495293117,0.25806451612903225
reichenbach_magic_portfolio,Reichenbach im Kandertal Magic Pass portfolio,2013-08-01,2,1,False,1.0,0.7903225806451613,moderate,METEOSWISS_SMN_DAILY_SELECTED,False,False,06:00_UTC_to_06:00_UTC_next_day,NA,NA,NA,NA,NA,NA,NA,NA,NA
reichenbach_magic_portfolio,Reichenbach im Kandertal Magic Pass portfolio,2013-09-01,2,2,True,1.0,1.0,moderate,METEOSWISS_SMN_DAILY_SELECTED,False,False,06:00_UTC_to_06:00_UTC_next_day,13.29,9.203333333333333,18.275,0.08641025641025557,0.0,121.25,25.461538461538467,1.266990413933946,0.35
reichenbach_magic_portfolio,Reichenbach im Kandertal Magic Pass portfolio,2013-10-01,2,2,True,1.0,1.0,moderate,METEOSWISS_SMN_DAILY_SELECTED,False,False,06:00_UTC_to_06:00_UTC_next_day,10.240322580645161,6.920967741935484,14.60483870967742,0.7558312655086841,0.06451612903225806,100.05000000000001,16.95000000000001,1.2110813578878297,0.4193548387096774
reichenbach_magic_portfolio,Reichenbach im Kandertal Magic Pass portfolio,2013-11-01,2,2,True,1.0,1.0,moderate,METEOSWISS_SMN_DAILY_SELECTED,False,False,06:00_UTC_to_06:00_UTC_next_day,2.1516666666666664,-0.7916666666666669,5.248333333333333,-1.942564102564103,0.5166666666666666,116.14999999999999,27.988461538461536,1.3134992207402183,0.5166666666666666
reichenbach_magic_portfolio,Reichenbach im Kandertal Magic Pass portfolio,2013-12-01,2,2,True,1.0,1.0,moderate,METEOSWISS_SMN_DAILY_SELECTED,False,False,06:00_UTC_to_06:00_UTC_next_day,0.7403225806451613,-2.587096774193548,4.585483870967742,-0.7579404466501242,0.7903225806451613,42.35,-52.773076923076914,0.44578317468365636,0.12903225806451613
reichenbach_magic_portfolio,Reichenbach im Kandertal Magic Pass portfolio,2014-01-01,2,2,True,1.0,1.0,moderate,METEOSWISS_SMN_DAILY_SELECTED,False,False,06:00_UTC_to_06:00_UTC_next_day,1.2564516129032257,-2.088709677419355,4.869354838709677,1.153970223325062,0.7419354838709677,64.7,-30.53076923076922,0.6770163592917102,0.33870967741935487
reichenbach_magic_portfolio,Reichenbach im Kandertal Magic Pass portfolio,2014-02-01,2,2,True,1.0,1.0,moderate,METEOSWISS_SMN_DAILY_SELECTED,False,False,06:00_UTC_to_06:00_UTC_next_day,1.8053571428571429,-1.5392857142857144,6.241071428571429,0.3838622584312241,0.7857142857142857,84.9,18.81923076923077,1.28503073640116,0.5
reichenbach_magic_portfolio,Reichenbach im Kandertal Magic Pass portfolio,2014-03-01,2,2,True,1.0,1.0,moderate,METEOSWISS_SMN_DAILY_SELECTED,False,False,06:00_UTC_to_06:00_UTC_next_day,4.837096774193548,0.17741935483870958,10.51290322580645,0.5037220843672456,0.3870967741935484,39.5,-38.1,0.5095742327203661,0.1935483870967742
reichenbach_magic_portfolio,Reichenbach im Kandertal Magic Pass portfolio,2014-04-01,2,2,True,1.0,1.0,moderate,METEOSWISS_SMN_DAILY_SELECTED,False,False,06:00_UTC_to_06:00_UTC_next_day,8.538333333333334,3.8533333333333335,13.568333333333333,0.7205128205128206,0.16666666666666666,109.75,30.253846153846155,1.3753854999738644,0.3666666666666667
reichenbach_magic_portfolio,Reichenbach im Kandertal Magic Pass portfolio,2014-05-01,2,2,True,1.0,1.0,moderate,METEOSWISS_SMN_DAILY_SELECTED,False,False,06:00_UTC_to_06:00_UTC_next_day,10.179032258064517,5.516129032258065,14.837096774193549,-0.7667493796526053,0.0967741935483871,130.75,-12.834615384615404,0.9089043159024468,0.5161290322580645
reichenbach_magic_portfolio,Reichenbach im Kandertal Magic Pass portfolio,2014-06-01,2,2,True,1.0,1.0,moderate,METEOSWISS_SMN_DAILY_SELECTED,False,False,06:00_UTC_to_06:00_UTC_next_day,15.438333333333333,10.335,21.001666666666665,-0.6693589743589765,0.0,69.1,-51.476923076923065,0.5671635190985553,0.41666666666666663
reichenbach_magic_portfolio,Reichenbach im Kandertal Magic Pass portfolio,2014-07-01,2,2,True,1.0,1.0,moderate,METEOSWISS_SMN_DAILY_SELECTED,False,False,06:00_UTC_to_06:00_UTC_next_day,15.469354838709679,11.598387096774193,19.97258064516129,-2.1622828784119097,0.0,266.95000000000005,110.57692307692312,1.7131918905336927,0.6290322580645161
reichenbach_magic_portfolio,Reichenbach im Kandertal Magic Pass portfolio,2014-08-01,2,2,True,1.0,1.0,moderate,METEOSWISS_SMN_DAILY_SELECTED,False,False,06:00_UTC_to_06:00_UTC_next_day,14.291935483870969,10.338709677419356,19.15,-2.6741315136476436,0.0,161.85000000000002,27.05416666666669,1.202021032374053,0.6129032258064516
reichenbach_magic_portfolio,Reichenbach im Kandertal Magic Pass portfolio,2014-09-01,2,2,True,1.0,1.0,moderate,METEOSWISS_SMN_DAILY_SELECTED,False,False,06:00_UTC_to_06:00_UTC_next_day,13.254999999999999,9.163333333333334,18.41,0.05141025641025543,0.0,76.05000000000001,-19.738461538461536,0.8018268814098262,0.2833333333333333
reichenbach_magic_portfolio,Reichenbach im Kandertal Magic Pass portfolio,2014-10-01,2,2,True,1.0,1.0,moderate,METEOSWISS_SMN_DAILY_SELECTED,False,False,06:00_UTC_to_06:00_UTC_next_day,10.701612903225808,6.711290322580645,15.675806451612903,1.2171215880893298,0.04838709677419355,86.14999999999999,3.04999999999999,1.0391685435197997,0.33870967741935487
reichenbach_magic_portfolio,Reichenbach im Kandertal Magic Pass portfolio,2014-11-01,2,2,True,1.0,1.0,moderate,METEOSWISS_SMN_DAILY_SELECTED,False,False,06:00_UTC_to_06:00_UTC_next_day,6.09,2.8766666666666665,10.106666666666666,1.99576923076923,0.13333333333333333,87.44999999999999,-0.7115384615384599,0.9951535840160515,0.2
reichenbach_magic_portfolio,Reichenbach im Kandertal Magic Pass portfolio,2014-12-01,2,2,True,1.0,1.0,moderate,METEOSWISS_SMN_DAILY_SELECTED,False,False,06:00_UTC_to_06:00_UTC_next_day,1.5,-1.6064516129032258,4.470967741935484,0.0017369727047145123,0.6774193548387097,60.45,-34.67307692307691,0.6420949561349816,0.3225806451612903
reichenbach_magic_portfolio,Reichenbach im Kandertal Magic Pass portfolio,2015-01-01,2,2,True,1.0,1.0,moderate,METEOSWISS_SMN_DAILY_SELECTED,False,False,06:00_UTC_to_06:00_UTC_next_day,0.4338709677419355,-3.064516129032258,4.232258064516129,0.33138957816377174,0.8387096774193548,109.6,14.369230769230775,1.1538793946449362,0.43548387096774194
reichenbach_magic_portfolio,Reichenbach im Kandertal Magic Pass portfolio,2015-02-01,2,2,True,1.0,1.0,moderate,METEOSWISS_SMN_DAILY_SELECTED,False,False,06:00_UTC_to_06:00_UTC_next_day,-1.5875000000000001,-4.928571428571428,2.273214285714286,-3.0089948844259187,0.9642857142857143,35.150000000000006,-30.930769230769233,0.5320398880065631,0.21428571428571427
reichenbach_magic_portfolio,Reichenbach im Kandertal Magic Pass portfolio,2015-03-01,2,2,True,1.0,1.0,moderate,METEOSWISS_SMN_DAILY_SELECTED,False,False,06:00_UTC_to_06:00_UTC_next_day,4.319354838709677,0.041935483870967794,9.37741935483871,-0.014019851116625182,0.43548387096774194,114.8,37.199999999999996,1.4721785560128435,0.3225806451612903
reichenbach_magic_portfolio,Reichenbach im Kandertal Magic Pass portfolio,2015-04-01,2,2,True,1.0,1.0,moderate,METEOSWISS_SMN_DAILY_SELECTED,False,False,06:00_UTC_to_06:00_UTC_next_day,7.906666666666666,2.5233333333333334,13.5,0.0888461538461538,0.25,101.1,21.60384615384615,1.2910572432959766,0.3333333333333333
reichenbach_magic_portfolio,Reichenbach im Kandertal Magic Pass portfolio,2015-05-01,2,2,True,1.0,1.0,moderate,METEOSWISS_SMN_DAILY_SELECTED,False,False,06:00_UTC_to_06:00_UTC_next_day,11.609677419354838,6.740322580645161,16.62903225806452,0.6638957816377173,0.04838709677419355,229.35000000000002,85.76538461538462,1.5937827105255407,0.467741935483871
reichenbach_magic_portfolio,Reichenbach im Kandertal Magic Pass portfolio,2015-06-01,2,2,True,1.0,1.0,moderate,METEOSWISS_SMN_DAILY_SELECTED,False,False,06:00_UTC_to_06:00_UTC_next_day,16.246666666666666,11.441666666666666,21.509999999999998,0.13897435897435795,0.0,98.54999999999998,-22.026923076923076,0.7966873069315392,0.3666666666666667
reichenbach_magic_portfolio,Reichenbach im Kandertal Magic Pass portfolio,2015-07-01,2,2,True,1.0,1.0,moderate,METEOSWISS_SMN_DAILY_SELECTED,False,False,06:00_UTC_to_06:00_UTC_next_day,20.04032258064516,14.399999999999999,25.969354838709677,2.4086848635235736,0.0,93.80000000000001,-62.57307692307692,0.5907025705290101,0.25806451612903225
reichenbach_magic_portfolio,Reichenbach im Kandertal Magic Pass portfolio,2015-08-01,2,2,True,1.0,1.0,moderate,METEOSWISS_SMN_DAILY_SELECTED,False,False,06:00_UTC_to_06:00_UTC_next_day,17.611290322580643,13.146774193548389,22.917741935483868,0.645223325062033,0.0,102.15,-32.64583333333333,0.7551208021632565,0.3548387096774194
reichenbach_magic_portfolio,Reichenbach im Kandertal Magic Pass portfolio,2015-09-01,2,2,True,1.0,1.0,moderate,METEOSWISS_SMN_DAILY_SELECTED,False,False,06:00_UTC_to_06:00_UTC_next_day,11.125,7.255,15.920000000000002,-2.0785897435897445,0.0,87.75,-8.03846153846154,0.9154389300540208,0.35
reichenbach_magic_portfolio,Reichenbach im Kandertal Magic Pass portfolio,2015-10-01,2,2,True,1.0,1.0,moderate,METEOSWISS_SMN_DAILY_SELECTED,False,False,06:00_UTC_to_06:00_UTC_next_day,7.579032258064515,4.195161290322581,11.696774193548386,-1.9054590570719618,0.12903225806451613,63.2,-19.900000000000002,0.7597041379781662,0.2903225806451613
reichenbach_magic_portfolio,Reichenbach im Kandertal Magic Pass portfolio,2015-11-01,2,2,True,1.0,1.0,moderate,METEOSWISS_SMN_DAILY_SELECTED,False,False,06:00_UTC_to_06:00_UTC_next_day,5.333333333333334,1.5383333333333333,9.991666666666667,1.2391025641025641,0.26666666666666666,94.45,6.288461538461547,1.0684496792097002,0.31666666666666665
reichenbach_magic_portfolio,Reichenbach im Kandertal Magic Pass portfolio,2015-12-01,2,2,True,1.0,1.0,moderate,METEOSWISS_SMN_DAILY_SELECTED,False,False,06:00_UTC_to_06:00_UTC_next_day,3.0451612903225813,-0.06451612903225801,7.103225806451613,1.5468982630272956,0.46774193548387094,12.149999999999999,-82.97307692307692,0.1310379252459129,0.14516129032258063
reichenbach_magic_portfolio,Reichenbach im Kandertal Magic Pass portfolio,2016-01-01,2,2,True,1.0,1.0,moderate,METEOSWISS_SMN_DAILY_SELECTED,False,False,06:00_UTC_to_06:00_UTC_next_day,1.0338709677419353,-2.1032258064516127,4.398387096774194,0.9313895781637717,0.7096774193548387,117.15,21.91923076923078,1.2236173600473828,0.564516129032258
reichenbach_magic_portfolio,Reichenbach im Kandertal Magic Pass portfolio,2016-02-01,2,2,True,1.0,1.0,moderate,METEOSWISS_SMN_DAILY_SELECTED,False,False,06:00_UTC_to_06:00_UTC_next_day,1.9586206896551723,-1.6051724137931034,5.803448275862069,0.5371258052292537,0.5862068965517242,127.60000000000001,61.519230769230774,1.9300829096177838,0.5862068965517242
reichenbach_magic_portfolio,Reichenbach im Kandertal Magic Pass portfolio,2016-03-01,2,2,True,1.0,1.0,moderate,METEOSWISS_SMN_DAILY_SELECTED,False,False,06:00_UTC_to_06:00_UTC_next_day,2.77258064516129,-1.2677419354838708,7.522580645161289,-1.5607940446650124,0.6774193548387096,40.8,-36.800000000000004,0.5268916360043432,0.2903225806451613
reichenbach_magic_portfolio,Reichenbach im Kandertal Magic Pass portfolio,2016-04-01,2,2,True,1.0,1.0,moderate,METEOSWISS_SMN_DAILY_SELECTED,False,False,06:00_UTC_to_06:00_UTC_next_day,7.051666666666667,2.643333333333333,11.866666666666667,-0.7661538461538462,0.26666666666666666,102.35,22.85384615384615,1.27804654284747,0.43333333333333335
reichenbach_magic_portfolio,Reichenbach im Kandertal Magic Pass portfolio,2016-05-01,2,2,True,1.0,1.0,moderate,METEOSWISS_SMN_DAILY_SELECTED,False,False,06:00_UTC_to_06:00_UTC_next_day,10.230645161290322,5.641935483870968,15.120967741935484,-0.7151364764267987,0.08064516129032258,192.64999999999998,49.0653846153846,1.3486364439666279,0.41935483870967744
reichenbach_magic_portfolio,Reichenbach im Kandertal Magic Pass portfolio,2016-06-01,2,2,True,1.0,1.0,moderate,METEOSWISS_SMN_DAILY_SELECTED,False,False,06:00_UTC_to_06:00_UTC_next_day,14.06,10.076666666666668,18.701666666666668,-2.0476923076923086,0.0,178.10000000000002,57.52307692307694,1.5012845466528648,0.7333333333333334
reichenbach_magic_portfolio,Reichenbach im Kandertal Magic Pass portfolio,2016-07-01,2,2,True,1.0,1.0,moderate,METEOSWISS_SMN_DAILY_SELECTED,False,False,06:00_UTC_to_06:00_UTC_next_day,17.070967741935483,12.211290322580645,22.35483870967742,-0.5606699751861033,0.0,174.2,17.826923076923066,1.1122166843839865,0.4516129032258065
reichenbach_magic_portfolio,Reichenbach im Kandertal Magic Pass portfolio,2016-08-01,2,2,True,1.0,1.0,moderate,METEOSWISS_SMN_DAILY_SELECTED,False,False,06:00_UTC_to_06:00_UTC_next_day,16.616129032258065,11.974193548387095,22.001612903225805,-0.34993796526054677,0.0,114.70000000000002,-20.095833333333324,0.853589076711083,0.2903225806451613
reichenbach_magic_portfolio,Reichenbach im Kandertal Magic Pass portfolio,2016-09-01,2,2,True,1.0,1.0,moderate,METEOSWISS_SMN_DAILY_SELECTED,False,False,06:00_UTC_to_06:00_UTC_next_day,14.416666666666668,10.45,19.473333333333333,1.2130769230769225,0.0,93.25,-2.53846153846154,0.9760894463098617,0.25
reichenbach_magic_portfolio,Reichenbach im Kandertal Magic Pass portfolio,2016-10-01,2,2,True,1.0,1.0,moderate,METEOSWISS_SMN_DAILY_SELECTED,False,False,06:00_UTC_to_06:00_UTC_next_day,7.190322580645161,3.759677419354839,11.593548387096774,-2.2941687344913158,0.12903225806451613,65.65,-17.450000000000003,0.7887152437830429,0.25806451612903225
reichenbach_magic_portfolio,Reichenbach im Kandertal Magic Pass portfolio,2016-11-01,2,2,True,1.0,1.0,moderate,METEOSWISS_SMN_DAILY_SELECTED,False,False,06:00_UTC_to_06:00_UTC_next_day,4.263333333333333,0.6966666666666667,7.835,0.16910256410256364,0.4,82.5,-5.6615384615384485,0.9371514904295541,0.35
reichenbach_magic_portfolio,Reichenbach im Kandertal Magic Pass portfolio,2016-12-01,2,2,True,1.0,1.0,moderate,METEOSWISS_SMN_DAILY_SELECTED,False,False,06:00_UTC_to_06:00_UTC_next_day,1.1758064516129034,-1.8774193548387097,5.685483870967742,-0.3224565756823822,0.8387096774193548,0.8999999999999999,-94.22307692307692,0.009624891739916035,0.016129032258064516
reichenbach_magic_portfolio,Reichenbach im Kandertal Magic Pass portfolio,2017-01-01,2,2,True,1.0,1.0,moderate,METEOSWISS_SMN_DAILY_SELECTED,False,False,06:00_UTC_to_06:00_UTC_next_day,-3.4935483870967743,-6.945161290322581,-0.033870967741935494,-3.5960297766749383,0.967741935483871,59.0,-36.230769230769226,0.6184778873843515,0.3548387096774194
reichenbach_magic_portfolio,Reichenbach im Kandertal Magic Pass portfolio,2017-02-01,2,2,True,1.0,1.0,moderate,METEOSWISS_SMN_DAILY_SELECTED,False,False,06:00_UTC_to_06:00_UTC_next_day,2.382142857142857,-1.2232142857142858,7.125,0.9606479727169381,0.6428571428571428,67.6,1.5192307692307594,1.0225834594621404,0.39285714285714285
reichenbach_magic_portfolio,Reichenbach im Kandertal Magic Pass portfolio,2017-03-01,2,2,True,1.0,1.0,moderate,METEOSWISS_SMN_DAILY_SELECTED,False,False,06:00_UTC_to_06:00_UTC_next_day,6.716129032258064,1.9774193548387096,12.001612903225807,2.3827543424317614,0.1935483870967742,111.14999999999999,33.54999999999999,1.4388185973670968,0.33870967741935487
reichenbach_magic_portfolio,Reichenbach im Kandertal Magic Pass portfolio,2017-04-01,2,2,True,1.0,1.0,moderate,METEOSWISS_SMN_DAILY_SELECTED,False,False,06:00_UTC_to_06:00_UTC_next_day,6.7250000000000005,1.9166666666666667,11.838333333333333,-1.0928205128205124,0.26666666666666666,82.44999999999999,2.9538461538461505,1.0353451510173097,0.43333333333333335
reichenbach_magic_portfolio,Reichenbach im Kandertal Magic Pass portfolio,2017-05-01,2,2,True,1.0,1.0,moderate,METEOSWISS_SMN_DAILY_SELECTED,False,False,06:00_UTC_to_06:00_UTC_next_day,12.009677419354837,6.85,17.78709677419355,1.0638957816377168,0.06451612903225806,120.9,-22.68461538461539,0.8386005371751728,0.4838709677419355
reichenbach_magic_portfolio,Reichenbach im Kandertal Magic Pass portfolio,2017-06-01,2,2,True,1.0,1.0,moderate,METEOSWISS_SMN_DAILY_SELECTED,False,False,06:00_UTC_to_06:00_UTC_next_day,17.488333333333333,12.338333333333333,23.068333333333335,1.3806410256410233,0.0,123.14999999999998,2.5730769230769184,1.0189842526963133,0.45
reichenbach_magic_portfolio,Reichenbach im Kandertal Magic Pass portfolio,2017-07-01,2,2,True,1.0,1.0,moderate,METEOSWISS_SMN_DAILY_SELECTED,False,False,06:00_UTC_to_06:00_UTC_next_day,17.075806451612902,12.537096774193548,22.358064516129033,-0.5558312655086866,0.0,161.15,4.776923076923083,1.0238111915183512,0.467741935483871
reichenbach_magic_portfolio,Reichenbach im Kandertal Magic Pass portfolio,2017-08-01,2,2,True,1.0,1.0,moderate,METEOSWISS_SMN_DAILY_SELECTED,False,False,06:00_UTC_to_06:00_UTC_next_day,17.15483870967742,12.467741935483872,22.688709677419354,0.18877171215880661,0.0,154.45,19.65416666666666,1.1419182795264733,0.3709677419354839
reichenbach_magic_portfolio,Reichenbach im Kandertal Magic Pass portfolio,2017-09-01,2,2,True,1.0,1.0,moderate,METEOSWISS_SMN_DAILY_SELECTED,False,False,06:00_UTC_to_06:00_UTC_next_day,10.763333333333332,6.776666666666666,15.509999999999998,-2.4402564102564117,0.0,76.95,-18.838461538461537,0.8056403361837121,0.35
reichenbach_magic_portfolio,Reichenbach im Kandertal Magic Pass portfolio,2017-10-01,2,2,True,1.0,1.0,moderate,METEOSWISS_SMN_DAILY_SELECTED,False,False,06:00_UTC_to_06:00_UTC_next_day,9.356451612903227,5.14516129032258,14.637096774193548,-0.12803970223325045,0.08064516129032258,71.39999999999999,-11.70000000000001,0.858937857311401,0.27419354838709675
reichenbach_magic_portfolio,Reichenbach im Kandertal Magic Pass portfolio,2017-11-01,2,2,True,1.0,1.0,moderate,METEOSWISS_SMN_DAILY_SELECTED,False,False,06:00_UTC_to_06:00_UTC_next_day,2.381666666666667,-0.6883333333333332,6.028333333333333,-1.7125641025641025,0.5833333333333333,109.5,21.338461538461537,1.2457984219425708,0.35
reichenbach_magic_portfolio,Reichenbach im Kandertal Magic Pass portfolio,2017-12-01,2,2,True,1.0,1.0,moderate,METEOSWISS_SMN_DAILY_SELECTED,False,False,06:00_UTC_to_06:00_UTC_next_day,-0.7919354838709677,-4.156451612903226,2.5709677419354837,-2.290198511166253,0.8709677419354839,134.55,39.426923076923096,1.4138533913946412,0.532258064516129
reichenbach_magic_portfolio,Reichenbach im Kandertal Magic Pass portfolio,2018-01-01,2,2,True,1.0,1.0,moderate,METEOSWISS_SMN_DAILY_SELECTED,False,False,06:00_UTC_to_06:00_UTC_next_day,2.788709677419355,-0.2887096774193549,6.693548387096774,2.686228287841191,0.5,240.5,145.26923076923077,2.51017422952025,0.3870967741935484
reichenbach_magic_portfolio,Reichenbach im Kandertal Magic Pass portfolio,2018-02-01,2,2,True,1.0,1.0,moderate,METEOSWISS_SMN_DAILY_SELECTED,False,False,06:00_UTC_to_06:00_UTC_next_day,-2.8160714285714286,-5.705357142857143,0.2589285714285714,-4.237566312997347,0.9285714285714286,55.7,-10.380769230769232,0.8423759658864771,0.2142857142857143
reichenbach_magic_portfolio,Reichenbach im Kandertal Magic Pass portfolio,2018-03-01,2,2,True,1.0,1.0,moderate,METEOSWISS_SMN_DAILY_SELECTED,False,False,06:00_UTC_to_06:00_UTC_next_day,2.419354838709677,-1.229032258064516,6.724193548387097,-1.9140198511166253,0.6129032258064516,87.05000000000001,9.450000000000003,1.1266188419210306,0.532258064516129
reichenbach_magic_portfolio,Reichenbach im Kandertal Magic Pass portfolio,2018-04-01,2,2,True,1.0,1.0,moderate,METEOSWISS_SMN_DAILY_SELECTED,False,False,06:00_UTC_to_06:00_UTC_next_day,10.643333333333333,4.531666666666667,16.794999999999998,2.8255128205128197,0.09999999999999999,27.85,-51.646153846153844,0.3512509910762832,0.16666666666666666
reichenbach_magic_portfolio,Reichenbach im Kandertal Magic Pass portfolio,2018-05-01,2,2,True,1.0,1.0,moderate,METEOSWISS_SMN_DAILY_SELECTED,False,False,06:00_UTC_to_06:00_UTC_next_day,12.52741935483871,7.8677419354838705,17.65483870967742,1.5816377171215885,0.0,86.5,-57.08461538461538,0.5973829623609199,0.5
reichenbach_magic_portfolio,Reichenbach im Kandertal Magic Pass portfolio,2018-06-01,2,2,True,1.0,1.0,moderate,METEOSWISS_SMN_DAILY_SELECTED,False,False,06:00_UTC_to_06:00_UTC_next_day,16.308333333333334,11.268333333333334,21.394999999999996,0.20064102564102537,0.0,51.6,-68.97692307692307,0.43444565635174925,0.25
reichenbach_magic_portfolio,Reichenbach im Kandertal Magic Pass portfolio,2018-07-01,2,2,True,1.0,1.0,moderate,METEOSWISS_SMN_DAILY_SELECTED,False,False,06:00_UTC_to_06:00_UTC_next_day,18.251612903225805,13.17741935483871,23.927419354838708,0.6199751861042184,0.0,123.29999999999998,-33.07307692307693,0.7903677444712428,0.33870967741935487
reichenbach_magic_portfolio,Reichenbach im Kandertal Magic Pass portfolio,2018-08-01,2,2,True,1.0,1.0,moderate,METEOSWISS_SMN_DAILY_SELECTED,False,False,06:00_UTC_to_06:00_UTC_next_day,17.35483870967742,12.764516129032259,23.196774193548386,0.3887717121588077,0.0,148.95,14.154166666666661,1.1105575533873842,0.43548387096774194
reichenbach_magic_portfolio,Reichenbach im Kandertal Magic Pass portfolio,2018-09-01,2,2,True,1.0,1.0,moderate,METEOSWISS_SMN_DAILY_SELECTED,False,False,06:00_UTC_to_06:00_UTC_next_day,14.361666666666666,9.870000000000001,19.705000000000002,1.158076923076922,0.0,90.2,-5.588461538461537,0.9458166237625665,0.25
reichenbach_magic_portfolio,Reichenbach im Kandertal Magic Pass portfolio,2018-10-01,2,2,True,1.0,1.0,moderate,METEOSWISS_SMN_DAILY_SELECTED,False,False,06:00_UTC_to_06:00_UTC_next_day,9.540322580645162,5.408064516129032,15.033870967741937,0.05583126550868478,0.08064516129032258,52.5,-30.6,0.6301648754573476,0.16129032258064516
reichenbach_magic_portfolio,Reichenbach im Kandertal Magic Pass portfolio,2018-11-01,2,2,True,1.0,1.0,moderate,METEOSWISS_SMN_DAILY_SELECTED,False,False,06:00_UTC_to_06:00_UTC_next_day,4.68,1.4766666666666668,8.411666666666667,0.5857692307692306,0.33333333333333337,9.2,-78.96153846153845,0.10351531053200644,0.1
reichenbach_magic_portfolio,Reichenbach im Kandertal Magic Pass portfolio,2018-12-01,2,2,True,1.0,1.0,moderate,METEOSWISS_SMN_DAILY_SELECTED,False,False,06:00_UTC_to_06:00_UTC_next_day,1.8838709677419354,-1.0693548387096774,4.9387096774193555,0.3856079404466499,0.5806451612903226,217.45,122.32692307692307,2.266427819551706,0.5
reichenbach_magic_portfolio,Reichenbach im Kandertal Magic Pass portfolio,2019-01-01,2,2,True,1.0,1.0,moderate,METEOSWISS_SMN_DAILY_SELECTED,False,False,06:00_UTC_to_06:00_UTC_next_day,-2.22741935483871,-5.337096774193548,1.1064516129032256,-2.3299007444168733,0.935483870967742,82.95,-12.280769230769224,0.8719145640585749,0.3548387096774194
reichenbach_magic_portfolio,Reichenbach im Kandertal Magic Pass portfolio,2019-02-01,2,2,True,1.0,1.0,moderate,METEOSWISS_SMN_DAILY_SELECTED,False,False,06:00_UTC_to_06:00_UTC_next_day,2.1982142857142857,-1.8285714285714287,7.726785714285715,0.7767194012883669,0.7678571428571428,41.8,-24.280769230769238,0.6332015942843832,0.19642857142857142
reichenbach_magic_portfolio,Reichenbach im Kandertal Magic Pass portfolio,2019-03-01,2,2,True,1.0,1.0,moderate,METEOSWISS_SMN_DAILY_SELECTED,False,False,06:00_UTC_to_06:00_UTC_next_day,4.670967741935485,-0.16129032258064524,10.333870967741936,0.33759305210918167,0.467741935483871,83.44999999999999,5.849999999999994,1.0734828584081413,0.3870967741935484
reichenbach_magic_portfolio,Reichenbach im Kandertal Magic Pass portfolio,2019-04-01,2,2,True,1.0,1.0,moderate,METEOSWISS_SMN_DAILY_SELECTED,False,False,06:00_UTC_to_06:00_UTC_next_day,7.176666666666668,2.4766666666666666,12.131666666666668,-0.6411538461538453,0.26666666666666666,61.849999999999994,-17.64615384615385,0.778700726471739,0.25
reichenbach_magic_portfolio,Reichenbach im Kandertal Magic Pass portfolio,2019-05-01,2,2,True,1.0,1.0,moderate,METEOSWISS_SMN_DAILY_SELECTED,False,False,06:00_UTC_to_06:00_UTC_next_day,8.433870967741935,4.208064516129032,12.924193548387098,-2.5119106699751854,0.14516129032258063,137.45000000000002,-6.134615384615373,0.9581203563249708,0.4838709677419355
reichenbach_magic_portfolio,Reichenbach im Kandertal Magic Pass portfolio,2019-06-01,2,2,True,1.0,1.0,moderate,METEOSWISS_SMN_DAILY_SELECTED,False,False,06:00_UTC_to_06:00_UTC_next_day,17.28666666666667,11.64,23.098333333333336,1.178974358974358,0.0,115.9,-4.676923076923067,0.9606246899982562,0.35
reichenbach_magic_portfolio,Reichenbach im Kandertal Magic Pass portfolio,2019-07-01,2,2,True,1.0,1.0,moderate,METEOSWISS_SMN_DAILY_SELECTED,False,False,06:00_UTC_to_06:00_UTC_next_day,18.30483870967742,13.479032258064517,23.674193548387095,0.6732009925558327,0.0,139.2,-17.173076923076934,0.8871144178590584,0.3870967741935484
reichenbach_magic_portfolio,Reichenbach im Kandertal Magic Pass portfolio,2019-08-01,2,2,True,1.0,1.0,moderate,METEOSWISS_SMN_DAILY_SELECTED,False,False,06:00_UTC_to_06:00_UTC_next_day,17.06935483870968,12.469354838709677,22.25483870967742,0.10328784119106427,0.0,164.9,30.10416666666667,1.2229304544976913,0.4193548387096774
reichenbach_magic_portfolio,Reichenbach im Kandertal Magic Pass portfolio,2019-09-01,2,2,True,1.0,1.0,moderate,METEOSWISS_SMN_DAILY_SELECTED,False,False,06:00_UTC_to_06:00_UTC_next_day,13.425,9.168333333333333,18.298333333333332,0.22141025641025625,0.0,71.05000000000001,-24.738461538461536,0.7446159880470977,0.3
reichenbach_magic_portfolio,Reichenbach im Kandertal Magic Pass portfolio,2019-10-01,2,2,True,1.0,1.0,moderate,METEOSWISS_SMN_DAILY_SELECTED,False,False,06:00_UTC_to_06:00_UTC_next_day,10.551612903225807,6.622580645161291,15.18225806451613,1.0671215880893303,0.0,107.35,24.249999999999993,1.2941880141378983,0.3709677419354839
reichenbach_magic_portfolio,Reichenbach im Kandertal Magic Pass portfolio,2019-11-01,2,2,True,1.0,1.0,moderate,METEOSWISS_SMN_DAILY_SELECTED,False,False,06:00_UTC_to_06:00_UTC_next_day,3.585,0.5916666666666667,6.9350000000000005,-0.5092307692307696,0.4666666666666667,90.7,2.538461538461547,1.0319417591221296,0.43333333333333335
reichenbach_magic_portfolio,Reichenbach im Kandertal Magic Pass portfolio,2019-12-01,2,2,True,1.0,1.0,moderate,METEOSWISS_SMN_DAILY_SELECTED,False,False,06:00_UTC_to_06:00_UTC_next_day,3.0806451612903225,-0.30483870967741933,6.880645161290323,1.582382133995037,0.564516129032258,111.75,16.62692307692309,1.1812559239788805,0.4032258064516129
reichenbach_magic_portfolio,Reichenbach im Kandertal Magic Pass portfolio,2020-01-01,2,2,True,1.0,1.0,moderate,METEOSWISS_SMN_DAILY_SELECTED,False,False,06:00_UTC_to_06:00_UTC_next_day,1.3548387096774195,-1.8290322580645162,5.435483870967742,1.2523573200992555,0.8387096774193548,32.199999999999996,-63.03076923076923,0.3399338439229622,0.12903225806451613
reichenbach_magic_portfolio,Reichenbach im Kandertal Magic Pass portfolio,2020-02-01,2,2,True,1.0,1.0,moderate,METEOSWISS_SMN_DAILY_SELECTED,False,False,06:00_UTC_to_06:00_UTC_next_day,4.318965517241379,-0.3620689655172414,9.643103448275863,2.8974706328154607,0.5517241379310345,129.50000000000003,63.419230769230786,1.9612029009015823,0.39655172413793105
reichenbach_magic_portfolio,Reichenbach im Kandertal Magic Pass portfolio,2020-03-01,2,2,True,1.0,1.0,moderate,METEOSWISS_SMN_DAILY_SELECTED,False,False,06:00_UTC_to_06:00_UTC_next_day,4.062903225806451,-0.2758064516129033,8.924193548387096,-0.27047146401985134,0.5161290322580645,71.04999999999998,-6.550000000000011,0.914825487605695,0.3064516129032258
reichenbach_magic_portfolio,Reichenbach im Kandertal Magic Pass portfolio,2020-04-01,2,2,True,1.0,1.0,moderate,METEOSWISS_SMN_DAILY_SELECTED,False,False,06:00_UTC_to_06:00_UTC_next_day,10.373333333333333,4.618333333333333,16.338333333333335,2.55551282051282,0.11666666666666667,43.349999999999994,-36.14615384615385,0.5420667610479053,0.15
reichenbach_magic_portfolio,Reichenbach im Kandertal Magic Pass portfolio,2020-05-01,2,2,True,1.0,1.0,moderate,METEOSWISS_SMN_DAILY_SELECTED,False,False,06:00_UTC_to_06:00_UTC_next_day,12.374193548387098,7.025806451612903,17.585483870967742,1.4284119106699755,0.016129032258064516,91.15,-52.434615384615384,0.6367840790059867,0.2903225806451613
reichenbach_magic_portfolio,Reichenbach im Kandertal Magic Pass portfolio,2020-06-01,2,2,True,1.0,1.0,moderate,METEOSWISS_SMN_DAILY_SELECTED,False,False,06:00_UTC_to_06:00_UTC_next_day,14.055,9.846666666666668,18.775,-2.0526923076923085,0.0,154.90000000000003,34.323076923076954,1.281514176628185,0.55
reichenbach_magic_portfolio,Reichenbach im Kandertal Magic Pass portfolio,2020-07-01,2,2,True,1.0,1.0,moderate,METEOSWISS_SMN_DAILY_SELECTED,False,False,06:00_UTC_to_06:00_UTC_next_day,17.391935483870967,12.485483870967743,22.683870967741935,-0.23970223325062,0.0,134.35,-22.02307692307693,0.8587527170856009,0.25806451612903225
reichenbach_magic_portfolio,Reichenbach im Kandertal Magic Pass portfolio,2020-08-01,2,2,True,1.0,1.0,moderate,METEOSWISS_SMN_DAILY_SELECTED,False,False,06:00_UTC_to_06:00_UTC_next_day,16.830645161290324,12.275806451612905,22.074193548387097,-0.1354218362282893,0.0,189.04999999999995,54.254166666666634,1.4016417145450364,0.5161290322580645
reichenbach_magic_portfolio,Reichenbach im Kandertal Magic Pass portfolio,2020-09-01,2,2,True,1.0,1.0,moderate,METEOSWISS_SMN_DAILY_SELECTED,False,False,06:00_UTC_to_06:00_UTC_next_day,13.701666666666668,9.516666666666666,18.543333333333333,0.49807692307692264,0.016666666666666666,60.400000000000006,-35.38846153846154,0.6232805584665075,0.33333333333333337
reichenbach_magic_portfolio,Reichenbach im Kandertal Magic Pass portfolio,2020-10-01,2,2,True,1.0,1.0,moderate,METEOSWISS_SMN_DAILY_SELECTED,False,False,06:00_UTC_to_06:00_UTC_next_day,7.391935483870968,4.030645161290322,11.711290322580645,-2.0925558312655093,0.12903225806451613,144.75,61.65,1.739075282975229,0.4516129032258065
reichenbach_magic_portfolio,Reichenbach im Kandertal Magic Pass portfolio,2020-11-01,2,2,True,1.0,1.0,moderate,METEOSWISS_SMN_DAILY_SELECTED,False,False,06:00_UTC_to_06:00_UTC_next_day,4.775,1.4166666666666665,9.293333333333333,0.6807692307692306,0.35,27.7,-60.46153846153845,0.3131203165646119,0.1
reichenbach_magic_portfolio,Reichenbach im Kandertal Magic Pass portfolio,2020-12-01,2,2,True,1.0,1.0,moderate,METEOSWISS_SMN_DAILY_SELECTED,False,False,06:00_UTC_to_06:00_UTC_next_day,0.4290322580645161,-2.4370967741935483,3.5612903225806454,-1.0692307692307694,0.7903225806451613,79.19999999999999,-15.923076923076927,0.8455212907698825,0.43548387096774194
reichenbach_magic_portfolio,Reichenbach im Kandertal Magic Pass portfolio,2021-01-01,2,2,True,1.0,1.0,moderate,METEOSWISS_SMN_DAILY_SELECTED,False,False,06:00_UTC_to_06:00_UTC_next_day,-1.6,-4.325806451612904,1.4112903225806452,-1.7024813895781639,0.8387096774193548,188.05,92.81923076923078,1.98691402079121,0.5
reichenbach_magic_portfolio,Reichenbach im Kandertal Magic Pass portfolio,2021-02-01,2,2,True,1.0,1.0,moderate,METEOSWISS_SMN_DAILY_SELECTED,False,False,06:00_UTC_to_06:00_UTC_next_day,2.7660714285714287,-0.8928571428571428,7.433928571428572,1.34457654414551,0.4642857142857143,38.95,-27.130769230769236,0.5895965585638105,0.26785714285714285
reichenbach_magic_portfolio,Reichenbach im Kandertal Magic Pass portfolio,2021-03-01,2,2,True,1.0,1.0,moderate,METEOSWISS_SMN_DAILY_SELECTED,False,False,06:00_UTC_to_06:00_UTC_next_day,3.395161290322581,-0.9258064516129033,8.45,-0.9382133995037218,0.6290322580645161,79.8,2.1999999999999957,1.0294317401681266,0.3548387096774194
reichenbach_magic_portfolio,Reichenbach im Kandertal Magic Pass portfolio,2021-04-01,2,2,True,1.0,1.0,moderate,METEOSWISS_SMN_DAILY_SELECTED,False,False,06:00_UTC_to_06:00_UTC_next_day,5.695,0.8,11.073333333333332,-2.1228205128205127,0.41666666666666663,42.4,-37.09615384615385,0.5325209805292286,0.25
reichenbach_magic_portfolio,Reichenbach im Kandertal Magic Pass portfolio,2021-05-01,2,2,True,1.0,1.0,moderate,METEOSWISS_SMN_DAILY_SELECTED,False,False,06:00_UTC_to_06:00_UTC_next_day,8.662903225806453,3.7935483870967737,13.456451612903226,-2.2828784119106693,0.06451612903225806,158.3,14.715384615384608,1.0987967174878315,0.564516129032258
reichenbach_magic_portfolio,Reichenbach im Kandertal Magic Pass portfolio,2021-06-01,2,2,True,1.0,1.0,moderate,METEOSWISS_SMN_DAILY_SELECTED,False,False,06:00_UTC_to_06:00_UTC_next_day,16.27166666666667,11.478333333333335,21.775,0.1639743589743583,0.0,202.0,81.42307692307693,1.6998190688674413,0.5833333333333333
reichenbach_magic_portfolio,Reichenbach im Kandertal Magic Pass portfolio,2021-07-01,2,2,True,1.0,1.0,moderate,METEOSWISS_SMN_DAILY_SELECTED,False,False,06:00_UTC_to_06:00_UTC_next_day,15.856451612903227,11.748387096774193,20.67741935483871,-1.7751861042183616,0.0,303.0,146.62692307692305,1.9330087291173048,0.6451612903225806
reichenbach_magic_portfolio,Reichenbach im Kandertal Magic Pass portfolio,2021-08-01,2,2,True,1.0,1.0,moderate,METEOSWISS_SMN_DAILY_SELECTED,False,False,06:00_UTC_to_06:00_UTC_next_day,15.253225806451612,11.31774193548387,19.81935483870968,-1.7128411910670005,0.0,95.35,-39.44583333333334,0.7047483213700501,0.3064516129032258
reichenbach_magic_portfolio,Reichenbach im Kandertal Magic Pass portfolio,2021-09-01,2,2,True,1.0,1.0,moderate,METEOSWISS_SMN_DAILY_SELECTED,False,False,06:00_UTC_to_06:00_UTC_next_day,14.21,10.121666666666666,19.401666666666667,1.0064102564102564,0.0,80.85,-14.938461538461539,0.8404660034904028,0.33333333333333337
reichenbach_magic_portfolio,Reichenbach im Kandertal Magic Pass portfolio,2021-10-01,2,2,True,1.0,1.0,moderate,METEOSWISS_SMN_DAILY_SELECTED,False,False,06:00_UTC_to_06:00_UTC_next_day,8.140322580645162,3.9725806451612904,13.34516129032258,-1.3441687344913165,0.04838709677419355,31.3,-51.8,0.3750137936501563,0.2096774193548387
reichenbach_magic_portfolio,Reichenbach im Kandertal Magic Pass portfolio,2021-11-01,2,2,True,1.0,1.0,moderate,METEOSWISS_SMN_DAILY_SELECTED,False,False,06:00_UTC_to_06:00_UTC_next_day,2.751666666666667,-0.23000000000000004,6.346666666666667,-1.3425641025641026,0.5666666666666667,43.69999999999999,-44.46153846153847,0.49545145876431707,0.25
reichenbach_magic_portfolio,Reichenbach im Kandertal Magic Pass portfolio,2021-12-01,2,2,True,1.0,1.0,moderate,METEOSWISS_SMN_DAILY_SELECTED,False,False,06:00_UTC_to_06:00_UTC_next_day,0.9080645161290323,-2.019354838709677,4.119354838709677,-0.5901985111662532,0.6935483870967742,138.49999999999997,43.376923076923056,1.4581263001851261,0.3709677419354839
reichenbach_magic_portfolio,Reichenbach im Kandertal Magic Pass portfolio,2022-01-01,2,2,True,1.0,1.0,moderate,METEOSWISS_SMN_DAILY_SELECTED,False,False,06:00_UTC_to_06:00_UTC_next_day,-0.054838709677419425,-3.1661290322580644,3.8258064516129036,-0.1573200992555832,0.8548387096774193,37.3,-57.93076923076923,0.39207551824847336,0.1774193548387097
reichenbach_magic_portfolio,Reichenbach im Kandertal Magic Pass portfolio,2022-02-01,2,2,True,1.0,1.0,moderate,METEOSWISS_SMN_DAILY_SELECTED,False,False,06:00_UTC_to_06:00_UTC_next_day,1.9339285714285717,-2.1053571428571427,6.692857142857143,0.5124336870026528,0.7678571428571429,96.8,30.719230769230762,1.46376186230759,0.4642857142857143
reichenbach_magic_portfolio,Reichenbach im Kandertal Magic Pass portfolio,2022-03-01,2,2,True,1.0,1.0,moderate,METEOSWISS_SMN_DAILY_SELECTED,False,False,06:00_UTC_to_06:00_UTC_next_day,5.056451612903226,-0.10645161290322591,11.201612903225806,0.7230769230769234,0.5,16.05,-61.550000000000004,0.20622874890886644,0.06451612903225806
reichenbach_magic_portfolio,Reichenbach im Kandertal Magic Pass portfolio,2022-04-01,2,2,True,1.0,1.0,moderate,METEOSWISS_SMN_DAILY_SELECTED,False,False,06:00_UTC_to_06:00_UTC_next_day,7.0649999999999995,2.245,12.163333333333334,-0.752820512820513,0.2833333333333333,75.55000000000001,-3.946153846153841,0.9422007120605251,0.3833333333333333
reichenbach_magic_portfolio,Reichenbach im Kandertal Magic Pass portfolio,2022-05-01,2,2,True,1.0,1.0,moderate,METEOSWISS_SMN_DAILY_SELECTED,False,False,06:00_UTC_to_06:00_UTC_next_day,13.906451612903226,9.158064516129032,19.02258064516129,2.9606699751861045,0.0,80.14999999999999,-63.4346153846154,0.5590581002444717,0.25806451612903225
reichenbach_magic_portfolio,Reichenbach im Kandertal Magic Pass portfolio,2022-06-01,2,2,True,1.0,1.0,moderate,METEOSWISS_SMN_DAILY_SELECTED,False,False,06:00_UTC_to_06:00_UTC_next_day,17.288333333333334,11.931666666666667,22.743333333333332,1.1806410256410258,0.0,153.3,32.723076923076945,1.2684206820977584,0.5333333333333333
reichenbach_magic_portfolio,Reichenbach im Kandertal Magic Pass portfolio,2022-07-01,2,2,True,1.0,1.0,moderate,METEOSWISS_SMN_DAILY_SELECTED,False,False,06:00_UTC_to_06:00_UTC_next_day,18.938709677419354,13.532258064516128,24.501612903225805,1.3070719602977654,0.0,87.7,-68.67307692307693,0.5698353191560168,0.2096774193548387
reichenbach_magic_portfolio,Reichenbach im Kandertal Magic Pass portfolio,2022-08-01,2,2,True,1.0,1.0,moderate,METEOSWISS_SMN_DAILY_SELECTED,False,False,06:00_UTC_to_06:00_UTC_next_day,18.125806451612902,13.082258064516129,23.838709677419356,1.159739454094292,0.0,92.1,-42.69583333333333,0.6843560131729949,0.27419354838709675
reichenbach_magic_portfolio,Reichenbach im Kandertal Magic Pass portfolio,2022-09-01,2,2,True,1.0,1.0,moderate,METEOSWISS_SMN_DAILY_SELECTED,False,False,06:00_UTC_to_06:00_UTC_next_day,12.376666666666665,8.476666666666667,16.94333333333333,-0.8269230769230784,0.0,133.25,37.46153846153847,1.39053431173368,0.4666666666666667
reichenbach_magic_portfolio,Reichenbach im Kandertal Magic Pass portfolio,2022-10-01,2,2,True,1.0,1.0,moderate,METEOSWISS_SMN_DAILY_SELECTED,False,False,06:00_UTC_to_06:00_UTC_next_day,12.320967741935483,8.620967741935484,17.416129032258066,2.836476426799007,0.0,82.44999999999999,-0.6500000000000057,0.9924053451365497,0.3225806451612903
reichenbach_magic_portfolio,Reichenbach im Kandertal Magic Pass portfolio,2022-11-01,2,2,True,1.0,1.0,moderate,METEOSWISS_SMN_DAILY_SELECTED,False,False,06:00_UTC_to_06:00_UTC_next_day,5.359999999999999,2.158333333333333,9.016666666666666,1.2657692307692305,0.25,61.39999999999999,-26.761538461538464,0.6989965194444421,0.48333333333333334
reichenbach_magic_portfolio,Reichenbach im Kandertal Magic Pass portfolio,2022-12-01,2,2,True,1.0,1.0,moderate,METEOSWISS_SMN_DAILY_SELECTED,False,False,06:00_UTC_to_06:00_UTC_next_day,1.6838709677419355,-1.1758064516129032,4.596774193548387,0.18560794044664997,0.6129032258064515,120.4,25.276923076923083,1.261079927562437,0.43548387096774194
reichenbach_magic_portfolio,Reichenbach im Kandertal Magic Pass portfolio,2023-01-01,2,2,True,1.0,1.0,moderate,METEOSWISS_SMN_DAILY_SELECTED,False,False,06:00_UTC_to_06:00_UTC_next_day,-0.1645161290322581,-3.4629032258064516,3.196774193548387,-0.26699751861042187,0.7258064516129032,46.3,-48.93076923076923,0.4862254355329535,0.25806451612903225
reichenbach_magic_portfolio,Reichenbach im Kandertal Magic Pass portfolio,2023-02-01,2,2,True,1.0,1.0,moderate,METEOSWISS_SMN_DAILY_SELECTED,False,False,06:00_UTC_to_06:00_UTC_next_day,1.9142857142857141,-1.764285714285714,7.175000000000001,0.4927908298597955,0.5714285714285714,15.999999999999998,-50.080769230769235,0.24201093428008194,0.125
reichenbach_magic_portfolio,Reichenbach im Kandertal Magic Pass portfolio,2023-03-01,2,2,True,1.0,1.0,moderate,METEOSWISS_SMN_DAILY_SELECTED,False,False,06:00_UTC_to_06:00_UTC_next_day,4.898387096774194,0.6903225806451612,9.670967741935485,0.565012406947891,0.4032258064516129,137.8,60.199999999999996,1.7690205706299749,0.4838709677419355
reichenbach_magic_portfolio,Reichenbach im Kandertal Magic Pass portfolio,2023-04-01,2,2,True,1.0,1.0,moderate,METEOSWISS_SMN_DAILY_SELECTED,False,False,06:00_UTC_to_06:00_UTC_next_day,6.345000000000001,2.226666666666667,10.690000000000001,-1.4728205128205127,0.3,111.39999999999999,31.903846153846146,1.405149908378875,0.4666666666666667
reichenbach_magic_portfolio,Reichenbach im Kandertal Magic Pass portfolio,2023-05-01,2,2,True,1.0,1.0,moderate,METEOSWISS_SMN_DAILY_SELECTED,False,False,06:00_UTC_to_06:00_UTC_next_day,11.48709677419355,7.390322580645162,16.15967741935484,0.5413151364764284,0.0,119.75,-23.834615384615397,0.8363747372112544,0.45161290322580644
reichenbach_magic_portfolio,Reichenbach im Kandertal Magic Pass portfolio,2023-06-01,2,2,True,1.0,1.0,moderate,METEOSWISS_SMN_DAILY_SELECTED,False,False,06:00_UTC_to_06:00_UTC_next_day,17.163333333333334,11.683333333333334,23.188333333333333,1.055641025641024,0.0,94.25,-26.326923076923062,0.7639756541971356,0.3
reichenbach_magic_portfolio,Reichenbach im Kandertal Magic Pass portfolio,2023-07-01,2,2,True,1.0,1.0,moderate,METEOSWISS_SMN_DAILY_SELECTED,False,False,06:00_UTC_to_06:00_UTC_next_day,18.188709677419354,13.201612903225808,23.506451612903227,0.5570719602977654,0.0,124.9,-31.473076923076924,0.8004680855626003,0.4032258064516129
reichenbach_magic_portfolio,Reichenbach im Kandertal Magic Pass portfolio,2023-08-01,2,2,True,1.0,1.0,moderate,METEOSWISS_SMN_DAILY_SELECTED,False,False,06:00_UTC_to_06:00_UTC_next_day,17.596774193548388,13.053225806451612,22.8,0.6307071960297765,0.0,172.0,37.204166666666666,1.268234626879095,0.43548387096774194
reichenbach_magic_portfolio,Reichenbach im Kandertal Magic Pass portfolio,2023-09-01,2,2,True,1.0,1.0,moderate,METEOSWISS_SMN_DAILY_SELECTED,False,False,06:00_UTC_to_06:00_UTC_next_day,16.146666666666665,11.573333333333334,21.691666666666666,2.943076923076921,0.0,84.19999999999999,-11.588461538461548,0.8703880095339227,0.18333333333333335
reichenbach_magic_portfolio,Reichenbach im Kandertal Magic Pass portfolio,2023-10-01,2,2,True,1.0,1.0,moderate,METEOSWISS_SMN_DAILY_SELECTED,False,False,06:00_UTC_to_06:00_UTC_next_day,11.68225806451613,7.27258064516129,17.23709677419355,2.197766749379652,0.0,79.95,-3.1499999999999986,0.9557824648725148,0.3064516129032258
reichenbach_magic_portfolio,Reichenbach im Kandertal Magic Pass portfolio,2023-11-01,2,2,True,1.0,1.0,moderate,METEOSWISS_SMN_DAILY_SELECTED,False,False,06:00_UTC_to_06:00_UTC_next_day,3.8183333333333334,0.5583333333333331,7.6433333333333335,-0.275897435897436,0.44999999999999996,242.95000000000005,154.78846153846158,2.749045441808668,0.7
reichenbach_magic_portfolio,Reichenbach im Kandertal Magic Pass portfolio,2023-12-01,2,2,True,1.0,1.0,moderate,METEOSWISS_SMN_DAILY_SELECTED,False,False,06:00_UTC_to_06:00_UTC_next_day,2.7225806451612904,-0.47096774193548385,6.070967741935484,1.224317617866005,0.5,177.55,82.42692307692309,1.8567423145520348,0.4032258064516129
reichenbach_magic_portfolio,Reichenbach im Kandertal Magic Pass portfolio,2024-01-01,2,2,True,1.0,1.0,moderate,METEOSWISS_SMN_DAILY_SELECTED,False,False,06:00_UTC_to_06:00_UTC_next_day,1.4225806451612903,-1.935483870967742,5.083870967741936,1.3200992555831266,0.6451612903225806,88.1,-7.130769230769239,0.9243461715989624,0.3548387096774194
reichenbach_magic_portfolio,Reichenbach im Kandertal Magic Pass portfolio,2024-02-01,2,2,True,1.0,1.0,moderate,METEOSWISS_SMN_DAILY_SELECTED,False,False,06:00_UTC_to_06:00_UTC_next_day,5.048275862068965,1.3655172413793102,9.198275862068964,3.626780977643046,0.3103448275862069,50.35,-15.730769230769234,0.7619536976169075,0.27586206896551724
reichenbach_magic_portfolio,Reichenbach im Kandertal Magic Pass portfolio,2024-03-01,2,2,True,1.0,1.0,moderate,METEOSWISS_SMN_DAILY_SELECTED,False,False,06:00_UTC_to_06:00_UTC_next_day,5.914516129032258,1.3935483870967742,10.506451612903227,1.5811414392059555,0.27419354838709675,142.25,64.65,1.8355128981359878,0.4838709677419355
reichenbach_magic_portfolio,Reichenbach im Kandertal Magic Pass portfolio,2024-04-01,2,2,True,1.0,1.0,moderate,METEOSWISS_SMN_DAILY_SELECTED,False,False,06:00_UTC_to_06:00_UTC_next_day,7.880000000000001,3.095,12.844999999999999,0.0621794871794874,0.25,73.1,-6.396153846153844,0.9294847697894058,0.3833333333333333
reichenbach_magic_portfolio,Reichenbach im Kandertal Magic Pass portfolio,2024-05-01,2,2,True,1.0,1.0,moderate,METEOSWISS_SMN_DAILY_SELECTED,False,False,06:00_UTC_to_06:00_UTC_next_day,11.085483870967742,7.093548387096774,15.896774193548387,0.13970223325062125,0.016129032258064516,183.40000000000003,39.815384615384644,1.277847075589273,0.6290322580645161
reichenbach_magic_portfolio,Reichenbach im Kandertal Magic Pass portfolio,2024-06-01,2,2,True,1.0,1.0,moderate,METEOSWISS_SMN_DAILY_SELECTED,False,False,06:00_UTC_to_06:00_UTC_next_day,15.246666666666666,11.016666666666666,20.09166666666667,-0.8610256410256429,0.0,139.34999999999997,18.773076923076914,1.1616221180314228,0.5666666666666667
reichenbach_magic_portfolio,Reichenbach im Kandertal Magic Pass portfolio,2024-07-01,2,2,True,1.0,1.0,moderate,METEOSWISS_SMN_DAILY_SELECTED,False,False,06:00_UTC_to_06:00_UTC_next_day,18.116129032258065,13.725806451612904,23.26451612903226,0.48449131513647536,0.0,133.6,-22.77307692307692,0.853150291175135,0.4032258064516129
reichenbach_magic_portfolio,Reichenbach im Kandertal Magic Pass portfolio,2024-08-01,2,2,True,1.0,1.0,moderate,METEOSWISS_SMN_DAILY_SELECTED,False,False,06:00_UTC_to_06:00_UTC_next_day,18.538709677419355,13.962903225806453,23.87903225806452,1.5726426799007411,0.0,130.4,-4.395833333333336,0.971624718316419,0.3548387096774194
reichenbach_magic_portfolio,Reichenbach im Kandertal Magic Pass portfolio,2024-09-01,2,2,True,1.0,1.0,moderate,METEOSWISS_SMN_DAILY_SELECTED,False,False,06:00_UTC_to_06:00_UTC_next_day,11.913333333333334,8.175,16.278333333333332,-1.2902564102564105,0.03333333333333333,140.5,44.71153846153845,1.4633612223876373,0.4666666666666667
reichenbach_magic_portfolio,Reichenbach im Kandertal Magic Pass portfolio,2024-10-01,2,2,True,1.0,1.0,moderate,METEOSWISS_SMN_DAILY_SELECTED,False,False,06:00_UTC_to_06:00_UTC_next_day,10.348387096774193,6.920967741935485,14.683870967741935,0.8638957816377166,0.0,96.55,13.449999999999996,1.1627179327971302,0.3870967741935484
reichenbach_magic_portfolio,Reichenbach im Kandertal Magic Pass portfolio,2024-11-01,2,2,True,1.0,1.0,moderate,METEOSWISS_SMN_DAILY_SELECTED,False,False,06:00_UTC_to_06:00_UTC_next_day,4.435,1.2783333333333333,9.011666666666667,0.34076923076923027,0.35,89.35,1.1884615384615387,1.0140088049590832,0.23333333333333334
reichenbach_magic_portfolio,Reichenbach im Kandertal Magic Pass portfolio,2024-12-01,2,2,True,1.0,1.0,moderate,METEOSWISS_SMN_DAILY_SELECTED,False,False,06:00_UTC_to_06:00_UTC_next_day,0.95,-1.8935483870967742,4.012903225806451,-0.5482630272952855,0.7258064516129032,116.85,21.726923076923086,1.2285734973199889,0.33870967741935487
reichenbach_magic_portfolio,Reichenbach im Kandertal Magic Pass portfolio,2025-01-01,2,2,True,1.0,1.0,moderate,METEOSWISS_SMN_DAILY_SELECTED,False,False,06:00_UTC_to_06:00_UTC_next_day,1.3161290322580645,-2.085483870967742,5.093548387096774,1.2136476426799008,0.6774193548387097,112.85,17.619230769230768,1.1897157772195333,0.4032258064516129
reichenbach_magic_portfolio,Reichenbach im Kandertal Magic Pass portfolio,2025-02-01,2,2,True,1.0,1.0,moderate,METEOSWISS_SMN_DAILY_SELECTED,False,False,06:00_UTC_to_06:00_UTC_next_day,1.9642857142857144,-1.5232142857142859,6.0892857142857135,0.5427908298597955,0.6964285714285714,26.8,-39.28076923076924,0.405141237838886,0.125
reichenbach_magic_portfolio,Reichenbach im Kandertal Magic Pass portfolio,2025-03-01,2,2,True,1.0,1.0,moderate,METEOSWISS_SMN_DAILY_SELECTED,False,False,06:00_UTC_to_06:00_UTC_next_day,5.420967741935484,1.3758064516129034,10.366129032258064,1.0875930521091814,0.3870967741935484,31.2,-46.400000000000006,0.4018951843362221,0.22580645161290322
reichenbach_magic_portfolio,Reichenbach im Kandertal Magic Pass portfolio,2025-04-01,2,2,True,1.0,1.0,moderate,METEOSWISS_SMN_DAILY_SELECTED,False,False,06:00_UTC_to_06:00_UTC_next_day,8.995000000000001,3.7883333333333336,14.741666666666667,1.1771794871794872,0.08333333333333333,113.35000000000001,33.85384615384616,1.4227928370892866,0.2833333333333333
reichenbach_magic_portfolio,Reichenbach im Kandertal Magic Pass portfolio,2025-05-01,2,2,True,1.0,1.0,moderate,METEOSWISS_SMN_DAILY_SELECTED,False,False,06:00_UTC_to_06:00_UTC_next_day,11.211290322580645,6.8919354838709666,16.032258064516128,0.26550868486352375,0.0,157.5,13.91538461538461,1.0985399749545297,0.5
reichenbach_magic_portfolio,Reichenbach im Kandertal Magic Pass portfolio,2025-06-01,2,2,True,1.0,1.0,moderate,METEOSWISS_SMN_DAILY_SELECTED,False,False,06:00_UTC_to_06:00_UTC_next_day,18.705,13.205000000000002,24.538333333333334,2.597307692307691,0.0,92.85,-27.726923076923065,0.7651095268986927,0.4
reichenbach_magic_portfolio,Reichenbach im Kandertal Magic Pass portfolio,2025-07-01,2,2,True,1.0,1.0,moderate,METEOSWISS_SMN_DAILY_SELECTED,False,False,06:00_UTC_to_06:00_UTC_next_day,16.335483870967742,12.203225806451613,21.516129032258064,-1.296153846153846,0.0,186.05,29.67692307692309,1.1963899090786887,0.5483870967741935
reichenbach_magic_portfolio,Reichenbach im Kandertal Magic Pass portfolio,2025-08-01,2,2,True,1.0,1.0,moderate,METEOSWISS_SMN_DAILY_SELECTED,False,False,06:00_UTC_to_06:00_UTC_next_day,17.60967741935484,12.861290322580643,23.096774193548384,0.6436104218362271,0.0,115.15,-19.645833333333336,0.8537944172161149,0.33870967741935487
reichenbach_magic_portfolio,Reichenbach im Kandertal Magic Pass portfolio,2025-09-01,2,2,True,1.0,1.0,moderate,METEOSWISS_SMN_DAILY_SELECTED,False,False,06:00_UTC_to_06:00_UTC_next_day,12.661666666666665,8.856666666666667,17.208333333333336,-0.5419230769230783,0.0,129.55,33.76153846153846,1.3555512746868188,0.45
reichenbach_magic_portfolio,Reichenbach im Kandertal Magic Pass portfolio,2025-10-01,2,2,True,1.0,1.0,moderate,METEOSWISS_SMN_DAILY_SELECTED,False,False,06:00_UTC_to_06:00_UTC_next_day,8.254838709677419,4.495161290322581,12.635483870967741,-1.2296526054590577,0.04838709677419355,99.0,15.899999999999991,1.1930451504929342,0.27419354838709675
reichenbach_magic_portfolio,Reichenbach im Kandertal Magic Pass portfolio,2025-11-01,2,2,True,1.0,1.0,moderate,METEOSWISS_SMN_DAILY_SELECTED,False,False,06:00_UTC_to_06:00_UTC_next_day,3.5999999999999996,-0.125,7.788333333333334,-0.4942307692307695,0.3833333333333333,91.05,2.8884615384615415,1.0338679924666476,0.3833333333333333
reichenbach_magic_portfolio,Reichenbach im Kandertal Magic Pass portfolio,2025-12-01,2,2,True,1.0,1.0,moderate,METEOSWISS_SMN_DAILY_SELECTED,False,False,06:00_UTC_to_06:00_UTC_next_day,2.15,-0.617741935483871,5.635483870967741,0.6517369727047145,0.564516129032258,24.5,-70.62307692307692,0.2598785868808374,0.11290322580645161
reichenbach_magic_portfolio,Reichenbach im Kandertal Magic Pass portfolio,2026-01-01,2,2,True,1.0,1.0,moderate,METEOSWISS_SMN_DAILY_SELECTED,False,False,06:00_UTC_to_06:00_UTC_next_day,-0.567741935483871,-3.840322580645161,3.367741935483871,-0.6702233250620347,0.9032258064516129,28.75,-66.48076923076923,0.3014789289871944,0.14516129032258063
reichenbach_magic_portfolio,Reichenbach im Kandertal Magic Pass portfolio,2026-02-01,2,2,True,1.0,1.0,moderate,METEOSWISS_SMN_DAILY_SELECTED,False,False,06:00_UTC_to_06:00_UTC_next_day,3.5339285714285715,-0.01428571428571429,7.916071428571428,2.1124336870026523,0.48214285714285715,96.75,30.669230769230765,1.465307727864242,0.39285714285714285
reichenbach_magic_portfolio,Reichenbach im Kandertal Magic Pass portfolio,2026-03-01,2,2,True,1.0,1.0,moderate,METEOSWISS_SMN_DAILY_SELECTED,False,False,06:00_UTC_to_06:00_UTC_next_day,4.02258064516129,-0.2967741935483872,9.65,-0.31079404466501215,0.43548387096774194,83.1,5.499999999999986,1.0704201428479014,0.24193548387096775
saas_fee,Saas-Fee,2013-01-01,1,1,True,1.0,1.0,moderate,METEOSWISS_SMN_DAILY_SELECTED,False,False,06:00_UTC_to_06:00_UTC_next_day,-2.7129032258064516,-5.790322580645161,1.2000000000000002,-0.4191066997518611,0.967741935483871,19.1,-24.446153846153848,0.4386150856739092,0.12903225806451613
saas_fee,Saas-Fee,2013-02-01,1,1,True,1.0,1.0,moderate,METEOSWISS_SMN_DAILY_SELECTED,False,False,06:00_UTC_to_06:00_UTC_next_day,-5.1571428571428575,-8.928571428571429,-0.08571428571428573,-4.196343311860554,1.0,30.8,4.184615384615384,1.1572254335260115,0.21428571428571427
saas_fee,Saas-Fee,2013-03-01,1,1,True,1.0,1.0,moderate,METEOSWISS_SMN_DAILY_SELECTED,False,False,06:00_UTC_to_06:00_UTC_next_day,0.44516129032258067,-3.338709677419355,5.435483870967742,-1.0029776674937962,0.9032258064516129,16.0,-19.169230769230772,0.4549431321084864,0.16129032258064516
saas_fee,Saas-Fee,2013-04-01,1,1,True,1.0,1.0,moderate,METEOSWISS_SMN_DAILY_SELECTED,False,False,06:00_UTC_to_06:00_UTC_next_day,5.806666666666667,1.1733333333333333,10.973333333333333,0.5999999999999996,0.4666666666666667,91.7,42.3,1.8562753036437245,0.3
saas_fee,Saas-Fee,2013-05-01,1,1,True,1.0,1.0,moderate,METEOSWISS_SMN_DAILY_SELECTED,False,False,06:00_UTC_to_06:00_UTC_next_day,6.435483870967742,2.4612903225806453,11.796774193548387,-2.0124069478908186,0.22580645161290322,103.9,42.7923076923077,1.70027693856999,0.3870967741935484
saas_fee,Saas-Fee,2013-06-01,1,1,True,1.0,1.0,moderate,METEOSWISS_SMN_DAILY_SELECTED,False,False,06:00_UTC_to_06:00_UTC_next_day,11.323333333333332,6.83,16.796666666666667,-2.48871794871795,0.0,29.1,-19.96923076923077,0.5930396613889325,0.13333333333333333
saas_fee,Saas-Fee,2013-07-01,1,1,True,1.0,1.0,moderate,METEOSWISS_SMN_DAILY_SELECTED,False,False,06:00_UTC_to_06:00_UTC_next_day,15.890322580645162,11.206451612903225,21.9741935483871,0.26799007444168765,0.0,52.900000000000006,-1.6615384615384556,0.9695474411391514,0.3225806451612903
saas_fee,Saas-Fee,2013-08-01,1,1,True,1.0,1.0,moderate,METEOSWISS_SMN_DAILY_SELECTED,False,False,06:00_UTC_to_06:00_UTC_next_day,14.341935483870968,9.951612903225806,20.10967741935484,-0.7019851116625304,0.0,55.900000000000006,-1.4153846153846104,0.9753053281438734,0.16129032258064516
saas_fee,Saas-Fee,2013-09-01,1,1,True,1.0,1.0,moderate,METEOSWISS_SMN_DAILY_SELECTED,False,False,06:00_UTC_to_06:00_UTC_next_day,10.953333333333335,7.236666666666666,16.313333333333336,-0.1033333333333335,0.0,30.7,-1.3153846153846125,0.9589139836617012,0.2
saas_fee,Saas-Fee,2013-10-01,1,1,True,1.0,1.0,moderate,METEOSWISS_SMN_DAILY_SELECTED,False,False,06:00_UTC_to_06:00_UTC_next_day,7.570967741935483,4.464516129032258,11.774193548387096,0.25210918114143777,0.12903225806451613,37.0,-15.169230769230772,0.7092303155411382,0.22580645161290322
saas_fee,Saas-Fee,2013-11-01,1,1,True,1.0,1.0,moderate,METEOSWISS_SMN_DAILY_SELECTED,False,False,06:00_UTC_to_06:00_UTC_next_day,-0.41333333333333333,-3.036666666666667,2.9366666666666665,-2.2643589743589745,0.7,71.29999999999998,22.36923076923076,1.4571608237698475,0.43333333333333335
saas_fee,Saas-Fee,2013-12-01,1,1,True,1.0,1.0,moderate,METEOSWISS_SMN_DAILY_SELECTED,False,False,06:00_UTC_to_06:00_UTC_next_day,0.05806451612903227,-2.8548387096774195,3.7580645161290325,0.39255583126550875,0.8064516129032258,32.2,-11.738461538461536,0.732843137254902,0.0967741935483871
saas_fee,Saas-Fee,2014-01-01,1,1,True,1.0,1.0,moderate,METEOSWISS_SMN_DAILY_SELECTED,False,False,06:00_UTC_to_06:00_UTC_next_day,-1.2645161290322582,-3.9838709677419355,2.135483870967742,1.0292803970223323,0.8709677419354839,29.000000000000004,-14.546153846153846,0.6659600777247836,0.25806451612903225
saas_fee,Saas-Fee,2014-02-01,1,1,True,1.0,1.0,moderate,METEOSWISS_SMN_DAILY_SELECTED,False,False,06:00_UTC_to_06:00_UTC_next_day,-1.9214285714285713,-4.567857142857143,1.3,-0.9606290261462673,1.0,62.400000000000006,35.78461538461539,2.344508670520231,0.4642857142857143
saas_fee,Saas-Fee,2014-03-01,1,1,True,1.0,1.0,moderate,METEOSWISS_SMN_DAILY_SELECTED,False,False,06:00_UTC_to_06:00_UTC_next_day,2.2129032258064516,-1.5064516129032257,7.096774193548387,0.7647642679900746,0.5483870967741935,28.6,-6.569230769230771,0.8132108486439195,0.0967741935483871
saas_fee,Saas-Fee,2014-04-01,1,1,True,1.0,1.0,moderate,METEOSWISS_SMN_DAILY_SELECTED,False,False,06:00_UTC_to_06:00_UTC_next_day,5.843333333333334,1.74,10.870000000000001,0.6366666666666667,0.26666666666666666,59.4,9.999999999999993,1.2024291497975708,0.23333333333333334
saas_fee,Saas-Fee,2014-05-01,1,1,True,1.0,1.0,moderate,METEOSWISS_SMN_DAILY_SELECTED,False,False,06:00_UTC_to_06:00_UTC_next_day,7.283870967741936,2.7580645161290325,12.748387096774193,-1.1640198511166249,0.25806451612903225,37.800000000000004,-23.3076923076923,0.6185800604229609,0.1935483870967742
saas_fee,Saas-Fee,2014-06-01,1,1,True,1.0,1.0,moderate,METEOSWISS_SMN_DAILY_SELECTED,False,False,06:00_UTC_to_06:00_UTC_next_day,13.23,8.263333333333334,19.316666666666666,-0.5820512820512818,0.0,28.4,-20.669230769230772,0.5787741025239065,0.26666666666666666
saas_fee,Saas-Fee,2014-07-01,1,1,True,1.0,1.0,moderate,METEOSWISS_SMN_DAILY_SELECTED,False,False,06:00_UTC_to_06:00_UTC_next_day,12.583870967741936,8.53225806451613,17.54516129032258,-3.0384615384615383,0.0,126.1,71.53846153846153,2.311151839842098,0.3548387096774194
saas_fee,Saas-Fee,2014-08-01,1,1,True,1.0,1.0,moderate,METEOSWISS_SMN_DAILY_SELECTED,False,False,06:00_UTC_to_06:00_UTC_next_day,11.706451612903225,7.938709677419355,16.81935483870968,-3.3374689826302735,0.0,75.1,17.78461538461538,1.310293920279157,0.45161290322580644
saas_fee,Saas-Fee,2014-09-01,1,1,True,1.0,1.0,moderate,METEOSWISS_SMN_DAILY_SELECTED,False,False,06:00_UTC_to_06:00_UTC_next_day,11.063333333333333,7.3966666666666665,16.136666666666667,0.006666666666664156,0.0,19.8,-12.215384615384611,0.6184526669870256,0.16666666666666666
saas_fee,Saas-Fee,2014-10-01,1,1,True,1.0,1.0,moderate,METEOSWISS_SMN_DAILY_SELECTED,False,False,06:00_UTC_to_06:00_UTC_next_day,8.36774193548387,5.112903225806452,12.912903225806453,1.048883374689825,0.0967741935483871,29.200000000000003,-22.96923076923077,0.5597168976703037,0.22580645161290322
saas_fee,Saas-Fee,2014-11-01,1,1,True,1.0,1.0,moderate,METEOSWISS_SMN_DAILY_SELECTED,False,False,06:00_UTC_to_06:00_UTC_next_day,4.153333333333333,1.72,7.569999999999999,2.3023076923076924,0.36666666666666664,89.7,40.76923076923078,1.8332023266781956,0.23333333333333334
saas_fee,Saas-Fee,2014-12-01,1,1,True,1.0,1.0,moderate,METEOSWISS_SMN_DAILY_SELECTED,False,False,06:00_UTC_to_06:00_UTC_next_day,-1.429032258064516,-3.851612903225807,1.535483870967742,-1.0945409429280395,0.8387096774193549,24.899999999999995,-19.038461538461544,0.5667016806722688,0.1935483870967742
saas_fee,Saas-Fee,2015-01-01,1,1,True,1.0,1.0,moderate,METEOSWISS_SMN_DAILY_SELECTED,False,False,06:00_UTC_to_06:00_UTC_next_day,-2.129032258064516,-5.038709677419354,1.232258064516129,0.1647642679900745,0.967741935483871,28.099999999999998,-15.446153846153852,0.6452923511747041,0.25806451612903225
saas_fee,Saas-Fee,2015-02-01,1,1,True,1.0,1.0,moderate,METEOSWISS_SMN_DAILY_SELECTED,False,False,06:00_UTC_to_06:00_UTC_next_day,-3.5,-6.264285714285714,0.225,-2.539200454717696,1.0,22.0,-4.615384615384617,0.8265895953757225,0.14285714285714285
saas_fee,Saas-Fee,2015-03-01,1,1,True,1.0,1.0,moderate,METEOSWISS_SMN_DAILY_SELECTED,False,False,06:00_UTC_to_06:00_UTC_next_day,1.6870967741935483,-1.8129032258064517,6.087096774193548,0.23895781637717128,0.6774193548387096,39.2,4.030769230769231,1.1146106736657917,0.25806451612903225
saas_fee,Saas-Fee,2015-04-01,1,1,True,1.0,1.0,moderate,METEOSWISS_SMN_DAILY_SELECTED,False,False,06:00_UTC_to_06:00_UTC_next_day,5.706666666666666,1.2533333333333334,11.18,0.4999999999999991,0.3333333333333333,20.1,-29.300000000000004,0.4068825910931174,0.16666666666666666
saas_fee,Saas-Fee,2015-05-01,1,1,True,1.0,1.0,moderate,METEOSWISS_SMN_DAILY_SELECTED,False,False,06:00_UTC_to_06:00_UTC_next_day,8.929032258064517,4.229032258064516,14.351612903225806,0.4811414392059561,0.16129032258064516,103.10000000000001,41.992307692307705,1.6871852970795571,0.3870967741935484
saas_fee,Saas-Fee,2015-06-01,1,1,True,1.0,1.0,moderate,METEOSWISS_SMN_DAILY_SELECTED,False,False,06:00_UTC_to_06:00_UTC_next_day,13.770000000000001,9.093333333333334,19.476666666666667,-0.042051282051280836,0.0,39.3,-9.769230769230774,0.8009092334221664,0.23333333333333334
saas_fee,Saas-Fee,2015-07-01,1,1,True,1.0,1.0,moderate,METEOSWISS_SMN_DAILY_SELECTED,False,False,06:00_UTC_to_06:00_UTC_next_day,17.712903225806453,12.432258064516128,24.13225806451613,2.0905707196029795,0.0,33.1,-21.46153846153846,0.6066544480473707,0.1935483870967742
saas_fee,Saas-Fee,2015-08-01,1,1,True,1.0,1.0,moderate,METEOSWISS_SMN_DAILY_SELECTED,False,False,06:00_UTC_to_06:00_UTC_next_day,14.80967741935484,10.73225806451613,20.06451612903226,-0.23424317617865853,0.0,74.6,17.28461538461538,1.301570259025634,0.25806451612903225
saas_fee,Saas-Fee,2015-09-01,1,1,True,1.0,1.0,moderate,METEOSWISS_SMN_DAILY_SELECTED,False,False,06:00_UTC_to_06:00_UTC_next_day,8.833333333333334,5.286666666666666,13.93,-2.2233333333333345,0.0,24.8,-7.215384615384611,0.7746275828928401,0.16666666666666666
saas_fee,Saas-Fee,2015-10-01,1,1,True,1.0,1.0,moderate,METEOSWISS_SMN_DAILY_SELECTED,False,False,06:00_UTC_to_06:00_UTC_next_day,5.587096774193548,2.729032258064516,10.006451612903225,-1.7317617866004973,0.22580645161290322,32.3,-19.869230769230775,0.6191388970805072,0.25806451612903225
saas_fee,Saas-Fee,2015-11-01,1,1,True,1.0,1.0,moderate,METEOSWISS_SMN_DAILY_SELECTED,False,False,06:00_UTC_to_06:00_UTC_next_day,3.6366666666666663,0.5566666666666668,7.63,1.7856410256410253,0.3333333333333333,39.9,-9.030769230769224,0.8154378242414716,0.06666666666666667
saas_fee,Saas-Fee,2015-12-01,1,1,True,1.0,1.0,moderate,METEOSWISS_SMN_DAILY_SELECTED,False,False,06:00_UTC_to_06:00_UTC_next_day,3.032258064516129,0.4,6.793548387096774,3.3667493796526053,0.3870967741935484,1.1,-42.83846153846154,0.025035014005602242,0.03225806451612903
saas_fee,Saas-Fee,2016-01-01,1,1,True,1.0,1.0,moderate,METEOSWISS_SMN_DAILY_SELECTED,False,False,06:00_UTC_to_06:00_UTC_next_day,-1.9483870967741934,-4.587096774193549,0.9677419354838711,0.3454094292803971,0.8709677419354839,60.39999999999999,16.853846153846142,1.3870340929164455,0.3548387096774194
saas_fee,Saas-Fee,2016-02-01,1,1,True,1.0,1.0,moderate,METEOSWISS_SMN_DAILY_SELECTED,False,False,06:00_UTC_to_06:00_UTC_next_day,-1.3448275862068966,-4.379310344827586,1.9931034482758623,-0.38402804092459264,0.896551724137931,66.89999999999999,40.28461538461538,2.5135838150289014,0.41379310344827586
saas_fee,Saas-Fee,2016-03-01,1,1,True,1.0,1.0,moderate,METEOSWISS_SMN_DAILY_SELECTED,False,False,06:00_UTC_to_06:00_UTC_next_day,-0.5774193548387097,-4.290322580645161,4.054838709677419,-2.025558312655087,0.9032258064516129,19.0,-16.169230769230772,0.5402449693788276,0.16129032258064516
saas_fee,Saas-Fee,2016-04-01,1,1,True,1.0,1.0,moderate,METEOSWISS_SMN_DAILY_SELECTED,False,False,06:00_UTC_to_06:00_UTC_next_day,4.36,0.6133333333333333,8.99,-0.8466666666666667,0.43333333333333335,54.5,5.099999999999994,1.103238866396761,0.26666666666666666
saas_fee,Saas-Fee,2016-05-01,1,1,True,1.0,1.0,moderate,METEOSWISS_SMN_DAILY_SELECTED,False,False,06:00_UTC_to_06:00_UTC_next_day,7.203225806451614,2.954838709677419,12.280645161290321,-1.244665012406947,0.22580645161290322,60.1,-1.0076923076923023,0.9835095669687816,0.22580645161290322
saas_fee,Saas-Fee,2016-06-01,1,1,True,1.0,1.0,moderate,METEOSWISS_SMN_DAILY_SELECTED,False,False,06:00_UTC_to_06:00_UTC_next_day,11.573333333333332,7.506666666666666,16.71,-2.23871794871795,0.0,43.2,-5.869230769230768,0.8803887756701678,0.43333333333333335
saas_fee,Saas-Fee,2016-07-01,1,1,True,1.0,1.0,moderate,METEOSWISS_SMN_DAILY_SELECTED,False,False,06:00_UTC_to_06:00_UTC_next_day,15.296774193548387,10.264516129032257,21.38064516129032,-0.3255583126550867,0.0,25.800000000000004,-28.761538461538457,0.47286056675595667,0.22580645161290322
saas_fee,Saas-Fee,2016-08-01,1,1,True,1.0,1.0,moderate,METEOSWISS_SMN_DAILY_SELECTED,False,False,06:00_UTC_to_06:00_UTC_next_day,15.109677419354838,10.19032258064516,21.141935483870967,0.0657568238213404,0.0,16.3,-41.01538461538462,0.28439135686485034,0.12903225806451613
saas_fee,Saas-Fee,2016-09-01,1,1,True,1.0,1.0,moderate,METEOSWISS_SMN_DAILY_SELECTED,False,False,06:00_UTC_to_06:00_UTC_next_day,12.213333333333333,8.54,17.773333333333333,1.1566666666666645,0.0,27.5,-4.515384615384612,0.85896203748198,0.26666666666666666
saas_fee,Saas-Fee,2016-10-01,1,1,True,1.0,1.0,moderate,METEOSWISS_SMN_DAILY_SELECTED,False,False,06:00_UTC_to_06:00_UTC_next_day,5.206451612903226,2.2419354838709675,9.758064516129032,-2.112406947890819,0.25806451612903225,28.0,-24.169230769230772,0.536714833382483,0.12903225806451613
saas_fee,Saas-Fee,2016-11-01,1,1,True,1.0,1.0,moderate,METEOSWISS_SMN_DAILY_SELECTED,False,False,06:00_UTC_to_06:00_UTC_next_day,1.0366666666666666,-1.4633333333333334,4.25,-0.8143589743589743,0.6,30.200000000000003,-18.73076923076922,0.6171985536865274,0.16666666666666666
saas_fee,Saas-Fee,2016-12-01,1,1,True,1.0,1.0,moderate,METEOSWISS_SMN_DAILY_SELECTED,False,False,06:00_UTC_to_06:00_UTC_next_day,1.2774193548387098,-1.229032258064516,5.441935483870967,1.6119106699751864,0.8064516129032258,3.0,-40.93846153846154,0.06827731092436974,0.03225806451612903
saas_fee,Saas-Fee,2017-01-01,1,1,True,1.0,1.0,moderate,METEOSWISS_SMN_DAILY_SELECTED,False,False,06:00_UTC_to_06:00_UTC_next_day,-4.767741935483872,-7.470967741935484,-1.335483870967742,-2.473945409429281,1.0,18.8,-24.74615384615385,0.4317258434905494,0.12903225806451613
saas_fee,Saas-Fee,2017-02-01,1,1,True,1.0,1.0,moderate,METEOSWISS_SMN_DAILY_SELECTED,False,False,06:00_UTC_to_06:00_UTC_next_day,0.18928571428571425,-2.9464285714285716,4.117857142857143,1.1500852595680182,0.9285714285714286,13.2,-13.415384615384617,0.4959537572254335,0.14285714285714285
saas_fee,Saas-Fee,2017-03-01,1,1,True,1.0,1.0,moderate,METEOSWISS_SMN_DAILY_SELECTED,False,False,06:00_UTC_to_06:00_UTC_next_day,3.541935483870968,0.08709677419354839,8.14516129032258,2.0937965260545908,0.3870967741935484,46.70000000000001,11.530769230769238,1.327865266841645,0.2903225806451613
saas_fee,Saas-Fee,2017-04-01,1,1,True,1.0,1.0,moderate,METEOSWISS_SMN_DAILY_SELECTED,False,False,06:00_UTC_to_06:00_UTC_next_day,4.736666666666666,0.11333333333333337,10.646666666666667,-0.47000000000000064,0.4,16.8,-32.60000000000001,0.340080971659919,0.16666666666666666
saas_fee,Saas-Fee,2017-05-01,1,1,True,1.0,1.0,moderate,METEOSWISS_SMN_DAILY_SELECTED,False,False,06:00_UTC_to_06:00_UTC_next_day,9.619354838709677,4.77741935483871,15.45483870967742,1.1714640198511166,0.16129032258064516,29.9,-31.207692307692305,0.48930010070493457,0.22580645161290322
saas_fee,Saas-Fee,2017-06-01,1,1,True,1.0,1.0,moderate,METEOSWISS_SMN_DAILY_SELECTED,False,False,06:00_UTC_to_06:00_UTC_next_day,15.389999999999999,10.33,21.426666666666666,1.5779487179487166,0.0,50.599999999999994,1.5307692307692236,1.0311961122432982,0.3333333333333333
saas_fee,Saas-Fee,2017-07-01,1,1,True,1.0,1.0,moderate,METEOSWISS_SMN_DAILY_SELECTED,False,False,06:00_UTC_to_06:00_UTC_next_day,15.112903225806452,10.270967741935483,21.306451612903224,-0.509429280397022,0.0,40.49999999999999,-14.061538461538468,0.7422811222331875,0.2903225806451613
saas_fee,Saas-Fee,2017-08-01,1,1,True,1.0,1.0,moderate,METEOSWISS_SMN_DAILY_SELECTED,False,False,06:00_UTC_to_06:00_UTC_next_day,15.358064516129033,10.838709677419354,21.106451612903225,0.3141439205955354,0.0,99.50000000000001,42.1846153846154,1.7360085894510806,0.3225806451612903
saas_fee,Saas-Fee,2017-09-01,1,1,True,1.0,1.0,moderate,METEOSWISS_SMN_DAILY_SELECTED,False,False,06:00_UTC_to_06:00_UTC_next_day,8.273333333333333,4.3,13.596666666666666,-2.783333333333335,0.03333333333333333,10.2,-21.815384615384612,0.31859682844786164,0.13333333333333333
saas_fee,Saas-Fee,2017-10-01,1,1,True,1.0,1.0,moderate,METEOSWISS_SMN_DAILY_SELECTED,False,False,06:00_UTC_to_06:00_UTC_next_day,7.854838709677419,3.938709677419355,12.890322580645162,0.5359801488833735,0.22580645161290322,8.1,-44.06923076923077,0.15526393394278973,0.06451612903225806
saas_fee,Saas-Fee,2017-11-01,1,1,True,1.0,1.0,moderate,METEOSWISS_SMN_DAILY_SELECTED,False,False,06:00_UTC_to_06:00_UTC_next_day,-0.009999999999999964,-2.8133333333333335,3.3633333333333337,-1.861025641025641,0.7333333333333333,22.900000000000002,-26.03076923076922,0.46800817481528073,0.16666666666666666
saas_fee,Saas-Fee,2017-12-01,1,1,True,1.0,1.0,moderate,METEOSWISS_SMN_DAILY_SELECTED,False,False,06:00_UTC_to_06:00_UTC_next_day,-3.948387096774194,-6.964516129032258,-0.49354838709677423,-3.6138957816377175,1.0,52.7,8.761538461538464,1.1994047619047619,0.2903225806451613
saas_fee,Saas-Fee,2018-01-01,1,1,True,1.0,1.0,moderate,METEOSWISS_SMN_DAILY_SELECTED,False,False,06:00_UTC_to_06:00_UTC_next_day,-0.8225806451612904,-3.2870967741935484,2.735483870967742,1.4712158808933,0.9354838709677419,205.60000000000002,162.05384615384617,4.721427309662604,0.41935483870967744
saas_fee,Saas-Fee,2018-02-01,1,1,True,1.0,1.0,moderate,METEOSWISS_SMN_DAILY_SELECTED,False,False,06:00_UTC_to_06:00_UTC_next_day,-5.921428571428572,-9.25,-2.3964285714285714,-4.960629026146268,0.9642857142857143,15.399999999999999,-11.215384615384618,0.5786127167630057,0.07142857142857142
saas_fee,Saas-Fee,2018-03-01,1,1,True,1.0,1.0,moderate,METEOSWISS_SMN_DAILY_SELECTED,False,False,06:00_UTC_to_06:00_UTC_next_day,-1.0258064516129033,-4.187096774193549,2.8419354838709676,-2.4739454094292803,0.967741935483871,33.7,-1.4692307692307693,0.9582239720034995,0.25806451612903225
saas_fee,Saas-Fee,2018-04-01,1,1,True,1.0,1.0,moderate,METEOSWISS_SMN_DAILY_SELECTED,False,False,06:00_UTC_to_06:00_UTC_next_day,6.783333333333333,2.32,12.136666666666667,1.5766666666666662,0.26666666666666666,29.299999999999997,-20.10000000000001,0.5931174089068825,0.2
saas_fee,Saas-Fee,2018-05-01,1,1,True,1.0,1.0,moderate,METEOSWISS_SMN_DAILY_SELECTED,False,False,06:00_UTC_to_06:00_UTC_next_day,9.793548387096775,5.538709677419354,14.961290322580645,1.3456575682382148,0.03225806451612903,83.49999999999999,22.392307692307682,1.3664400805639474,0.3225806451612903
saas_fee,Saas-Fee,2018-06-01,1,1,True,1.0,1.0,moderate,METEOSWISS_SMN_DAILY_SELECTED,False,False,06:00_UTC_to_06:00_UTC_next_day,14.05,9.053333333333335,19.673333333333336,0.23794871794871852,0.0,22.700000000000003,-26.369230769230768,0.4626116946229817,0.06666666666666667
saas_fee,Saas-Fee,2018-07-01,1,1,True,1.0,1.0,moderate,METEOSWISS_SMN_DAILY_SELECTED,False,False,06:00_UTC_to_06:00_UTC_next_day,16.3,11.241935483870968,22.183870967741935,0.6776674937965268,0.0,46.6,-7.96153846153846,0.8540814887917666,0.1935483870967742
saas_fee,Saas-Fee,2018-08-01,1,1,True,1.0,1.0,moderate,METEOSWISS_SMN_DAILY_SELECTED,False,False,06:00_UTC_to_06:00_UTC_next_day,15.451612903225806,10.874193548387098,21.59032258064516,0.407692307692308,0.0,21.500000000000004,-35.815384615384616,0.37511743390148977,0.22580645161290322
saas_fee,Saas-Fee,2018-09-01,1,1,True,1.0,1.0,moderate,METEOSWISS_SMN_DAILY_SELECTED,False,False,06:00_UTC_to_06:00_UTC_next_day,12.823333333333332,8.66,18.623333333333335,1.766666666666664,0.0,22.200000000000003,-9.815384615384609,0.6934166266218166,0.16666666666666666
saas_fee,Saas-Fee,2018-10-01,1,1,True,1.0,1.0,moderate,METEOSWISS_SMN_DAILY_SELECTED,False,False,06:00_UTC_to_06:00_UTC_next_day,7.906451612903226,4.45483870967742,13.209677419354838,0.5875930521091801,0.16129032258064516,102.5,50.33076923076923,1.9647596579180182,0.16129032258064516
saas_fee,Saas-Fee,2018-11-01,1,1,True,1.0,1.0,moderate,METEOSWISS_SMN_DAILY_SELECTED,False,False,06:00_UTC_to_06:00_UTC_next_day,2.69,0.12666666666666665,6.533333333333333,0.838974358974359,0.4666666666666667,36.4,-12.530769230769224,0.7439081905360794,0.13333333333333333
saas_fee,Saas-Fee,2018-12-01,1,1,True,1.0,1.0,moderate,METEOSWISS_SMN_DAILY_SELECTED,False,False,06:00_UTC_to_06:00_UTC_next_day,-0.7580645161290323,-3.4129032258064513,2.5258064516129033,-0.4235732009925558,0.8064516129032258,95.5,51.56153846153846,2.1734943977591037,0.2903225806451613
saas_fee,Saas-Fee,2019-01-01,1,1,True,1.0,1.0,moderate,METEOSWISS_SMN_DAILY_SELECTED,False,False,06:00_UTC_to_06:00_UTC_next_day,-5.738709677419355,-8.399999999999999,-2.5612903225806454,-3.444913151364765,1.0,17.1,-26.446153846153848,0.39268680445151033,0.0967741935483871
saas_fee,Saas-Fee,2019-02-01,1,1,True,1.0,1.0,moderate,METEOSWISS_SMN_DAILY_SELECTED,False,False,06:00_UTC_to_06:00_UTC_next_day,1.1535714285714285,-2.439285714285714,5.675,2.1143709738537324,0.6785714285714286,16.0,-10.615384615384617,0.6011560693641618,0.10714285714285714
saas_fee,Saas-Fee,2019-03-01,1,1,True,1.0,1.0,moderate,METEOSWISS_SMN_DAILY_SELECTED,False,False,06:00_UTC_to_06:00_UTC_next_day,1.8451612903225807,-2.4193548387096775,7.029032258064516,0.39702233250620367,0.8064516129032258,24.6,-10.56923076923077,0.6994750656167978,0.1935483870967742
saas_fee,Saas-Fee,2019-04-01,1,1,True,1.0,1.0,moderate,METEOSWISS_SMN_DAILY_SELECTED,False,False,06:00_UTC_to_06:00_UTC_next_day,3.9566666666666666,0.053333333333333274,8.993333333333334,-1.2500000000000004,0.5333333333333333,46.39999999999999,-3.000000000000014,0.9392712550607285,0.2
saas_fee,Saas-Fee,2019-05-01,1,1,True,1.0,1.0,moderate,METEOSWISS_SMN_DAILY_SELECTED,False,False,06:00_UTC_to_06:00_UTC_next_day,6.335483870967742,1.7419354838709677,11.59032258064516,-2.1124069478908183,0.25806451612903225,16.3,-44.80769230769231,0.26674219536757304,0.0967741935483871
saas_fee,Saas-Fee,2019-06-01,1,1,True,1.0,1.0,moderate,METEOSWISS_SMN_DAILY_SELECTED,False,False,06:00_UTC_to_06:00_UTC_next_day,15.153333333333334,9.976666666666667,21.256666666666668,1.341282051282052,0.0,52.3,3.2307692307692264,1.065841040915504,0.3
saas_fee,Saas-Fee,2019-07-01,1,1,True,1.0,1.0,moderate,METEOSWISS_SMN_DAILY_SELECTED,False,False,06:00_UTC_to_06:00_UTC_next_day,16.39032258064516,11.37741935483871,22.46451612903226,0.7679900744416877,0.0,67.4,12.838461538461544,1.2353024108275765,0.2903225806451613
saas_fee,Saas-Fee,2019-08-01,1,1,True,1.0,1.0,moderate,METEOSWISS_SMN_DAILY_SELECTED,False,False,06:00_UTC_to_06:00_UTC_next_day,15.193548387096774,10.790322580645162,20.73548387096774,0.149627791563276,0.0,59.50000000000001,2.184615384615391,1.0381156891692391,0.3225806451612903
saas_fee,Saas-Fee,2019-09-01,1,1,True,1.0,1.0,moderate,METEOSWISS_SMN_DAILY_SELECTED,False,False,06:00_UTC_to_06:00_UTC_next_day,11.523333333333333,7.533333333333333,16.906666666666666,0.466666666666665,0.0,25.6,-6.41538461538461,0.7996155694377705,0.13333333333333333
saas_fee,Saas-Fee,2019-10-01,1,1,True,1.0,1.0,moderate,METEOSWISS_SMN_DAILY_SELECTED,False,False,06:00_UTC_to_06:00_UTC_next_day,8.422580645161291,5.058064516129033,12.87741935483871,1.103722084367246,0.03225806451612903,61.60000000000001,9.430769230769236,1.1807726334414628,0.22580645161290322
saas_fee,Saas-Fee,2019-11-01,1,1,True,1.0,1.0,moderate,METEOSWISS_SMN_DAILY_SELECTED,False,False,06:00_UTC_to_06:00_UTC_next_day,0.32999999999999996,-1.6633333333333333,3.1633333333333336,-1.5210256410256409,0.6666666666666666,103.89999999999998,54.969230769230755,2.1234082691400724,0.4666666666666667
saas_fee,Saas-Fee,2019-12-01,1,1,True,1.0,1.0,moderate,METEOSWISS_SMN_DAILY_SELECTED,False,False,06:00_UTC_to_06:00_UTC_next_day,0.34516129032258064,-2.2516129032258063,3.638709677419355,0.679652605459057,0.7741935483870968,56.5,12.561538461538461,1.285889355742297,0.3225806451612903
saas_fee,Saas-Fee,2020-01-01,1,1,True,1.0,1.0,moderate,METEOSWISS_SMN_DAILY_SELECTED,False,False,06:00_UTC_to_06:00_UTC_next_day,0.019354838709677438,-2.8806451612903223,3.990322580645161,2.313151364764268,0.8387096774193549,13.399999999999999,-30.14615384615385,0.3077194841900724,0.0967741935483871
saas_fee,Saas-Fee,2020-02-01,1,1,True,1.0,1.0,moderate,METEOSWISS_SMN_DAILY_SELECTED,False,False,06:00_UTC_to_06:00_UTC_next_day,1.2620689655172415,-2.5,5.717241379310345,2.2228685107995454,0.7241379310344828,62.49999999999999,35.88461538461537,2.348265895953757,0.27586206896551724
saas_fee,Saas-Fee,2020-03-01,1,1,True,1.0,1.0,moderate,METEOSWISS_SMN_DAILY_SELECTED,False,False,06:00_UTC_to_06:00_UTC_next_day,1.261290322580645,-2.429032258064516,6.04516129032258,-0.18684863523573192,0.7096774193548387,35.599999999999994,0.43076923076922213,1.012248468941382,0.22580645161290322
saas_fee,Saas-Fee,2020-04-01,1,1,True,1.0,1.0,moderate,METEOSWISS_SMN_DAILY_SELECTED,False,False,06:00_UTC_to_06:00_UTC_next_day,7.659999999999999,3.0633333333333335,13.520000000000001,2.4533333333333323,0.13333333333333333,24.8,-24.600000000000005,0.5020242914979757,0.1
saas_fee,Saas-Fee,2020-05-01,1,1,True,1.0,1.0,moderate,METEOSWISS_SMN_DAILY_SELECTED,False,False,06:00_UTC_to_06:00_UTC_next_day,10.12258064516129,5.274193548387097,15.912903225806453,1.6746898263027301,0.0,48.400000000000006,-12.707692307692298,0.7920443101711986,0.3225806451612903
saas_fee,Saas-Fee,2020-06-01,1,1,True,1.0,1.0,moderate,METEOSWISS_SMN_DAILY_SELECTED,False,False,06:00_UTC_to_06:00_UTC_next_day,11.373333333333333,7.35,16.793333333333333,-2.438717948717949,0.0,106.10000000000001,57.03076923076924,2.162251136541778,0.4
saas_fee,Saas-Fee,2020-07-01,1,1,True,1.0,1.0,moderate,METEOSWISS_SMN_DAILY_SELECTED,False,False,06:00_UTC_to_06:00_UTC_next_day,15.62258064516129,10.496774193548386,21.958064516129035,0.0002481389578168347,0.0,27.3,-27.26153846153846,0.5003524601720005,0.22580645161290322
saas_fee,Saas-Fee,2020-08-01,1,1,True,1.0,1.0,moderate,METEOSWISS_SMN_DAILY_SELECTED,False,False,06:00_UTC_to_06:00_UTC_next_day,14.951612903225806,10.406451612903227,20.85483870967742,-0.09230769230769198,0.0,77.2,19.884615384615387,1.3469332975439539,0.3225806451612903
saas_fee,Saas-Fee,2020-09-01,1,1,True,1.0,1.0,moderate,METEOSWISS_SMN_DAILY_SELECTED,False,False,06:00_UTC_to_06:00_UTC_next_day,11.746666666666666,7.756666666666666,17.196666666666665,0.6899999999999977,0.13333333333333333,7.3999999999999995,-24.615384615384613,0.2311388755406055,0.1
saas_fee,Saas-Fee,2020-10-01,1,1,True,1.0,1.0,moderate,METEOSWISS_SMN_DAILY_SELECTED,False,False,06:00_UTC_to_06:00_UTC_next_day,4.425806451612903,1.4774193548387096,8.570967741935483,-2.8930521091811423,0.3548387096774194,122.10000000000001,69.93076923076924,2.3404600412857564,0.3225806451612903
saas_fee,Saas-Fee,2020-11-01,1,1,True,1.0,1.0,moderate,METEOSWISS_SMN_DAILY_SELECTED,False,False,06:00_UTC_to_06:00_UTC_next_day,4.503333333333333,1.55,8.846666666666666,2.652307692307692,0.26666666666666666,4.0,-44.93076923076922,0.08174815280616257,0.03333333333333333
saas_fee,Saas-Fee,2020-12-01,1,1,True,1.0,1.0,moderate,METEOSWISS_SMN_DAILY_SELECTED,False,False,06:00_UTC_to_06:00_UTC_next_day,-2.2225806451612904,-4.483870967741935,0.46451612903225803,-1.888089330024814,0.9032258064516129,40.9,-3.03846153846154,0.9308473389355741,0.2903225806451613
saas_fee,Saas-Fee,2021-01-01,1,1,True,1.0,1.0,moderate,METEOSWISS_SMN_DAILY_SELECTED,False,False,06:00_UTC_to_06:00_UTC_next_day,-4.493548387096775,-6.996774193548387,-1.4225806451612903,-2.1997518610421842,1.0,61.0,17.45384615384615,1.4008125772831654,0.3225806451612903
saas_fee,Saas-Fee,2021-02-01,1,1,True,1.0,1.0,moderate,METEOSWISS_SMN_DAILY_SELECTED,False,False,06:00_UTC_to_06:00_UTC_next_day,1.0035714285714286,-1.9357142857142857,4.746428571428572,1.9643709738537325,0.6785714285714286,10.9,-15.715384615384616,0.40953757225433524,0.10714285714285714
saas_fee,Saas-Fee,2021-03-01,1,1,True,1.0,1.0,moderate,METEOSWISS_SMN_DAILY_SELECTED,False,False,06:00_UTC_to_06:00_UTC_next_day,0.9870967741935485,-2.761290322580645,6.019354838709678,-0.46104218362282856,0.8064516129032258,12.0,-23.169230769230772,0.3412073490813648,0.0967741935483871
saas_fee,Saas-Fee,2021-04-01,1,1,True,1.0,1.0,moderate,METEOSWISS_SMN_DAILY_SELECTED,False,False,06:00_UTC_to_06:00_UTC_next_day,3.24,-1.04,8.706666666666667,-1.9666666666666668,0.5666666666666667,10.0,-39.400000000000006,0.20242914979757082,0.13333333333333333
saas_fee,Saas-Fee,2021-05-01,1,1,True,1.0,1.0,moderate,METEOSWISS_SMN_DAILY_SELECTED,False,False,06:00_UTC_to_06:00_UTC_next_day,5.95483870967742,1.7032258064516128,10.858064516129033,-2.493052109181141,0.22580645161290322,74.4,13.292307692307702,1.217522658610272,0.22580645161290322
saas_fee,Saas-Fee,2021-06-01,1,1,True,1.0,1.0,moderate,METEOSWISS_SMN_DAILY_SELECTED,False,False,06:00_UTC_to_06:00_UTC_next_day,14.156666666666666,9.7,19.853333333333335,0.3446153846153841,0.0,56.1,7.030769230769231,1.1432826461827872,0.3
saas_fee,Saas-Fee,2021-07-01,1,1,True,1.0,1.0,moderate,METEOSWISS_SMN_DAILY_SELECTED,False,False,06:00_UTC_to_06:00_UTC_next_day,13.751612903225807,9.46774193548387,19.151612903225807,-1.8707196029776672,0.0,103.5,48.93846153846154,1.896940645707035,0.4838709677419355
saas_fee,Saas-Fee,2021-08-01,1,1,True,1.0,1.0,moderate,METEOSWISS_SMN_DAILY_SELECTED,False,False,06:00_UTC_to_06:00_UTC_next_day,13.548387096774194,9.02258064516129,19.36774193548387,-1.495533498759304,0.0,25.700000000000003,-31.615384615384613,0.44839618843108314,0.16129032258064516
saas_fee,Saas-Fee,2021-09-01,1,1,True,1.0,1.0,moderate,METEOSWISS_SMN_DAILY_SELECTED,False,False,06:00_UTC_to_06:00_UTC_next_day,11.82,8.139999999999999,17.083333333333332,0.7633333333333319,0.0,57.69999999999999,25.684615384615377,1.8022585295530993,0.23333333333333334
saas_fee,Saas-Fee,2021-10-01,1,1,True,1.0,1.0,moderate,METEOSWISS_SMN_DAILY_SELECTED,False,False,06:00_UTC_to_06:00_UTC_next_day,6.048387096774194,2.693548387096774,11.0,-1.2704714640198516,0.03225806451612903,33.7,-18.46923076923077,0.6459746387496313,0.1935483870967742
saas_fee,Saas-Fee,2021-11-01,1,1,True,1.0,1.0,moderate,METEOSWISS_SMN_DAILY_SELECTED,False,False,06:00_UTC_to_06:00_UTC_next_day,1.28,-1.4433333333333331,5.14,-0.5710256410256409,0.6333333333333333,25.2,-23.730769230769223,0.5150133626788241,0.16666666666666666
saas_fee,Saas-Fee,2021-12-01,1,1,True,1.0,1.0,moderate,METEOSWISS_SMN_DAILY_SELECTED,False,False,06:00_UTC_to_06:00_UTC_next_day,-0.7548387096774193,-3.429032258064516,2.670967741935484,-0.42034739454094283,0.8387096774193549,63.9,19.96153846153846,1.4543067226890756,0.2903225806451613
saas_fee,Saas-Fee,2022-01-01,1,1,True,1.0,1.0,moderate,METEOSWISS_SMN_DAILY_SELECTED,False,False,06:00_UTC_to_06:00_UTC_next_day,-1.3064516129032258,-4.212903225806452,2.664516129032258,0.9873449131513647,0.8064516129032258,7.0,-36.54615384615385,0.16074898427839604,0.06451612903225806
saas_fee,Saas-Fee,2022-02-01,1,1,True,1.0,1.0,moderate,METEOSWISS_SMN_DAILY_SELECTED,False,False,06:00_UTC_to_06:00_UTC_next_day,-0.41071428571428564,-4.064285714285714,3.939285714285714,0.5500852595680183,0.8928571428571429,14.3,-12.315384615384616,0.5372832369942196,0.14285714285714285
saas_fee,Saas-Fee,2022-03-01,1,1,True,1.0,1.0,moderate,METEOSWISS_SMN_DAILY_SELECTED,False,False,06:00_UTC_to_06:00_UTC_next_day,2.161290322580645,-1.7645161290322582,7.216129032258064,0.713151364764268,0.6451612903225806,2.3,-32.869230769230775,0.06539807524059492,0.03225806451612903
saas_fee,Saas-Fee,2022-04-01,1,1,True,1.0,1.0,moderate,METEOSWISS_SMN_DAILY_SELECTED,False,False,06:00_UTC_to_06:00_UTC_next_day,4.696666666666667,0.043333333333333314,10.153333333333334,-0.5099999999999998,0.36666666666666664,48.20000000000001,-1.1999999999999957,0.9757085020242916,0.2
saas_fee,Saas-Fee,2022-05-01,1,1,True,1.0,1.0,moderate,METEOSWISS_SMN_DAILY_SELECTED,False,False,06:00_UTC_to_06:00_UTC_next_day,11.658064516129032,6.980645161290322,17.44193548387097,3.2101736972704717,0.0,32.300000000000004,-28.8076923076923,0.5285750251762338,0.2903225806451613
saas_fee,Saas-Fee,2022-06-01,1,1,True,1.0,1.0,moderate,METEOSWISS_SMN_DAILY_SELECTED,False,False,06:00_UTC_to_06:00_UTC_next_day,15.389999999999999,10.129999999999999,21.533333333333335,1.5779487179487166,0.0,65.30000000000001,16.23076923076924,1.3307728484088417,0.3
saas_fee,Saas-Fee,2022-07-01,1,1,True,1.0,1.0,moderate,METEOSWISS_SMN_DAILY_SELECTED,False,False,06:00_UTC_to_06:00_UTC_next_day,17.55483870967742,12.106451612903227,24.038709677419355,1.9325062034739453,0.0,37.4,-17.161538461538463,0.6854645425066968,0.1935483870967742
saas_fee,Saas-Fee,2022-08-01,1,1,True,1.0,1.0,moderate,METEOSWISS_SMN_DAILY_SELECTED,False,False,06:00_UTC_to_06:00_UTC_next_day,16.603225806451615,11.593548387096773,22.848387096774193,1.559305210918117,0.0,18.4,-38.91538461538462,0.321030734129647,0.1935483870967742
saas_fee,Saas-Fee,2022-09-01,1,1,True,1.0,1.0,moderate,METEOSWISS_SMN_DAILY_SELECTED,False,False,06:00_UTC_to_06:00_UTC_next_day,10.396666666666667,6.363333333333333,15.916666666666666,-0.6600000000000019,0.03333333333333333,35.0,2.9846153846153882,1.0932244113407017,0.26666666666666666
saas_fee,Saas-Fee,2022-10-01,1,1,True,1.0,1.0,moderate,METEOSWISS_SMN_DAILY_SELECTED,False,False,06:00_UTC_to_06:00_UTC_next_day,10.30967741935484,7.209677419354839,14.938709677419356,2.990818858560794,0.0,41.50000000000001,-10.669230769230765,0.7954880566204661,0.25806451612903225
saas_fee,Saas-Fee,2022-11-01,1,1,True,1.0,1.0,moderate,METEOSWISS_SMN_DAILY_SELECTED,False,False,06:00_UTC_to_06:00_UTC_next_day,2.3366666666666664,-0.27333333333333343,5.7,0.4856410256410255,0.5666666666666667,29.2,-19.730769230769223,0.5967615154849867,0.3333333333333333
saas_fee,Saas-Fee,2022-12-01,1,1,True,1.0,1.0,moderate,METEOSWISS_SMN_DAILY_SELECTED,False,False,06:00_UTC_to_06:00_UTC_next_day,-0.5741935483870968,-3.012903225806452,2.4838709677419355,-0.23970223325062034,0.7419354838709677,63.30000000000001,19.361538461538473,1.440651260504202,0.1935483870967742
saas_fee,Saas-Fee,2023-01-01,1,1,True,1.0,1.0,moderate,METEOSWISS_SMN_DAILY_SELECTED,False,False,06:00_UTC_to_06:00_UTC_next_day,-3.303225806451613,-5.925806451612903,0.07096774193548376,-1.0094292803970224,0.8709677419354839,15.599999999999998,-27.94615384615385,0.3582405935347111,0.16129032258064516
saas_fee,Saas-Fee,2023-02-01,1,1,True,1.0,1.0,moderate,METEOSWISS_SMN_DAILY_SELECTED,False,False,06:00_UTC_to_06:00_UTC_next_day,0.03214285714285714,-3.1785714285714284,4.6,0.9929424024251611,0.6785714285714286,1.4,-25.215384615384618,0.052601156069364156,0.03571428571428571
saas_fee,Saas-Fee,2023-03-01,1,1,True,1.0,1.0,moderate,METEOSWISS_SMN_DAILY_SELECTED,False,False,06:00_UTC_to_06:00_UTC_next_day,1.929032258064516,-1.7322580645161292,6.770967741935484,0.48089330024813903,0.7419354838709677,83.3,48.130769230769225,2.368547681539807,0.41935483870967744
saas_fee,Saas-Fee,2023-04-01,1,1,True,1.0,1.0,moderate,METEOSWISS_SMN_DAILY_SELECTED,False,False,06:00_UTC_to_06:00_UTC_next_day,3.5900000000000003,-0.5,8.726666666666667,-1.6166666666666667,0.6666666666666666,55.2,5.799999999999997,1.117408906882591,0.36666666666666664
saas_fee,Saas-Fee,2023-05-01,1,1,True,1.0,1.0,moderate,METEOSWISS_SMN_DAILY_SELECTED,False,False,06:00_UTC_to_06:00_UTC_next_day,9.312903225806451,5.216129032258064,14.667741935483871,0.8650124069478906,0.0,46.9,-14.207692307692305,0.7674974823766365,0.2903225806451613
saas_fee,Saas-Fee,2023-06-01,1,1,True,1.0,1.0,moderate,METEOSWISS_SMN_DAILY_SELECTED,False,False,06:00_UTC_to_06:00_UTC_next_day,14.696666666666665,9.913333333333332,20.64333333333333,0.8846153846153832,0.0,37.0,-12.06923076923077,0.754036682865653,0.26666666666666666
saas_fee,Saas-Fee,2023-07-01,1,1,True,1.0,1.0,moderate,METEOSWISS_SMN_DAILY_SELECTED,False,False,06:00_UTC_to_06:00_UTC_next_day,16.138709677419357,11.141935483870967,22.093548387096774,0.5163771712158827,0.0,64.30000000000001,9.73846153846155,1.1784858311010857,0.25806451612903225
saas_fee,Saas-Fee,2023-08-01,1,1,True,1.0,1.0,moderate,METEOSWISS_SMN_DAILY_SELECTED,False,False,06:00_UTC_to_06:00_UTC_next_day,15.435483870967742,10.899999999999999,21.15806451612903,0.39156327543424396,0.0,125.69999999999999,68.38461538461537,2.1931284391356862,0.3548387096774194
saas_fee,Saas-Fee,2023-09-01,1,1,True,1.0,1.0,moderate,METEOSWISS_SMN_DAILY_SELECTED,False,False,06:00_UTC_to_06:00_UTC_next_day,13.873333333333333,9.923333333333334,19.136666666666667,2.8166666666666647,0.0,28.6,-3.4153846153846104,0.8933205189812592,0.16666666666666666
saas_fee,Saas-Fee,2023-10-01,1,1,True,1.0,1.0,moderate,METEOSWISS_SMN_DAILY_SELECTED,False,False,06:00_UTC_to_06:00_UTC_next_day,9.47741935483871,6.129032258064516,14.261290322580646,2.158560794044665,0.0,44.1,-8.06923076923077,0.8453258625774108,0.1935483870967742
saas_fee,Saas-Fee,2023-11-01,1,1,True,1.0,1.0,moderate,METEOSWISS_SMN_DAILY_SELECTED,False,False,06:00_UTC_to_06:00_UTC_next_day,0.2766666666666666,-2.27,3.61,-1.5743589743589743,0.8,110.1,61.16923076923077,2.2501179059896246,0.4666666666666667
saas_fee,Saas-Fee,2023-12-01,1,1,True,1.0,1.0,moderate,METEOSWISS_SMN_DAILY_SELECTED,False,False,06:00_UTC_to_06:00_UTC_next_day,0.17741935483870966,-2.6870967741935483,3.3483870967741933,0.5119106699751861,0.6774193548387096,93.20000000000002,49.26153846153848,2.121148459383754,0.25806451612903225
saas_fee,Saas-Fee,2024-01-01,1,1,True,1.0,1.0,moderate,METEOSWISS_SMN_DAILY_SELECTED,False,False,06:00_UTC_to_06:00_UTC_next_day,-0.4032258064516129,-3.3580645161290326,3.225806451612903,1.8905707196029775,0.7741935483870968,39.0,-4.5461538461538495,0.8956014838367778,0.2903225806451613
saas_fee,Saas-Fee,2024-02-01,1,1,True,1.0,1.0,moderate,METEOSWISS_SMN_DAILY_SELECTED,False,False,06:00_UTC_to_06:00_UTC_next_day,1.9137931034482758,-0.9758620689655172,5.613793103448276,2.8745926487305797,0.6206896551724138,26.200000000000003,-0.4153846153846139,0.9843930635838151,0.20689655172413793
saas_fee,Saas-Fee,2024-03-01,1,1,True,1.0,1.0,moderate,METEOSWISS_SMN_DAILY_SELECTED,False,False,06:00_UTC_to_06:00_UTC_next_day,1.935483870967742,-1.3580645161290323,6.206451612903226,0.48734491315136497,0.6774193548387096,98.10000000000001,62.930769230769236,2.7893700787401574,0.3870967741935484
saas_fee,Saas-Fee,2024-04-01,1,1,True,1.0,1.0,moderate,METEOSWISS_SMN_DAILY_SELECTED,False,False,06:00_UTC_to_06:00_UTC_next_day,4.766666666666667,0.5866666666666667,9.886666666666667,-0.4400000000000004,0.5,28.200000000000003,-21.200000000000003,0.5708502024291497,0.23333333333333334
saas_fee,Saas-Fee,2024-05-01,1,1,True,1.0,1.0,moderate,METEOSWISS_SMN_DAILY_SELECTED,False,False,06:00_UTC_to_06:00_UTC_next_day,8.02258064516129,4.225806451612903,13.112903225806452,-0.4253101736972713,0.0,113.1,51.99230769230769,1.8508308157099698,0.45161290322580644
saas_fee,Saas-Fee,2024-06-01,1,1,True,1.0,1.0,moderate,METEOSWISS_SMN_DAILY_SELECTED,False,False,06:00_UTC_to_06:00_UTC_next_day,12.59,8.493333333333334,17.653333333333332,-1.2220512820512823,0.0,69.69999999999999,20.630769230769218,1.4204420755604323,0.4
saas_fee,Saas-Fee,2024-07-01,1,1,True,1.0,1.0,moderate,METEOSWISS_SMN_DAILY_SELECTED,False,False,06:00_UTC_to_06:00_UTC_next_day,16.229032258064517,11.603225806451613,22.15806451612903,0.6066997518610435,0.0,52.3,-2.261538461538464,0.9585506837727337,0.2903225806451613
saas_fee,Saas-Fee,2024-08-01,1,1,True,1.0,1.0,moderate,METEOSWISS_SMN_DAILY_SELECTED,False,False,06:00_UTC_to_06:00_UTC_next_day,16.883870967741935,12.387096774193548,22.796774193548387,1.8399503722084365,0.0,68.30000000000001,10.984615384615395,1.1916521272312444,0.12903225806451613
saas_fee,Saas-Fee,2024-09-01,1,1,True,1.0,1.0,moderate,METEOSWISS_SMN_DAILY_SELECTED,False,False,06:00_UTC_to_06:00_UTC_next_day,9.496666666666666,6.116666666666666,14.05,-1.5600000000000023,0.0,70.49999999999999,38.484615384615374,2.2020663142719843,0.26666666666666666
saas_fee,Saas-Fee,2024-10-01,1,1,True,1.0,1.0,moderate,METEOSWISS_SMN_DAILY_SELECTED,False,False,06:00_UTC_to_06:00_UTC_next_day,8.103225806451613,5.480645161290322,12.05483870967742,0.7843672456575677,0.0,91.3,39.130769230769225,1.7500737245650249,0.3225806451612903
saas_fee,Saas-Fee,2024-11-01,1,1,True,1.0,1.0,moderate,METEOSWISS_SMN_DAILY_SELECTED,False,False,06:00_UTC_to_06:00_UTC_next_day,2.69,0.08666666666666664,6.680000000000001,0.838974358974359,0.5,59.9,10.969230769230776,1.2241785882722844,0.2
saas_fee,Saas-Fee,2024-12-01,1,1,True,1.0,1.0,moderate,METEOSWISS_SMN_DAILY_SELECTED,False,False,06:00_UTC_to_06:00_UTC_next_day,-0.7580645161290323,-3.635483870967742,2.635483870967742,-0.4235732009925558,0.8064516129032258,34.7,-9.238461538461536,0.7897408963585435,0.2903225806451613
saas_fee,Saas-Fee,2025-01-01,1,1,True,1.0,1.0,moderate,METEOSWISS_SMN_DAILY_SELECTED,False,False,06:00_UTC_to_06:00_UTC_next_day,-0.9483870967741935,-3.5774193548387094,2.403225806451613,1.345409429280397,0.9354838709677419,52.0,8.45384615384615,1.1941353117823705,0.3225806451612903
saas_fee,Saas-Fee,2025-02-01,1,1,True,1.0,1.0,moderate,METEOSWISS_SMN_DAILY_SELECTED,False,False,06:00_UTC_to_06:00_UTC_next_day,0.21071428571428577,-2.814285714285714,4.457142857142857,1.1715138309965898,0.8928571428571429,4.0,-22.615384615384617,0.15028901734104044,0.07142857142857142
saas_fee,Saas-Fee,2025-03-01,1,1,True,1.0,1.0,moderate,METEOSWISS_SMN_DAILY_SELECTED,False,False,06:00_UTC_to_06:00_UTC_next_day,2.42258064516129,-1.270967741935484,7.435483870967742,0.9744416873449131,0.8709677419354839,18.1,-17.06923076923077,0.5146544181977253,0.12903225806451613
saas_fee,Saas-Fee,2025-04-01,1,1,True,1.0,1.0,moderate,METEOSWISS_SMN_DAILY_SELECTED,False,False,06:00_UTC_to_06:00_UTC_next_day,6.54,2.243333333333333,12.013333333333332,1.333333333333333,0.13333333333333333,157.6,108.19999999999999,3.190283400809716,0.13333333333333333
saas_fee,Saas-Fee,2025-05-01,1,1,True,1.0,1.0,moderate,METEOSWISS_SMN_DAILY_SELECTED,False,False,06:00_UTC_to_06:00_UTC_next_day,9.151612903225805,4.835483870967742,14.693548387096774,0.7037220843672447,0.0,44.70000000000002,-16.407692307692287,0.731495468277946,0.2903225806451613
saas_fee,Saas-Fee,2025-06-01,1,1,True,1.0,1.0,moderate,METEOSWISS_SMN_DAILY_SELECTED,False,False,06:00_UTC_to_06:00_UTC_next_day,16.86,11.426666666666668,23.30666666666667,3.0479487179487172,0.0,38.1,-10.96923076923077,0.7764539896535507,0.26666666666666666
saas_fee,Saas-Fee,2025-07-01,1,1,True,1.0,1.0,moderate,METEOSWISS_SMN_DAILY_SELECTED,False,False,06:00_UTC_to_06:00_UTC_next_day,14.506451612903225,9.841935483870968,20.664516129032258,-1.1158808933002486,0.0,32.1,-22.46153846153846,0.5883265191033413,0.25806451612903225
saas_fee,Saas-Fee,2025-08-01,1,1,True,1.0,1.0,moderate,METEOSWISS_SMN_DAILY_SELECTED,False,False,06:00_UTC_to_06:00_UTC_next_day,16.177419354838708,11.274193548387096,22.58709677419355,1.1334987593052102,0.0,27.400000000000002,-29.915384615384614,0.47805663669306137,0.22580645161290322
saas_fee,Saas-Fee,2025-09-01,1,1,True,1.0,1.0,moderate,METEOSWISS_SMN_DAILY_SELECTED,False,False,06:00_UTC_to_06:00_UTC_next_day,10.72,6.846666666666667,16.273333333333333,-0.3366666666666678,0.0,56.2,24.18461538461539,1.7554060547813555,0.26666666666666666
saas_fee,Saas-Fee,2025-10-01,1,1,True,1.0,1.0,moderate,METEOSWISS_SMN_DAILY_SELECTED,False,False,06:00_UTC_to_06:00_UTC_next_day,5.864516129032259,2.5387096774193547,10.525806451612903,-1.4543424317617868,0.16129032258064516,46.800000000000004,-5.369230769230768,0.8970805072250074,0.22580645161290322
saas_fee,Saas-Fee,2025-11-01,1,1,True,1.0,1.0,moderate,METEOSWISS_SMN_DAILY_SELECTED,False,False,06:00_UTC_to_06:00_UTC_next_day,1.5533333333333332,-1.52,5.336666666666667,-0.2976923076923077,0.5333333333333333,13.399999999999999,-35.530769230769224,0.2738563119006446,0.1
saas_fee,Saas-Fee,2025-12-01,1,1,True,1.0,1.0,moderate,METEOSWISS_SMN_DAILY_SELECTED,False,False,06:00_UTC_to_06:00_UTC_next_day,1.2064516129032257,-1.3870967741935485,4.790322580645161,1.5409429280397022,0.5483870967741935,9.299999999999999,-34.63846153846154,0.2116596638655462,0.06451612903225806
saas_fee,Saas-Fee,2026-01-01,1,1,True,1.0,1.0,moderate,METEOSWISS_SMN_DAILY_SELECTED,False,False,06:00_UTC_to_06:00_UTC_next_day,-3.074193548387097,-5.796774193548386,0.3709677419354839,-0.7803970223325063,0.967741935483871,19.8,-23.74615384615385,0.45468998410174877,0.16129032258064516
saas_fee,Saas-Fee,2026-02-01,1,1,True,1.0,1.0,moderate,METEOSWISS_SMN_DAILY_SELECTED,False,False,06:00_UTC_to_06:00_UTC_next_day,0.2785714285714286,-2.6214285714285714,4.060714285714286,1.2393709738537324,0.7857142857142857,52.4,25.784615384615382,1.96878612716763,0.2857142857142857
saas_fee,Saas-Fee,2026-03-01,1,1,True,1.0,1.0,moderate,METEOSWISS_SMN_DAILY_SELECTED,False,False,06:00_UTC_to_06:00_UTC_next_day,1.1516129032258065,-2.448387096774194,6.048387096774194,-0.2965260545905706,0.8064516129032258,45.199999999999996,10.030769230769224,1.285214348206474,0.12903225806451613
schwanden,Schwanden,2013-01-01,1,1,True,1.0,1.0,moderate,METEOSWISS_SMN_DAILY_SELECTED,False,False,06:00_UTC_to_06:00_UTC_next_day,0.3354838709677419,-2.5806451612903225,3.1161290322580646,-0.45955334987593055,0.8064516129032258,63.89999999999999,-27.446153846153848,0.6995368421052631,0.1935483870967742
schwanden,Schwanden,2013-02-01,1,1,True,1.0,1.0,moderate,METEOSWISS_SMN_DAILY_SELECTED,False,False,06:00_UTC_to_06:00_UTC_next_day,-1.4035714285714285,-4.560714285714286,2.3178571428571426,-3.889257294429708,0.9285714285714286,80.0,13.49230769230769,1.2028683784408976,0.35714285714285715
schwanden,Schwanden,2013-03-01,1,1,True,1.0,1.0,moderate,METEOSWISS_SMN_DAILY_SELECTED,False,False,06:00_UTC_to_06:00_UTC_next_day,3.52258064516129,-0.019354838709677403,7.735483870967743,-2.386848635235732,0.3548387096774194,55.4,-20.238461538461543,0.7324316078511135,0.3225806451612903
schwanden,Schwanden,2013-04-01,1,1,True,1.0,1.0,moderate,METEOSWISS_SMN_DAILY_SELECTED,False,False,06:00_UTC_to_06:00_UTC_next_day,9.323333333333332,4.316666666666666,14.76,-0.4176923076923096,0.16666666666666666,79.8,4.8999999999999915,1.0654205607476634,0.3333333333333333
schwanden,Schwanden,2013-05-01,1,1,True,1.0,1.0,moderate,METEOSWISS_SMN_DAILY_SELECTED,False,False,06:00_UTC_to_06:00_UTC_next_day,10.983870967741936,6.690322580645161,15.693548387096774,-2.0379652605459047,0.0,177.3,40.43846153846155,1.2954698741007196,0.6774193548387096
schwanden,Schwanden,2013-06-01,1,1,True,1.0,1.0,moderate,METEOSWISS_SMN_DAILY_SELECTED,False,False,06:00_UTC_to_06:00_UTC_next_day,16.033333333333335,11.103333333333333,21.526666666666664,-2.0910256410256416,0.0,82.59999999999997,-28.853846153846177,0.7411139485126645,0.3333333333333333
schwanden,Schwanden,2013-07-01,1,1,True,1.0,1.0,moderate,METEOSWISS_SMN_DAILY_SELECTED,False,False,06:00_UTC_to_06:00_UTC_next_day,20.393548387096775,14.780645161290321,26.86774193548387,0.7846153846153854,0.0,105.2,-43.56923076923077,0.7071354705274043,0.22580645161290322
schwanden,Schwanden,2013-08-01,1,0,False,1.0,0.5806451612903226,moderate,METEOSWISS_SMN_DAILY_SELECTED,False,False,06:00_UTC_to_06:00_UTC_next_day,NA,NA,NA,NA,NA,NA,NA,NA,NA
schwanden,Schwanden,2013-09-01,1,1,True,1.0,1.0,moderate,METEOSWISS_SMN_DAILY_SELECTED,False,False,06:00_UTC_to_06:00_UTC_next_day,15.01,10.693333333333333,20.529999999999998,0.10692307692307601,0.0,118.5,26.915384615384625,1.293885435914665,0.3
schwanden,Schwanden,2013-10-01,1,1,True,1.0,1.0,moderate,METEOSWISS_SMN_DAILY_SELECTED,False,False,06:00_UTC_to_06:00_UTC_next_day,11.506451612903225,8.306451612903226,15.90967741935484,1.0406947890818845,0.0,105.40000000000002,26.83076923076925,1.3414920697082438,0.45161290322580644
schwanden,Schwanden,2013-11-01,1,1,True,1.0,1.0,moderate,METEOSWISS_SMN_DAILY_SELECTED,False,False,06:00_UTC_to_06:00_UTC_next_day,3.863333333333333,1.0633333333333332,6.836666666666667,-1.0333333333333337,0.36666666666666664,99.19999999999999,13.230769230769226,1.153901216893343,0.5333333333333333
schwanden,Schwanden,2013-12-01,1,1,True,1.0,1.0,moderate,METEOSWISS_SMN_DAILY_SELECTED,False,False,06:00_UTC_to_06:00_UTC_next_day,0.3161290322580645,-2.803225806451613,4.009677419354839,-1.259801488833747,0.8387096774193549,39.300000000000004,-47.57692307692306,0.4523640871259077,0.12903225806451613
schwanden,Schwanden,2014-01-01,1,1,True,1.0,1.0,moderate,METEOSWISS_SMN_DAILY_SELECTED,False,False,06:00_UTC_to_06:00_UTC_next_day,2.0451612903225804,-1.0903225806451613,5.467741935483871,1.250124069478908,0.6774193548387096,56.50000000000001,-34.84615384615383,0.6185263157894738,0.2903225806451613
schwanden,Schwanden,2014-02-01,1,1,True,1.0,1.0,moderate,METEOSWISS_SMN_DAILY_SELECTED,False,False,06:00_UTC_to_06:00_UTC_next_day,3.335714285714286,0.0071428571428571175,7.8999999999999995,0.8500284198560064,0.5714285714285714,83.0,16.49230769230769,1.247975942632431,0.4642857142857143
schwanden,Schwanden,2014-03-01,1,1,True,1.0,1.0,moderate,METEOSWISS_SMN_DAILY_SELECTED,False,False,06:00_UTC_to_06:00_UTC_next_day,6.570967741935483,1.2516129032258063,13.167741935483871,0.661538461538461,0.2903225806451613,40.2,-35.43846153846154,0.5314756432421438,0.1935483870967742
schwanden,Schwanden,2014-04-01,1,1,True,1.0,1.0,moderate,METEOSWISS_SMN_DAILY_SELECTED,False,False,06:00_UTC_to_06:00_UTC_next_day,10.776666666666667,5.6,16.186666666666667,1.0356410256410253,0.03333333333333333,96.3,21.39999999999999,1.2857142857142856,0.3333333333333333
schwanden,Schwanden,2014-05-01,1,1,True,1.0,1.0,moderate,METEOSWISS_SMN_DAILY_SELECTED,False,False,06:00_UTC_to_06:00_UTC_next_day,12.496774193548386,7.590322580645162,17.470967741935485,-0.5250620347394541,0.0,119.4,-17.461538461538453,0.8724145683453238,0.5161290322580645
schwanden,Schwanden,2014-06-01,1,1,True,1.0,1.0,moderate,METEOSWISS_SMN_DAILY_SELECTED,False,False,06:00_UTC_to_06:00_UTC_next_day,17.65,12.06,23.83,-0.474358974358978,0.0,54.5,-56.95384615384614,0.4889916488370488,0.3
schwanden,Schwanden,2014-07-01,1,1,True,1.0,1.0,moderate,METEOSWISS_SMN_DAILY_SELECTED,False,False,06:00_UTC_to_06:00_UTC_next_day,17.567741935483873,13.538709677419355,22.52258064516129,-2.0411910669975164,0.0,273.40000000000003,124.63076923076926,1.8377456049638057,0.6451612903225806
schwanden,Schwanden,2014-08-01,1,1,True,1.0,1.0,moderate,METEOSWISS_SMN_DAILY_SELECTED,False,False,06:00_UTC_to_06:00_UTC_next_day,16.483870967741936,12.383870967741935,21.451612903225808,-2.31451612903226,0.0,166.20000000000002,34.40833333333336,1.2610812519759724,0.5806451612903226
schwanden,Schwanden,2014-09-01,1,1,True,1.0,1.0,moderate,METEOSWISS_SMN_DAILY_SELECTED,False,False,06:00_UTC_to_06:00_UTC_next_day,15.026666666666667,10.713333333333333,20.7,0.1235897435897435,0.0,89.9,-1.6846153846153697,0.9816059129850497,0.26666666666666666
schwanden,Schwanden,2014-10-01,1,1,True,1.0,1.0,moderate,METEOSWISS_SMN_DAILY_SELECTED,False,False,06:00_UTC_to_06:00_UTC_next_day,11.783870967741937,7.964516129032258,16.90967741935484,1.318114143920596,0.0,85.19999999999999,6.630769230769218,1.0843939690620714,0.3548387096774194
schwanden,Schwanden,2014-11-01,1,1,True,1.0,1.0,moderate,METEOSWISS_SMN_DAILY_SELECTED,False,False,06:00_UTC_to_06:00_UTC_next_day,6.239999999999999,3.143333333333333,10.113333333333333,1.3433333333333328,0.0,96.69999999999999,10.730769230769226,1.1248210450966356,0.2
schwanden,Schwanden,2014-12-01,1,1,True,1.0,1.0,moderate,METEOSWISS_SMN_DAILY_SELECTED,False,False,06:00_UTC_to_06:00_UTC_next_day,2.574193548387097,-0.019354838709677424,5.183870967741935,0.9982630272952853,0.5161290322580645,62.400000000000006,-24.476923076923057,0.7182574818487695,0.3225806451612903
schwanden,Schwanden,2015-01-01,1,1,True,1.0,1.0,moderate,METEOSWISS_SMN_DAILY_SELECTED,False,False,06:00_UTC_to_06:00_UTC_next_day,1.3806451612903226,-1.7354838709677418,4.906451612903226,0.5856079404466501,0.7741935483870968,112.1,20.753846153846155,1.2272,0.41935483870967744
schwanden,Schwanden,2015-02-01,1,1,True,1.0,1.0,moderate,METEOSWISS_SMN_DAILY_SELECTED,False,False,06:00_UTC_to_06:00_UTC_next_day,-0.35714285714285715,-3.6357142857142857,3.3464285714285715,-2.8428287230011366,0.9285714285714286,34.2,-32.30769230769231,0.5142262317834837,0.21428571428571427
schwanden,Schwanden,2015-03-01,1,1,True,1.0,1.0,moderate,METEOSWISS_SMN_DAILY_SELECTED,False,False,06:00_UTC_to_06:00_UTC_next_day,6.012903225806451,1.5,11.706451612903225,0.10347394540942911,0.25806451612903225,89.80000000000001,14.16153846153847,1.187226685650361,0.3225806451612903
schwanden,Schwanden,2015-04-01,1,1,True,1.0,1.0,moderate,METEOSWISS_SMN_DAILY_SELECTED,False,False,06:00_UTC_to_06:00_UTC_next_day,9.91,3.8400000000000003,16.083333333333332,0.1689743589743582,0.13333333333333333,121.7,46.8,1.6248331108144192,0.3333333333333333
schwanden,Schwanden,2015-05-01,1,1,True,1.0,1.0,moderate,METEOSWISS_SMN_DAILY_SELECTED,False,False,06:00_UTC_to_06:00_UTC_next_day,13.629032258064516,8.525806451612903,19.070967741935487,0.6071960297766754,0.0,207.8,70.93846153846155,1.5183228417266188,0.45161290322580644
schwanden,Schwanden,2015-06-01,1,1,True,1.0,1.0,moderate,METEOSWISS_SMN_DAILY_SELECTED,False,False,06:00_UTC_to_06:00_UTC_next_day,18.566666666666666,13.56,24.133333333333333,0.44230769230768985,0.0,58.39999999999999,-53.05384615384615,0.5239837117813514,0.3
schwanden,Schwanden,2015-07-01,1,1,True,1.0,1.0,moderate,METEOSWISS_SMN_DAILY_SELECTED,False,False,06:00_UTC_to_06:00_UTC_next_day,22.216129032258067,16.177419354838708,28.787096774193547,2.607196029776677,0.0,59.900000000000006,-88.86923076923077,0.40263702171664945,0.22580645161290322
schwanden,Schwanden,2015-08-01,1,1,True,1.0,1.0,moderate,METEOSWISS_SMN_DAILY_SELECTED,False,False,06:00_UTC_to_06:00_UTC_next_day,19.72258064516129,14.864516129032259,25.664516129032258,0.9241935483870947,0.0,83.6,-48.19166666666666,0.6343344925703446,0.3548387096774194
schwanden,Schwanden,2015-09-01,1,1,True,1.0,1.0,moderate,METEOSWISS_SMN_DAILY_SELECTED,False,False,06:00_UTC_to_06:00_UTC_next_day,13.046666666666665,9.003333333333334,18.003333333333334,-1.8564102564102587,0.0,82.5,-9.084615384615375,0.9008063161431212,0.36666666666666664
schwanden,Schwanden,2015-10-01,1,1,True,1.0,1.0,moderate,METEOSWISS_SMN_DAILY_SELECTED,False,False,06:00_UTC_to_06:00_UTC_next_day,8.958064516129031,5.561290322580645,12.96774193548387,-1.5076923076923094,0.0,58.50000000000001,-20.069230769230764,0.7445662815743098,0.2903225806451613
schwanden,Schwanden,2015-11-01,1,1,True,1.0,1.0,moderate,METEOSWISS_SMN_DAILY_SELECTED,False,False,06:00_UTC_to_06:00_UTC_next_day,5.266666666666667,1.7566666666666666,10.223333333333333,0.3700000000000001,0.23333333333333334,81.9,-4.0692307692307566,0.952666428060129,0.3
schwanden,Schwanden,2015-12-01,1,1,True,1.0,1.0,moderate,METEOSWISS_SMN_DAILY_SELECTED,False,False,06:00_UTC_to_06:00_UTC_next_day,1.8870967741935485,-1.1903225806451612,6.116129032258065,0.31116625310173696,0.6774193548387096,14.7,-72.17692307692306,0.169204887550912,0.16129032258064516
schwanden,Schwanden,2016-01-01,1,1,True,1.0,1.0,moderate,METEOSWISS_SMN_DAILY_SELECTED,False,False,06:00_UTC_to_06:00_UTC_next_day,1.7064516129032257,-1.2225806451612902,4.870967741935484,0.9114143920595532,0.6451612903225806,97.1,5.753846153846155,1.0629894736842105,0.5806451612903226
schwanden,Schwanden,2016-02-01,1,1,True,1.0,1.0,moderate,METEOSWISS_SMN_DAILY_SELECTED,False,False,06:00_UTC_to_06:00_UTC_next_day,3.279310344827586,0.12758620689655173,7.0,0.7936244789693068,0.3793103448275862,137.5,70.99230769230769,2.0674300254452924,0.5517241379310345
schwanden,Schwanden,2016-03-01,1,1,True,1.0,1.0,moderate,METEOSWISS_SMN_DAILY_SELECTED,False,False,06:00_UTC_to_06:00_UTC_next_day,4.651612903225806,0.5806451612903226,9.577419354838709,-1.257816377171216,0.45161290322580644,43.199999999999996,-32.438461538461546,0.5711380046781246,0.2903225806451613
schwanden,Schwanden,2016-04-01,1,1,True,1.0,1.0,moderate,METEOSWISS_SMN_DAILY_SELECTED,False,False,06:00_UTC_to_06:00_UTC_next_day,9.036666666666667,4.456666666666666,14.003333333333334,-0.7043589743589749,0.06666666666666667,83.5,8.599999999999994,1.1148197596795726,0.43333333333333335
schwanden,Schwanden,2016-05-01,1,1,True,1.0,1.0,moderate,METEOSWISS_SMN_DAILY_SELECTED,False,False,06:00_UTC_to_06:00_UTC_next_day,12.361290322580645,7.47741935483871,17.467741935483872,-0.6605459057071954,0.0,204.8,67.93846153846155,1.4964028776978417,0.41935483870967744
schwanden,Schwanden,2016-06-01,1,1,True,1.0,1.0,moderate,METEOSWISS_SMN_DAILY_SELECTED,False,False,06:00_UTC_to_06:00_UTC_next_day,16.093333333333334,12.110000000000001,20.75,-2.031025641025643,0.0,203.00000000000003,91.54615384615389,1.8213817378701087,0.8333333333333334
schwanden,Schwanden,2016-07-01,1,1,True,1.0,1.0,moderate,METEOSWISS_SMN_DAILY_SELECTED,False,False,06:00_UTC_to_06:00_UTC_next_day,19.083870967741937,14.112903225806452,24.690322580645162,-0.5250620347394523,0.0,160.00000000000003,11.230769230769255,1.0754912099276113,0.41935483870967744
schwanden,Schwanden,2016-08-01,1,1,True,1.0,1.0,moderate,METEOSWISS_SMN_DAILY_SELECTED,False,False,06:00_UTC_to_06:00_UTC_next_day,18.31935483870968,13.419354838709678,24.13225806451613,-0.47903225806451744,0.0,128.3,-3.491666666666646,0.9735061650331965,0.2903225806451613
schwanden,Schwanden,2016-09-01,1,1,True,1.0,1.0,moderate,METEOSWISS_SMN_DAILY_SELECTED,False,False,06:00_UTC_to_06:00_UTC_next_day,16.163333333333334,11.95,21.733333333333334,1.2602564102564102,0.0,94.8,3.2153846153846217,1.035108348731732,0.23333333333333334
schwanden,Schwanden,2016-10-01,1,1,True,1.0,1.0,moderate,METEOSWISS_SMN_DAILY_SELECTED,False,False,06:00_UTC_to_06:00_UTC_next_day,8.558064516129033,4.964516129032258,12.77741935483871,-1.907692307692308,0.03225806451612903,60.099999999999994,-18.469230769230776,0.7649304875660857,0.25806451612903225
schwanden,Schwanden,2016-11-01,1,1,True,1.0,1.0,moderate,METEOSWISS_SMN_DAILY_SELECTED,False,False,06:00_UTC_to_06:00_UTC_next_day,5.1933333333333325,1.8433333333333333,8.683333333333334,0.29666666666666597,0.26666666666666666,85.30000000000001,-0.6692307692307509,0.9922154617036509,0.36666666666666664
schwanden,Schwanden,2016-12-01,1,1,True,1.0,1.0,moderate,METEOSWISS_SMN_DAILY_SELECTED,False,False,06:00_UTC_to_06:00_UTC_next_day,-0.2516129032258065,-3.041935483870968,3.861290322580645,-1.827543424317618,0.9354838709677419,1.0,-85.87692307692306,0.011510536568089253,0.03225806451612903
schwanden,Schwanden,2017-01-01,1,1,True,1.0,1.0,moderate,METEOSWISS_SMN_DAILY_SELECTED,False,False,06:00_UTC_to_06:00_UTC_next_day,-3.064516129032258,-6.074193548387097,-0.15806451612903225,-3.8595533498759305,0.967741935483871,54.1,-37.24615384615384,0.5922526315789475,0.3225806451612903
schwanden,Schwanden,2017-02-01,1,1,True,1.0,1.0,moderate,METEOSWISS_SMN_DAILY_SELECTED,False,False,06:00_UTC_to_06:00_UTC_next_day,3.1107142857142853,-0.4642857142857143,8.157142857142857,0.6250284198560059,0.5357142857142857,72.19999999999999,5.692307692307679,1.08558871154291,0.42857142857142855
schwanden,Schwanden,2017-03-01,1,1,True,1.0,1.0,moderate,METEOSWISS_SMN_DAILY_SELECTED,False,False,06:00_UTC_to_06:00_UTC_next_day,8.180645161290322,3.116129032258064,13.770967741935484,2.2712158808932994,0.06451612903225806,128.2,52.56153846153845,1.694904912030916,0.3548387096774194
schwanden,Schwanden,2017-04-01,1,1,True,1.0,1.0,moderate,METEOSWISS_SMN_DAILY_SELECTED,False,False,06:00_UTC_to_06:00_UTC_next_day,8.870000000000001,3.6300000000000003,14.26,-0.871025641025641,0.13333333333333333,75.2,0.29999999999999716,1.0040053404539386,0.4
schwanden,Schwanden,2017-05-01,1,1,True,1.0,1.0,moderate,METEOSWISS_SMN_DAILY_SELECTED,False,False,06:00_UTC_to_06:00_UTC_next_day,14.05483870967742,8.46774193548387,20.32903225806452,1.0330024813895786,0.0,104.8,-32.06153846153846,0.7657374100719424,0.4838709677419355
schwanden,Schwanden,2017-06-01,1,1,True,1.0,1.0,moderate,METEOSWISS_SMN_DAILY_SELECTED,False,False,06:00_UTC_to_06:00_UTC_next_day,19.63,14.17,25.753333333333334,1.5056410256410224,0.0,110.09999999999998,-1.3538461538461632,0.9878528538891572,0.4
schwanden,Schwanden,2017-07-01,1,1,True,1.0,1.0,moderate,METEOSWISS_SMN_DAILY_SELECTED,False,False,06:00_UTC_to_06:00_UTC_next_day,18.929032258064513,14.235483870967743,24.59032258064516,-0.6799007444168765,0.0,131.70000000000002,-17.069230769230757,0.8852637021716651,0.45161290322580644
schwanden,Schwanden,2017-08-01,1,1,True,1.0,1.0,moderate,METEOSWISS_SMN_DAILY_SELECTED,False,False,06:00_UTC_to_06:00_UTC_next_day,18.683870967741935,13.745161290322581,24.641935483870967,-0.1145161290322605,0.0,127.49999999999999,-4.291666666666671,0.9674359785014227,0.3548387096774194
schwanden,Schwanden,2017-09-01,1,1,True,1.0,1.0,moderate,METEOSWISS_SMN_DAILY_SELECTED,False,False,06:00_UTC_to_06:00_UTC_next_day,12.43,8.363333333333333,17.44333333333333,-2.473076923076924,0.0,78.6,-12.984615384615381,0.8582227448345372,0.3333333333333333
schwanden,Schwanden,2017-10-01,1,1,True,1.0,1.0,moderate,METEOSWISS_SMN_DAILY_SELECTED,False,False,06:00_UTC_to_06:00_UTC_next_day,10.219354838709679,5.970967741935484,15.770967741935483,-0.24640198511166211,0.0,67.1,-11.469230769230776,0.8540238887801056,0.25806451612903225
schwanden,Schwanden,2017-11-01,1,1,True,1.0,1.0,moderate,METEOSWISS_SMN_DAILY_SELECTED,False,False,06:00_UTC_to_06:00_UTC_next_day,3.5566666666666666,0.7166666666666667,7.113333333333333,-1.3399999999999999,0.4666666666666667,120.1,34.13076923076923,1.3970114531138154,0.4
schwanden,Schwanden,2017-12-01,1,1,True,1.0,1.0,moderate,METEOSWISS_SMN_DAILY_SELECTED,False,False,06:00_UTC_to_06:00_UTC_next_day,-0.051612903225806465,-2.667741935483871,2.5677419354838706,-1.627543424317618,0.8709677419354839,122.20000000000002,35.323076923076954,1.406587568620507,0.5161290322580645
schwanden,Schwanden,2018-01-01,1,1,True,1.0,1.0,moderate,METEOSWISS_SMN_DAILY_SELECTED,False,False,06:00_UTC_to_06:00_UTC_next_day,3.490322580645161,0.5064516129032258,7.5,2.6952853598014888,0.2903225806451613,195.1,103.75384615384615,2.1358315789473683,0.3870967741935484
schwanden,Schwanden,2018-02-01,1,1,True,1.0,1.0,moderate,METEOSWISS_SMN_DAILY_SELECTED,False,False,06:00_UTC_to_06:00_UTC_next_day,-0.5964285714285715,-2.8000000000000003,1.9428571428571428,-3.082114437286851,0.8928571428571429,61.50000000000001,-5.007692307692302,0.9247050659264401,0.17857142857142858
schwanden,Schwanden,2018-03-01,1,1,True,1.0,1.0,moderate,METEOSWISS_SMN_DAILY_SELECTED,False,False,06:00_UTC_to_06:00_UTC_next_day,3.9709677419354836,0.2709677419354839,8.235483870967743,-1.9384615384615387,0.41935483870967744,99.7,24.06153846153846,1.3181124783890978,0.4838709677419355
schwanden,Schwanden,2018-04-01,1,1,True,1.0,1.0,moderate,METEOSWISS_SMN_DAILY_SELECTED,False,False,06:00_UTC_to_06:00_UTC_next_day,12.263333333333332,5.680000000000001,19.013333333333332,2.52230769230769,0.03333333333333333,27.5,-47.400000000000006,0.36715620827770357,0.16666666666666666
schwanden,Schwanden,2018-05-01,1,1,True,1.0,1.0,moderate,METEOSWISS_SMN_DAILY_SELECTED,False,False,06:00_UTC_to_06:00_UTC_next_day,14.580645161290322,9.638709677419355,19.81935483870968,1.5588089330024815,0.0,67.0,-69.86153846153846,0.4895458633093525,0.45161290322580644
schwanden,Schwanden,2018-06-01,1,1,True,1.0,1.0,moderate,METEOSWISS_SMN_DAILY_SELECTED,False,False,06:00_UTC_to_06:00_UTC_next_day,18.60666666666667,13.38,23.896666666666665,0.48230769230769255,0.0,58.0,-53.45384615384614,0.5203947822486025,0.3
schwanden,Schwanden,2018-07-01,1,1,True,1.0,1.0,moderate,METEOSWISS_SMN_DAILY_SELECTED,False,False,06:00_UTC_to_06:00_UTC_next_day,20.293548387096774,14.861290322580645,26.55806451612903,0.684615384615384,0.0,123.29999999999998,-25.46923076923079,0.8288004136504652,0.2903225806451613
schwanden,Schwanden,2018-08-01,1,1,True,1.0,1.0,moderate,METEOSWISS_SMN_DAILY_SELECTED,False,False,06:00_UTC_to_06:00_UTC_next_day,19.26451612903226,14.412903225806453,25.780645161290323,0.46612903225806335,0.0,179.2,47.40833333333333,1.3597217831172936,0.41935483870967744
schwanden,Schwanden,2018-09-01,1,1,True,1.0,1.0,moderate,METEOSWISS_SMN_DAILY_SELECTED,False,False,06:00_UTC_to_06:00_UTC_next_day,15.913333333333332,11.213333333333333,21.62,1.0102564102564084,0.0,95.3,3.7153846153846217,1.0405677809507812,0.26666666666666666
schwanden,Schwanden,2018-10-01,1,1,True,1.0,1.0,moderate,METEOSWISS_SMN_DAILY_SELECTED,False,False,06:00_UTC_to_06:00_UTC_next_day,10.358064516129033,6.012903225806451,16.267741935483873,-0.10769230769230731,0.0,47.2,-31.369230769230768,0.6007440767573918,0.16129032258064516
schwanden,Schwanden,2018-11-01,1,1,True,1.0,1.0,moderate,METEOSWISS_SMN_DAILY_SELECTED,False,False,06:00_UTC_to_06:00_UTC_next_day,5.71,2.4200000000000004,9.05,0.8133333333333335,0.2,6.0,-79.96923076923076,0.06979241231209736,0.06666666666666667
schwanden,Schwanden,2018-12-01,1,1,True,1.0,1.0,moderate,METEOSWISS_SMN_DAILY_SELECTED,False,False,06:00_UTC_to_06:00_UTC_next_day,2.8161290322580643,0.31612903225806455,5.432258064516129,1.2401985111662528,0.45161290322580644,177.29999999999998,90.42307692307692,2.040818133522224,0.4838709677419355
schwanden,Schwanden,2019-01-01,1,1,True,1.0,1.0,moderate,METEOSWISS_SMN_DAILY_SELECTED,False,False,06:00_UTC_to_06:00_UTC_next_day,-0.4419354838709677,-3.358064516129032,2.5677419354838706,-1.2369727047146402,0.8709677419354839,81.60000000000001,-9.746153846153831,0.8933052631578949,0.3225806451612903
schwanden,Schwanden,2019-02-01,1,1,True,1.0,1.0,moderate,METEOSWISS_SMN_DAILY_SELECTED,False,False,06:00_UTC_to_06:00_UTC_next_day,2.3249999999999997,-1.5857142857142856,8.407142857142857,-0.1606858658582797,0.8214285714285714,35.5,-31.00769230769231,0.5337728429331483,0.17857142857142858
schwanden,Schwanden,2019-03-01,1,1,True,1.0,1.0,moderate,METEOSWISS_SMN_DAILY_SELECTED,False,False,06:00_UTC_to_06:00_UTC_next_day,6.141935483870968,1.058064516129032,12.422580645161291,0.23250620347394602,0.2903225806451613,75.5,-0.13846153846154152,0.9981694294721855,0.3870967741935484
schwanden,Schwanden,2019-04-01,1,1,True,1.0,1.0,moderate,METEOSWISS_SMN_DAILY_SELECTED,False,False,06:00_UTC_to_06:00_UTC_next_day,9.203333333333335,4.16,14.456666666666667,-0.537692307692307,0.13333333333333333,59.2,-15.700000000000003,0.7903871829105473,0.23333333333333334
schwanden,Schwanden,2019-05-01,1,1,True,1.0,1.0,moderate,METEOSWISS_SMN_DAILY_SELECTED,False,False,06:00_UTC_to_06:00_UTC_next_day,10.696774193548388,6.312903225806451,15.406451612903227,-2.325062034739453,0.03225806451612903,133.60000000000002,-3.2615384615384357,0.9761690647482016,0.45161290322580644
schwanden,Schwanden,2019-06-01,1,1,True,1.0,1.0,moderate,METEOSWISS_SMN_DAILY_SELECTED,False,False,06:00_UTC_to_06:00_UTC_next_day,19.166666666666668,13.360000000000001,25.40666666666667,1.0423076923076913,0.0,106.19999999999999,-5.253846153846155,0.9528607909448547,0.3
schwanden,Schwanden,2019-07-01,1,1,True,1.0,1.0,moderate,METEOSWISS_SMN_DAILY_SELECTED,False,False,06:00_UTC_to_06:00_UTC_next_day,20.312903225806455,15.35483870967742,26.364516129032257,0.7039702233250651,0.0,122.6,-26.16923076923078,0.824095139607032,0.3870967741935484
schwanden,Schwanden,2019-08-01,1,1,True,1.0,1.0,moderate,METEOSWISS_SMN_DAILY_SELECTED,False,False,06:00_UTC_to_06:00_UTC_next_day,18.864516129032257,14.193548387096774,24.348387096774193,0.06612903225806122,0.0,158.8,27.008333333333354,1.2049320265570662,0.45161290322580644
schwanden,Schwanden,2019-09-01,1,1,True,1.0,1.0,moderate,METEOSWISS_SMN_DAILY_SELECTED,False,False,06:00_UTC_to_06:00_UTC_next_day,15.08,10.743333333333334,20.283333333333335,0.1769230769230763,0.0,74.2,-17.384615384615373,0.8101797413069042,0.3
schwanden,Schwanden,2019-10-01,1,1,True,1.0,1.0,moderate,METEOSWISS_SMN_DAILY_SELECTED,False,False,06:00_UTC_to_06:00_UTC_next_day,11.406451612903227,7.503225806451613,15.87741935483871,0.9406947890818866,0.0,105.1,26.530769230769224,1.3376737810847854,0.3225806451612903
schwanden,Schwanden,2019-11-01,1,1,True,1.0,1.0,moderate,METEOSWISS_SMN_DAILY_SELECTED,False,False,06:00_UTC_to_06:00_UTC_next_day,5.116666666666666,2.256666666666667,8.24,0.21999999999999975,0.3,99.60000000000001,13.630769230769246,1.1585540443808162,0.43333333333333335
schwanden,Schwanden,2019-12-01,1,1,True,1.0,1.0,moderate,METEOSWISS_SMN_DAILY_SELECTED,False,False,06:00_UTC_to_06:00_UTC_next_day,3.4161290322580644,0.46774193548387094,6.838709677419355,1.8401985111662529,0.45161290322580644,109.1,22.22307692307693,1.2557995395785375,0.3870967741935484
schwanden,Schwanden,2020-01-01,1,1,True,1.0,1.0,moderate,METEOSWISS_SMN_DAILY_SELECTED,False,False,06:00_UTC_to_06:00_UTC_next_day,1.196774193548387,-1.8419354838709678,5.161290322580645,0.40173697270471465,0.8709677419354839,35.099999999999994,-56.246153846153845,0.38425263157894735,0.12903225806451613
schwanden,Schwanden,2020-02-01,1,1,True,1.0,1.0,moderate,METEOSWISS_SMN_DAILY_SELECTED,False,False,06:00_UTC_to_06:00_UTC_next_day,5.213793103448276,0.5482758620689655,10.817241379310344,2.728107237589996,0.4482758620689655,115.2,48.69230769230769,1.7321304649548925,0.3448275862068966
schwanden,Schwanden,2020-03-01,1,1,True,1.0,1.0,moderate,METEOSWISS_SMN_DAILY_SELECTED,False,False,06:00_UTC_to_06:00_UTC_next_day,5.696774193548387,1.164516129032258,10.741935483870968,-0.21265508684863565,0.3225806451612903,66.89999999999999,-8.73846153846155,0.8844706600223735,0.3225806451612903
schwanden,Schwanden,2020-04-01,1,1,True,1.0,1.0,moderate,METEOSWISS_SMN_DAILY_SELECTED,False,False,06:00_UTC_to_06:00_UTC_next_day,12.183333333333334,5.7,18.773333333333333,2.4423076923076916,0.03333333333333333,36.4,-38.50000000000001,0.4859813084112149,0.13333333333333333
schwanden,Schwanden,2020-05-01,1,1,True,1.0,1.0,moderate,METEOSWISS_SMN_DAILY_SELECTED,False,False,06:00_UTC_to_06:00_UTC_next_day,14.383870967741935,8.925806451612903,19.725806451612904,1.362034739454094,0.0,92.9,-43.96153846153845,0.6787882194244604,0.2903225806451613
schwanden,Schwanden,2020-06-01,1,1,True,1.0,1.0,moderate,METEOSWISS_SMN_DAILY_SELECTED,False,False,06:00_UTC_to_06:00_UTC_next_day,16.093333333333334,11.683333333333334,21.12,-2.031025641025643,0.0,138.20000000000002,26.746153846153874,1.2399751535647736,0.5333333333333333
schwanden,Schwanden,2020-07-01,1,1,True,1.0,1.0,moderate,METEOSWISS_SMN_DAILY_SELECTED,False,False,06:00_UTC_to_06:00_UTC_next_day,19.35483870967742,14.251612903225807,25.0258064516129,-0.2540942928039698,0.0,126.5,-22.269230769230774,0.8503102378490176,0.22580645161290322
schwanden,Schwanden,2020-08-01,1,1,True,1.0,1.0,moderate,METEOSWISS_SMN_DAILY_SELECTED,False,False,06:00_UTC_to_06:00_UTC_next_day,18.580645161290324,14.019354838709678,24.248387096774195,-0.21774193548387188,0.0,179.69999999999996,47.9083333333333,1.363515649699652,0.5161290322580645
schwanden,Schwanden,2020-09-01,1,1,True,1.0,1.0,moderate,METEOSWISS_SMN_DAILY_SELECTED,False,False,06:00_UTC_to_06:00_UTC_next_day,15.35,11.013333333333332,20.663333333333334,0.44692307692307587,0.0,41.9,-49.68461538461538,0.45750041995632457,0.26666666666666666
schwanden,Schwanden,2020-10-01,1,1,True,1.0,1.0,moderate,METEOSWISS_SMN_DAILY_SELECTED,False,False,06:00_UTC_to_06:00_UTC_next_day,8.603225806451613,5.225806451612903,12.654838709677419,-1.8625310173697276,0.0,132.6,54.030769230769224,1.6876835715684353,0.41935483870967744
schwanden,Schwanden,2020-11-01,1,1,True,1.0,1.0,moderate,METEOSWISS_SMN_DAILY_SELECTED,False,False,06:00_UTC_to_06:00_UTC_next_day,4.783333333333333,1.7166666666666666,9.17,-0.11333333333333329,0.3333333333333333,23.200000000000003,-62.76923076923076,0.26986399427344315,0.1
schwanden,Schwanden,2020-12-01,1,1,True,1.0,1.0,moderate,METEOSWISS_SMN_DAILY_SELECTED,False,False,06:00_UTC_to_06:00_UTC_next_day,1.0483870967741935,-1.538709677419355,3.874193548387097,-0.527543424317618,0.8064516129032258,86.39999999999999,-0.4769230769230717,0.9945103594829113,0.41935483870967744
schwanden,Schwanden,2021-01-01,1,1,True,1.0,1.0,moderate,METEOSWISS_SMN_DAILY_SELECTED,False,False,06:00_UTC_to_06:00_UTC_next_day,-0.5096774193548387,-2.8419354838709676,2.132258064516129,-1.3047146401985112,0.7741935483870968,208.9,117.55384615384617,2.286905263157895,0.4838709677419355
schwanden,Schwanden,2021-02-01,1,1,True,1.0,1.0,moderate,METEOSWISS_SMN_DAILY_SELECTED,False,False,06:00_UTC_to_06:00_UTC_next_day,2.935714285714286,-0.5714285714285714,7.735714285714286,0.4500284198560065,0.4642857142857143,37.5,-29.00769230769231,0.5638445523941708,0.2857142857142857
schwanden,Schwanden,2021-03-01,1,1,True,1.0,1.0,moderate,METEOSWISS_SMN_DAILY_SELECTED,False,False,06:00_UTC_to_06:00_UTC_next_day,4.880645161290323,0.2903225806451613,10.45483870967742,-1.0287841191066995,0.5483870967741935,81.1,5.461538461538453,1.0722058374860164,0.3548387096774194
schwanden,Schwanden,2021-04-01,1,1,True,1.0,1.0,moderate,METEOSWISS_SMN_DAILY_SELECTED,False,False,06:00_UTC_to_06:00_UTC_next_day,7.633333333333334,2.3133333333333335,13.29,-2.107692307692308,0.3333333333333333,38.8,-36.10000000000001,0.5180240320427235,0.2
schwanden,Schwanden,2021-05-01,1,1,True,1.0,1.0,moderate,METEOSWISS_SMN_DAILY_SELECTED,False,False,06:00_UTC_to_06:00_UTC_next_day,10.380645161290323,5.264516129032257,15.241935483870968,-2.641191066997518,0.0,139.6,2.738461538461536,1.0200089928057554,0.5161290322580645
schwanden,Schwanden,2021-06-01,1,1,True,1.0,1.0,moderate,METEOSWISS_SMN_DAILY_SELECTED,False,False,06:00_UTC_to_06:00_UTC_next_day,17.956666666666667,13.020000000000001,23.653333333333332,-0.16769230769230958,0.0,225.6,114.14615384615385,2.024156256470426,0.6
schwanden,Schwanden,2021-07-01,1,1,True,1.0,1.0,moderate,METEOSWISS_SMN_DAILY_SELECTED,False,False,06:00_UTC_to_06:00_UTC_next_day,17.4741935483871,13.225806451612904,22.483870967741936,-2.134739454094291,0.0,273.3,124.53076923076924,1.837073422957601,0.6451612903225806
schwanden,Schwanden,2021-08-01,1,1,True,1.0,1.0,moderate,METEOSWISS_SMN_DAILY_SELECTED,False,False,06:00_UTC_to_06:00_UTC_next_day,16.97741935483871,12.83548387096774,21.703225806451613,-1.8209677419354868,0.0,77.39999999999999,-54.391666666666666,0.5872905469490989,0.2903225806451613
schwanden,Schwanden,2021-09-01,1,1,True,1.0,1.0,moderate,METEOSWISS_SMN_DAILY_SELECTED,False,False,06:00_UTC_to_06:00_UTC_next_day,15.926666666666668,11.556666666666667,21.383333333333333,1.0235897435897439,0.0,69.5,-22.084615384615375,0.7588610784478415,0.26666666666666666
schwanden,Schwanden,2021-10-01,1,1,True,1.0,1.0,moderate,METEOSWISS_SMN_DAILY_SELECTED,False,False,06:00_UTC_to_06:00_UTC_next_day,8.96774193548387,4.554838709677419,14.425806451612903,-1.4980148883374707,0.0,27.1,-51.46923076923077,0.3449187389857059,0.1935483870967742
schwanden,Schwanden,2021-11-01,1,1,True,1.0,1.0,moderate,METEOSWISS_SMN_DAILY_SELECTED,False,False,06:00_UTC_to_06:00_UTC_next_day,3.73,0.9366666666666666,6.9366666666666665,-1.1666666666666665,0.43333333333333335,41.79999999999999,-44.16923076923077,0.4862204724409448,0.23333333333333334
schwanden,Schwanden,2021-12-01,1,1,True,1.0,1.0,moderate,METEOSWISS_SMN_DAILY_SELECTED,False,False,06:00_UTC_to_06:00_UTC_next_day,0.6838709677419355,-1.3903225806451613,3.0903225806451613,-0.8920595533498761,0.6774193548387096,128.79999999999998,41.92307692307692,1.4825571099698955,0.3225806451612903
schwanden,Schwanden,2022-01-01,1,1,True,1.0,1.0,moderate,METEOSWISS_SMN_DAILY_SELECTED,False,False,06:00_UTC_to_06:00_UTC_next_day,-0.08064516129032258,-2.870967741935484,3.735483870967742,-0.8756823821339951,0.9032258064516129,36.7,-54.64615384615384,0.40176842105263166,0.16129032258064516
schwanden,Schwanden,2022-02-01,1,1,True,1.0,1.0,moderate,METEOSWISS_SMN_DAILY_SELECTED,False,False,06:00_UTC_to_06:00_UTC_next_day,3.0142857142857147,-1.05,7.8999999999999995,0.5285998484274352,0.6428571428571429,108.8,42.29230769230769,1.6359009946796206,0.42857142857142855
schwanden,Schwanden,2022-03-01,1,1,True,1.0,1.0,moderate,METEOSWISS_SMN_DAILY_SELECTED,False,False,06:00_UTC_to_06:00_UTC_next_day,6.409677419354839,0.6064516129032257,13.264516129032257,0.5002481389578168,0.3870967741935484,13.8,-61.838461538461544,0.18244686260551204,0.03225806451612903
schwanden,Schwanden,2022-04-01,1,1,True,1.0,1.0,moderate,METEOSWISS_SMN_DAILY_SELECTED,False,False,06:00_UTC_to_06:00_UTC_next_day,8.966666666666667,3.896666666666667,14.433333333333334,-0.7743589743589752,0.2,60.0,-14.900000000000006,0.8010680907877169,0.36666666666666664
schwanden,Schwanden,2022-05-01,1,1,True,1.0,1.0,moderate,METEOSWISS_SMN_DAILY_SELECTED,False,False,06:00_UTC_to_06:00_UTC_next_day,15.87741935483871,10.725806451612904,21.27741935483871,2.8555831265508687,0.0,79.0,-57.86153846153846,0.5772257194244604,0.1935483870967742
schwanden,Schwanden,2022-06-01,1,1,True,1.0,1.0,moderate,METEOSWISS_SMN_DAILY_SELECTED,False,False,06:00_UTC_to_06:00_UTC_next_day,19.040000000000003,13.443333333333333,24.923333333333336,0.9156410256410261,0.0,137.0,25.546153846153857,1.2292083649665264,0.5333333333333333
schwanden,Schwanden,2022-07-01,1,1,True,1.0,1.0,moderate,METEOSWISS_SMN_DAILY_SELECTED,False,False,06:00_UTC_to_06:00_UTC_next_day,20.816129032258065,15.17741935483871,27.029032258064515,1.207196029776675,0.0,112.3,-36.469230769230776,0.754860392967942,0.22580645161290322
schwanden,Schwanden,2022-08-01,1,1,True,1.0,1.0,moderate,METEOSWISS_SMN_DAILY_SELECTED,False,False,06:00_UTC_to_06:00_UTC_next_day,19.983870967741936,14.654838709677419,26.345161290322583,1.1854838709677402,0.0,96.70000000000002,-35.09166666666664,0.733733797028138,0.2903225806451613
schwanden,Schwanden,2022-09-01,1,1,True,1.0,1.0,moderate,METEOSWISS_SMN_DAILY_SELECTED,False,False,06:00_UTC_to_06:00_UTC_next_day,14.206666666666667,10.133333333333333,18.89333333333333,-0.6964102564102568,0.0,126.2,34.61538461538463,1.377960692088023,0.4666666666666667
schwanden,Schwanden,2022-10-01,1,1,True,1.0,1.0,moderate,METEOSWISS_SMN_DAILY_SELECTED,False,False,06:00_UTC_to_06:00_UTC_next_day,12.696774193548388,9.035483870967743,17.845161290322583,2.231017369727047,0.0,78.3,-0.2692307692307736,0.9965733307225376,0.3225806451612903
schwanden,Schwanden,2022-11-01,1,1,True,1.0,1.0,moderate,METEOSWISS_SMN_DAILY_SELECTED,False,False,06:00_UTC_to_06:00_UTC_next_day,6.366666666666666,3.0833333333333335,9.963333333333333,1.4699999999999998,0.1,68.89999999999999,-17.06923076923077,0.8014495347172512,0.5
schwanden,Schwanden,2022-12-01,1,1,True,1.0,1.0,moderate,METEOSWISS_SMN_DAILY_SELECTED,False,False,06:00_UTC_to_06:00_UTC_next_day,2.2451612903225806,-0.11290322580645164,4.712903225806452,0.6692307692307691,0.5483870967741935,104.89999999999999,18.02307692307693,1.2074552859925625,0.41935483870967744
schwanden,Schwanden,2023-01-01,1,1,True,1.0,1.0,moderate,METEOSWISS_SMN_DAILY_SELECTED,False,False,06:00_UTC_to_06:00_UTC_next_day,1.1741935483870967,-1.6870967741935483,3.9096774193548387,0.3791563275434242,0.6451612903225806,44.5,-46.84615384615384,0.4871578947368421,0.1935483870967742
schwanden,Schwanden,2023-02-01,1,1,True,1.0,1.0,moderate,METEOSWISS_SMN_DAILY_SELECTED,False,False,06:00_UTC_to_06:00_UTC_next_day,2.8857142857142857,-0.9178571428571428,8.489285714285716,0.40002841985600623,0.5714285714285714,17.299999999999997,-49.20769230769231,0.26012028683784405,0.10714285714285714
schwanden,Schwanden,2023-03-01,1,1,True,1.0,1.0,moderate,METEOSWISS_SMN_DAILY_SELECTED,False,False,06:00_UTC_to_06:00_UTC_next_day,6.225806451612903,1.9774193548387096,11.109677419354838,0.3163771712158807,0.2903225806451613,113.6,37.96153846153845,1.5018814197091426,0.45161290322580644
schwanden,Schwanden,2023-04-01,1,1,True,1.0,1.0,moderate,METEOSWISS_SMN_DAILY_SELECTED,False,False,06:00_UTC_to_06:00_UTC_next_day,8.26,3.8033333333333337,12.743333333333334,-1.4810256410256422,0.13333333333333333,110.19999999999999,35.29999999999998,1.4712950600801065,0.43333333333333335
schwanden,Schwanden,2023-05-01,1,1,True,1.0,1.0,moderate,METEOSWISS_SMN_DAILY_SELECTED,False,False,06:00_UTC_to_06:00_UTC_next_day,13.551612903225807,9.193548387096774,18.461290322580645,0.5297766749379669,0.0,121.39999999999999,-15.461538461538467,0.8870278776978416,0.3870967741935484
schwanden,Schwanden,2023-06-01,1,1,True,1.0,1.0,moderate,METEOSWISS_SMN_DAILY_SELECTED,False,False,06:00_UTC_to_06:00_UTC_next_day,19.293333333333333,13.316666666666666,25.84333333333333,1.1689743589743564,0.0,59.1,-52.35384615384614,0.5302643384636622,0.23333333333333334
schwanden,Schwanden,2023-07-01,1,1,True,1.0,1.0,moderate,METEOSWISS_SMN_DAILY_SELECTED,False,False,06:00_UTC_to_06:00_UTC_next_day,20.061290322580643,14.970967741935485,25.774193548387096,0.452357320099253,0.0,124.4,-24.369230769230768,0.8361944157187177,0.45161290322580644
schwanden,Schwanden,2023-08-01,1,1,True,1.0,1.0,moderate,METEOSWISS_SMN_DAILY_SELECTED,False,False,06:00_UTC_to_06:00_UTC_next_day,19.200000000000003,14.390322580645162,25.093548387096774,0.4016129032258071,0.0,121.19999999999999,-10.591666666666669,0.9196332595637053,0.45161290322580644
schwanden,Schwanden,2023-09-01,1,1,True,1.0,1.0,moderate,METEOSWISS_SMN_DAILY_SELECTED,False,False,06:00_UTC_to_06:00_UTC_next_day,17.653333333333332,12.770000000000001,23.746666666666666,2.7502564102564087,0.0,61.699999999999996,-29.88461538461538,0.6736939358306736,0.16666666666666666
schwanden,Schwanden,2023-10-01,1,1,True,1.0,1.0,moderate,METEOSWISS_SMN_DAILY_SELECTED,False,False,06:00_UTC_to_06:00_UTC_next_day,12.193548387096774,7.858064516129032,17.990322580645163,1.7277915632754333,0.0,66.0,-12.56923076923077,0.8400234971607597,0.25806451612903225
schwanden,Schwanden,2023-11-01,1,1,True,1.0,1.0,moderate,METEOSWISS_SMN_DAILY_SELECTED,False,False,06:00_UTC_to_06:00_UTC_next_day,5.056666666666667,2.1599999999999997,8.536666666666667,0.16000000000000014,0.3,213.20000000000002,127.23076923076925,2.479957050823193,0.6666666666666666
schwanden,Schwanden,2023-12-01,1,1,True,1.0,1.0,moderate,METEOSWISS_SMN_DAILY_SELECTED,False,False,06:00_UTC_to_06:00_UTC_next_day,2.7774193548387096,0.009677419354838769,5.719354838709678,1.201488833746898,0.5161290322580645,151.5,64.62307692307694,1.7438462900655218,0.41935483870967744
schwanden,Schwanden,2024-01-01,1,1,True,1.0,1.0,moderate,METEOSWISS_SMN_DAILY_SELECTED,False,False,06:00_UTC_to_06:00_UTC_next_day,1.8193548387096774,-1.2419354838709677,5.170967741935484,1.024317617866005,0.6774193548387096,82.69999999999999,-8.646153846153851,0.9053473684210526,0.3225806451612903
schwanden,Schwanden,2024-02-01,1,1,True,1.0,1.0,moderate,METEOSWISS_SMN_DAILY_SELECTED,False,False,06:00_UTC_to_06:00_UTC_next_day,5.817241379310344,2.2275862068965515,10.075862068965517,3.3315555134520647,0.2413793103448276,50.6,-15.907692307692308,0.7608142493638677,0.2413793103448276
schwanden,Schwanden,2024-03-01,1,1,True,1.0,1.0,moderate,METEOSWISS_SMN_DAILY_SELECTED,False,False,06:00_UTC_to_06:00_UTC_next_day,7.412903225806452,2.9193548387096775,12.180645161290323,1.5034739454094295,0.0967741935483871,146.0,70.36153846153846,1.930234923217736,0.45161290322580644
schwanden,Schwanden,2024-04-01,1,1,True,1.0,1.0,moderate,METEOSWISS_SMN_DAILY_SELECTED,False,False,06:00_UTC_to_06:00_UTC_next_day,9.486666666666668,4.5,14.963333333333333,-0.2543589743589738,0.03333333333333333,82.5,7.599999999999994,1.1014686248331107,0.36666666666666664
schwanden,Schwanden,2024-05-01,1,1,True,1.0,1.0,moderate,METEOSWISS_SMN_DAILY_SELECTED,False,False,06:00_UTC_to_06:00_UTC_next_day,13.129032258064516,8.925806451612903,17.97741935483871,0.10719602977667542,0.0,176.50000000000003,39.63846153846157,1.2896245503597126,0.5483870967741935
schwanden,Schwanden,2024-06-01,1,1,True,1.0,1.0,moderate,METEOSWISS_SMN_DAILY_SELECTED,False,False,06:00_UTC_to_06:00_UTC_next_day,17.056666666666665,12.770000000000001,22.05666666666667,-1.0676923076923117,0.0,138.2,26.746153846153845,1.2399751535647734,0.5333333333333333
schwanden,Schwanden,2024-07-01,1,1,True,1.0,1.0,moderate,METEOSWISS_SMN_DAILY_SELECTED,False,False,06:00_UTC_to_06:00_UTC_next_day,20.05483870967742,15.548387096774194,25.41290322580645,0.4459057071960295,0.0,123.2,-25.56923076923077,0.8281282316442606,0.41935483870967744
schwanden,Schwanden,2024-08-01,1,1,True,1.0,1.0,moderate,METEOSWISS_SMN_DAILY_SELECTED,False,False,06:00_UTC_to_06:00_UTC_next_day,20.174193548387095,15.48709677419355,25.86451612903226,1.375806451612899,0.0,153.1,21.308333333333337,1.161681947518179,0.3548387096774194
schwanden,Schwanden,2024-09-01,1,1,True,1.0,1.0,moderate,METEOSWISS_SMN_DAILY_SELECTED,False,False,06:00_UTC_to_06:00_UTC_next_day,13.65,9.856666666666666,18.2,-1.2530769230769234,0.0,126.89999999999999,35.315384615384616,1.3856038971946918,0.4
schwanden,Schwanden,2024-10-01,1,1,True,1.0,1.0,moderate,METEOSWISS_SMN_DAILY_SELECTED,False,False,06:00_UTC_to_06:00_UTC_next_day,11.106451612903227,7.848387096774194,15.303225806451612,0.6406947890818859,0.0,92.6,14.030769230769224,1.1785784217740356,0.3870967741935484
schwanden,Schwanden,2024-11-01,1,1,True,1.0,1.0,moderate,METEOSWISS_SMN_DAILY_SELECTED,False,False,06:00_UTC_to_06:00_UTC_next_day,4.52,1.5899999999999999,8.633333333333333,-0.3766666666666669,0.3333333333333333,89.0,3.0307692307692378,1.0352541159627775,0.23333333333333334
schwanden,Schwanden,2024-12-01,1,1,True,1.0,1.0,moderate,METEOSWISS_SMN_DAILY_SELECTED,False,False,06:00_UTC_to_06:00_UTC_next_day,1.1935483870967742,-1.1774193548387097,3.545161290322581,-0.3823821339950373,0.7419354838709677,106.9,20.023076923076943,1.230476359128741,0.2903225806451613
schwanden,Schwanden,2025-01-01,1,1,True,1.0,1.0,moderate,METEOSWISS_SMN_DAILY_SELECTED,False,False,06:00_UTC_to_06:00_UTC_next_day,1.2838709677419355,-1.461290322580645,4.699999999999999,0.4888337468982631,0.6129032258064516,119.19999999999999,27.85384615384615,1.3049263157894737,0.3870967741935484
schwanden,Schwanden,2025-02-01,1,1,True,1.0,1.0,moderate,METEOSWISS_SMN_DAILY_SELECTED,False,False,06:00_UTC_to_06:00_UTC_next_day,2.7535714285714286,-0.65,6.742857142857143,0.2678855627131491,0.6785714285714286,31.3,-35.20769230769231,0.47062225306500116,0.14285714285714285
schwanden,Schwanden,2025-03-01,1,1,True,1.0,1.0,moderate,METEOSWISS_SMN_DAILY_SELECTED,False,False,06:00_UTC_to_06:00_UTC_next_day,7.145161290322581,2.6193548387096777,12.270967741935483,1.2357320099255586,0.25806451612903225,29.9,-45.73846153846154,0.3953015356452761,0.1935483870967742
schwanden,Schwanden,2025-04-01,1,1,True,1.0,1.0,moderate,METEOSWISS_SMN_DAILY_SELECTED,False,False,06:00_UTC_to_06:00_UTC_next_day,10.72,4.9,16.996666666666666,0.9789743589743587,0.0,102.60000000000002,27.700000000000017,1.3698264352469962,0.3
schwanden,Schwanden,2025-05-01,1,1,True,1.0,1.0,moderate,METEOSWISS_SMN_DAILY_SELECTED,False,False,06:00_UTC_to_06:00_UTC_next_day,13.158064516129032,8.551612903225806,18.183870967741935,0.1362282878411918,0.0,155.10000000000002,18.238461538461564,1.13326214028777,0.4838709677419355
schwanden,Schwanden,2025-06-01,1,1,True,1.0,1.0,moderate,METEOSWISS_SMN_DAILY_SELECTED,False,False,06:00_UTC_to_06:00_UTC_next_day,20.43,14.703333333333335,26.603333333333335,2.305641025641023,0.0,77.99999999999999,-33.45384615384616,0.6998412588860514,0.36666666666666664
schwanden,Schwanden,2025-07-01,1,1,True,1.0,1.0,moderate,METEOSWISS_SMN_DAILY_SELECTED,False,False,06:00_UTC_to_06:00_UTC_next_day,18.358064516129033,14.009677419354839,23.938709677419357,-1.2508684863523563,0.0,198.20000000000002,49.43076923076924,1.3322647362978284,0.5806451612903226
schwanden,Schwanden,2025-08-01,1,1,True,1.0,1.0,moderate,METEOSWISS_SMN_DAILY_SELECTED,False,False,06:00_UTC_to_06:00_UTC_next_day,19.325806451612905,14.393548387096773,25.383870967741935,0.5274193548387096,0.0,109.79999999999998,-21.991666666666674,0.833133101485931,0.3225806451612903
schwanden,Schwanden,2025-09-01,1,1,True,1.0,1.0,moderate,METEOSWISS_SMN_DAILY_SELECTED,False,False,06:00_UTC_to_06:00_UTC_next_day,14.283333333333333,10.370000000000001,19.15666666666667,-0.6197435897435906,0.0,130.6,39.01538461538462,1.426003695615656,0.4666666666666667
schwanden,Schwanden,2025-10-01,1,1,True,1.0,1.0,moderate,METEOSWISS_SMN_DAILY_SELECTED,False,False,06:00_UTC_to_06:00_UTC_next_day,9.696774193548388,6.225806451612903,13.758064516129032,-0.7689826302729532,0.0,96.2,17.630769230769232,1.2243978852555317,0.25806451612903225
schwanden,Schwanden,2025-11-01,1,1,True,1.0,1.0,moderate,METEOSWISS_SMN_DAILY_SELECTED,False,False,06:00_UTC_to_06:00_UTC_next_day,4.253333333333333,0.45333333333333325,8.566666666666666,-0.6433333333333335,0.26666666666666666,92.7,6.730769230769241,1.0782927702219043,0.36666666666666664
schwanden,Schwanden,2025-12-01,1,1,True,1.0,1.0,moderate,METEOSWISS_SMN_DAILY_SELECTED,False,False,06:00_UTC_to_06:00_UTC_next_day,1.832258064516129,-0.45806451612903226,4.683870967741935,0.2563275434243175,0.6451612903225806,24.900000000000002,-61.97692307692306,0.28661236054542244,0.06451612903225806
schwanden,Schwanden,2026-01-01,1,1,True,1.0,1.0,moderate,METEOSWISS_SMN_DAILY_SELECTED,False,False,06:00_UTC_to_06:00_UTC_next_day,-0.1387096774193549,-3.319354838709677,3.454838709677419,-0.9337468982630274,0.9354838709677419,26.599999999999998,-64.74615384615385,0.2912,0.16129032258064516
schwanden,Schwanden,2026-02-01,1,1,True,1.0,1.0,moderate,METEOSWISS_SMN_DAILY_SELECTED,False,False,06:00_UTC_to_06:00_UTC_next_day,4.492857142857143,0.9178571428571428,9.057142857142857,2.0071712769988634,0.25,85.2,18.692307692307693,1.281054823039556,0.42857142857142855
schwanden,Schwanden,2026-03-01,1,1,True,1.0,1.0,moderate,METEOSWISS_SMN_DAILY_SELECTED,False,False,06:00_UTC_to_06:00_UTC_next_day,5.658064516129032,0.8806451612903226,11.596774193548388,-0.2513647642679899,0.22580645161290322,79.6,3.961538461538453,1.0523746567680259,0.22580645161290322
