destination_unit_id,destination_name,date,snow_station_count_expected,snow_station_months_usable,complete_snow_proxy,snow_depth_mean_cm,snow_depth_median_cm,share_observed_days_snow_depth_ge_10cm,share_observed_days_snow_depth_ge_20cm,share_observed_days_snow_depth_ge_30cm,modeled_new_snow_total_cm_mean_across_stations,snow_depth_observation_coverage_share_mean,destination_snow_proxy_quality,snow_source_id,snow_direct_slope_representation
anniviers_magic_portfolio,Anniviers Magic Pass portfolio,2013-01-01,1,1,True,155.6451612903226,156.0,1.0,1.0,1.0,80.3,1.0,high,SLF_IMIS_DAILY_SNOW,False
anniviers_magic_portfolio,Anniviers Magic Pass portfolio,2013-02-01,1,1,True,206.39285714285714,209.0,1.0,1.0,1.0,180.9,1.0,high,SLF_IMIS_DAILY_SNOW,False
anniviers_magic_portfolio,Anniviers Magic Pass portfolio,2013-03-01,1,1,True,198.58064516129033,192.0,1.0,1.0,1.0,115.40000000000002,1.0,high,SLF_IMIS_DAILY_SNOW,False
anniviers_magic_portfolio,Anniviers Magic Pass portfolio,2013-04-01,1,1,True,203.36666666666667,207.5,1.0,1.0,1.0,105.2,1.0,high,SLF_IMIS_DAILY_SNOW,False
anniviers_magic_portfolio,Anniviers Magic Pass portfolio,2013-05-01,1,1,True,159.58064516129033,159.0,1.0,1.0,1.0,127.7,1.0,high,SLF_IMIS_DAILY_SNOW,False
anniviers_magic_portfolio,Anniviers Magic Pass portfolio,2013-06-01,1,1,True,114.76666666666667,118.5,1.0,1.0,1.0,28.200000000000003,1.0,high,SLF_IMIS_DAILY_SNOW,False
anniviers_magic_portfolio,Anniviers Magic Pass portfolio,2013-07-01,1,1,True,11.193548387096774,0.0,0.2903225806451613,0.25806451612903225,0.1935483870967742,0.0,1.0,high,SLF_IMIS_DAILY_SNOW,False
anniviers_magic_portfolio,Anniviers Magic Pass portfolio,2013-08-01,1,1,True,0.0,0.0,0.0,0.0,0.0,0.0,1.0,high,SLF_IMIS_DAILY_SNOW,False
anniviers_magic_portfolio,Anniviers Magic Pass portfolio,2013-09-01,1,1,True,0.26666666666666666,0.0,0.0,0.0,0.0,11.7,1.0,high,SLF_IMIS_DAILY_SNOW,False
anniviers_magic_portfolio,Anniviers Magic Pass portfolio,2013-10-01,1,1,True,7.354838709677419,3.0,0.3870967741935484,0.0967741935483871,0.0,55.699999999999996,1.0,high,SLF_IMIS_DAILY_SNOW,False
anniviers_magic_portfolio,Anniviers Magic Pass portfolio,2013-11-01,1,1,True,49.7,59.0,0.9,0.9,0.8,175.60000000000002,1.0,high,SLF_IMIS_DAILY_SNOW,False
anniviers_magic_portfolio,Anniviers Magic Pass portfolio,2013-12-01,1,1,True,65.19354838709677,62.0,1.0,1.0,1.0,73.7,1.0,high,SLF_IMIS_DAILY_SNOW,False
anniviers_magic_portfolio,Anniviers Magic Pass portfolio,2014-01-01,1,1,True,105.93548387096774,105.0,1.0,1.0,1.0,135.0,1.0,high,SLF_IMIS_DAILY_SNOW,False
anniviers_magic_portfolio,Anniviers Magic Pass portfolio,2014-02-01,1,1,True,149.53571428571428,154.5,1.0,1.0,1.0,188.29999999999998,1.0,high,SLF_IMIS_DAILY_SNOW,False
anniviers_magic_portfolio,Anniviers Magic Pass portfolio,2014-03-01,1,1,True,160.67741935483872,159.0,1.0,1.0,1.0,67.9,1.0,high,SLF_IMIS_DAILY_SNOW,False
anniviers_magic_portfolio,Anniviers Magic Pass portfolio,2014-04-01,1,1,True,140.23333333333332,139.5,1.0,1.0,1.0,105.5,1.0,high,SLF_IMIS_DAILY_SNOW,False
anniviers_magic_portfolio,Anniviers Magic Pass portfolio,2014-05-01,1,1,True,141.2258064516129,146.0,1.0,1.0,1.0,97.7,1.0,high,SLF_IMIS_DAILY_SNOW,False
anniviers_magic_portfolio,Anniviers Magic Pass portfolio,2014-06-01,1,1,True,46.9,39.5,0.7,0.6666666666666666,0.6,0.0,1.0,high,SLF_IMIS_DAILY_SNOW,False
anniviers_magic_portfolio,Anniviers Magic Pass portfolio,2014-07-01,1,1,True,0.5806451612903226,0.0,0.0,0.0,0.0,12.299999999999999,1.0,high,SLF_IMIS_DAILY_SNOW,False
anniviers_magic_portfolio,Anniviers Magic Pass portfolio,2014-08-01,1,1,True,0.0,0.0,0.0,0.0,0.0,0.0,1.0,high,SLF_IMIS_DAILY_SNOW,False
anniviers_magic_portfolio,Anniviers Magic Pass portfolio,2014-09-01,1,1,True,0.0,0.0,0.0,0.0,0.0,0.0,1.0,high,SLF_IMIS_DAILY_SNOW,False
anniviers_magic_portfolio,Anniviers Magic Pass portfolio,2014-10-01,1,1,True,3.4516129032258065,0.0,0.12903225806451613,0.03225806451612903,0.0,35.1,1.0,high,SLF_IMIS_DAILY_SNOW,False
anniviers_magic_portfolio,Anniviers Magic Pass portfolio,2014-11-01,1,1,True,34.96666666666667,38.5,0.9,0.8333333333333334,0.6666666666666666,76.2,1.0,high,SLF_IMIS_DAILY_SNOW,False
anniviers_magic_portfolio,Anniviers Magic Pass portfolio,2014-12-01,1,1,True,59.903225806451616,51.0,1.0,1.0,1.0,107.29999999999998,1.0,high,SLF_IMIS_DAILY_SNOW,False
anniviers_magic_portfolio,Anniviers Magic Pass portfolio,2015-01-01,1,1,True,113.54838709677419,115.0,1.0,1.0,1.0,181.29999999999998,1.0,high,SLF_IMIS_DAILY_SNOW,False
anniviers_magic_portfolio,Anniviers Magic Pass portfolio,2015-02-01,1,1,True,148.78571428571428,145.0,1.0,1.0,1.0,94.60000000000001,1.0,high,SLF_IMIS_DAILY_SNOW,False
anniviers_magic_portfolio,Anniviers Magic Pass portfolio,2015-03-01,1,1,True,167.96774193548387,163.0,1.0,1.0,1.0,217.60000000000002,1.0,high,SLF_IMIS_DAILY_SNOW,False
anniviers_magic_portfolio,Anniviers Magic Pass portfolio,2015-04-01,1,1,True,201.9,200.5,1.0,1.0,1.0,156.49999999999997,1.0,high,SLF_IMIS_DAILY_SNOW,False
anniviers_magic_portfolio,Anniviers Magic Pass portfolio,2015-05-01,1,1,True,150.4516129032258,143.0,1.0,1.0,1.0,103.39999999999998,1.0,high,SLF_IMIS_DAILY_SNOW,False
anniviers_magic_portfolio,Anniviers Magic Pass portfolio,2015-06-01,1,1,True,43.3,40.5,0.7,0.6333333333333333,0.5666666666666667,0.0,1.0,high,SLF_IMIS_DAILY_SNOW,False
anniviers_magic_portfolio,Anniviers Magic Pass portfolio,2015-07-01,1,1,True,0.0,0.0,0.0,0.0,0.0,0.0,1.0,high,SLF_IMIS_DAILY_SNOW,False
anniviers_magic_portfolio,Anniviers Magic Pass portfolio,2015-08-01,1,1,True,0.0,0.0,0.0,0.0,0.0,0.0,1.0,high,SLF_IMIS_DAILY_SNOW,False
anniviers_magic_portfolio,Anniviers Magic Pass portfolio,2015-09-01,1,1,True,0.3333333333333333,0.0,0.0,0.0,0.0,11.3,1.0,high,SLF_IMIS_DAILY_SNOW,False
anniviers_magic_portfolio,Anniviers Magic Pass portfolio,2015-10-01,1,1,True,5.387096774193548,6.0,0.22580645161290322,0.0,0.0,29.8,1.0,high,SLF_IMIS_DAILY_SNOW,False
anniviers_magic_portfolio,Anniviers Magic Pass portfolio,2015-11-01,1,1,True,18.833333333333332,5.0,0.3333333333333333,0.3,0.3,123.60000000000001,1.0,high,SLF_IMIS_DAILY_SNOW,False
anniviers_magic_portfolio,Anniviers Magic Pass portfolio,2015-12-01,1,1,True,50.516129032258064,50.0,1.0,1.0,1.0,17.3,1.0,high,SLF_IMIS_DAILY_SNOW,False
anniviers_magic_portfolio,Anniviers Magic Pass portfolio,2016-01-01,1,1,True,119.12903225806451,128.0,1.0,1.0,1.0,302.50000000000006,1.0,high,SLF_IMIS_DAILY_SNOW,False
anniviers_magic_portfolio,Anniviers Magic Pass portfolio,2016-02-01,1,1,True,190.06896551724137,194.0,1.0,1.0,1.0,267.2,1.0,high,SLF_IMIS_DAILY_SNOW,False
anniviers_magic_portfolio,Anniviers Magic Pass portfolio,2016-03-01,1,1,True,213.38709677419354,211.0,1.0,1.0,1.0,128.79999999999998,1.0,high,SLF_IMIS_DAILY_SNOW,False
anniviers_magic_portfolio,Anniviers Magic Pass portfolio,2016-04-01,1,1,True,198.5,197.5,1.0,1.0,1.0,99.3,1.0,high,SLF_IMIS_DAILY_SNOW,False
anniviers_magic_portfolio,Anniviers Magic Pass portfolio,2016-05-01,1,1,True,201.61290322580646,202.0,1.0,1.0,1.0,178.6,1.0,high,SLF_IMIS_DAILY_SNOW,False
anniviers_magic_portfolio,Anniviers Magic Pass portfolio,2016-06-01,1,1,True,135.3,136.5,1.0,1.0,1.0,21.799999999999997,1.0,high,SLF_IMIS_DAILY_SNOW,False
anniviers_magic_portfolio,Anniviers Magic Pass portfolio,2016-07-01,1,1,True,10.225806451612904,0.0,0.22580645161290322,0.1935483870967742,0.1935483870967742,4.5,1.0,high,SLF_IMIS_DAILY_SNOW,False
anniviers_magic_portfolio,Anniviers Magic Pass portfolio,2016-08-01,1,1,True,0.0,0.0,0.0,0.0,0.0,0.0,1.0,high,SLF_IMIS_DAILY_SNOW,False
anniviers_magic_portfolio,Anniviers Magic Pass portfolio,2016-09-01,1,1,True,0.0,0.0,0.0,0.0,0.0,0.0,1.0,high,SLF_IMIS_DAILY_SNOW,False
anniviers_magic_portfolio,Anniviers Magic Pass portfolio,2016-10-01,1,1,True,0.8064516129032258,1.0,0.0,0.0,0.0,14.600000000000001,1.0,high,SLF_IMIS_DAILY_SNOW,False
anniviers_magic_portfolio,Anniviers Magic Pass portfolio,2016-11-01,1,1,True,40.233333333333334,45.0,0.8,0.8,0.6666666666666666,155.2,1.0,high,SLF_IMIS_DAILY_SNOW,False
anniviers_magic_portfolio,Anniviers Magic Pass portfolio,2016-12-01,1,1,True,41.83870967741935,42.0,1.0,1.0,1.0,4.2,1.0,high,SLF_IMIS_DAILY_SNOW,False
anniviers_magic_portfolio,Anniviers Magic Pass portfolio,2017-01-01,1,1,True,64.6774193548387,73.0,1.0,1.0,1.0,91.3,1.0,high,SLF_IMIS_DAILY_SNOW,False
anniviers_magic_portfolio,Anniviers Magic Pass portfolio,2017-02-01,1,1,True,101.46428571428571,101.0,1.0,1.0,1.0,95.5,1.0,high,SLF_IMIS_DAILY_SNOW,False
anniviers_magic_portfolio,Anniviers Magic Pass portfolio,2017-03-01,1,1,True,149.32258064516128,146.0,1.0,1.0,1.0,217.10000000000002,1.0,high,SLF_IMIS_DAILY_SNOW,False
anniviers_magic_portfolio,Anniviers Magic Pass portfolio,2017-04-01,1,1,True,121.36666666666666,120.0,1.0,1.0,1.0,53.0,1.0,high,SLF_IMIS_DAILY_SNOW,False
anniviers_magic_portfolio,Anniviers Magic Pass portfolio,2017-05-01,1,1,True,111.54838709677419,119.0,1.0,1.0,1.0,104.4,1.0,high,SLF_IMIS_DAILY_SNOW,False
anniviers_magic_portfolio,Anniviers Magic Pass portfolio,2017-06-01,1,1,True,13.366666666666667,0.0,0.36666666666666664,0.3333333333333333,0.26666666666666666,0.0,1.0,high,SLF_IMIS_DAILY_SNOW,False
anniviers_magic_portfolio,Anniviers Magic Pass portfolio,2017-07-01,1,1,True,0.0,0.0,0.0,0.0,0.0,0.0,1.0,high,SLF_IMIS_DAILY_SNOW,False
anniviers_magic_portfolio,Anniviers Magic Pass portfolio,2017-08-01,1,1,True,0.3548387096774194,0.0,0.03225806451612903,0.0,0.0,15.9,1.0,high,SLF_IMIS_DAILY_SNOW,False
anniviers_magic_portfolio,Anniviers Magic Pass portfolio,2017-09-01,1,1,True,1.2,0.0,0.0,0.0,0.0,21.200000000000003,1.0,high,SLF_IMIS_DAILY_SNOW,False
anniviers_magic_portfolio,Anniviers Magic Pass portfolio,2017-10-01,1,1,True,2.3870967741935485,0.0,0.03225806451612903,0.0,0.0,25.599999999999998,1.0,high,SLF_IMIS_DAILY_SNOW,False
anniviers_magic_portfolio,Anniviers Magic Pass portfolio,2017-11-01,1,1,True,39.333333333333336,48.0,0.8333333333333334,0.8333333333333334,0.6333333333333333,130.2,1.0,high,SLF_IMIS_DAILY_SNOW,False
anniviers_magic_portfolio,Anniviers Magic Pass portfolio,2017-12-01,1,1,True,102.70967741935483,114.0,1.0,1.0,1.0,256.5,1.0,high,SLF_IMIS_DAILY_SNOW,False
anniviers_magic_portfolio,Anniviers Magic Pass portfolio,2018-01-01,1,1,True,233.09677419354838,210.0,1.0,1.0,1.0,481.3,1.0,high,SLF_IMIS_DAILY_SNOW,False
anniviers_magic_portfolio,Anniviers Magic Pass portfolio,2018-02-01,1,1,True,282.64285714285717,282.0,1.0,1.0,1.0,100.2,1.0,high,SLF_IMIS_DAILY_SNOW,False
anniviers_magic_portfolio,Anniviers Magic Pass portfolio,2018-03-01,1,1,True,290.1290322580645,289.0,1.0,1.0,1.0,112.6,1.0,high,SLF_IMIS_DAILY_SNOW,False
anniviers_magic_portfolio,Anniviers Magic Pass portfolio,2018-04-01,1,1,True,271.93333333333334,279.5,1.0,1.0,1.0,62.8,1.0,high,SLF_IMIS_DAILY_SNOW,False
anniviers_magic_portfolio,Anniviers Magic Pass portfolio,2018-05-01,1,1,True,199.5483870967742,201.0,1.0,1.0,1.0,55.7,1.0,high,SLF_IMIS_DAILY_SNOW,False
anniviers_magic_portfolio,Anniviers Magic Pass portfolio,2018-06-01,1,1,True,90.4,97.5,0.9333333333333333,0.9,0.8666666666666667,0.0,1.0,high,SLF_IMIS_DAILY_SNOW,False
anniviers_magic_portfolio,Anniviers Magic Pass portfolio,2018-07-01,1,1,True,0.0,0.0,0.0,0.0,0.0,0.0,1.0,high,SLF_IMIS_DAILY_SNOW,False
anniviers_magic_portfolio,Anniviers Magic Pass portfolio,2018-08-01,1,1,True,0.0,0.0,0.0,0.0,0.0,0.0,1.0,high,SLF_IMIS_DAILY_SNOW,False
anniviers_magic_portfolio,Anniviers Magic Pass portfolio,2018-09-01,1,1,True,0.0,0.0,0.0,0.0,0.0,0.0,1.0,high,SLF_IMIS_DAILY_SNOW,False
anniviers_magic_portfolio,Anniviers Magic Pass portfolio,2018-10-01,1,1,True,3.3548387096774195,0.0,0.16129032258064516,0.06451612903225806,0.06451612903225806,58.800000000000004,1.0,high,SLF_IMIS_DAILY_SNOW,False
anniviers_magic_portfolio,Anniviers Magic Pass portfolio,2018-11-01,1,1,True,25.533333333333335,25.0,1.0,0.9333333333333333,0.16666666666666666,29.400000000000002,1.0,high,SLF_IMIS_DAILY_SNOW,False
anniviers_magic_portfolio,Anniviers Magic Pass portfolio,2018-12-01,1,1,True,101.93548387096774,106.0,1.0,1.0,1.0,265.7,1.0,high,SLF_IMIS_DAILY_SNOW,False
anniviers_magic_portfolio,Anniviers Magic Pass portfolio,2019-01-01,1,1,True,160.09677419354838,169.0,1.0,1.0,1.0,165.3,1.0,high,SLF_IMIS_DAILY_SNOW,False
anniviers_magic_portfolio,Anniviers Magic Pass portfolio,2019-02-01,1,1,True,186.10714285714286,184.5,1.0,1.0,1.0,80.8,1.0,high,SLF_IMIS_DAILY_SNOW,False
anniviers_magic_portfolio,Anniviers Magic Pass portfolio,2019-03-01,1,1,True,221.19354838709677,228.0,1.0,1.0,1.0,208.4,1.0,high,SLF_IMIS_DAILY_SNOW,False
anniviers_magic_portfolio,Anniviers Magic Pass portfolio,2019-04-01,1,1,True,225.06666666666666,226.0,1.0,1.0,1.0,98.1,1.0,high,SLF_IMIS_DAILY_SNOW,False
anniviers_magic_portfolio,Anniviers Magic Pass portfolio,2019-05-01,1,1,True,216.06451612903226,217.0,1.0,1.0,1.0,141.1,1.0,high,SLF_IMIS_DAILY_SNOW,False
anniviers_magic_portfolio,Anniviers Magic Pass portfolio,2019-06-01,1,1,True,117.3,120.0,1.0,1.0,0.9666666666666667,6.6,1.0,high,SLF_IMIS_DAILY_SNOW,False
anniviers_magic_portfolio,Anniviers Magic Pass portfolio,2019-07-01,1,1,True,0.16129032258064516,0.0,0.0,0.0,0.0,0.0,1.0,high,SLF_IMIS_DAILY_SNOW,False
anniviers_magic_portfolio,Anniviers Magic Pass portfolio,2019-08-01,1,1,True,0.0,0.0,0.0,0.0,0.0,0.0,1.0,high,SLF_IMIS_DAILY_SNOW,False
anniviers_magic_portfolio,Anniviers Magic Pass portfolio,2019-09-01,1,1,True,0.0,0.0,0.0,0.0,0.0,0.0,1.0,high,SLF_IMIS_DAILY_SNOW,False
anniviers_magic_portfolio,Anniviers Magic Pass portfolio,2019-10-01,1,1,True,1.4193548387096775,0.0,0.03225806451612903,0.0,0.0,29.200000000000003,1.0,high,SLF_IMIS_DAILY_SNOW,False
anniviers_magic_portfolio,Anniviers Magic Pass portfolio,2019-11-01,1,1,True,28.533333333333335,33.0,0.9,0.8666666666666667,0.5333333333333333,107.8,1.0,high,SLF_IMIS_DAILY_SNOW,False
anniviers_magic_portfolio,Anniviers Magic Pass portfolio,2019-12-01,1,1,True,93.19354838709677,88.0,1.0,1.0,1.0,228.5,1.0,high,SLF_IMIS_DAILY_SNOW,False
anniviers_magic_portfolio,Anniviers Magic Pass portfolio,2020-01-01,1,1,True,124.41935483870968,122.0,1.0,1.0,1.0,72.5,1.0,high,SLF_IMIS_DAILY_SNOW,False
anniviers_magic_portfolio,Anniviers Magic Pass portfolio,2020-02-01,1,1,True,187.10344827586206,188.0,1.0,1.0,1.0,236.8,1.0,high,SLF_IMIS_DAILY_SNOW,False
anniviers_magic_portfolio,Anniviers Magic Pass portfolio,2020-03-01,1,1,True,239.58064516129033,239.0,1.0,1.0,1.0,178.29999999999998,1.0,high,SLF_IMIS_DAILY_SNOW,False
anniviers_magic_portfolio,Anniviers Magic Pass portfolio,2020-04-01,1,1,True,187.76666666666668,186.5,1.0,1.0,1.0,24.0,1.0,high,SLF_IMIS_DAILY_SNOW,False
anniviers_magic_portfolio,Anniviers Magic Pass portfolio,2020-05-01,1,1,True,139.19354838709677,143.0,1.0,1.0,1.0,89.0,1.0,high,SLF_IMIS_DAILY_SNOW,False
anniviers_magic_portfolio,Anniviers Magic Pass portfolio,2020-06-01,1,1,True,41.43333333333333,50.0,0.8,0.7666666666666667,0.7333333333333333,33.4,1.0,high,SLF_IMIS_DAILY_SNOW,False
anniviers_magic_portfolio,Anniviers Magic Pass portfolio,2020-07-01,1,1,True,0.0,0.0,0.0,0.0,0.0,0.0,1.0,high,SLF_IMIS_DAILY_SNOW,False
anniviers_magic_portfolio,Anniviers Magic Pass portfolio,2020-08-01,1,1,True,0.5806451612903226,0.0,0.03225806451612903,0.0,0.0,18.6,1.0,high,SLF_IMIS_DAILY_SNOW,False
anniviers_magic_portfolio,Anniviers Magic Pass portfolio,2020-09-01,1,1,True,2.2666666666666666,0.0,0.13333333333333333,0.0,0.0,23.3,1.0,high,SLF_IMIS_DAILY_SNOW,False
anniviers_magic_portfolio,Anniviers Magic Pass portfolio,2020-10-01,1,1,True,10.806451612903226,11.0,0.6774193548387096,0.16129032258064516,0.0,69.6,1.0,high,SLF_IMIS_DAILY_SNOW,False
anniviers_magic_portfolio,Anniviers Magic Pass portfolio,2020-11-01,1,1,True,17.866666666666667,19.5,1.0,0.5,0.0,13.600000000000001,1.0,high,SLF_IMIS_DAILY_SNOW,False
anniviers_magic_portfolio,Anniviers Magic Pass portfolio,2020-12-01,1,1,True,55.58064516129032,52.0,1.0,1.0,0.967741935483871,119.10000000000001,1.0,high,SLF_IMIS_DAILY_SNOW,False
anniviers_magic_portfolio,Anniviers Magic Pass portfolio,2021-01-01,1,1,True,111.96774193548387,124.0,1.0,1.0,1.0,301.79999999999995,1.0,high,SLF_IMIS_DAILY_SNOW,False
anniviers_magic_portfolio,Anniviers Magic Pass portfolio,2021-02-01,1,1,True,187.78571428571428,186.5,1.0,1.0,1.0,98.3,1.0,high,SLF_IMIS_DAILY_SNOW,False
anniviers_magic_portfolio,Anniviers Magic Pass portfolio,2021-03-01,1,1,True,193.0,196.0,1.0,1.0,1.0,145.60000000000002,1.0,high,SLF_IMIS_DAILY_SNOW,False
anniviers_magic_portfolio,Anniviers Magic Pass portfolio,2021-04-01,1,1,True,180.73333333333332,181.0,1.0,1.0,1.0,46.6,1.0,high,SLF_IMIS_DAILY_SNOW,False
anniviers_magic_portfolio,Anniviers Magic Pass portfolio,2021-05-01,1,1,True,204.5483870967742,208.0,1.0,1.0,1.0,176.5,1.0,high,SLF_IMIS_DAILY_SNOW,False
anniviers_magic_portfolio,Anniviers Magic Pass portfolio,2021-06-01,1,1,True,124.53333333333333,128.5,1.0,1.0,1.0,0.0,1.0,high,SLF_IMIS_DAILY_SNOW,False
anniviers_magic_portfolio,Anniviers Magic Pass portfolio,2021-07-01,1,1,True,4.0,0.0,0.16129032258064516,0.0967741935483871,0.06451612903225806,6.7,1.0,high,SLF_IMIS_DAILY_SNOW,False
anniviers_magic_portfolio,Anniviers Magic Pass portfolio,2021-08-01,1,1,True,0.0,0.0,0.0,0.0,0.0,0.0,1.0,high,SLF_IMIS_DAILY_SNOW,False
anniviers_magic_portfolio,Anniviers Magic Pass portfolio,2021-09-01,1,1,True,0.7666666666666667,0.0,0.03333333333333333,0.0,0.0,13.700000000000001,1.0,high,SLF_IMIS_DAILY_SNOW,False
anniviers_magic_portfolio,Anniviers Magic Pass portfolio,2021-10-01,1,1,True,0.6129032258064516,1.0,0.0,0.0,0.0,2.1,1.0,high,SLF_IMIS_DAILY_SNOW,False
anniviers_magic_portfolio,Anniviers Magic Pass portfolio,2021-11-01,1,1,True,13.7,12.0,0.9,0.13333333333333333,0.06666666666666667,56.5,1.0,high,SLF_IMIS_DAILY_SNOW,False
anniviers_magic_portfolio,Anniviers Magic Pass portfolio,2021-12-01,1,1,True,73.35483870967742,70.0,1.0,1.0,1.0,214.89999999999998,1.0,high,SLF_IMIS_DAILY_SNOW,False
anniviers_magic_portfolio,Anniviers Magic Pass portfolio,2022-01-01,1,1,True,105.90322580645162,104.0,1.0,1.0,1.0,54.6,1.0,high,SLF_IMIS_DAILY_SNOW,False
anniviers_magic_portfolio,Anniviers Magic Pass portfolio,2022-02-01,1,1,True,142.03571428571428,140.0,1.0,1.0,1.0,182.29999999999998,1.0,high,SLF_IMIS_DAILY_SNOW,False
anniviers_magic_portfolio,Anniviers Magic Pass portfolio,2022-03-01,1,1,True,147.58064516129033,152.0,1.0,1.0,1.0,15.700000000000001,1.0,high,SLF_IMIS_DAILY_SNOW,False
anniviers_magic_portfolio,Anniviers Magic Pass portfolio,2022-04-01,1,1,True,151.2,148.0,1.0,1.0,1.0,135.7,1.0,high,SLF_IMIS_DAILY_SNOW,False
anniviers_magic_portfolio,Anniviers Magic Pass portfolio,2022-05-01,1,1,True,95.41935483870968,107.0,1.0,0.9354838709677419,0.8709677419354839,32.4,1.0,high,SLF_IMIS_DAILY_SNOW,False
anniviers_magic_portfolio,Anniviers Magic Pass portfolio,2022-06-01,1,1,True,0.3333333333333333,0.0,0.03333333333333333,0.0,0.0,3.2,1.0,high,SLF_IMIS_DAILY_SNOW,False
anniviers_magic_portfolio,Anniviers Magic Pass portfolio,2022-07-01,1,1,True,0.0,0.0,0.0,0.0,0.0,0.0,1.0,high,SLF_IMIS_DAILY_SNOW,False
anniviers_magic_portfolio,Anniviers Magic Pass portfolio,2022-08-01,1,1,True,0.0,0.0,0.0,0.0,0.0,0.0,1.0,high,SLF_IMIS_DAILY_SNOW,False
anniviers_magic_portfolio,Anniviers Magic Pass portfolio,2022-09-01,1,1,True,1.8333333333333333,0.0,0.06666666666666667,0.0,0.0,33.400000000000006,1.0,high,SLF_IMIS_DAILY_SNOW,False
anniviers_magic_portfolio,Anniviers Magic Pass portfolio,2022-10-01,1,1,True,1.2258064516129032,0.0,0.06451612903225806,0.0,0.0,6.4,1.0,high,SLF_IMIS_DAILY_SNOW,False
anniviers_magic_portfolio,Anniviers Magic Pass portfolio,2022-11-01,1,1,True,24.933333333333334,25.0,0.8,0.5333333333333333,0.4,113.3,1.0,high,SLF_IMIS_DAILY_SNOW,False
anniviers_magic_portfolio,Anniviers Magic Pass portfolio,2022-12-01,1,1,True,63.96774193548387,57.0,1.0,1.0,1.0,141.4,1.0,high,SLF_IMIS_DAILY_SNOW,False
anniviers_magic_portfolio,Anniviers Magic Pass portfolio,2023-01-01,1,1,True,120.2258064516129,126.0,1.0,1.0,1.0,139.20000000000002,1.0,high,SLF_IMIS_DAILY_SNOW,False
anniviers_magic_portfolio,Anniviers Magic Pass portfolio,2023-02-01,1,1,True,119.28571428571429,119.0,1.0,1.0,1.0,25.200000000000003,1.0,high,SLF_IMIS_DAILY_SNOW,False
anniviers_magic_portfolio,Anniviers Magic Pass portfolio,2023-03-01,1,1,True,169.83870967741936,184.0,1.0,1.0,1.0,311.4,1.0,high,SLF_IMIS_DAILY_SNOW,False
anniviers_magic_portfolio,Anniviers Magic Pass portfolio,2023-04-01,1,1,True,220.36666666666667,218.5,1.0,1.0,1.0,163.20000000000002,1.0,high,SLF_IMIS_DAILY_SNOW,False
anniviers_magic_portfolio,Anniviers Magic Pass portfolio,2023-05-01,1,1,True,189.74193548387098,191.0,1.0,1.0,1.0,66.2,1.0,high,SLF_IMIS_DAILY_SNOW,False
anniviers_magic_portfolio,Anniviers Magic Pass portfolio,2023-06-01,1,1,True,70.0,77.0,0.7666666666666667,0.7333333333333333,0.7,0.0,1.0,high,SLF_IMIS_DAILY_SNOW,False
anniviers_magic_portfolio,Anniviers Magic Pass portfolio,2023-07-01,1,1,True,0.0,0.0,0.0,0.0,0.0,0.0,1.0,high,SLF_IMIS_DAILY_SNOW,False
anniviers_magic_portfolio,Anniviers Magic Pass portfolio,2023-08-01,1,1,True,1.967741935483871,0.0,0.0967741935483871,0.06451612903225806,0.0,34.0,1.0,high,SLF_IMIS_DAILY_SNOW,False
anniviers_magic_portfolio,Anniviers Magic Pass portfolio,2023-09-01,1,1,True,0.4,0.0,0.0,0.0,0.0,7.8,1.0,high,SLF_IMIS_DAILY_SNOW,False
anniviers_magic_portfolio,Anniviers Magic Pass portfolio,2023-10-01,1,1,True,1.8666666666666667,0.0,0.06666666666666667,0.0,0.0,30.2,0.967741935483871,high,SLF_IMIS_DAILY_SNOW,False
anniviers_magic_portfolio,Anniviers Magic Pass portfolio,2023-11-01,1,1,True,65.86666666666666,72.0,0.9666666666666667,0.9333333333333333,0.9,249.10000000000002,1.0,high,SLF_IMIS_DAILY_SNOW,False
anniviers_magic_portfolio,Anniviers Magic Pass portfolio,2023-12-01,1,1,True,160.93548387096774,171.0,1.0,1.0,1.0,256.9,1.0,high,SLF_IMIS_DAILY_SNOW,False
anniviers_magic_portfolio,Anniviers Magic Pass portfolio,2024-01-01,1,1,True,202.7741935483871,201.0,1.0,1.0,1.0,158.7,1.0,high,SLF_IMIS_DAILY_SNOW,False
anniviers_magic_portfolio,Anniviers Magic Pass portfolio,2024-02-01,1,1,True,211.17241379310346,208.0,1.0,1.0,1.0,79.89999999999999,1.0,high,SLF_IMIS_DAILY_SNOW,False
anniviers_magic_portfolio,Anniviers Magic Pass portfolio,2024-03-01,1,1,True,232.09677419354838,227.0,1.0,1.0,1.0,148.8,1.0,high,SLF_IMIS_DAILY_SNOW,False
anniviers_magic_portfolio,Anniviers Magic Pass portfolio,2024-04-01,1,1,True,226.66666666666666,225.5,1.0,1.0,1.0,87.3,1.0,high,SLF_IMIS_DAILY_SNOW,False
anniviers_magic_portfolio,Anniviers Magic Pass portfolio,2024-05-01,1,1,True,201.74193548387098,200.0,1.0,1.0,1.0,114.3,1.0,high,SLF_IMIS_DAILY_SNOW,False
anniviers_magic_portfolio,Anniviers Magic Pass portfolio,2024-06-01,1,1,True,109.83333333333333,118.5,1.0,1.0,0.9333333333333333,4.1,1.0,high,SLF_IMIS_DAILY_SNOW,False
anniviers_magic_portfolio,Anniviers Magic Pass portfolio,2024-07-01,1,1,True,0.45161290322580644,0.0,0.03225806451612903,0.0,0.0,0.0,1.0,high,SLF_IMIS_DAILY_SNOW,False
anniviers_magic_portfolio,Anniviers Magic Pass portfolio,2024-08-01,1,1,True,0.0,0.0,0.0,0.0,0.0,0.0,1.0,high,SLF_IMIS_DAILY_SNOW,False
anniviers_magic_portfolio,Anniviers Magic Pass portfolio,2024-09-01,1,1,True,2.066666666666667,0.0,0.06666666666666667,0.06666666666666667,0.0,50.4,1.0,high,SLF_IMIS_DAILY_SNOW,False
anniviers_magic_portfolio,Anniviers Magic Pass portfolio,2024-10-01,1,1,True,0.45161290322580644,0.0,0.0,0.0,0.0,36.4,1.0,high,SLF_IMIS_DAILY_SNOW,False
anniviers_magic_portfolio,Anniviers Magic Pass portfolio,2024-11-01,1,1,True,19.433333333333334,6.0,0.36666666666666664,0.3333333333333333,0.3333333333333333,124.89999999999999,1.0,high,SLF_IMIS_DAILY_SNOW,False
anniviers_magic_portfolio,Anniviers Magic Pass portfolio,2024-12-01,1,1,True,83.29032258064517,77.0,1.0,1.0,1.0,158.1,1.0,high,SLF_IMIS_DAILY_SNOW,False
anniviers_magic_portfolio,Anniviers Magic Pass portfolio,2025-01-01,1,1,True,131.8709677419355,131.0,1.0,1.0,1.0,439.1,1.0,high,SLF_IMIS_DAILY_SNOW,False
anniviers_magic_portfolio,Anniviers Magic Pass portfolio,2025-02-01,1,1,True,152.28571428571428,151.0,1.0,1.0,1.0,69.6,1.0,high,SLF_IMIS_DAILY_SNOW,False
anniviers_magic_portfolio,Anniviers Magic Pass portfolio,2025-03-01,1,1,True,149.51612903225808,148.0,1.0,1.0,1.0,44.699999999999996,1.0,high,SLF_IMIS_DAILY_SNOW,False
anniviers_magic_portfolio,Anniviers Magic Pass portfolio,2025-04-01,1,1,True,145.96666666666667,145.0,1.0,1.0,1.0,136.5,1.0,high,SLF_IMIS_DAILY_SNOW,False
anniviers_magic_portfolio,Anniviers Magic Pass portfolio,2025-05-01,1,1,True,119.74193548387096,125.0,1.0,1.0,1.0,40.0,1.0,high,SLF_IMIS_DAILY_SNOW,False
anniviers_magic_portfolio,Anniviers Magic Pass portfolio,2025-06-01,1,1,True,22.566666666666666,0.0,0.43333333333333335,0.4,0.3333333333333333,0.0,1.0,high,SLF_IMIS_DAILY_SNOW,False
anniviers_magic_portfolio,Anniviers Magic Pass portfolio,2025-07-01,1,1,True,0.0,0.0,0.0,0.0,0.0,5.6,1.0,high,SLF_IMIS_DAILY_SNOW,False
anniviers_magic_portfolio,Anniviers Magic Pass portfolio,2025-08-01,1,1,True,0.0,0.0,0.0,0.0,0.0,0.0,1.0,high,SLF_IMIS_DAILY_SNOW,False
anniviers_magic_portfolio,Anniviers Magic Pass portfolio,2025-09-01,1,1,True,0.4666666666666667,0.0,0.0,0.0,0.0,12.700000000000001,1.0,high,SLF_IMIS_DAILY_SNOW,False
anniviers_magic_portfolio,Anniviers Magic Pass portfolio,2025-10-01,1,1,True,8.483870967741936,1.0,0.25806451612903225,0.1935483870967742,0.16129032258064516,85.7,1.0,high,SLF_IMIS_DAILY_SNOW,False
anniviers_magic_portfolio,Anniviers Magic Pass portfolio,2025-11-01,1,1,True,53.56666666666667,45.5,1.0,1.0,1.0,116.60000000000001,1.0,high,SLF_IMIS_DAILY_SNOW,False
anniviers_magic_portfolio,Anniviers Magic Pass portfolio,2025-12-01,1,1,True,79.54838709677419,79.0,1.0,1.0,1.0,21.7,1.0,high,SLF_IMIS_DAILY_SNOW,False
anniviers_magic_portfolio,Anniviers Magic Pass portfolio,2026-01-01,1,1,True,107.45161290322581,115.0,1.0,1.0,1.0,124.2,1.0,high,SLF_IMIS_DAILY_SNOW,False
anniviers_magic_portfolio,Anniviers Magic Pass portfolio,2026-02-01,1,1,True,168.35714285714286,169.0,1.0,1.0,1.0,296.5,1.0,high,SLF_IMIS_DAILY_SNOW,False
anniviers_magic_portfolio,Anniviers Magic Pass portfolio,2026-03-01,1,1,True,190.2258064516129,188.0,1.0,1.0,1.0,83.1,1.0,high,SLF_IMIS_DAILY_SNOW,False
axalp,Axalp,2013-01-01,1,1,True,158.38709677419354,156.0,1.0,1.0,1.0,103.19999999999999,1.0,high,SLF_IMIS_DAILY_SNOW,False
axalp,Axalp,2013-02-01,1,1,True,230.96428571428572,231.5,1.0,1.0,1.0,242.79999999999995,1.0,high,SLF_IMIS_DAILY_SNOW,False
axalp,Axalp,2013-03-01,1,1,True,203.83870967741936,204.0,1.0,1.0,1.0,102.49999999999999,1.0,high,SLF_IMIS_DAILY_SNOW,False
axalp,Axalp,2013-04-01,1,1,True,191.7,195.5,1.0,1.0,1.0,76.89999999999999,1.0,high,SLF_IMIS_DAILY_SNOW,False
axalp,Axalp,2013-05-01,1,1,True,121.6774193548387,119.0,1.0,1.0,1.0,110.0,1.0,high,SLF_IMIS_DAILY_SNOW,False
axalp,Axalp,2013-06-01,1,1,True,63.2,59.0,0.6333333333333333,0.6,0.6,70.39999999999999,1.0,high,SLF_IMIS_DAILY_SNOW,False
axalp,Axalp,2013-07-01,1,1,True,0.0,0.0,0.0,0.0,0.0,0.0,1.0,high,SLF_IMIS_DAILY_SNOW,False
axalp,Axalp,2013-08-01,1,1,True,0.0,0.0,0.0,0.0,0.0,0.0,1.0,high,SLF_IMIS_DAILY_SNOW,False
axalp,Axalp,2013-09-01,1,1,True,0.03333333333333333,0.0,0.0,0.0,0.0,10.5,1.0,high,SLF_IMIS_DAILY_SNOW,False
axalp,Axalp,2013-10-01,1,1,True,1.967741935483871,0.0,0.0967741935483871,0.0,0.0,35.5,1.0,high,SLF_IMIS_DAILY_SNOW,False
axalp,Axalp,2013-11-01,1,1,True,40.233333333333334,52.0,0.8666666666666667,0.6666666666666666,0.6666666666666666,145.8,1.0,high,SLF_IMIS_DAILY_SNOW,False
axalp,Axalp,2013-12-01,1,1,True,60.12903225806452,53.0,1.0,1.0,1.0,91.10000000000001,1.0,high,SLF_IMIS_DAILY_SNOW,False
axalp,Axalp,2014-01-01,1,1,True,97.83870967741936,99.0,1.0,1.0,1.0,110.49999999999999,1.0,high,SLF_IMIS_DAILY_SNOW,False
axalp,Axalp,2014-02-01,1,1,True,135.75,136.0,1.0,1.0,1.0,150.6,1.0,high,SLF_IMIS_DAILY_SNOW,False
axalp,Axalp,2014-03-01,1,1,True,133.25806451612902,133.0,1.0,1.0,1.0,109.7,1.0,high,SLF_IMIS_DAILY_SNOW,False
axalp,Axalp,2014-04-01,1,1,True,78.3,76.5,1.0,1.0,1.0,97.0,1.0,high,SLF_IMIS_DAILY_SNOW,False
axalp,Axalp,2014-05-01,1,1,True,48.38709677419355,52.0,0.8387096774193549,0.7741935483870968,0.7096774193548387,106.4,1.0,high,SLF_IMIS_DAILY_SNOW,False
axalp,Axalp,2014-06-01,1,1,True,0.0,0.0,0.0,0.0,0.0,0.0,1.0,high,SLF_IMIS_DAILY_SNOW,False
axalp,Axalp,2014-07-01,1,1,True,0.0,0.0,0.0,0.0,0.0,0.0,1.0,high,SLF_IMIS_DAILY_SNOW,False
axalp,Axalp,2014-08-01,1,1,True,0.0,0.0,0.0,0.0,0.0,0.0,1.0,high,SLF_IMIS_DAILY_SNOW,False
axalp,Axalp,2014-09-01,1,1,True,0.0,0.0,0.0,0.0,0.0,0.0,1.0,high,SLF_IMIS_DAILY_SNOW,False
axalp,Axalp,2014-10-01,1,1,True,4.870967741935484,0.0,0.16129032258064516,0.0967741935483871,0.06451612903225806,48.400000000000006,1.0,high,SLF_IMIS_DAILY_SNOW,False
axalp,Axalp,2014-11-01,1,1,True,24.310344827586206,22.0,0.8275862068965517,0.6896551724137931,0.3793103448275862,110.30000000000001,0.9666666666666667,high,SLF_IMIS_DAILY_SNOW,False
axalp,Axalp,2014-12-01,1,1,True,40.70967741935484,32.0,1.0,0.8064516129032258,0.6129032258064516,149.89999999999998,1.0,high,SLF_IMIS_DAILY_SNOW,False
axalp,Axalp,2015-01-01,1,1,True,103.48387096774194,91.0,1.0,1.0,1.0,206.2,1.0,high,SLF_IMIS_DAILY_SNOW,False
axalp,Axalp,2015-02-01,1,1,True,142.42857142857142,140.0,1.0,1.0,1.0,127.0,1.0,high,SLF_IMIS_DAILY_SNOW,False
axalp,Axalp,2015-03-01,1,1,True,163.74193548387098,158.0,1.0,1.0,1.0,226.8,1.0,high,SLF_IMIS_DAILY_SNOW,False
axalp,Axalp,2015-04-01,1,1,True,197.43333333333334,191.5,1.0,1.0,1.0,201.5,1.0,high,SLF_IMIS_DAILY_SNOW,False
axalp,Axalp,2015-05-01,1,1,True,91.87096774193549,79.0,1.0,1.0,1.0,91.0,1.0,high,SLF_IMIS_DAILY_SNOW,False
axalp,Axalp,2015-06-01,1,1,True,3.6666666666666665,0.0,0.13333333333333333,0.1,0.06666666666666667,0.0,1.0,high,SLF_IMIS_DAILY_SNOW,False
axalp,Axalp,2015-07-01,1,1,True,0.0,0.0,0.0,0.0,0.0,0.0,1.0,high,SLF_IMIS_DAILY_SNOW,False
axalp,Axalp,2015-08-01,1,1,True,0.0,0.0,0.0,0.0,0.0,0.0,1.0,high,SLF_IMIS_DAILY_SNOW,False
axalp,Axalp,2015-09-01,1,1,True,0.6333333333333333,0.0,0.03333333333333333,0.0,0.0,18.4,1.0,high,SLF_IMIS_DAILY_SNOW,False
axalp,Axalp,2015-10-01,1,1,True,2.7419354838709675,0.0,0.0967741935483871,0.0,0.0,36.099999999999994,1.0,high,SLF_IMIS_DAILY_SNOW,False
axalp,Axalp,2015-11-01,1,1,True,18.466666666666665,0.0,0.3,0.3,0.3,151.8,1.0,high,SLF_IMIS_DAILY_SNOW,False
axalp,Axalp,2015-12-01,1,1,True,46.214285714285715,47.0,1.0,1.0,1.0,8.2,0.9032258064516129,high,SLF_IMIS_DAILY_SNOW,False
axalp,Axalp,2016-01-01,1,1,True,95.09677419354838,103.0,1.0,1.0,1.0,260.9,1.0,high,SLF_IMIS_DAILY_SNOW,False
axalp,Axalp,2016-02-01,1,1,True,158.72413793103448,159.0,1.0,1.0,1.0,260.29999999999995,1.0,high,SLF_IMIS_DAILY_SNOW,False
axalp,Axalp,2016-03-01,1,1,True,192.48387096774192,190.0,1.0,1.0,1.0,136.60000000000002,1.0,high,SLF_IMIS_DAILY_SNOW,False
axalp,Axalp,2016-04-01,1,1,True,150.93333333333334,148.5,1.0,1.0,1.0,118.4,1.0,high,SLF_IMIS_DAILY_SNOW,False
axalp,Axalp,2016-05-01,1,1,True,137.1290322580645,141.0,1.0,1.0,1.0,199.6,1.0,high,SLF_IMIS_DAILY_SNOW,False
axalp,Axalp,2016-06-01,1,1,True,30.862068965517242,18.0,0.5862068965517241,0.4827586206896552,0.41379310344827586,0.0,0.9666666666666667,high,SLF_IMIS_DAILY_SNOW,False
axalp,Axalp,2016-07-01,1,1,True,0.45161290322580644,0.0,0.03225806451612903,0.0,0.0,10.8,1.0,high,SLF_IMIS_DAILY_SNOW,False
axalp,Axalp,2016-08-01,1,1,True,0.0,0.0,0.0,0.0,0.0,0.0,1.0,high,SLF_IMIS_DAILY_SNOW,False
axalp,Axalp,2016-09-01,1,1,True,0.0,0.0,0.0,0.0,0.0,0.0,1.0,high,SLF_IMIS_DAILY_SNOW,False
axalp,Axalp,2016-10-01,1,1,True,0.6774193548387096,0.0,0.0,0.0,0.0,21.2,1.0,high,SLF_IMIS_DAILY_SNOW,False
axalp,Axalp,2016-11-01,1,1,True,35.63333333333333,34.0,0.8,0.8,0.7333333333333333,148.10000000000002,1.0,high,SLF_IMIS_DAILY_SNOW,False
axalp,Axalp,2016-12-01,1,1,True,30.322580645161292,30.0,1.0,1.0,0.7741935483870968,0.0,1.0,high,SLF_IMIS_DAILY_SNOW,False
axalp,Axalp,2017-01-01,1,1,True,68.74193548387096,77.0,1.0,1.0,0.9354838709677419,164.6,1.0,high,SLF_IMIS_DAILY_SNOW,False
axalp,Axalp,2017-02-01,1,1,True,116.75,118.0,1.0,1.0,1.0,133.20000000000002,1.0,high,SLF_IMIS_DAILY_SNOW,False
axalp,Axalp,2017-03-01,1,1,True,162.70967741935485,156.0,1.0,1.0,1.0,229.10000000000002,1.0,high,SLF_IMIS_DAILY_SNOW,False
axalp,Axalp,2017-04-01,1,1,True,129.5,130.0,1.0,1.0,1.0,158.50000000000003,1.0,high,SLF_IMIS_DAILY_SNOW,False
axalp,Axalp,2017-05-01,1,1,True,100.38709677419355,113.0,0.967741935483871,0.9354838709677419,0.9032258064516129,69.2,1.0,high,SLF_IMIS_DAILY_SNOW,False
axalp,Axalp,2017-06-01,1,1,True,0.0,0.0,0.0,0.0,0.0,0.0,1.0,high,SLF_IMIS_DAILY_SNOW,False
axalp,Axalp,2017-07-01,1,1,True,0.0,0.0,0.0,0.0,0.0,0.0,1.0,high,SLF_IMIS_DAILY_SNOW,False
axalp,Axalp,2017-08-01,1,1,True,0.41935483870967744,0.0,0.0,0.0,0.0,17.0,1.0,high,SLF_IMIS_DAILY_SNOW,False
axalp,Axalp,2017-09-01,1,1,True,1.0666666666666667,0.0,0.0,0.0,0.0,40.9,1.0,high,SLF_IMIS_DAILY_SNOW,False
axalp,Axalp,2017-10-01,1,1,True,4.419354838709677,0.0,0.25806451612903225,0.03225806451612903,0.0,51.39999999999999,1.0,high,SLF_IMIS_DAILY_SNOW,False
axalp,Axalp,2017-11-01,1,1,True,51.93333333333333,59.5,0.8333333333333334,0.8333333333333334,0.8333333333333334,205.3,1.0,high,SLF_IMIS_DAILY_SNOW,False
axalp,Axalp,2017-12-01,1,1,True,124.70967741935483,134.0,1.0,1.0,1.0,280.70000000000005,1.0,high,SLF_IMIS_DAILY_SNOW,False
axalp,Axalp,2018-01-01,1,1,True,189.96774193548387,167.0,1.0,1.0,1.0,291.0,1.0,high,SLF_IMIS_DAILY_SNOW,False
axalp,Axalp,2018-02-01,1,1,True,232.71428571428572,232.5,1.0,1.0,1.0,76.1,1.0,high,SLF_IMIS_DAILY_SNOW,False
axalp,Axalp,2018-03-01,1,1,True,249.03225806451613,249.0,1.0,1.0,1.0,207.4,1.0,high,SLF_IMIS_DAILY_SNOW,False
axalp,Axalp,2018-04-01,1,1,True,239.7,245.0,1.0,1.0,1.0,41.400000000000006,1.0,high,SLF_IMIS_DAILY_SNOW,False
axalp,Axalp,2018-05-01,1,1,True,114.3225806451613,117.0,1.0,1.0,1.0,37.8,1.0,high,SLF_IMIS_DAILY_SNOW,False
axalp,Axalp,2018-06-01,1,1,True,3.433333333333333,0.0,0.13333333333333333,0.1,0.06666666666666667,0.0,1.0,high,SLF_IMIS_DAILY_SNOW,False
axalp,Axalp,2018-07-01,1,1,True,0.0,0.0,0.0,0.0,0.0,0.0,1.0,high,SLF_IMIS_DAILY_SNOW,False
axalp,Axalp,2018-08-01,1,1,True,0.0,0.0,0.0,0.0,0.0,0.0,1.0,high,SLF_IMIS_DAILY_SNOW,False
axalp,Axalp,2018-09-01,1,1,True,0.0,0.0,0.0,0.0,0.0,0.0,1.0,high,SLF_IMIS_DAILY_SNOW,False
axalp,Axalp,2018-10-01,1,1,True,1.8064516129032258,0.0,0.06451612903225806,0.0,0.0,34.3,1.0,high,SLF_IMIS_DAILY_SNOW,False
axalp,Axalp,2018-11-01,1,1,True,2.2666666666666666,1.0,0.03333333333333333,0.0,0.0,18.2,1.0,high,SLF_IMIS_DAILY_SNOW,False
axalp,Axalp,2018-12-01,1,1,True,61.483870967741936,80.0,0.967741935483871,0.8709677419354839,0.7419354838709677,221.39999999999995,1.0,high,SLF_IMIS_DAILY_SNOW,False
axalp,Axalp,2019-01-01,1,1,True,151.80645161290323,167.0,1.0,1.0,1.0,281.40000000000003,1.0,high,SLF_IMIS_DAILY_SNOW,False
axalp,Axalp,2019-02-01,1,1,True,183.89285714285714,182.5,1.0,1.0,1.0,99.60000000000001,1.0,high,SLF_IMIS_DAILY_SNOW,False
axalp,Axalp,2019-03-01,1,1,True,191.4516129032258,196.0,1.0,1.0,1.0,166.5,1.0,high,SLF_IMIS_DAILY_SNOW,False
axalp,Axalp,2019-04-01,1,1,True,188.26666666666668,189.0,1.0,1.0,1.0,153.4,1.0,high,SLF_IMIS_DAILY_SNOW,False
axalp,Axalp,2019-05-01,1,1,True,176.93548387096774,179.0,1.0,1.0,1.0,134.2,1.0,high,SLF_IMIS_DAILY_SNOW,False
axalp,Axalp,2019-06-01,1,1,True,48.43333333333333,40.5,0.6,0.5666666666666667,0.5666666666666667,0.0,1.0,high,SLF_IMIS_DAILY_SNOW,False
axalp,Axalp,2019-07-01,1,1,True,0.0,0.0,0.0,0.0,0.0,0.0,1.0,high,SLF_IMIS_DAILY_SNOW,False
axalp,Axalp,2019-08-01,1,1,True,0.0,0.0,0.0,0.0,0.0,0.0,1.0,high,SLF_IMIS_DAILY_SNOW,False
axalp,Axalp,2019-09-01,1,1,True,0.03333333333333333,0.0,0.0,0.0,0.0,7.9,1.0,high,SLF_IMIS_DAILY_SNOW,False
axalp,Axalp,2019-10-01,1,1,True,0.9032258064516129,0.0,0.03225806451612903,0.0,0.0,41.2,1.0,high,SLF_IMIS_DAILY_SNOW,False
axalp,Axalp,2019-11-01,1,1,True,29.3,32.0,0.8,0.7333333333333333,0.6,142.70000000000002,1.0,high,SLF_IMIS_DAILY_SNOW,False
axalp,Axalp,2019-12-01,1,1,True,83.29032258064517,81.0,1.0,1.0,1.0,216.10000000000002,1.0,high,SLF_IMIS_DAILY_SNOW,False
axalp,Axalp,2020-01-01,1,1,True,109.58064516129032,106.0,1.0,1.0,1.0,79.1,1.0,high,SLF_IMIS_DAILY_SNOW,False
axalp,Axalp,2020-02-01,1,1,True,139.6551724137931,140.0,1.0,1.0,1.0,175.99999999999997,1.0,high,SLF_IMIS_DAILY_SNOW,False
axalp,Axalp,2020-03-01,1,1,True,163.06451612903226,164.0,1.0,1.0,1.0,112.60000000000001,1.0,high,SLF_IMIS_DAILY_SNOW,False
axalp,Axalp,2020-04-01,1,1,True,99.76666666666667,104.5,1.0,1.0,1.0,13.2,1.0,high,SLF_IMIS_DAILY_SNOW,False
axalp,Axalp,2020-05-01,1,1,True,13.806451612903226,0.0,0.3225806451612903,0.2903225806451613,0.25806451612903225,21.900000000000002,1.0,high,SLF_IMIS_DAILY_SNOW,False
axalp,Axalp,2020-06-01,1,1,True,0.0,0.0,0.0,0.0,0.0,0.0,1.0,high,SLF_IMIS_DAILY_SNOW,False
axalp,Axalp,2020-07-01,1,1,True,0.0,0.0,0.0,0.0,0.0,0.0,1.0,high,SLF_IMIS_DAILY_SNOW,False
axalp,Axalp,2020-08-01,1,1,True,0.22580645161290322,0.0,0.0,0.0,0.0,8.9,1.0,high,SLF_IMIS_DAILY_SNOW,False
axalp,Axalp,2020-09-01,1,1,True,1.2666666666666666,0.0,0.03333333333333333,0.0,0.0,17.7,1.0,high,SLF_IMIS_DAILY_SNOW,False
axalp,Axalp,2020-10-01,1,1,True,4.967741935483871,4.0,0.16129032258064516,0.06451612903225806,0.0,58.599999999999994,1.0,high,SLF_IMIS_DAILY_SNOW,False
axalp,Axalp,2020-11-01,1,1,True,3.8,2.5,0.06666666666666667,0.0,0.0,27.3,1.0,high,SLF_IMIS_DAILY_SNOW,False
axalp,Axalp,2020-12-01,1,1,True,53.54838709677419,56.0,0.967741935483871,0.967741935483871,0.8387096774193549,203.20000000000005,1.0,high,SLF_IMIS_DAILY_SNOW,False
axalp,Axalp,2021-01-01,1,1,True,119.09677419354838,136.0,1.0,1.0,1.0,424.0,1.0,high,SLF_IMIS_DAILY_SNOW,False
axalp,Axalp,2021-02-01,1,1,True,210.75,212.5,1.0,1.0,1.0,88.9,1.0,high,SLF_IMIS_DAILY_SNOW,False
axalp,Axalp,2021-03-01,1,1,True,211.29032258064515,206.0,1.0,1.0,1.0,204.00000000000003,1.0,high,SLF_IMIS_DAILY_SNOW,False
axalp,Axalp,2021-04-01,1,1,True,187.03333333333333,188.5,1.0,1.0,1.0,81.9,1.0,high,SLF_IMIS_DAILY_SNOW,False
axalp,Axalp,2021-05-01,1,1,True,178.5483870967742,179.0,1.0,1.0,1.0,172.79999999999998,1.0,high,SLF_IMIS_DAILY_SNOW,False
axalp,Axalp,2021-06-01,1,1,True,52.06666666666667,39.5,0.5666666666666667,0.5666666666666667,0.5333333333333333,0.0,1.0,high,SLF_IMIS_DAILY_SNOW,False
axalp,Axalp,2021-07-01,1,1,True,0.0,0.0,0.0,0.0,0.0,0.0,1.0,high,SLF_IMIS_DAILY_SNOW,False
axalp,Axalp,2021-08-01,1,1,True,0.0,0.0,0.0,0.0,0.0,0.0,1.0,high,SLF_IMIS_DAILY_SNOW,False
axalp,Axalp,2021-09-01,1,1,True,0.23333333333333334,0.0,0.0,0.0,0.0,7.0,1.0,high,SLF_IMIS_DAILY_SNOW,False
axalp,Axalp,2021-10-01,1,1,True,0.7096774193548387,0.0,0.03225806451612903,0.0,0.0,61.3,1.0,high,SLF_IMIS_DAILY_SNOW,False
axalp,Axalp,2021-11-01,1,1,True,22.933333333333334,17.0,0.9666666666666667,0.3333333333333333,0.2,137.5,1.0,high,SLF_IMIS_DAILY_SNOW,False
axalp,Axalp,2021-12-01,1,1,True,111.74193548387096,109.0,1.0,1.0,1.0,261.09999999999997,1.0,high,SLF_IMIS_DAILY_SNOW,False
axalp,Axalp,2022-01-01,1,1,True,112.38709677419355,111.0,1.0,1.0,1.0,91.10000000000001,1.0,high,SLF_IMIS_DAILY_SNOW,False
axalp,Axalp,2022-02-01,1,1,True,172.89285714285714,172.5,1.0,1.0,1.0,243.0,1.0,high,SLF_IMIS_DAILY_SNOW,False
axalp,Axalp,2022-03-01,1,1,True,160.70967741935485,169.0,1.0,1.0,1.0,4.2,1.0,high,SLF_IMIS_DAILY_SNOW,False
axalp,Axalp,2022-04-01,1,1,True,132.36666666666667,131.0,1.0,1.0,1.0,152.0,1.0,high,SLF_IMIS_DAILY_SNOW,False
axalp,Axalp,2022-05-01,1,1,True,46.096774193548384,40.0,0.6129032258064516,0.5806451612903226,0.5483870967741935,13.600000000000001,1.0,high,SLF_IMIS_DAILY_SNOW,False
axalp,Axalp,2022-06-01,1,1,True,0.0,0.0,0.0,0.0,0.0,0.0,1.0,high,SLF_IMIS_DAILY_SNOW,False
axalp,Axalp,2022-07-01,1,1,True,0.0,0.0,0.0,0.0,0.0,0.0,1.0,high,SLF_IMIS_DAILY_SNOW,False
axalp,Axalp,2022-08-01,1,1,True,0.0,0.0,0.0,0.0,0.0,0.0,1.0,high,SLF_IMIS_DAILY_SNOW,False
axalp,Axalp,2022-09-01,1,1,True,0.7666666666666667,0.0,0.0,0.0,0.0,25.0,1.0,high,SLF_IMIS_DAILY_SNOW,False
axalp,Axalp,2022-10-01,1,1,True,0.0967741935483871,0.0,0.0,0.0,0.0,0.0,1.0,high,SLF_IMIS_DAILY_SNOW,False
axalp,Axalp,2022-11-01,1,1,True,16.233333333333334,13.0,0.5666666666666667,0.3,0.26666666666666666,113.9,1.0,high,SLF_IMIS_DAILY_SNOW,False
axalp,Axalp,2022-12-01,1,1,True,45.61290322580645,47.0,1.0,1.0,1.0,80.89999999999999,1.0,high,SLF_IMIS_DAILY_SNOW,False
axalp,Axalp,2023-01-01,1,1,True,47.935483870967744,48.0,1.0,1.0,1.0,91.30000000000001,1.0,high,SLF_IMIS_DAILY_SNOW,False
axalp,Axalp,2023-02-01,1,1,True,57.857142857142854,56.5,1.0,1.0,1.0,62.1,1.0,high,SLF_IMIS_DAILY_SNOW,False
axalp,Axalp,2023-03-01,1,1,True,82.83870967741936,86.0,1.0,1.0,1.0,192.70000000000002,1.0,high,SLF_IMIS_DAILY_SNOW,False
axalp,Axalp,2023-04-01,1,1,True,128.43333333333334,127.5,1.0,1.0,1.0,175.49999999999997,1.0,high,SLF_IMIS_DAILY_SNOW,False
axalp,Axalp,2023-05-01,1,1,True,81.09677419354838,88.0,1.0,0.967741935483871,0.9354838709677419,68.4,1.0,high,SLF_IMIS_DAILY_SNOW,False
axalp,Axalp,2023-06-01,1,1,True,0.0,0.0,0.0,0.0,0.0,0.0,1.0,high,SLF_IMIS_DAILY_SNOW,False
axalp,Axalp,2023-07-01,1,1,True,0.0,0.0,0.0,0.0,0.0,0.0,1.0,high,SLF_IMIS_DAILY_SNOW,False
axalp,Axalp,2023-08-01,1,1,True,0.12903225806451613,0.0,0.0,0.0,0.0,25.599999999999998,1.0,high,SLF_IMIS_DAILY_SNOW,False
axalp,Axalp,2023-09-01,1,1,True,0.26666666666666666,0.0,0.0,0.0,0.0,26.0,1.0,high,SLF_IMIS_DAILY_SNOW,False
axalp,Axalp,2023-10-01,1,1,True,0.7741935483870968,0.0,0.03225806451612903,0.0,0.0,60.400000000000006,1.0,high,SLF_IMIS_DAILY_SNOW,False
axalp,Axalp,2023-11-01,1,1,True,42.03333333333333,33.5,0.9666666666666667,0.9,0.6666666666666666,239.5,1.0,high,SLF_IMIS_DAILY_SNOW,False
axalp,Axalp,2023-12-01,1,1,True,131.90322580645162,133.0,1.0,1.0,1.0,218.0,1.0,high,SLF_IMIS_DAILY_SNOW,False
axalp,Axalp,2024-01-01,1,1,True,150.09677419354838,150.0,1.0,1.0,1.0,102.0,1.0,high,SLF_IMIS_DAILY_SNOW,False
axalp,Axalp,2024-02-01,1,1,True,158.24137931034483,158.0,1.0,1.0,1.0,67.69999999999999,1.0,high,SLF_IMIS_DAILY_SNOW,False
axalp,Axalp,2024-03-01,1,1,True,204.83870967741936,209.0,1.0,1.0,1.0,190.89999999999998,1.0,high,SLF_IMIS_DAILY_SNOW,False
axalp,Axalp,2024-04-01,1,1,True,179.73333333333332,182.0,1.0,1.0,1.0,167.5,1.0,high,SLF_IMIS_DAILY_SNOW,False
axalp,Axalp,2024-05-01,1,1,True,109.90322580645162,101.0,1.0,1.0,1.0,26.2,1.0,high,SLF_IMIS_DAILY_SNOW,False
axalp,Axalp,2024-06-01,1,1,True,15.766666666666667,0.0,0.3,0.26666666666666666,0.23333333333333334,31.8,1.0,high,SLF_IMIS_DAILY_SNOW,False
axalp,Axalp,2024-07-01,1,1,True,0.0,0.0,0.0,0.0,0.0,0.0,1.0,high,SLF_IMIS_DAILY_SNOW,False
axalp,Axalp,2024-08-01,1,1,True,0.0,0.0,0.0,0.0,0.0,0.0,1.0,high,SLF_IMIS_DAILY_SNOW,False
axalp,Axalp,2024-09-01,1,1,True,4.566666666666666,0.0,0.16666666666666666,0.13333333333333333,0.06666666666666667,78.3,1.0,high,SLF_IMIS_DAILY_SNOW,False
axalp,Axalp,2024-10-01,1,1,True,0.25806451612903225,0.0,0.0,0.0,0.0,33.8,1.0,high,SLF_IMIS_DAILY_SNOW,False
axalp,Axalp,2024-11-01,1,1,True,12.933333333333334,1.5,0.36666666666666664,0.3333333333333333,0.3,117.69999999999999,1.0,high,SLF_IMIS_DAILY_SNOW,False
axalp,Axalp,2024-12-01,1,1,True,74.12903225806451,57.0,1.0,1.0,1.0,221.9,1.0,high,SLF_IMIS_DAILY_SNOW,False
axalp,Axalp,2025-01-01,1,1,True,116.09677419354838,113.0,1.0,1.0,1.0,112.1,1.0,high,SLF_IMIS_DAILY_SNOW,False
axalp,Axalp,2025-02-01,1,1,True,133.21428571428572,131.5,1.0,1.0,1.0,54.0,1.0,high,SLF_IMIS_DAILY_SNOW,False
axalp,Axalp,2025-03-01,1,1,True,120.25806451612904,121.0,1.0,1.0,1.0,40.3,1.0,high,SLF_IMIS_DAILY_SNOW,False
axalp,Axalp,2025-04-01,1,1,True,85.1,82.5,1.0,1.0,1.0,86.4,1.0,high,SLF_IMIS_DAILY_SNOW,False
axalp,Axalp,2025-05-01,1,1,True,21.387096774193548,22.0,0.6129032258064516,0.5161290322580645,0.41935483870967744,14.7,1.0,high,SLF_IMIS_DAILY_SNOW,False
axalp,Axalp,2025-06-01,1,1,True,0.0,0.0,0.0,0.0,0.0,0.0,1.0,high,SLF_IMIS_DAILY_SNOW,False
axalp,Axalp,2025-07-01,1,1,True,0.0,0.0,0.0,0.0,0.0,0.0,1.0,high,SLF_IMIS_DAILY_SNOW,False
axalp,Axalp,2025-08-01,1,1,True,0.0,0.0,0.0,0.0,0.0,0.0,1.0,high,SLF_IMIS_DAILY_SNOW,False
axalp,Axalp,2025-09-01,1,1,True,0.6666666666666666,0.0,0.03333333333333333,0.0,0.0,28.7,1.0,high,SLF_IMIS_DAILY_SNOW,False
axalp,Axalp,2025-10-01,1,1,True,6.870967741935484,0.0,0.1935483870967742,0.1935483870967742,0.0967741935483871,68.5,1.0,high,SLF_IMIS_DAILY_SNOW,False
axalp,Axalp,2025-11-01,1,1,True,35.06666666666667,25.0,1.0,0.6,0.36666666666666664,158.00000000000003,1.0,high,SLF_IMIS_DAILY_SNOW,False
axalp,Axalp,2025-12-01,1,1,True,57.41935483870968,54.0,1.0,1.0,1.0,11.600000000000001,1.0,high,SLF_IMIS_DAILY_SNOW,False
axalp,Axalp,2026-01-01,1,1,True,76.03225806451613,81.0,1.0,1.0,1.0,113.2,1.0,high,SLF_IMIS_DAILY_SNOW,False
axalp,Axalp,2026-02-01,1,1,True,135.78571428571428,128.0,1.0,1.0,1.0,320.1,1.0,high,SLF_IMIS_DAILY_SNOW,False
axalp,Axalp,2026-03-01,1,1,True,161.41935483870967,155.0,1.0,1.0,1.0,238.19999999999996,1.0,high,SLF_IMIS_DAILY_SNOW,False
bumbach,Bumbach,2013-01-01,1,1,True,142.1290322580645,148.0,1.0,1.0,1.0,127.30000000000001,1.0,high,SLF_IMIS_DAILY_SNOW,False
bumbach,Bumbach,2013-02-01,1,1,True,206.92857142857142,210.5,1.0,1.0,1.0,226.2,1.0,high,SLF_IMIS_DAILY_SNOW,False
bumbach,Bumbach,2013-03-01,1,1,True,198.0,197.0,1.0,1.0,1.0,118.7,1.0,high,SLF_IMIS_DAILY_SNOW,False
bumbach,Bumbach,2013-04-01,1,1,True,192.46666666666667,202.0,1.0,1.0,1.0,57.599999999999994,1.0,high,SLF_IMIS_DAILY_SNOW,False
bumbach,Bumbach,2013-05-01,1,1,True,77.45161290322581,72.0,1.0,1.0,1.0,98.0,1.0,high,SLF_IMIS_DAILY_SNOW,False
bumbach,Bumbach,2013-06-01,1,1,True,20.1,0.0,0.4,0.3333333333333333,0.3,13.6,1.0,high,SLF_IMIS_DAILY_SNOW,False
bumbach,Bumbach,2013-07-01,1,1,True,0.0,0.0,0.0,0.0,0.0,0.0,1.0,high,SLF_IMIS_DAILY_SNOW,False
bumbach,Bumbach,2013-08-01,1,1,True,0.0,0.0,0.0,0.0,0.0,0.0,1.0,high,SLF_IMIS_DAILY_SNOW,False
bumbach,Bumbach,2013-09-01,1,0,False,NA,NA,NA,NA,NA,NA,0.7666666666666667,high,SLF_IMIS_DAILY_SNOW,False
bumbach,Bumbach,2013-10-01,1,1,True,2.4516129032258065,0.0,0.0967741935483871,0.03225806451612903,0.0,50.50000000000001,1.0,high,SLF_IMIS_DAILY_SNOW,False
bumbach,Bumbach,2013-11-01,1,1,True,7.0,5.5,0.3,0.03333333333333333,0.0,52.4,1.0,high,SLF_IMIS_DAILY_SNOW,False
bumbach,Bumbach,2013-12-01,1,1,True,20.677419354838708,13.0,1.0,0.22580645161290322,0.16129032258064516,82.5,1.0,high,SLF_IMIS_DAILY_SNOW,False
bumbach,Bumbach,2014-01-01,1,1,True,68.83870967741936,69.0,1.0,1.0,1.0,152.79999999999998,1.0,high,SLF_IMIS_DAILY_SNOW,False
bumbach,Bumbach,2014-02-01,1,1,True,131.46428571428572,137.5,1.0,1.0,1.0,233.5,1.0,high,SLF_IMIS_DAILY_SNOW,False
bumbach,Bumbach,2014-03-01,1,1,True,136.41935483870967,136.0,1.0,1.0,1.0,111.9,1.0,high,SLF_IMIS_DAILY_SNOW,False
bumbach,Bumbach,2014-04-01,1,1,True,76.3,68.5,1.0,1.0,1.0,46.8,1.0,high,SLF_IMIS_DAILY_SNOW,False
bumbach,Bumbach,2014-05-01,1,1,True,23.580645161290324,21.0,0.6129032258064516,0.5161290322580645,0.45161290322580644,69.10000000000001,1.0,high,SLF_IMIS_DAILY_SNOW,False
bumbach,Bumbach,2014-06-01,1,1,True,0.0,0.0,0.0,0.0,0.0,0.0,1.0,high,SLF_IMIS_DAILY_SNOW,False
bumbach,Bumbach,2014-07-01,1,1,True,0.0,0.0,0.0,0.0,0.0,0.0,1.0,high,SLF_IMIS_DAILY_SNOW,False
bumbach,Bumbach,2014-08-01,1,1,True,0.0,0.0,0.0,0.0,0.0,0.0,1.0,high,SLF_IMIS_DAILY_SNOW,False
bumbach,Bumbach,2014-09-01,1,1,True,0.0,0.0,0.0,0.0,0.0,0.0,1.0,high,SLF_IMIS_DAILY_SNOW,False
bumbach,Bumbach,2014-10-01,1,1,True,0.45161290322580644,0.0,0.0,0.0,0.0,7.6,1.0,high,SLF_IMIS_DAILY_SNOW,False
bumbach,Bumbach,2014-11-01,1,0,False,NA,NA,NA,NA,NA,NA,0.7666666666666667,high,SLF_IMIS_DAILY_SNOW,False
bumbach,Bumbach,2014-12-01,1,0,False,NA,NA,NA,NA,NA,NA,0.41935483870967744,high,SLF_IMIS_DAILY_SNOW,False
bumbach,Bumbach,2015-01-01,1,1,True,50.516129032258064,51.0,1.0,1.0,0.8064516129032258,206.8,1.0,high,SLF_IMIS_DAILY_SNOW,False
bumbach,Bumbach,2015-02-01,1,1,True,137.07142857142858,133.0,1.0,1.0,1.0,152.1,1.0,high,SLF_IMIS_DAILY_SNOW,False
bumbach,Bumbach,2015-03-01,1,1,True,140.38709677419354,140.0,1.0,1.0,1.0,117.8,1.0,high,SLF_IMIS_DAILY_SNOW,False
bumbach,Bumbach,2015-04-01,1,1,True,129.16666666666666,132.0,1.0,1.0,1.0,83.1,1.0,high,SLF_IMIS_DAILY_SNOW,False
bumbach,Bumbach,2015-05-01,1,1,True,12.387096774193548,1.0,0.25806451612903225,0.22580645161290322,0.16129032258064516,20.5,1.0,high,SLF_IMIS_DAILY_SNOW,False
bumbach,Bumbach,2015-06-01,1,1,True,0.0,0.0,0.0,0.0,0.0,0.0,1.0,high,SLF_IMIS_DAILY_SNOW,False
bumbach,Bumbach,2015-07-01,1,1,True,0.0,0.0,0.0,0.0,0.0,0.0,1.0,high,SLF_IMIS_DAILY_SNOW,False
bumbach,Bumbach,2015-08-01,1,1,True,0.0,0.0,0.0,0.0,0.0,0.0,1.0,high,SLF_IMIS_DAILY_SNOW,False
bumbach,Bumbach,2015-09-01,1,1,True,0.43333333333333335,0.0,0.0,0.0,0.0,9.1,1.0,high,SLF_IMIS_DAILY_SNOW,False
bumbach,Bumbach,2015-10-01,1,1,True,0.12903225806451613,0.0,0.0,0.0,0.0,7.6,1.0,high,SLF_IMIS_DAILY_SNOW,False
bumbach,Bumbach,2015-11-01,1,1,True,11.366666666666667,0.0,0.3,0.3,0.16666666666666666,130.89999999999998,1.0,high,SLF_IMIS_DAILY_SNOW,False
bumbach,Bumbach,2015-12-01,1,1,True,51.935483870967744,54.0,1.0,1.0,1.0,19.400000000000002,1.0,high,SLF_IMIS_DAILY_SNOW,False
bumbach,Bumbach,2016-01-01,1,1,True,81.61290322580645,88.0,1.0,1.0,1.0,149.9,1.0,high,SLF_IMIS_DAILY_SNOW,False
bumbach,Bumbach,2016-02-01,1,1,True,129.3448275862069,136.0,1.0,1.0,1.0,195.4,1.0,high,SLF_IMIS_DAILY_SNOW,False
bumbach,Bumbach,2016-03-01,1,1,True,175.3548387096774,174.0,1.0,1.0,1.0,151.89999999999998,1.0,high,SLF_IMIS_DAILY_SNOW,False
bumbach,Bumbach,2016-04-01,1,1,True,131.1,131.0,1.0,1.0,1.0,96.5,1.0,high,SLF_IMIS_DAILY_SNOW,False
bumbach,Bumbach,2016-05-01,1,1,True,105.35483870967742,103.0,1.0,1.0,1.0,111.8,1.0,high,SLF_IMIS_DAILY_SNOW,False
bumbach,Bumbach,2016-06-01,1,1,True,4.933333333333334,0.0,0.16666666666666666,0.13333333333333333,0.1,0.0,1.0,high,SLF_IMIS_DAILY_SNOW,False
bumbach,Bumbach,2016-07-01,1,1,True,0.0,0.0,0.0,0.0,0.0,0.0,1.0,high,SLF_IMIS_DAILY_SNOW,False
bumbach,Bumbach,2016-08-01,1,1,True,0.0,0.0,0.0,0.0,0.0,0.0,1.0,high,SLF_IMIS_DAILY_SNOW,False
bumbach,Bumbach,2016-09-01,1,1,True,0.0,0.0,0.0,0.0,0.0,0.0,1.0,high,SLF_IMIS_DAILY_SNOW,False
bumbach,Bumbach,2016-10-01,1,1,True,0.16129032258064516,0.0,0.0,0.0,0.0,2.0,1.0,high,SLF_IMIS_DAILY_SNOW,False
bumbach,Bumbach,2016-11-01,1,1,True,15.8,13.5,0.5666666666666667,0.36666666666666664,0.2,93.1,1.0,high,SLF_IMIS_DAILY_SNOW,False
bumbach,Bumbach,2016-12-01,1,1,True,1.967741935483871,2.0,0.0,0.0,0.0,0.0,1.0,high,SLF_IMIS_DAILY_SNOW,False
bumbach,Bumbach,2017-01-01,1,1,True,32.41935483870968,43.0,0.7419354838709677,0.6129032258064516,0.5806451612903226,142.4,1.0,high,SLF_IMIS_DAILY_SNOW,False
bumbach,Bumbach,2017-02-01,1,1,True,66.57142857142857,72.5,1.0,1.0,1.0,112.2,1.0,high,SLF_IMIS_DAILY_SNOW,False
bumbach,Bumbach,2017-03-01,1,1,True,110.96774193548387,109.0,1.0,1.0,1.0,173.0,1.0,high,SLF_IMIS_DAILY_SNOW,False
bumbach,Bumbach,2017-04-01,1,1,True,59.03333333333333,60.0,1.0,1.0,1.0,107.59999999999998,1.0,high,SLF_IMIS_DAILY_SNOW,False
bumbach,Bumbach,2017-05-01,1,1,True,37.516129032258064,39.0,0.6451612903225806,0.5483870967741935,0.5483870967741935,75.4,1.0,high,SLF_IMIS_DAILY_SNOW,False
bumbach,Bumbach,2017-06-01,1,1,True,0.0,0.0,0.0,0.0,0.0,0.0,1.0,high,SLF_IMIS_DAILY_SNOW,False
bumbach,Bumbach,2017-07-01,1,1,True,0.0,0.0,0.0,0.0,0.0,0.0,1.0,high,SLF_IMIS_DAILY_SNOW,False
bumbach,Bumbach,2017-08-01,1,1,True,0.0,0.0,0.0,0.0,0.0,0.0,1.0,high,SLF_IMIS_DAILY_SNOW,False
bumbach,Bumbach,2017-09-01,1,1,True,0.2,0.0,0.0,0.0,0.0,10.1,1.0,high,SLF_IMIS_DAILY_SNOW,False
bumbach,Bumbach,2017-10-01,1,1,True,1.6129032258064515,0.0,0.06451612903225806,0.0,0.0,26.9,1.0,high,SLF_IMIS_DAILY_SNOW,False
bumbach,Bumbach,2017-11-01,1,1,True,20.433333333333334,21.0,0.6666666666666666,0.6,0.26666666666666666,162.4,1.0,high,SLF_IMIS_DAILY_SNOW,False
bumbach,Bumbach,2017-12-01,1,1,True,124.29032258064517,143.0,1.0,1.0,1.0,296.0,1.0,high,SLF_IMIS_DAILY_SNOW,False
bumbach,Bumbach,2018-01-01,1,1,True,138.32258064516128,131.0,1.0,1.0,1.0,130.4,1.0,high,SLF_IMIS_DAILY_SNOW,False
bumbach,Bumbach,2018-02-01,1,1,True,187.39285714285714,193.0,1.0,1.0,1.0,98.80000000000001,1.0,high,SLF_IMIS_DAILY_SNOW,False
bumbach,Bumbach,2018-03-01,1,1,True,223.74193548387098,225.0,1.0,1.0,1.0,210.00000000000003,1.0,high,SLF_IMIS_DAILY_SNOW,False
bumbach,Bumbach,2018-04-01,1,1,True,211.43333333333334,223.0,1.0,1.0,1.0,65.9,1.0,high,SLF_IMIS_DAILY_SNOW,False
bumbach,Bumbach,2018-05-01,1,1,True,44.806451612903224,33.0,0.6451612903225806,0.5806451612903226,0.5483870967741935,3.7,1.0,high,SLF_IMIS_DAILY_SNOW,False
bumbach,Bumbach,2018-06-01,1,1,True,0.0,0.0,0.0,0.0,0.0,0.0,1.0,high,SLF_IMIS_DAILY_SNOW,False
bumbach,Bumbach,2018-07-01,1,1,True,0.0,0.0,0.0,0.0,0.0,0.0,1.0,high,SLF_IMIS_DAILY_SNOW,False
bumbach,Bumbach,2018-08-01,1,1,True,0.0,0.0,0.0,0.0,0.0,0.0,1.0,high,SLF_IMIS_DAILY_SNOW,False
bumbach,Bumbach,2018-09-01,1,1,True,0.0,0.0,0.0,0.0,0.0,0.0,1.0,high,SLF_IMIS_DAILY_SNOW,False
bumbach,Bumbach,2018-10-01,1,1,True,0.5161290322580645,0.0,0.0,0.0,0.0,20.299999999999997,1.0,high,SLF_IMIS_DAILY_SNOW,False
bumbach,Bumbach,2018-11-01,1,1,True,0.9333333333333333,1.0,0.0,0.0,0.0,12.399999999999999,1.0,high,SLF_IMIS_DAILY_SNOW,False
bumbach,Bumbach,2018-12-01,1,1,True,20.967741935483872,27.0,0.7096774193548387,0.6451612903225806,0.25806451612903225,87.0,1.0,high,SLF_IMIS_DAILY_SNOW,False
bumbach,Bumbach,2019-01-01,1,1,True,94.61290322580645,122.0,1.0,1.0,0.9354838709677419,276.6,1.0,high,SLF_IMIS_DAILY_SNOW,False
bumbach,Bumbach,2019-02-01,1,1,True,160.53571428571428,160.5,1.0,1.0,1.0,99.2,1.0,high,SLF_IMIS_DAILY_SNOW,False
bumbach,Bumbach,2019-03-01,1,1,True,150.96774193548387,150.0,1.0,1.0,1.0,75.39999999999999,1.0,high,SLF_IMIS_DAILY_SNOW,False
bumbach,Bumbach,2019-04-01,1,1,True,133.06666666666666,137.0,1.0,1.0,1.0,94.39999999999999,1.0,high,SLF_IMIS_DAILY_SNOW,False
bumbach,Bumbach,2019-05-01,1,1,True,97.58064516129032,109.0,1.0,1.0,1.0,56.099999999999994,1.0,high,SLF_IMIS_DAILY_SNOW,False
bumbach,Bumbach,2019-06-01,1,1,True,5.266666666666667,0.0,0.16666666666666666,0.13333333333333333,0.1,0.0,1.0,high,SLF_IMIS_DAILY_SNOW,False
bumbach,Bumbach,2019-07-01,1,1,True,0.0,0.0,0.0,0.0,0.0,0.0,1.0,high,SLF_IMIS_DAILY_SNOW,False
bumbach,Bumbach,2019-08-01,1,1,True,0.0,0.0,0.0,0.0,0.0,0.0,1.0,high,SLF_IMIS_DAILY_SNOW,False
bumbach,Bumbach,2019-09-01,1,1,True,0.0,0.0,0.0,0.0,0.0,0.0,1.0,high,SLF_IMIS_DAILY_SNOW,False
bumbach,Bumbach,2019-10-01,1,1,True,0.0,0.0,0.0,0.0,0.0,0.0,1.0,high,SLF_IMIS_DAILY_SNOW,False
bumbach,Bumbach,2019-11-01,1,1,True,8.6,10.0,0.5666666666666667,0.0,0.0,71.69999999999999,1.0,high,SLF_IMIS_DAILY_SNOW,False
bumbach,Bumbach,2019-12-01,1,1,True,40.096774193548384,32.0,1.0,0.967741935483871,0.5806451612903226,161.6,1.0,high,SLF_IMIS_DAILY_SNOW,False
bumbach,Bumbach,2020-01-01,1,1,True,65.03225806451613,64.0,1.0,1.0,1.0,75.1,1.0,high,SLF_IMIS_DAILY_SNOW,False
bumbach,Bumbach,2020-02-01,1,1,True,70.58620689655173,69.0,1.0,1.0,1.0,130.69999999999996,1.0,high,SLF_IMIS_DAILY_SNOW,False
bumbach,Bumbach,2020-03-01,1,1,True,110.19354838709677,107.0,1.0,1.0,1.0,113.09999999999998,1.0,high,SLF_IMIS_DAILY_SNOW,False
bumbach,Bumbach,2020-04-01,1,1,True,45.233333333333334,53.5,0.7333333333333333,0.6666666666666666,0.6333333333333333,8.3,1.0,high,SLF_IMIS_DAILY_SNOW,False
bumbach,Bumbach,2020-05-01,1,1,True,0.12903225806451613,0.0,0.0,0.0,0.0,3.0,1.0,high,SLF_IMIS_DAILY_SNOW,False
bumbach,Bumbach,2020-06-01,1,1,True,0.0,0.0,0.0,0.0,0.0,0.0,1.0,high,SLF_IMIS_DAILY_SNOW,False
bumbach,Bumbach,2020-07-01,1,1,True,0.0,0.0,0.0,0.0,0.0,0.0,1.0,high,SLF_IMIS_DAILY_SNOW,False
bumbach,Bumbach,2020-08-01,1,1,True,0.0,0.0,0.0,0.0,0.0,0.0,1.0,high,SLF_IMIS_DAILY_SNOW,False
bumbach,Bumbach,2020-09-01,1,1,True,0.3333333333333333,0.0,0.0,0.0,0.0,13.3,1.0,high,SLF_IMIS_DAILY_SNOW,False
bumbach,Bumbach,2020-10-01,1,1,True,1.5806451612903225,0.0,0.06451612903225806,0.0,0.0,27.7,1.0,high,SLF_IMIS_DAILY_SNOW,False
bumbach,Bumbach,2020-11-01,1,1,True,1.7333333333333334,0.0,0.0,0.0,0.0,14.9,1.0,high,SLF_IMIS_DAILY_SNOW,False
bumbach,Bumbach,2020-12-01,1,1,True,32.25806451612903,34.0,0.9354838709677419,0.8387096774193549,0.7096774193548387,139.10000000000002,1.0,high,SLF_IMIS_DAILY_SNOW,False
bumbach,Bumbach,2021-01-01,1,1,True,106.3225806451613,134.0,1.0,1.0,1.0,395.99999999999994,1.0,high,SLF_IMIS_DAILY_SNOW,False
bumbach,Bumbach,2021-02-01,1,1,True,195.71428571428572,196.0,1.0,1.0,1.0,80.2,1.0,high,SLF_IMIS_DAILY_SNOW,False
bumbach,Bumbach,2021-03-01,1,1,True,207.41935483870967,216.0,1.0,1.0,1.0,201.9,1.0,high,SLF_IMIS_DAILY_SNOW,False
bumbach,Bumbach,2021-04-01,1,1,True,192.96666666666667,195.0,1.0,1.0,1.0,62.3,1.0,high,SLF_IMIS_DAILY_SNOW,False
bumbach,Bumbach,2021-05-01,1,1,True,175.80645161290323,176.0,1.0,1.0,1.0,130.6,1.0,high,SLF_IMIS_DAILY_SNOW,False
bumbach,Bumbach,2021-06-01,1,1,True,42.36666666666667,8.0,0.5,0.4666666666666667,0.43333333333333335,0.0,1.0,high,SLF_IMIS_DAILY_SNOW,False
bumbach,Bumbach,2021-07-01,1,1,True,0.0,0.0,0.0,0.0,0.0,0.0,1.0,high,SLF_IMIS_DAILY_SNOW,False
bumbach,Bumbach,2021-08-01,1,1,True,0.0,0.0,0.0,0.0,0.0,0.0,1.0,high,SLF_IMIS_DAILY_SNOW,False
bumbach,Bumbach,2021-09-01,1,1,True,0.0,0.0,0.0,0.0,0.0,0.0,1.0,high,SLF_IMIS_DAILY_SNOW,False
bumbach,Bumbach,2021-10-01,1,1,True,0.0967741935483871,0.0,0.0,0.0,0.0,8.8,1.0,high,SLF_IMIS_DAILY_SNOW,False
bumbach,Bumbach,2021-11-01,1,1,True,6.166666666666667,1.5,0.23333333333333334,0.06666666666666667,0.03333333333333333,93.30000000000001,1.0,high,SLF_IMIS_DAILY_SNOW,False
bumbach,Bumbach,2021-12-01,1,1,True,110.7741935483871,115.0,1.0,1.0,0.967741935483871,243.80000000000004,1.0,high,SLF_IMIS_DAILY_SNOW,False
bumbach,Bumbach,2022-01-01,1,1,True,107.87096774193549,111.0,1.0,1.0,1.0,69.60000000000001,1.0,high,SLF_IMIS_DAILY_SNOW,False
bumbach,Bumbach,2022-02-01,1,1,True,152.46428571428572,152.0,1.0,1.0,1.0,200.99999999999997,1.0,high,SLF_IMIS_DAILY_SNOW,False
bumbach,Bumbach,2022-03-01,1,1,True,143.2258064516129,150.0,1.0,1.0,1.0,2.4,1.0,high,SLF_IMIS_DAILY_SNOW,False
bumbach,Bumbach,2022-04-01,1,1,True,108.5,111.5,1.0,1.0,1.0,96.90000000000002,1.0,high,SLF_IMIS_DAILY_SNOW,False
bumbach,Bumbach,2022-05-01,1,1,True,21.0,1.0,0.3870967741935484,0.3548387096774194,0.3548387096774194,0.0,1.0,high,SLF_IMIS_DAILY_SNOW,False
bumbach,Bumbach,2022-06-01,1,1,True,0.0,0.0,0.0,0.0,0.0,0.0,1.0,high,SLF_IMIS_DAILY_SNOW,False
bumbach,Bumbach,2022-07-01,1,1,True,0.0,0.0,0.0,0.0,0.0,0.0,1.0,high,SLF_IMIS_DAILY_SNOW,False
bumbach,Bumbach,2022-08-01,1,0,False,NA,NA,NA,NA,NA,NA,0.7419354838709677,high,SLF_IMIS_DAILY_SNOW,False
bumbach,Bumbach,2022-09-01,1,0,False,NA,NA,NA,NA,NA,NA,0.5,high,SLF_IMIS_DAILY_SNOW,False
bumbach,Bumbach,2022-10-01,1,1,True,0.0,0.0,0.0,0.0,0.0,0.0,1.0,high,SLF_IMIS_DAILY_SNOW,False
bumbach,Bumbach,2022-11-01,1,1,True,5.566666666666666,6.0,0.2,0.03333333333333333,0.0,51.8,1.0,high,SLF_IMIS_DAILY_SNOW,False
bumbach,Bumbach,2022-12-01,1,1,True,18.419354838709676,14.0,0.7419354838709677,0.45161290322580644,0.25806451612903225,79.6,1.0,high,SLF_IMIS_DAILY_SNOW,False
bumbach,Bumbach,2023-01-01,1,1,True,24.161290322580644,28.0,0.7096774193548387,0.6774193548387096,0.4838709677419355,106.6,1.0,high,SLF_IMIS_DAILY_SNOW,False
bumbach,Bumbach,2023-02-01,1,1,True,37.07142857142857,36.5,1.0,1.0,0.9285714285714286,35.3,1.0,high,SLF_IMIS_DAILY_SNOW,False
bumbach,Bumbach,2023-03-01,1,1,True,61.70967741935484,65.0,1.0,1.0,1.0,162.8,1.0,high,SLF_IMIS_DAILY_SNOW,False
bumbach,Bumbach,2023-04-01,1,1,True,100.73333333333333,97.5,1.0,1.0,1.0,159.1,1.0,high,SLF_IMIS_DAILY_SNOW,False
bumbach,Bumbach,2023-05-01,1,1,True,26.483870967741936,21.0,0.6451612903225806,0.5806451612903226,0.3548387096774194,5.5,1.0,high,SLF_IMIS_DAILY_SNOW,False
bumbach,Bumbach,2023-06-01,1,1,True,0.0,0.0,0.0,0.0,0.0,0.0,1.0,high,SLF_IMIS_DAILY_SNOW,False
bumbach,Bumbach,2023-07-01,1,1,True,0.0,0.0,0.0,0.0,0.0,0.0,1.0,high,SLF_IMIS_DAILY_SNOW,False
bumbach,Bumbach,2023-08-01,1,1,True,0.0,0.0,0.0,0.0,0.0,0.0,1.0,high,SLF_IMIS_DAILY_SNOW,False
bumbach,Bumbach,2023-09-01,1,1,True,0.0,0.0,0.0,0.0,0.0,0.0,1.0,high,SLF_IMIS_DAILY_SNOW,False
bumbach,Bumbach,2023-10-01,1,1,True,0.0,0.0,0.0,0.0,0.0,0.0,1.0,high,SLF_IMIS_DAILY_SNOW,False
bumbach,Bumbach,2023-11-01,1,1,True,10.833333333333334,10.0,0.5333333333333333,0.06666666666666667,0.06666666666666667,140.79999999999998,1.0,high,SLF_IMIS_DAILY_SNOW,False
bumbach,Bumbach,2023-12-01,1,1,True,75.25806451612904,76.0,1.0,1.0,1.0,182.8,1.0,high,SLF_IMIS_DAILY_SNOW,False
bumbach,Bumbach,2024-01-01,1,1,True,105.96774193548387,110.0,1.0,1.0,1.0,120.39999999999999,1.0,high,SLF_IMIS_DAILY_SNOW,False
bumbach,Bumbach,2024-02-01,1,1,True,106.48275862068965,107.0,1.0,1.0,1.0,84.3,1.0,high,SLF_IMIS_DAILY_SNOW,False
bumbach,Bumbach,2024-03-01,1,1,True,151.93548387096774,159.0,1.0,1.0,1.0,178.20000000000002,1.0,high,SLF_IMIS_DAILY_SNOW,False
bumbach,Bumbach,2024-04-01,1,1,True,155.93333333333334,157.0,1.0,1.0,1.0,218.20000000000002,1.0,high,SLF_IMIS_DAILY_SNOW,False
bumbach,Bumbach,2024-05-01,1,1,True,70.48387096774194,68.0,0.8387096774193549,0.7741935483870968,0.7096774193548387,8.2,1.0,high,SLF_IMIS_DAILY_SNOW,False
bumbach,Bumbach,2024-06-01,1,1,True,1.1,0.0,0.06666666666666667,0.0,0.0,14.3,1.0,high,SLF_IMIS_DAILY_SNOW,False
bumbach,Bumbach,2024-07-01,1,1,True,0.0,0.0,0.0,0.0,0.0,0.0,1.0,high,SLF_IMIS_DAILY_SNOW,False
bumbach,Bumbach,2024-08-01,1,1,True,0.0,0.0,0.0,0.0,0.0,0.0,1.0,high,SLF_IMIS_DAILY_SNOW,False
bumbach,Bumbach,2024-09-01,1,1,True,0.5333333333333333,0.0,0.0,0.0,0.0,17.1,1.0,high,SLF_IMIS_DAILY_SNOW,False
bumbach,Bumbach,2024-10-01,1,1,True,0.0,0.0,0.0,0.0,0.0,0.0,1.0,high,SLF_IMIS_DAILY_SNOW,False
bumbach,Bumbach,2024-11-01,1,1,True,4.666666666666667,3.0,0.2,0.0,0.0,48.9,1.0,high,SLF_IMIS_DAILY_SNOW,False
bumbach,Bumbach,2024-12-01,1,1,True,48.32258064516129,35.0,0.9032258064516129,0.8387096774193549,0.5483870967741935,198.5,1.0,high,SLF_IMIS_DAILY_SNOW,False
bumbach,Bumbach,2025-01-01,1,1,True,87.70967741935483,82.0,1.0,1.0,1.0,119.7,1.0,high,SLF_IMIS_DAILY_SNOW,False
bumbach,Bumbach,2025-02-01,1,1,True,117.21428571428571,117.5,1.0,1.0,1.0,52.2,1.0,high,SLF_IMIS_DAILY_SNOW,False
bumbach,Bumbach,2025-03-01,1,1,True,113.29032258064517,114.0,1.0,1.0,1.0,40.1,1.0,high,SLF_IMIS_DAILY_SNOW,False
bumbach,Bumbach,2025-04-01,1,1,True,63.233333333333334,58.0,1.0,1.0,0.9666666666666667,64.60000000000001,1.0,high,SLF_IMIS_DAILY_SNOW,False
bumbach,Bumbach,2025-05-01,1,1,True,1.4838709677419355,0.0,0.06451612903225806,0.03225806451612903,0.0,0.0,1.0,high,SLF_IMIS_DAILY_SNOW,False
bumbach,Bumbach,2025-06-01,1,1,True,0.0,0.0,0.0,0.0,0.0,0.0,1.0,high,SLF_IMIS_DAILY_SNOW,False
bumbach,Bumbach,2025-07-01,1,1,True,0.0,0.0,0.0,0.0,0.0,0.0,1.0,high,SLF_IMIS_DAILY_SNOW,False
bumbach,Bumbach,2025-08-01,1,1,True,0.0,0.0,0.0,0.0,0.0,0.0,1.0,high,SLF_IMIS_DAILY_SNOW,False
bumbach,Bumbach,2025-09-01,1,1,True,0.0,0.0,0.0,0.0,0.0,0.0,1.0,high,SLF_IMIS_DAILY_SNOW,False
bumbach,Bumbach,2025-10-01,1,1,True,4.451612903225806,0.0,0.16129032258064516,0.12903225806451613,0.0,54.6,1.0,high,SLF_IMIS_DAILY_SNOW,False
bumbach,Bumbach,2025-11-01,1,1,True,27.033333333333335,18.0,0.9333333333333333,0.3333333333333333,0.23333333333333334,149.4,1.0,high,SLF_IMIS_DAILY_SNOW,False
bumbach,Bumbach,2025-12-01,1,1,True,53.354838709677416,49.0,1.0,1.0,1.0,15.3,1.0,high,SLF_IMIS_DAILY_SNOW,False
bumbach,Bumbach,2026-01-01,1,1,True,72.16129032258064,78.0,1.0,1.0,1.0,103.8,1.0,high,SLF_IMIS_DAILY_SNOW,False
bumbach,Bumbach,2026-02-01,1,1,True,119.14285714285714,116.5,1.0,1.0,1.0,169.6,1.0,high,SLF_IMIS_DAILY_SNOW,False
bumbach,Bumbach,2026-03-01,1,1,True,131.83870967741936,126.0,1.0,1.0,1.0,147.4,1.0,high,SLF_IMIS_DAILY_SNOW,False
crans_montana,Crans-Montana,2013-01-01,1,1,True,217.03225806451613,214.0,1.0,1.0,1.0,110.30000000000001,1.0,moderate,SLF_IMIS_DAILY_SNOW,False
crans_montana,Crans-Montana,2013-02-01,1,1,True,289.2857142857143,288.5,1.0,1.0,1.0,255.79999999999995,1.0,moderate,SLF_IMIS_DAILY_SNOW,False
crans_montana,Crans-Montana,2013-03-01,1,1,True,280.96774193548384,271.0,1.0,1.0,1.0,163.4,1.0,moderate,SLF_IMIS_DAILY_SNOW,False
crans_montana,Crans-Montana,2013-04-01,1,1,True,300.6666666666667,300.5,1.0,1.0,1.0,119.50000000000001,1.0,moderate,SLF_IMIS_DAILY_SNOW,False
crans_montana,Crans-Montana,2013-05-01,1,1,True,228.48387096774192,227.0,1.0,1.0,1.0,110.39999999999999,1.0,moderate,SLF_IMIS_DAILY_SNOW,False
crans_montana,Crans-Montana,2013-06-01,1,1,True,167.33333333333334,175.0,1.0,1.0,1.0,37.9,1.0,moderate,SLF_IMIS_DAILY_SNOW,False
crans_montana,Crans-Montana,2013-07-01,1,1,True,22.70967741935484,0.0,0.41935483870967744,0.3870967741935484,0.3548387096774194,0.0,1.0,moderate,SLF_IMIS_DAILY_SNOW,False
crans_montana,Crans-Montana,2013-08-01,1,1,True,0.0,0.0,0.0,0.0,0.0,0.0,1.0,moderate,SLF_IMIS_DAILY_SNOW,False
crans_montana,Crans-Montana,2013-09-01,1,1,True,0.3,0.0,0.0,0.0,0.0,10.5,1.0,moderate,SLF_IMIS_DAILY_SNOW,False
crans_montana,Crans-Montana,2013-10-01,1,1,True,5.451612903225806,0.0,0.25806451612903225,0.06451612903225806,0.0,52.2,1.0,moderate,SLF_IMIS_DAILY_SNOW,False
crans_montana,Crans-Montana,2013-11-01,1,1,True,45.93333333333333,52.0,0.9,0.9,0.9,161.39999999999998,1.0,moderate,SLF_IMIS_DAILY_SNOW,False
crans_montana,Crans-Montana,2013-12-01,1,1,True,62.03225806451613,53.0,1.0,1.0,1.0,87.9,1.0,moderate,SLF_IMIS_DAILY_SNOW,False
crans_montana,Crans-Montana,2014-01-01,1,1,True,118.12903225806451,118.0,1.0,1.0,1.0,164.4,1.0,moderate,SLF_IMIS_DAILY_SNOW,False
crans_montana,Crans-Montana,2014-02-01,1,1,True,178.85714285714286,192.0,1.0,1.0,1.0,309.7,1.0,moderate,SLF_IMIS_DAILY_SNOW,False
crans_montana,Crans-Montana,2014-03-01,1,1,True,187.74193548387098,183.0,1.0,1.0,1.0,46.50000000000001,1.0,moderate,SLF_IMIS_DAILY_SNOW,False
crans_montana,Crans-Montana,2014-04-01,1,1,True,150.6,148.5,1.0,1.0,1.0,69.1,1.0,moderate,SLF_IMIS_DAILY_SNOW,False
crans_montana,Crans-Montana,2014-05-01,1,1,True,131.70967741935485,138.0,1.0,1.0,1.0,56.5,1.0,moderate,SLF_IMIS_DAILY_SNOW,False
crans_montana,Crans-Montana,2014-06-01,1,1,True,25.633333333333333,0.0,0.4,0.36666666666666664,0.36666666666666664,0.0,1.0,moderate,SLF_IMIS_DAILY_SNOW,False
crans_montana,Crans-Montana,2014-07-01,1,1,True,0.0,0.0,0.0,0.0,0.0,0.0,1.0,moderate,SLF_IMIS_DAILY_SNOW,False
crans_montana,Crans-Montana,2014-08-01,1,1,True,0.0,0.0,0.0,0.0,0.0,0.0,1.0,moderate,SLF_IMIS_DAILY_SNOW,False
crans_montana,Crans-Montana,2014-09-01,1,1,True,0.0,0.0,0.0,0.0,0.0,0.0,1.0,moderate,SLF_IMIS_DAILY_SNOW,False
crans_montana,Crans-Montana,2014-10-01,1,1,True,0.7419354838709677,0.0,0.0,0.0,0.0,9.6,1.0,moderate,SLF_IMIS_DAILY_SNOW,False
crans_montana,Crans-Montana,2014-11-01,1,1,True,25.6,28.0,0.8333333333333334,0.7333333333333333,0.5,84.29999999999998,1.0,moderate,SLF_IMIS_DAILY_SNOW,False
crans_montana,Crans-Montana,2014-12-01,1,1,True,47.67741935483871,38.0,1.0,1.0,0.9032258064516129,152.5,1.0,moderate,SLF_IMIS_DAILY_SNOW,False
crans_montana,Crans-Montana,2015-01-01,1,1,True,109.90322580645162,112.0,1.0,1.0,1.0,285.1,1.0,moderate,SLF_IMIS_DAILY_SNOW,False
crans_montana,Crans-Montana,2015-02-01,1,1,True,179.5,175.5,1.0,1.0,1.0,124.70000000000002,1.0,moderate,SLF_IMIS_DAILY_SNOW,False
crans_montana,Crans-Montana,2015-03-01,1,1,True,208.67741935483872,205.0,1.0,1.0,1.0,233.59999999999997,1.0,moderate,SLF_IMIS_DAILY_SNOW,False
crans_montana,Crans-Montana,2015-04-01,1,1,True,235.6,235.5,1.0,1.0,1.0,147.49999999999997,1.0,moderate,SLF_IMIS_DAILY_SNOW,False
crans_montana,Crans-Montana,2015-05-01,1,1,True,170.41935483870967,161.0,1.0,1.0,1.0,106.10000000000001,1.0,moderate,SLF_IMIS_DAILY_SNOW,False
crans_montana,Crans-Montana,2015-06-01,1,1,True,35.46666666666667,16.5,0.5333333333333333,0.5,0.43333333333333335,0.0,1.0,moderate,SLF_IMIS_DAILY_SNOW,False
crans_montana,Crans-Montana,2015-07-01,1,1,True,0.0,0.0,0.0,0.0,0.0,0.0,1.0,moderate,SLF_IMIS_DAILY_SNOW,False
crans_montana,Crans-Montana,2015-08-01,1,1,True,0.0,0.0,0.0,0.0,0.0,0.0,1.0,moderate,SLF_IMIS_DAILY_SNOW,False
crans_montana,Crans-Montana,2015-09-01,1,1,True,0.26666666666666666,0.0,0.0,0.0,0.0,8.1,1.0,moderate,SLF_IMIS_DAILY_SNOW,False
crans_montana,Crans-Montana,2015-10-01,1,1,True,1.6129032258064515,0.0,0.0,0.0,0.0,31.7,1.0,moderate,SLF_IMIS_DAILY_SNOW,False
crans_montana,Crans-Montana,2015-11-01,1,1,True,15.933333333333334,0.0,0.3333333333333333,0.3,0.3,123.39999999999999,1.0,moderate,SLF_IMIS_DAILY_SNOW,False
crans_montana,Crans-Montana,2015-12-01,1,1,True,54.516129032258064,55.0,1.0,1.0,1.0,20.1,1.0,moderate,SLF_IMIS_DAILY_SNOW,False
crans_montana,Crans-Montana,2016-01-01,1,1,True,175.8709677419355,197.0,1.0,1.0,1.0,510.2,1.0,moderate,SLF_IMIS_DAILY_SNOW,False
crans_montana,Crans-Montana,2016-02-01,1,1,True,300.41379310344826,314.0,1.0,1.0,1.0,448.30000000000007,1.0,moderate,SLF_IMIS_DAILY_SNOW,False
crans_montana,Crans-Montana,2016-03-01,1,1,True,335.83870967741933,334.0,1.0,1.0,1.0,137.29999999999998,1.0,moderate,SLF_IMIS_DAILY_SNOW,False
crans_montana,Crans-Montana,2016-04-01,1,1,True,291.43333333333334,290.5,1.0,1.0,1.0,85.39999999999999,1.0,moderate,SLF_IMIS_DAILY_SNOW,False
crans_montana,Crans-Montana,2016-05-01,1,1,True,270.06451612903226,271.0,1.0,1.0,1.0,145.7,1.0,moderate,SLF_IMIS_DAILY_SNOW,False
crans_montana,Crans-Montana,2016-06-01,1,1,True,174.06666666666666,175.5,1.0,1.0,1.0,2.0,1.0,moderate,SLF_IMIS_DAILY_SNOW,False
crans_montana,Crans-Montana,2016-07-01,1,1,True,17.35483870967742,0.0,0.3225806451612903,0.2903225806451613,0.25806451612903225,0.0,1.0,moderate,SLF_IMIS_DAILY_SNOW,False
crans_montana,Crans-Montana,2016-08-01,1,1,True,0.0,0.0,0.0,0.0,0.0,0.0,1.0,moderate,SLF_IMIS_DAILY_SNOW,False
crans_montana,Crans-Montana,2016-09-01,1,1,True,0.0,0.0,0.0,0.0,0.0,0.0,1.0,moderate,SLF_IMIS_DAILY_SNOW,False
crans_montana,Crans-Montana,2016-10-01,1,1,True,1.1612903225806452,1.0,0.0,0.0,0.0,7.1,1.0,moderate,SLF_IMIS_DAILY_SNOW,False
crans_montana,Crans-Montana,2016-11-01,1,1,True,60.46666666666667,75.5,0.8333333333333334,0.8333333333333334,0.8,237.7,1.0,moderate,SLF_IMIS_DAILY_SNOW,False
crans_montana,Crans-Montana,2016-12-01,1,1,True,68.51612903225806,68.0,1.0,1.0,1.0,9.0,1.0,moderate,SLF_IMIS_DAILY_SNOW,False
crans_montana,Crans-Montana,2017-01-01,1,1,True,100.80645161290323,109.0,1.0,1.0,1.0,154.3,1.0,moderate,SLF_IMIS_DAILY_SNOW,False
crans_montana,Crans-Montana,2017-02-01,1,1,True,153.21428571428572,152.0,1.0,1.0,1.0,150.7,1.0,moderate,SLF_IMIS_DAILY_SNOW,False
crans_montana,Crans-Montana,2017-03-01,1,1,True,231.6451612903226,225.0,1.0,1.0,1.0,317.1,1.0,moderate,SLF_IMIS_DAILY_SNOW,False
crans_montana,Crans-Montana,2017-04-01,1,1,True,183.13333333333333,181.0,1.0,1.0,1.0,94.0,1.0,moderate,SLF_IMIS_DAILY_SNOW,False
crans_montana,Crans-Montana,2017-05-01,1,1,True,166.09677419354838,172.0,1.0,1.0,1.0,92.10000000000001,1.0,moderate,SLF_IMIS_DAILY_SNOW,False
crans_montana,Crans-Montana,2017-06-01,1,1,True,28.966666666666665,0.5,0.4666666666666667,0.43333333333333335,0.4,0.0,1.0,moderate,SLF_IMIS_DAILY_SNOW,False
crans_montana,Crans-Montana,2017-07-01,1,1,True,0.0,0.0,0.0,0.0,0.0,0.0,1.0,moderate,SLF_IMIS_DAILY_SNOW,False
crans_montana,Crans-Montana,2017-08-01,1,1,True,0.0,0.0,0.0,0.0,0.0,0.0,1.0,moderate,SLF_IMIS_DAILY_SNOW,False
crans_montana,Crans-Montana,2017-09-01,1,1,True,0.7666666666666667,0.0,0.0,0.0,0.0,19.9,1.0,moderate,SLF_IMIS_DAILY_SNOW,False
crans_montana,Crans-Montana,2017-10-01,1,1,True,1.903225806451613,0.0,0.0967741935483871,0.0,0.0,27.200000000000003,1.0,moderate,SLF_IMIS_DAILY_SNOW,False
crans_montana,Crans-Montana,2017-11-01,1,1,True,37.7,47.5,0.8333333333333334,0.6333333333333333,0.6,165.90000000000003,1.0,moderate,SLF_IMIS_DAILY_SNOW,False
crans_montana,Crans-Montana,2017-12-01,1,1,True,146.7741935483871,168.0,1.0,1.0,1.0,419.29999999999995,1.0,moderate,SLF_IMIS_DAILY_SNOW,False
crans_montana,Crans-Montana,2018-01-01,1,1,True,319.2903225806452,284.0,1.0,1.0,1.0,620.9,1.0,moderate,SLF_IMIS_DAILY_SNOW,False
crans_montana,Crans-Montana,2018-02-01,1,1,True,375.60714285714283,377.5,1.0,1.0,1.0,87.5,1.0,moderate,SLF_IMIS_DAILY_SNOW,False
crans_montana,Crans-Montana,2018-03-01,1,1,True,403.96774193548384,402.0,1.0,1.0,1.0,183.2,1.0,moderate,SLF_IMIS_DAILY_SNOW,False
crans_montana,Crans-Montana,2018-04-01,1,1,True,381.96666666666664,396.0,1.0,1.0,1.0,67.0,1.0,moderate,SLF_IMIS_DAILY_SNOW,False
crans_montana,Crans-Montana,2018-05-01,1,1,True,273.4193548387097,273.0,1.0,1.0,1.0,34.4,1.0,moderate,SLF_IMIS_DAILY_SNOW,False
crans_montana,Crans-Montana,2018-06-01,1,1,True,116.16666666666667,121.5,0.9666666666666667,0.9333333333333333,0.9,0.0,1.0,moderate,SLF_IMIS_DAILY_SNOW,False
crans_montana,Crans-Montana,2018-07-01,1,1,True,0.0,0.0,0.0,0.0,0.0,0.0,1.0,moderate,SLF_IMIS_DAILY_SNOW,False
crans_montana,Crans-Montana,2018-08-01,1,1,True,0.0,0.0,0.0,0.0,0.0,0.0,1.0,moderate,SLF_IMIS_DAILY_SNOW,False
crans_montana,Crans-Montana,2018-09-01,1,1,True,0.0,0.0,0.0,0.0,0.0,0.0,1.0,moderate,SLF_IMIS_DAILY_SNOW,False
crans_montana,Crans-Montana,2018-10-01,1,1,True,3.967741935483871,0.0,0.12903225806451613,0.12903225806451613,0.03225806451612903,66.8,1.0,moderate,SLF_IMIS_DAILY_SNOW,False
crans_montana,Crans-Montana,2018-11-01,1,1,True,28.333333333333332,26.5,1.0,1.0,0.3333333333333333,42.099999999999994,1.0,moderate,SLF_IMIS_DAILY_SNOW,False
crans_montana,Crans-Montana,2018-12-01,1,1,True,142.70967741935485,157.0,1.0,1.0,1.0,398.00000000000006,1.0,moderate,SLF_IMIS_DAILY_SNOW,False
crans_montana,Crans-Montana,2019-01-01,1,1,True,211.67741935483872,221.0,1.0,1.0,1.0,218.0,1.0,moderate,SLF_IMIS_DAILY_SNOW,False
crans_montana,Crans-Montana,2019-02-01,1,1,True,251.28571428571428,250.0,1.0,1.0,1.0,96.00000000000001,1.0,moderate,SLF_IMIS_DAILY_SNOW,False
crans_montana,Crans-Montana,2019-03-01,1,1,True,304.6774193548387,316.0,1.0,1.0,1.0,282.29999999999995,1.0,moderate,SLF_IMIS_DAILY_SNOW,False
crans_montana,Crans-Montana,2019-04-01,1,1,True,299.56666666666666,302.5,1.0,1.0,1.0,94.8,1.0,moderate,SLF_IMIS_DAILY_SNOW,False
crans_montana,Crans-Montana,2019-05-01,1,1,True,288.03225806451616,286.0,1.0,1.0,1.0,149.5,1.0,moderate,SLF_IMIS_DAILY_SNOW,False
crans_montana,Crans-Montana,2019-06-01,1,1,True,168.0,171.5,1.0,1.0,1.0,0.0,1.0,moderate,SLF_IMIS_DAILY_SNOW,False
crans_montana,Crans-Montana,2019-07-01,1,1,True,3.032258064516129,0.0,0.0967741935483871,0.06451612903225806,0.03225806451612903,0.0,1.0,moderate,SLF_IMIS_DAILY_SNOW,False
crans_montana,Crans-Montana,2019-08-01,1,1,True,0.0,0.0,0.0,0.0,0.0,0.0,1.0,moderate,SLF_IMIS_DAILY_SNOW,False
crans_montana,Crans-Montana,2019-09-01,1,1,True,0.0,0.0,0.0,0.0,0.0,0.0,1.0,moderate,SLF_IMIS_DAILY_SNOW,False
crans_montana,Crans-Montana,2019-10-01,1,1,True,1.8387096774193548,0.0,0.0967741935483871,0.0,0.0,0.0,1.0,moderate,SLF_IMIS_DAILY_SNOW,False
crans_montana,Crans-Montana,2019-11-01,1,1,True,44.53333333333333,46.0,0.9,0.8666666666666667,0.8666666666666667,218.6,1.0,moderate,SLF_IMIS_DAILY_SNOW,False
crans_montana,Crans-Montana,2019-12-01,1,1,True,140.38709677419354,138.0,1.0,1.0,1.0,310.6,1.0,moderate,SLF_IMIS_DAILY_SNOW,False
crans_montana,Crans-Montana,2020-01-01,1,1,True,163.74193548387098,159.0,1.0,1.0,1.0,127.99999999999999,1.0,moderate,SLF_IMIS_DAILY_SNOW,False
crans_montana,Crans-Montana,2020-02-01,1,1,True,263.6896551724138,264.0,1.0,1.0,1.0,328.6,1.0,moderate,SLF_IMIS_DAILY_SNOW,False
crans_montana,Crans-Montana,2020-03-01,1,1,True,331.258064516129,328.0,1.0,1.0,1.0,223.5,1.0,moderate,SLF_IMIS_DAILY_SNOW,False
crans_montana,Crans-Montana,2020-04-01,1,1,True,264.4,266.5,1.0,1.0,1.0,17.1,1.0,moderate,SLF_IMIS_DAILY_SNOW,False
crans_montana,Crans-Montana,2020-05-01,1,1,True,195.2258064516129,204.0,1.0,1.0,1.0,82.5,1.0,moderate,SLF_IMIS_DAILY_SNOW,False
crans_montana,Crans-Montana,2020-06-01,1,1,True,45.233333333333334,46.0,0.7333333333333333,0.7,0.6333333333333333,2.0,1.0,moderate,SLF_IMIS_DAILY_SNOW,False
crans_montana,Crans-Montana,2020-07-01,1,1,True,0.0,0.0,0.0,0.0,0.0,0.0,1.0,moderate,SLF_IMIS_DAILY_SNOW,False
crans_montana,Crans-Montana,2020-08-01,1,1,True,0.12903225806451613,0.0,0.0,0.0,0.0,4.5,1.0,moderate,SLF_IMIS_DAILY_SNOW,False
crans_montana,Crans-Montana,2020-09-01,1,1,True,1.0333333333333334,0.0,0.06666666666666667,0.0,0.0,24.099999999999998,1.0,moderate,SLF_IMIS_DAILY_SNOW,False
crans_montana,Crans-Montana,2020-10-01,1,1,True,13.96774193548387,14.0,0.8709677419354839,0.16129032258064516,0.03225806451612903,69.89999999999999,1.0,moderate,SLF_IMIS_DAILY_SNOW,False
crans_montana,Crans-Montana,2020-11-01,1,1,True,16.1,18.0,1.0,0.16666666666666666,0.0,13.399999999999999,1.0,moderate,SLF_IMIS_DAILY_SNOW,False
crans_montana,Crans-Montana,2020-12-01,1,1,True,58.354838709677416,58.0,1.0,0.967741935483871,0.9354838709677419,189.4,1.0,moderate,SLF_IMIS_DAILY_SNOW,False
crans_montana,Crans-Montana,2021-01-01,1,1,True,134.38709677419354,125.0,1.0,1.0,1.0,411.20000000000005,1.0,moderate,SLF_IMIS_DAILY_SNOW,False
crans_montana,Crans-Montana,2021-02-01,1,1,True,246.82142857142858,248.5,1.0,1.0,1.0,175.9,1.0,moderate,SLF_IMIS_DAILY_SNOW,False
crans_montana,Crans-Montana,2021-03-01,1,1,True,264.0967741935484,273.0,1.0,1.0,1.0,236.70000000000005,1.0,moderate,SLF_IMIS_DAILY_SNOW,False
crans_montana,Crans-Montana,2021-04-01,1,1,True,244.9,246.0,1.0,1.0,1.0,74.3,1.0,moderate,SLF_IMIS_DAILY_SNOW,False
crans_montana,Crans-Montana,2021-05-01,1,1,True,274.9032258064516,277.0,1.0,1.0,1.0,277.2,1.0,moderate,SLF_IMIS_DAILY_SNOW,False
crans_montana,Crans-Montana,2021-06-01,1,1,True,164.1,167.5,1.0,1.0,1.0,0.0,1.0,moderate,SLF_IMIS_DAILY_SNOW,False
crans_montana,Crans-Montana,2021-07-01,1,1,True,9.67741935483871,0.0,0.25806451612903225,0.22580645161290322,0.1935483870967742,0.0,1.0,moderate,SLF_IMIS_DAILY_SNOW,False
crans_montana,Crans-Montana,2021-08-01,1,1,True,0.0,0.0,0.0,0.0,0.0,0.0,1.0,moderate,SLF_IMIS_DAILY_SNOW,False
crans_montana,Crans-Montana,2021-09-01,1,1,True,0.6,0.0,0.0,0.0,0.0,8.3,1.0,moderate,SLF_IMIS_DAILY_SNOW,False
crans_montana,Crans-Montana,2021-10-01,1,1,True,0.3225806451612903,0.0,0.0,0.0,0.0,2.2,1.0,moderate,SLF_IMIS_DAILY_SNOW,False
crans_montana,Crans-Montana,2021-11-01,1,1,True,6.533333333333333,3.5,0.36666666666666664,0.0,0.0,63.5,1.0,moderate,SLF_IMIS_DAILY_SNOW,False
crans_montana,Crans-Montana,2021-12-01,1,1,True,92.74193548387096,92.0,1.0,0.967741935483871,0.9032258064516129,337.29999999999995,1.0,moderate,SLF_IMIS_DAILY_SNOW,False
crans_montana,Crans-Montana,2022-01-01,1,1,True,120.48387096774194,117.0,1.0,1.0,1.0,65.69999999999999,1.0,moderate,SLF_IMIS_DAILY_SNOW,False
crans_montana,Crans-Montana,2022-02-01,1,1,True,175.82142857142858,168.0,1.0,1.0,1.0,254.5,1.0,moderate,SLF_IMIS_DAILY_SNOW,False
crans_montana,Crans-Montana,2022-03-01,1,1,True,186.83870967741936,194.0,1.0,1.0,1.0,15.4,1.0,moderate,SLF_IMIS_DAILY_SNOW,False
crans_montana,Crans-Montana,2022-04-01,1,1,True,195.63333333333333,191.0,1.0,1.0,1.0,224.8,1.0,moderate,SLF_IMIS_DAILY_SNOW,False
crans_montana,Crans-Montana,2022-05-01,1,1,True,131.03225806451613,145.0,1.0,1.0,1.0,23.5,1.0,moderate,SLF_IMIS_DAILY_SNOW,False
crans_montana,Crans-Montana,2022-06-01,1,1,True,3.8,0.0,0.13333333333333333,0.1,0.06666666666666667,0.0,1.0,moderate,SLF_IMIS_DAILY_SNOW,False
crans_montana,Crans-Montana,2022-07-01,1,1,True,0.0,0.0,0.0,0.0,0.0,0.0,1.0,moderate,SLF_IMIS_DAILY_SNOW,False
crans_montana,Crans-Montana,2022-08-01,1,1,True,0.0,0.0,0.0,0.0,0.0,0.0,1.0,moderate,SLF_IMIS_DAILY_SNOW,False
crans_montana,Crans-Montana,2022-09-01,1,1,True,2.9,0.0,0.1,0.06666666666666667,0.06666666666666667,59.9,1.0,moderate,SLF_IMIS_DAILY_SNOW,False
crans_montana,Crans-Montana,2022-10-01,1,1,True,4.483870967741935,0.0,0.1935483870967742,0.06451612903225806,0.06451612903225806,1.9,1.0,moderate,SLF_IMIS_DAILY_SNOW,False
crans_montana,Crans-Montana,2022-11-01,1,1,True,28.566666666666666,26.0,0.8666666666666667,0.5666666666666667,0.4666666666666667,120.80000000000001,1.0,moderate,SLF_IMIS_DAILY_SNOW,False
crans_montana,Crans-Montana,2022-12-01,1,1,True,76.6774193548387,66.0,1.0,1.0,1.0,235.39999999999998,1.0,moderate,SLF_IMIS_DAILY_SNOW,False
crans_montana,Crans-Montana,2023-01-01,1,1,True,177.93548387096774,181.0,1.0,1.0,1.0,239.3,1.0,moderate,SLF_IMIS_DAILY_SNOW,False
crans_montana,Crans-Montana,2023-02-01,1,1,True,161.42857142857142,160.0,1.0,1.0,1.0,18.3,1.0,moderate,SLF_IMIS_DAILY_SNOW,False
crans_montana,Crans-Montana,2023-03-01,1,1,True,225.32258064516128,244.0,1.0,1.0,1.0,353.6,1.0,moderate,SLF_IMIS_DAILY_SNOW,False
crans_montana,Crans-Montana,2023-04-01,1,1,True,299.3,299.0,1.0,1.0,1.0,243.2,1.0,moderate,SLF_IMIS_DAILY_SNOW,False
crans_montana,Crans-Montana,2023-05-01,1,1,True,240.03225806451613,247.0,1.0,1.0,1.0,28.799999999999997,1.0,moderate,SLF_IMIS_DAILY_SNOW,False
crans_montana,Crans-Montana,2023-06-01,1,1,True,74.36666666666666,78.0,0.7666666666666667,0.7333333333333333,0.7,0.0,1.0,moderate,SLF_IMIS_DAILY_SNOW,False
crans_montana,Crans-Montana,2023-07-01,1,1,True,0.0,0.0,0.0,0.0,0.0,0.0,1.0,moderate,SLF_IMIS_DAILY_SNOW,False
crans_montana,Crans-Montana,2023-08-01,1,1,True,0.22580645161290322,0.0,0.0,0.0,0.0,7.0,1.0,moderate,SLF_IMIS_DAILY_SNOW,False
crans_montana,Crans-Montana,2023-09-01,1,1,True,0.0,0.0,0.0,0.0,0.0,0.0,1.0,moderate,SLF_IMIS_DAILY_SNOW,False
crans_montana,Crans-Montana,2023-10-01,1,1,True,2.4838709677419355,0.0,0.12903225806451613,0.0,0.0,32.1,1.0,moderate,SLF_IMIS_DAILY_SNOW,False
crans_montana,Crans-Montana,2023-11-01,1,1,True,106.46666666666667,113.5,1.0,1.0,0.9333333333333333,403.3,1.0,moderate,SLF_IMIS_DAILY_SNOW,False
crans_montana,Crans-Montana,2023-12-01,1,1,True,248.1290322580645,258.0,1.0,1.0,1.0,628.4,1.0,moderate,SLF_IMIS_DAILY_SNOW,False
crans_montana,Crans-Montana,2024-01-01,1,1,True,304.61290322580646,307.0,1.0,1.0,1.0,399.2,1.0,moderate,SLF_IMIS_DAILY_SNOW,False
crans_montana,Crans-Montana,2024-02-01,1,1,True,321.7931034482759,319.0,1.0,1.0,1.0,149.5,1.0,moderate,SLF_IMIS_DAILY_SNOW,False
crans_montana,Crans-Montana,2024-03-01,1,1,True,356.6774193548387,355.0,1.0,1.0,1.0,221.79999999999998,1.0,moderate,SLF_IMIS_DAILY_SNOW,False
crans_montana,Crans-Montana,2024-04-01,1,1,True,365.3666666666667,366.0,1.0,1.0,1.0,181.20000000000002,1.0,moderate,SLF_IMIS_DAILY_SNOW,False
crans_montana,Crans-Montana,2024-05-01,1,1,True,315.93548387096774,316.0,1.0,1.0,1.0,46.400000000000006,1.0,moderate,SLF_IMIS_DAILY_SNOW,False
crans_montana,Crans-Montana,2024-06-01,1,1,True,193.13333333333333,203.0,1.0,1.0,1.0,8.2,1.0,moderate,SLF_IMIS_DAILY_SNOW,False
crans_montana,Crans-Montana,2024-07-01,1,1,True,15.387096774193548,0.0,0.2903225806451613,0.25806451612903225,0.22580645161290322,0.0,1.0,moderate,SLF_IMIS_DAILY_SNOW,False
crans_montana,Crans-Montana,2024-08-01,1,1,True,0.0,0.0,0.0,0.0,0.0,0.0,1.0,moderate,SLF_IMIS_DAILY_SNOW,False
crans_montana,Crans-Montana,2024-09-01,1,1,True,1.4,0.0,0.03333333333333333,0.0,0.0,22.599999999999998,1.0,moderate,SLF_IMIS_DAILY_SNOW,False
crans_montana,Crans-Montana,2024-10-01,1,1,True,0.06451612903225806,0.0,0.0,0.0,0.0,2.3,1.0,moderate,SLF_IMIS_DAILY_SNOW,False
crans_montana,Crans-Montana,2024-11-01,1,1,True,23.3,1.0,0.36666666666666664,0.36666666666666664,0.3333333333333333,151.5,1.0,moderate,SLF_IMIS_DAILY_SNOW,False
crans_montana,Crans-Montana,2024-12-01,1,1,True,106.41935483870968,85.0,1.0,1.0,1.0,247.5,1.0,moderate,SLF_IMIS_DAILY_SNOW,False
crans_montana,Crans-Montana,2025-01-01,1,1,True,192.4516129032258,190.0,1.0,1.0,1.0,281.7,1.0,moderate,SLF_IMIS_DAILY_SNOW,False
crans_montana,Crans-Montana,2025-02-01,1,1,True,228.71428571428572,227.5,1.0,1.0,1.0,69.8,1.0,moderate,SLF_IMIS_DAILY_SNOW,False
crans_montana,Crans-Montana,2025-03-01,1,1,True,212.16129032258064,212.0,1.0,1.0,1.0,16.099999999999998,1.0,moderate,SLF_IMIS_DAILY_SNOW,False
crans_montana,Crans-Montana,2025-04-01,1,1,True,191.4,191.0,1.0,1.0,1.0,100.60000000000001,1.0,moderate,SLF_IMIS_DAILY_SNOW,False
crans_montana,Crans-Montana,2025-05-01,1,1,True,140.2258064516129,142.0,1.0,1.0,1.0,6.1,1.0,moderate,SLF_IMIS_DAILY_SNOW,False
crans_montana,Crans-Montana,2025-06-01,1,1,True,22.733333333333334,0.0,0.4,0.36666666666666664,0.3333333333333333,0.0,1.0,moderate,SLF_IMIS_DAILY_SNOW,False
crans_montana,Crans-Montana,2025-07-01,1,1,True,0.0,0.0,0.0,0.0,0.0,0.0,1.0,moderate,SLF_IMIS_DAILY_SNOW,False
crans_montana,Crans-Montana,2025-08-01,1,1,True,0.0,0.0,0.0,0.0,0.0,0.0,1.0,moderate,SLF_IMIS_DAILY_SNOW,False
crans_montana,Crans-Montana,2025-09-01,1,1,True,0.36666666666666664,0.0,0.0,0.0,0.0,8.8,1.0,moderate,SLF_IMIS_DAILY_SNOW,False
crans_montana,Crans-Montana,2025-10-01,1,1,True,16.93548387096774,0.0,0.2903225806451613,0.22580645161290322,0.22580645161290322,162.6,1.0,moderate,SLF_IMIS_DAILY_SNOW,False
crans_montana,Crans-Montana,2025-11-01,1,1,True,81.8,69.5,1.0,1.0,1.0,165.1,1.0,moderate,SLF_IMIS_DAILY_SNOW,False
crans_montana,Crans-Montana,2025-12-01,1,1,True,125.29032258064517,126.0,1.0,1.0,1.0,34.5,1.0,moderate,SLF_IMIS_DAILY_SNOW,False
crans_montana,Crans-Montana,2026-01-01,1,1,True,156.1290322580645,166.0,1.0,1.0,1.0,173.79999999999998,1.0,moderate,SLF_IMIS_DAILY_SNOW,False
crans_montana,Crans-Montana,2026-02-01,1,1,True,250.71428571428572,261.0,1.0,1.0,1.0,431.2,1.0,moderate,SLF_IMIS_DAILY_SNOW,False
crans_montana,Crans-Montana,2026-03-01,1,1,True,275.48387096774195,272.0,1.0,1.0,1.0,137.0,1.0,moderate,SLF_IMIS_DAILY_SNOW,False
espace_dent_blanche,Espace Dent Blanche,2013-01-01,2,2,True,116.41935483870967,115.0,1.0,1.0,1.0,92.25,1.0,high,SLF_IMIS_DAILY_SNOW,False
espace_dent_blanche,Espace Dent Blanche,2013-02-01,2,2,True,161.23214285714283,162.75,1.0,1.0,1.0,145.5,1.0,high,SLF_IMIS_DAILY_SNOW,False
espace_dent_blanche,Espace Dent Blanche,2013-03-01,2,2,True,155.11290322580646,152.5,1.0,1.0,1.0,121.85,1.0,high,SLF_IMIS_DAILY_SNOW,False
espace_dent_blanche,Espace Dent Blanche,2013-04-01,2,2,True,160.4,163.25,1.0,1.0,1.0,143.95,1.0,high,SLF_IMIS_DAILY_SNOW,False
espace_dent_blanche,Espace Dent Blanche,2013-05-01,2,2,True,139.43548387096774,138.0,1.0,1.0,1.0,190.75000000000003,1.0,high,SLF_IMIS_DAILY_SNOW,False
espace_dent_blanche,Espace Dent Blanche,2013-06-01,2,2,True,105.8,111.25,0.8333333333333333,0.8166666666666667,0.8,65.30000000000001,1.0,high,SLF_IMIS_DAILY_SNOW,False
espace_dent_blanche,Espace Dent Blanche,2013-07-01,2,2,True,21.548387096774192,17.5,0.3225806451612903,0.3064516129032258,0.25806451612903225,0.0,1.0,high,SLF_IMIS_DAILY_SNOW,False
espace_dent_blanche,Espace Dent Blanche,2013-08-01,2,2,True,0.0,0.0,0.0,0.0,0.0,0.0,1.0,high,SLF_IMIS_DAILY_SNOW,False
espace_dent_blanche,Espace Dent Blanche,2013-09-01,2,2,True,0.21666666666666667,0.0,0.0,0.0,0.0,4.8999999999999995,1.0,high,SLF_IMIS_DAILY_SNOW,False
espace_dent_blanche,Espace Dent Blanche,2013-10-01,2,2,True,4.419354838709677,2.0,0.1935483870967742,0.06451612903225806,0.0,40.25,1.0,high,SLF_IMIS_DAILY_SNOW,False
espace_dent_blanche,Espace Dent Blanche,2013-11-01,2,2,True,35.2,41.75,0.8,0.7833333333333333,0.6833333333333333,121.9,1.0,high,SLF_IMIS_DAILY_SNOW,False
espace_dent_blanche,Espace Dent Blanche,2013-12-01,2,2,True,55.29032258064516,48.5,1.0,1.0,1.0,106.65,1.0,high,SLF_IMIS_DAILY_SNOW,False
espace_dent_blanche,Espace Dent Blanche,2014-01-01,2,2,True,100.11290322580645,102.0,1.0,1.0,1.0,134.0,1.0,high,SLF_IMIS_DAILY_SNOW,False
espace_dent_blanche,Espace Dent Blanche,2014-02-01,2,2,True,145.80357142857142,146.5,1.0,1.0,1.0,212.45,1.0,high,SLF_IMIS_DAILY_SNOW,False
espace_dent_blanche,Espace Dent Blanche,2014-03-01,2,2,True,158.25806451612902,157.5,1.0,1.0,1.0,96.2,1.0,high,SLF_IMIS_DAILY_SNOW,False
espace_dent_blanche,Espace Dent Blanche,2014-04-01,2,2,True,131.1683908045977,128.75,1.0,1.0,1.0,152.95,0.9833333333333334,high,SLF_IMIS_DAILY_SNOW,False
espace_dent_blanche,Espace Dent Blanche,2014-05-01,2,2,True,141.82258064516128,144.5,1.0,1.0,1.0,142.10000000000002,1.0,high,SLF_IMIS_DAILY_SNOW,False
espace_dent_blanche,Espace Dent Blanche,2014-06-01,2,2,True,64.88333333333334,53.75,0.6833333333333333,0.6666666666666666,0.6333333333333333,4.55,1.0,high,SLF_IMIS_DAILY_SNOW,False
espace_dent_blanche,Espace Dent Blanche,2014-07-01,2,2,True,8.741935483870968,6.5,0.25806451612903225,0.22580645161290322,0.16129032258064516,21.75,1.0,high,SLF_IMIS_DAILY_SNOW,False
espace_dent_blanche,Espace Dent Blanche,2014-08-01,2,2,True,0.03225806451612903,0.0,0.0,0.0,0.0,2.0,1.0,high,SLF_IMIS_DAILY_SNOW,False
espace_dent_blanche,Espace Dent Blanche,2014-09-01,2,2,True,0.06666666666666667,0.0,0.0,0.0,0.0,1.95,1.0,high,SLF_IMIS_DAILY_SNOW,False
espace_dent_blanche,Espace Dent Blanche,2014-10-01,2,2,True,0.596774193548387,0.0,0.0,0.0,0.0,12.7,1.0,high,SLF_IMIS_DAILY_SNOW,False
espace_dent_blanche,Espace Dent Blanche,2014-11-01,2,2,True,31.0,34.5,0.75,0.7,0.5666666666666667,117.4,1.0,high,SLF_IMIS_DAILY_SNOW,False
espace_dent_blanche,Espace Dent Blanche,2014-12-01,2,2,True,52.87096774193549,46.0,1.0,1.0,0.8548387096774194,92.15,1.0,high,SLF_IMIS_DAILY_SNOW,False
espace_dent_blanche,Espace Dent Blanche,2015-01-01,2,2,True,92.82258064516128,87.0,1.0,1.0,1.0,147.2,1.0,high,SLF_IMIS_DAILY_SNOW,False
espace_dent_blanche,Espace Dent Blanche,2015-02-01,2,2,True,123.5,121.0,1.0,1.0,1.0,119.45,1.0,high,SLF_IMIS_DAILY_SNOW,False
espace_dent_blanche,Espace Dent Blanche,2015-03-01,2,2,True,144.7290322580645,142.5,1.0,1.0,1.0,204.45000000000002,0.9838709677419355,high,SLF_IMIS_DAILY_SNOW,False
espace_dent_blanche,Espace Dent Blanche,2015-04-01,2,2,True,165.06666666666666,159.25,1.0,1.0,1.0,164.59999999999997,1.0,high,SLF_IMIS_DAILY_SNOW,False
espace_dent_blanche,Espace Dent Blanche,2015-05-01,2,2,True,112.03279569892473,106.5,1.0,1.0,1.0,283.5,0.9838709677419355,high,SLF_IMIS_DAILY_SNOW,False
espace_dent_blanche,Espace Dent Blanche,2015-06-01,2,2,True,30.366666666666667,26.75,0.5,0.4666666666666667,0.38333333333333336,3.0999999999999996,1.0,high,SLF_IMIS_DAILY_SNOW,False
espace_dent_blanche,Espace Dent Blanche,2015-07-01,2,2,True,0.0,0.0,0.0,0.0,0.0,0.0,1.0,high,SLF_IMIS_DAILY_SNOW,False
espace_dent_blanche,Espace Dent Blanche,2015-08-01,2,2,True,0.0,0.0,0.0,0.0,0.0,0.0,1.0,high,SLF_IMIS_DAILY_SNOW,False
espace_dent_blanche,Espace Dent Blanche,2015-09-01,2,2,True,0.11666666666666667,0.0,0.0,0.0,0.0,5.75,1.0,high,SLF_IMIS_DAILY_SNOW,False
espace_dent_blanche,Espace Dent Blanche,2015-10-01,2,2,True,2.161290322580645,1.0,0.03225806451612903,0.0,0.0,33.2,1.0,high,SLF_IMIS_DAILY_SNOW,False
espace_dent_blanche,Espace Dent Blanche,2015-11-01,2,2,True,13.766666666666667,3.5,0.31666666666666665,0.3,0.25,95.45,1.0,high,SLF_IMIS_DAILY_SNOW,False
espace_dent_blanche,Espace Dent Blanche,2015-12-01,2,2,True,33.04838709677419,33.5,1.0,1.0,0.5,15.100000000000001,1.0,high,SLF_IMIS_DAILY_SNOW,False
espace_dent_blanche,Espace Dent Blanche,2016-01-01,2,2,True,83.06451612903226,87.0,1.0,1.0,0.967741935483871,198.55,1.0,high,SLF_IMIS_DAILY_SNOW,False
espace_dent_blanche,Espace Dent Blanche,2016-02-01,2,2,True,139.70689655172413,141.5,1.0,1.0,1.0,253.65,1.0,high,SLF_IMIS_DAILY_SNOW,False
espace_dent_blanche,Espace Dent Blanche,2016-03-01,2,2,True,163.16129032258067,161.5,1.0,1.0,1.0,106.6,1.0,high,SLF_IMIS_DAILY_SNOW,False
espace_dent_blanche,Espace Dent Blanche,2016-04-01,2,2,True,153.95000000000002,151.5,1.0,1.0,1.0,176.5,1.0,high,SLF_IMIS_DAILY_SNOW,False
espace_dent_blanche,Espace Dent Blanche,2016-05-01,2,2,True,159.53225806451613,159.0,1.0,1.0,1.0,207.95,1.0,high,SLF_IMIS_DAILY_SNOW,False
espace_dent_blanche,Espace Dent Blanche,2016-06-01,2,2,True,97.03333333333333,96.75,0.8666666666666667,0.85,0.7833333333333333,25.5,1.0,high,SLF_IMIS_DAILY_SNOW,False
espace_dent_blanche,Espace Dent Blanche,2016-07-01,2,2,True,14.112903225806452,8.0,0.27419354838709675,0.22580645161290322,0.1774193548387097,10.45,1.0,high,SLF_IMIS_DAILY_SNOW,False
espace_dent_blanche,Espace Dent Blanche,2016-08-01,2,2,True,0.0,0.0,0.0,0.0,0.0,0.0,1.0,high,SLF_IMIS_DAILY_SNOW,False
espace_dent_blanche,Espace Dent Blanche,2016-09-01,2,2,True,0.1,0.0,0.0,0.0,0.0,6.0,1.0,high,SLF_IMIS_DAILY_SNOW,False
espace_dent_blanche,Espace Dent Blanche,2016-10-01,2,2,True,1.1612903225806452,0.5,0.03225806451612903,0.0,0.0,12.65,1.0,high,SLF_IMIS_DAILY_SNOW,False
espace_dent_blanche,Espace Dent Blanche,2016-11-01,2,2,True,32.18333333333334,39.0,0.7833333333333333,0.7333333333333334,0.41666666666666663,130.10000000000002,1.0,high,SLF_IMIS_DAILY_SNOW,False
espace_dent_blanche,Espace Dent Blanche,2016-12-01,2,2,True,39.70967741935484,37.5,1.0,1.0,0.5,19.099999999999998,1.0,high,SLF_IMIS_DAILY_SNOW,False
espace_dent_blanche,Espace Dent Blanche,2017-01-01,2,2,True,71.91935483870968,79.0,1.0,1.0,0.9193548387096775,128.95,1.0,high,SLF_IMIS_DAILY_SNOW,False
espace_dent_blanche,Espace Dent Blanche,2017-02-01,2,2,True,114.96428571428572,114.5,1.0,1.0,1.0,142.75000000000003,1.0,high,SLF_IMIS_DAILY_SNOW,False
espace_dent_blanche,Espace Dent Blanche,2017-03-01,2,2,True,161.11290322580646,161.5,1.0,1.0,1.0,223.95,1.0,high,SLF_IMIS_DAILY_SNOW,False
espace_dent_blanche,Espace Dent Blanche,2017-04-01,2,2,True,147.45,145.75,1.0,1.0,1.0,76.35000000000001,1.0,high,SLF_IMIS_DAILY_SNOW,False
espace_dent_blanche,Espace Dent Blanche,2017-05-01,2,2,True,138.95161290322582,147.0,1.0,1.0,0.967741935483871,131.75,1.0,high,SLF_IMIS_DAILY_SNOW,False
espace_dent_blanche,Espace Dent Blanche,2017-06-01,2,2,True,36.61666666666667,41.25,0.4,0.36666666666666664,0.36666666666666664,0.0,1.0,high,SLF_IMIS_DAILY_SNOW,False
espace_dent_blanche,Espace Dent Blanche,2017-07-01,2,2,True,0.0,0.0,0.0,0.0,0.0,0.0,1.0,high,SLF_IMIS_DAILY_SNOW,False
espace_dent_blanche,Espace Dent Blanche,2017-08-01,2,2,True,0.1774193548387097,0.0,0.0,0.0,0.0,5.55,1.0,high,SLF_IMIS_DAILY_SNOW,False
espace_dent_blanche,Espace Dent Blanche,2017-09-01,2,2,True,0.3333333333333333,0.0,0.0,0.0,0.0,2.65,1.0,high,SLF_IMIS_DAILY_SNOW,False
espace_dent_blanche,Espace Dent Blanche,2017-10-01,2,2,True,0.7903225806451613,0.0,0.0,0.0,0.0,68.64999999999999,1.0,high,SLF_IMIS_DAILY_SNOW,False
espace_dent_blanche,Espace Dent Blanche,2017-11-01,2,2,True,24.2,31.0,0.7333333333333334,0.6333333333333333,0.4,110.30000000000001,1.0,high,SLF_IMIS_DAILY_SNOW,False
espace_dent_blanche,Espace Dent Blanche,2017-12-01,2,2,True,72.95161290322581,82.5,1.0,1.0,1.0,189.8,1.0,high,SLF_IMIS_DAILY_SNOW,False
espace_dent_blanche,Espace Dent Blanche,2018-01-01,2,2,True,184.53225806451613,184.0,1.0,1.0,1.0,395.8,1.0,high,SLF_IMIS_DAILY_SNOW,False
espace_dent_blanche,Espace Dent Blanche,2018-02-01,2,2,True,212.5,211.0,1.0,1.0,1.0,84.75,1.0,high,SLF_IMIS_DAILY_SNOW,False
espace_dent_blanche,Espace Dent Blanche,2018-03-01,2,2,True,220.20967741935482,218.5,1.0,1.0,1.0,154.65000000000003,1.0,high,SLF_IMIS_DAILY_SNOW,False
espace_dent_blanche,Espace Dent Blanche,2018-04-01,2,2,True,208.33333333333331,216.5,1.0,1.0,1.0,71.1,1.0,high,SLF_IMIS_DAILY_SNOW,False
espace_dent_blanche,Espace Dent Blanche,2018-05-01,2,2,True,143.06451612903226,143.5,1.0,1.0,1.0,75.6,1.0,high,SLF_IMIS_DAILY_SNOW,False
espace_dent_blanche,Espace Dent Blanche,2018-06-01,2,2,True,45.93333333333333,41.75,0.65,0.6166666666666667,0.55,1.3,1.0,high,SLF_IMIS_DAILY_SNOW,False
espace_dent_blanche,Espace Dent Blanche,2018-07-01,2,2,True,0.20967741935483872,0.0,0.016129032258064516,0.0,0.0,0.0,1.0,high,SLF_IMIS_DAILY_SNOW,False
espace_dent_blanche,Espace Dent Blanche,2018-08-01,2,2,True,0.0,0.0,0.0,0.0,0.0,0.0,1.0,high,SLF_IMIS_DAILY_SNOW,False
espace_dent_blanche,Espace Dent Blanche,2018-09-01,2,2,True,0.0,0.0,0.0,0.0,0.0,0.0,1.0,high,SLF_IMIS_DAILY_SNOW,False
espace_dent_blanche,Espace Dent Blanche,2018-10-01,2,2,True,2.661290322580645,0.0,0.08064516129032258,0.03225806451612903,0.03225806451612903,53.6,1.0,high,SLF_IMIS_DAILY_SNOW,False
espace_dent_blanche,Espace Dent Blanche,2018-11-01,2,2,True,33.7,32.5,0.9333333333333333,0.6,0.5,75.55,1.0,high,SLF_IMIS_DAILY_SNOW,False
espace_dent_blanche,Espace Dent Blanche,2018-12-01,2,2,True,93.85483870967742,100.0,1.0,1.0,0.9516129032258065,235.14999999999998,1.0,high,SLF_IMIS_DAILY_SNOW,False
espace_dent_blanche,Espace Dent Blanche,2019-01-01,2,2,True,132.8709677419355,138.5,1.0,1.0,1.0,123.80000000000001,1.0,high,SLF_IMIS_DAILY_SNOW,False
espace_dent_blanche,Espace Dent Blanche,2019-02-01,2,2,True,151.73214285714286,151.25,1.0,1.0,1.0,58.85,1.0,high,SLF_IMIS_DAILY_SNOW,False
espace_dent_blanche,Espace Dent Blanche,2019-03-01,2,2,True,171.32258064516128,172.0,1.0,1.0,1.0,158.89999999999998,1.0,high,SLF_IMIS_DAILY_SNOW,False
espace_dent_blanche,Espace Dent Blanche,2019-04-01,2,2,True,182.5,181.25,1.0,1.0,1.0,155.95000000000002,1.0,high,SLF_IMIS_DAILY_SNOW,False
espace_dent_blanche,Espace Dent Blanche,2019-05-01,2,2,True,178.90322580645162,178.5,1.0,1.0,1.0,161.39999999999998,1.0,high,SLF_IMIS_DAILY_SNOW,False
espace_dent_blanche,Espace Dent Blanche,2019-06-01,2,2,True,89.33333333333333,87.5,0.7666666666666666,0.75,0.7333333333333334,13.5,1.0,high,SLF_IMIS_DAILY_SNOW,False
espace_dent_blanche,Espace Dent Blanche,2019-07-01,2,2,True,1.596774193548387,0.0,0.06451612903225806,0.03225806451612903,0.016129032258064516,0.0,1.0,high,SLF_IMIS_DAILY_SNOW,False
espace_dent_blanche,Espace Dent Blanche,2019-08-01,2,2,True,0.0,0.0,0.0,0.0,0.0,0.0,1.0,high,SLF_IMIS_DAILY_SNOW,False
espace_dent_blanche,Espace Dent Blanche,2019-09-01,2,2,True,0.26666666666666666,0.0,0.0,0.0,0.0,8.05,1.0,high,SLF_IMIS_DAILY_SNOW,False
espace_dent_blanche,Espace Dent Blanche,2019-10-01,2,2,True,0.7096774193548387,0.5,0.0,0.0,0.0,19.9,1.0,high,SLF_IMIS_DAILY_SNOW,False
espace_dent_blanche,Espace Dent Blanche,2019-11-01,2,2,True,21.116666666666667,23.25,0.7333333333333334,0.39999999999999997,0.26666666666666666,126.14999999999999,1.0,high,SLF_IMIS_DAILY_SNOW,False
espace_dent_blanche,Espace Dent Blanche,2019-12-01,2,2,True,74.64516129032258,69.0,1.0,0.9032258064516129,0.8387096774193548,210.95,1.0,high,SLF_IMIS_DAILY_SNOW,False
espace_dent_blanche,Espace Dent Blanche,2020-01-01,2,2,True,98.7258064516129,95.5,1.0,1.0,1.0,68.15,1.0,high,SLF_IMIS_DAILY_SNOW,False
espace_dent_blanche,Espace Dent Blanche,2020-02-01,2,2,True,140.0344827586207,138.5,1.0,1.0,1.0,160.85,1.0,high,SLF_IMIS_DAILY_SNOW,False
espace_dent_blanche,Espace Dent Blanche,2020-03-01,2,2,True,168.0,166.0,1.0,1.0,1.0,161.5,1.0,high,SLF_IMIS_DAILY_SNOW,False
espace_dent_blanche,Espace Dent Blanche,2020-04-01,2,2,True,126.28333333333333,125.5,1.0,1.0,1.0,28.799999999999997,1.0,high,SLF_IMIS_DAILY_SNOW,False
espace_dent_blanche,Espace Dent Blanche,2020-05-01,2,2,True,93.75806451612904,96.5,0.8709677419354839,0.8387096774193548,0.8225806451612903,127.2,1.0,high,SLF_IMIS_DAILY_SNOW,False
espace_dent_blanche,Espace Dent Blanche,2020-06-01,2,2,True,43.85,44.25,0.5,0.5,0.5,47.400000000000006,1.0,high,SLF_IMIS_DAILY_SNOW,False
espace_dent_blanche,Espace Dent Blanche,2020-07-01,2,2,True,3.1774193548387095,0.0,0.0967741935483871,0.08064516129032258,0.06451612903225806,0.0,1.0,high,SLF_IMIS_DAILY_SNOW,False
espace_dent_blanche,Espace Dent Blanche,2020-08-01,2,2,True,0.24193548387096775,0.0,0.016129032258064516,0.0,0.0,8.5,0.9838709677419355,high,SLF_IMIS_DAILY_SNOW,False
espace_dent_blanche,Espace Dent Blanche,2020-09-01,2,2,True,1.3166666666666667,0.0,0.05,0.0,0.0,29.1,1.0,high,SLF_IMIS_DAILY_SNOW,False
espace_dent_blanche,Espace Dent Blanche,2020-10-01,2,2,True,11.370967741935482,12.0,0.45161290322580644,0.3548387096774194,0.08064516129032258,57.3,1.0,high,SLF_IMIS_DAILY_SNOW,False
espace_dent_blanche,Espace Dent Blanche,2020-11-01,2,2,True,14.8,15.5,0.5,0.5,0.26666666666666666,12.0,1.0,high,SLF_IMIS_DAILY_SNOW,False
espace_dent_blanche,Espace Dent Blanche,2020-12-01,2,2,True,41.5,41.5,0.8870967741935484,0.6129032258064516,0.532258064516129,122.80000000000001,1.0,high,SLF_IMIS_DAILY_SNOW,False
espace_dent_blanche,Espace Dent Blanche,2021-01-01,2,2,True,86.45161290322581,95.5,1.0,1.0,0.7903225806451613,268.79999999999995,1.0,high,SLF_IMIS_DAILY_SNOW,False
espace_dent_blanche,Espace Dent Blanche,2021-02-01,2,2,True,154.41071428571428,154.0,1.0,1.0,1.0,104.44999999999999,1.0,high,SLF_IMIS_DAILY_SNOW,False
espace_dent_blanche,Espace Dent Blanche,2021-03-01,2,2,True,157.51612903225805,157.0,1.0,1.0,1.0,129.25,1.0,high,SLF_IMIS_DAILY_SNOW,False
espace_dent_blanche,Espace Dent Blanche,2021-04-01,2,2,True,143.06666666666666,143.25,1.0,1.0,1.0,84.15,1.0,high,SLF_IMIS_DAILY_SNOW,False
espace_dent_blanche,Espace Dent Blanche,2021-05-01,2,2,True,170.2258064516129,172.0,1.0,1.0,1.0,239.95,1.0,high,SLF_IMIS_DAILY_SNOW,False
espace_dent_blanche,Espace Dent Blanche,2021-06-01,2,2,True,91.01666666666665,91.75,0.7833333333333333,0.7666666666666666,0.75,1.2,1.0,high,SLF_IMIS_DAILY_SNOW,False
espace_dent_blanche,Espace Dent Blanche,2021-07-01,2,1,False,NA,NA,NA,NA,NA,NA,0.6290322580645161,high,SLF_IMIS_DAILY_SNOW,False
espace_dent_blanche,Espace Dent Blanche,2021-08-01,2,1,False,NA,NA,NA,NA,NA,NA,0.5967741935483871,high,SLF_IMIS_DAILY_SNOW,False
espace_dent_blanche,Espace Dent Blanche,2021-09-01,2,2,True,0.2,0.0,0.0,0.0,0.0,8.7,1.0,high,SLF_IMIS_DAILY_SNOW,False
espace_dent_blanche,Espace Dent Blanche,2021-10-01,2,2,True,0.9193548387096774,1.0,0.0,0.0,0.0,15.450000000000001,1.0,high,SLF_IMIS_DAILY_SNOW,False
espace_dent_blanche,Espace Dent Blanche,2021-11-01,2,2,True,9.8,8.5,0.41666666666666663,0.09999999999999999,0.03333333333333333,52.05,1.0,high,SLF_IMIS_DAILY_SNOW,False
espace_dent_blanche,Espace Dent Blanche,2021-12-01,2,2,True,50.03225806451613,46.5,1.0,0.967741935483871,0.935483870967742,156.15,1.0,high,SLF_IMIS_DAILY_SNOW,False
espace_dent_blanche,Espace Dent Blanche,2022-01-01,2,2,True,80.62903225806451,79.5,1.0,1.0,1.0,55.550000000000004,1.0,high,SLF_IMIS_DAILY_SNOW,False
espace_dent_blanche,Espace Dent Blanche,2022-02-01,2,2,True,114.23214285714286,113.0,1.0,1.0,1.0,164.95,1.0,high,SLF_IMIS_DAILY_SNOW,False
espace_dent_blanche,Espace Dent Blanche,2022-03-01,2,2,True,110.79032258064515,115.0,1.0,1.0,1.0,9.8,1.0,high,SLF_IMIS_DAILY_SNOW,False
espace_dent_blanche,Espace Dent Blanche,2022-04-01,2,2,True,110.35,108.0,1.0,1.0,1.0,159.14999999999998,1.0,high,SLF_IMIS_DAILY_SNOW,False
espace_dent_blanche,Espace Dent Blanche,2022-05-01,2,2,True,59.38709677419355,65.0,0.7903225806451613,0.7258064516129032,0.6935483870967742,58.25,1.0,high,SLF_IMIS_DAILY_SNOW,False
espace_dent_blanche,Espace Dent Blanche,2022-06-01,2,2,True,0.2833333333333333,0.0,0.0,0.0,0.0,3.7,1.0,high,SLF_IMIS_DAILY_SNOW,False
espace_dent_blanche,Espace Dent Blanche,2022-07-01,2,2,True,0.0,0.0,0.0,0.0,0.0,0.0,1.0,high,SLF_IMIS_DAILY_SNOW,False
espace_dent_blanche,Espace Dent Blanche,2022-08-01,2,2,True,0.0,0.0,0.0,0.0,0.0,0.0,1.0,high,SLF_IMIS_DAILY_SNOW,False
espace_dent_blanche,Espace Dent Blanche,2022-09-01,2,2,True,0.65,0.0,0.03333333333333333,0.0,0.0,13.100000000000001,1.0,high,SLF_IMIS_DAILY_SNOW,False
espace_dent_blanche,Espace Dent Blanche,2022-10-01,2,2,True,1.0483870967741935,0.0,0.04838709677419355,0.0,0.0,4.949999999999999,1.0,high,SLF_IMIS_DAILY_SNOW,False
espace_dent_blanche,Espace Dent Blanche,2022-11-01,2,2,True,10.616666666666667,6.25,0.3833333333333333,0.2,0.18333333333333332,74.6,1.0,high,SLF_IMIS_DAILY_SNOW,False
espace_dent_blanche,Espace Dent Blanche,2022-12-01,2,2,True,41.11290322580645,33.0,1.0,0.8225806451612903,0.6290322580645161,125.85000000000002,1.0,high,SLF_IMIS_DAILY_SNOW,False
espace_dent_blanche,Espace Dent Blanche,2023-01-01,2,2,True,78.09677419354838,80.5,1.0,1.0,1.0,75.1,1.0,high,SLF_IMIS_DAILY_SNOW,False
espace_dent_blanche,Espace Dent Blanche,2023-02-01,2,2,True,79.23214285714286,79.5,1.0,1.0,1.0,35.15,1.0,high,SLF_IMIS_DAILY_SNOW,False
espace_dent_blanche,Espace Dent Blanche,2023-03-01,2,2,True,117.4516129032258,125.0,1.0,1.0,1.0,336.6,1.0,high,SLF_IMIS_DAILY_SNOW,False
espace_dent_blanche,Espace Dent Blanche,2023-04-01,2,2,True,161.33333333333331,159.75,1.0,1.0,1.0,218.54999999999995,1.0,high,SLF_IMIS_DAILY_SNOW,False
espace_dent_blanche,Espace Dent Blanche,2023-05-01,2,2,True,140.1290322580645,142.5,1.0,1.0,1.0,119.75,1.0,high,SLF_IMIS_DAILY_SNOW,False
espace_dent_blanche,Espace Dent Blanche,2023-06-01,2,2,True,49.06666666666667,52.25,0.5833333333333334,0.5333333333333333,0.5,0.0,1.0,high,SLF_IMIS_DAILY_SNOW,False
espace_dent_blanche,Espace Dent Blanche,2023-07-01,2,2,True,0.0,0.0,0.0,0.0,0.0,0.0,1.0,high,SLF_IMIS_DAILY_SNOW,False
espace_dent_blanche,Espace Dent Blanche,2023-08-01,2,2,True,0.5,0.0,0.016129032258064516,0.0,0.0,13.75,1.0,high,SLF_IMIS_DAILY_SNOW,False
espace_dent_blanche,Espace Dent Blanche,2023-09-01,2,2,True,0.1,0.0,0.0,0.0,0.0,6.0,1.0,high,SLF_IMIS_DAILY_SNOW,False
espace_dent_blanche,Espace Dent Blanche,2023-10-01,2,2,True,1.7419354838709677,0.0,0.016129032258064516,0.0,0.0,33.400000000000006,1.0,high,SLF_IMIS_DAILY_SNOW,False
espace_dent_blanche,Espace Dent Blanche,2023-11-01,2,2,True,38.88333333333333,39.75,0.9166666666666667,0.8166666666666667,0.5666666666666667,174.20000000000002,1.0,high,SLF_IMIS_DAILY_SNOW,False
espace_dent_blanche,Espace Dent Blanche,2023-12-01,2,2,True,110.12903225806451,113.0,1.0,1.0,1.0,210.95,1.0,high,SLF_IMIS_DAILY_SNOW,False
espace_dent_blanche,Espace Dent Blanche,2024-01-01,2,2,True,136.90322580645162,136.0,1.0,1.0,1.0,137.29999999999998,1.0,high,SLF_IMIS_DAILY_SNOW,False
espace_dent_blanche,Espace Dent Blanche,2024-02-01,2,2,True,143.51724137931035,141.5,1.0,1.0,1.0,60.10000000000001,1.0,high,SLF_IMIS_DAILY_SNOW,False
espace_dent_blanche,Espace Dent Blanche,2024-03-01,2,2,True,183.61290322580646,183.5,1.0,1.0,1.0,218.7,1.0,high,SLF_IMIS_DAILY_SNOW,False
espace_dent_blanche,Espace Dent Blanche,2024-04-01,2,2,True,193.15,193.0,1.0,1.0,1.0,160.85000000000002,1.0,high,SLF_IMIS_DAILY_SNOW,False
espace_dent_blanche,Espace Dent Blanche,2024-05-01,2,2,True,178.43548387096774,175.5,1.0,1.0,1.0,184.64999999999998,1.0,high,SLF_IMIS_DAILY_SNOW,False
espace_dent_blanche,Espace Dent Blanche,2024-06-01,2,2,True,100.88333333333333,104.0,0.7833333333333333,0.7666666666666666,0.75,15.3,1.0,high,SLF_IMIS_DAILY_SNOW,False
espace_dent_blanche,Espace Dent Blanche,2024-07-01,2,2,True,8.774193548387096,0.0,0.16129032258064516,0.14516129032258066,0.12903225806451613,0.0,1.0,high,SLF_IMIS_DAILY_SNOW,False
espace_dent_blanche,Espace Dent Blanche,2024-08-01,2,2,True,0.0,0.0,0.0,0.0,0.0,0.0,1.0,high,SLF_IMIS_DAILY_SNOW,False
espace_dent_blanche,Espace Dent Blanche,2024-09-01,2,2,True,0.55,0.0,0.0,0.0,0.0,13.3,1.0,high,SLF_IMIS_DAILY_SNOW,False
espace_dent_blanche,Espace Dent Blanche,2024-10-01,2,2,True,0.7580645161290323,0.5,0.0,0.0,0.0,17.15,1.0,high,SLF_IMIS_DAILY_SNOW,False
espace_dent_blanche,Espace Dent Blanche,2024-11-01,2,2,True,6.116666666666667,1.0,0.2833333333333333,0.11666666666666667,0.06666666666666667,68.9,1.0,high,SLF_IMIS_DAILY_SNOW,False
espace_dent_blanche,Espace Dent Blanche,2024-12-01,2,2,True,46.064516129032256,36.5,1.0,0.8709677419354838,0.7096774193548387,143.35,1.0,high,SLF_IMIS_DAILY_SNOW,False
espace_dent_blanche,Espace Dent Blanche,2025-01-01,2,2,True,86.82258064516128,83.5,1.0,1.0,1.0,174.05,1.0,high,SLF_IMIS_DAILY_SNOW,False
espace_dent_blanche,Espace Dent Blanche,2025-02-01,2,2,True,107.23214285714286,106.0,1.0,1.0,1.0,31.45,1.0,high,SLF_IMIS_DAILY_SNOW,False
espace_dent_blanche,Espace Dent Blanche,2025-03-01,2,2,True,107.2258064516129,108.0,1.0,1.0,1.0,67.7,1.0,high,SLF_IMIS_DAILY_SNOW,False
espace_dent_blanche,Espace Dent Blanche,2025-04-01,2,2,True,111.81666666666666,109.25,1.0,1.0,1.0,170.75,1.0,high,SLF_IMIS_DAILY_SNOW,False
espace_dent_blanche,Espace Dent Blanche,2025-05-01,2,2,True,94.48387096774194,95.5,1.0,0.9838709677419355,0.967741935483871,128.95,1.0,high,SLF_IMIS_DAILY_SNOW,False
espace_dent_blanche,Espace Dent Blanche,2025-06-01,2,2,True,24.883333333333333,21.5,0.36666666666666664,0.31666666666666665,0.2833333333333333,0.0,1.0,high,SLF_IMIS_DAILY_SNOW,False
espace_dent_blanche,Espace Dent Blanche,2025-07-01,2,2,True,0.06451612903225806,0.0,0.0,0.0,0.0,2.55,1.0,high,SLF_IMIS_DAILY_SNOW,False
espace_dent_blanche,Espace Dent Blanche,2025-08-01,2,2,True,0.0,0.0,0.0,0.0,0.0,0.0,1.0,high,SLF_IMIS_DAILY_SNOW,False
espace_dent_blanche,Espace Dent Blanche,2025-09-01,2,2,True,0.31666666666666665,0.0,0.0,0.0,0.0,8.4,1.0,high,SLF_IMIS_DAILY_SNOW,False
espace_dent_blanche,Espace Dent Blanche,2025-10-01,2,2,True,5.290322580645161,0.5,0.1935483870967742,0.11290322580645161,0.06451612903225806,69.25,1.0,high,SLF_IMIS_DAILY_SNOW,False
espace_dent_blanche,Espace Dent Blanche,2025-11-01,2,2,True,34.0,29.75,1.0,0.75,0.65,90.3,1.0,high,SLF_IMIS_DAILY_SNOW,False
espace_dent_blanche,Espace Dent Blanche,2025-12-01,2,2,True,56.33870967741936,55.5,1.0,1.0,1.0,29.95,1.0,high,SLF_IMIS_DAILY_SNOW,False
espace_dent_blanche,Espace Dent Blanche,2026-01-01,2,2,True,73.2741935483871,77.0,1.0,1.0,1.0,94.25,1.0,high,SLF_IMIS_DAILY_SNOW,False
espace_dent_blanche,Espace Dent Blanche,2026-02-01,2,2,True,125.82142857142857,127.0,1.0,1.0,1.0,226.0,1.0,high,SLF_IMIS_DAILY_SNOW,False
espace_dent_blanche,Espace Dent Blanche,2026-03-01,2,2,True,142.82258064516128,143.5,1.0,1.0,1.0,129.9,1.0,high,SLF_IMIS_DAILY_SNOW,False
les_pleiades,Les Pléiades,2013-01-01,1,1,True,101.70967741935483,107.0,1.0,1.0,1.0,206.60000000000002,1.0,high,SLF_IMIS_DAILY_SNOW,False
les_pleiades,Les Pléiades,2013-02-01,1,1,True,147.03571428571428,149.5,1.0,1.0,1.0,189.1,1.0,high,SLF_IMIS_DAILY_SNOW,False
les_pleiades,Les Pléiades,2013-03-01,1,1,True,149.4516129032258,147.0,1.0,1.0,1.0,153.0,1.0,high,SLF_IMIS_DAILY_SNOW,False
les_pleiades,Les Pléiades,2013-04-01,1,1,True,160.96666666666667,167.0,1.0,1.0,1.0,109.80000000000001,1.0,high,SLF_IMIS_DAILY_SNOW,False
les_pleiades,Les Pléiades,2013-05-01,1,1,True,50.41935483870968,40.0,1.0,1.0,0.8709677419354839,45.0,1.0,high,SLF_IMIS_DAILY_SNOW,False
les_pleiades,Les Pléiades,2013-06-01,1,1,True,5.433333333333334,0.0,0.2,0.13333333333333333,0.06666666666666667,4.7,1.0,high,SLF_IMIS_DAILY_SNOW,False
les_pleiades,Les Pléiades,2013-07-01,1,1,True,0.0,0.0,0.0,0.0,0.0,0.0,1.0,high,SLF_IMIS_DAILY_SNOW,False
les_pleiades,Les Pléiades,2013-08-01,1,1,True,0.0,0.0,0.0,0.0,0.0,0.0,1.0,high,SLF_IMIS_DAILY_SNOW,False
les_pleiades,Les Pléiades,2013-09-01,1,1,True,0.06666666666666667,0.0,0.0,0.0,0.0,5.5,1.0,high,SLF_IMIS_DAILY_SNOW,False
les_pleiades,Les Pléiades,2013-10-01,1,1,True,1.3548387096774193,0.0,0.06451612903225806,0.03225806451612903,0.0,36.800000000000004,1.0,high,SLF_IMIS_DAILY_SNOW,False
les_pleiades,Les Pléiades,2013-11-01,1,1,True,12.833333333333334,14.0,0.7,0.3,0.0,68.5,1.0,high,SLF_IMIS_DAILY_SNOW,False
les_pleiades,Les Pléiades,2013-12-01,1,1,True,36.354838709677416,32.0,1.0,1.0,0.7741935483870968,141.7,1.0,high,SLF_IMIS_DAILY_SNOW,False
les_pleiades,Les Pléiades,2014-01-01,1,1,True,63.16129032258065,67.0,1.0,1.0,1.0,263.6,1.0,high,SLF_IMIS_DAILY_SNOW,False
les_pleiades,Les Pléiades,2014-02-01,1,1,True,101.14285714285714,105.0,1.0,1.0,1.0,199.9,1.0,high,SLF_IMIS_DAILY_SNOW,False
les_pleiades,Les Pléiades,2014-03-01,1,1,True,110.7741935483871,113.0,1.0,1.0,1.0,104.4,1.0,high,SLF_IMIS_DAILY_SNOW,False
les_pleiades,Les Pléiades,2014-04-01,1,1,True,39.233333333333334,27.5,0.8666666666666667,0.6666666666666666,0.4666666666666667,36.1,1.0,high,SLF_IMIS_DAILY_SNOW,False
les_pleiades,Les Pléiades,2014-05-01,1,1,True,2.193548387096774,0.0,0.12903225806451613,0.0,0.0,20.0,1.0,high,SLF_IMIS_DAILY_SNOW,False
les_pleiades,Les Pléiades,2014-06-01,1,1,True,0.0,0.0,0.0,0.0,0.0,0.0,1.0,high,SLF_IMIS_DAILY_SNOW,False
les_pleiades,Les Pléiades,2014-07-01,1,1,True,0.0,0.0,0.0,0.0,0.0,0.0,1.0,high,SLF_IMIS_DAILY_SNOW,False
les_pleiades,Les Pléiades,2014-08-01,1,1,True,0.0,0.0,0.0,0.0,0.0,0.0,1.0,high,SLF_IMIS_DAILY_SNOW,False
les_pleiades,Les Pléiades,2014-09-01,1,1,True,0.0,0.0,0.0,0.0,0.0,0.0,1.0,high,SLF_IMIS_DAILY_SNOW,False
les_pleiades,Les Pléiades,2014-10-01,1,1,True,0.16129032258064516,0.0,0.0,0.0,0.0,6.6000000000000005,1.0,high,SLF_IMIS_DAILY_SNOW,False
les_pleiades,Les Pléiades,2014-11-01,1,1,True,6.666666666666667,2.5,0.3333333333333333,0.13333333333333333,0.0,62.599999999999994,1.0,high,SLF_IMIS_DAILY_SNOW,False
les_pleiades,Les Pléiades,2014-12-01,1,1,True,10.161290322580646,6.0,0.3548387096774194,0.0967741935483871,0.0967741935483871,94.19999999999999,1.0,high,SLF_IMIS_DAILY_SNOW,False
les_pleiades,Les Pléiades,2015-01-01,1,1,True,34.29032258064516,31.0,1.0,0.7741935483870968,0.5483870967741935,182.4,1.0,high,SLF_IMIS_DAILY_SNOW,False
les_pleiades,Les Pléiades,2015-02-01,1,1,True,98.07142857142857,97.0,1.0,1.0,1.0,108.69999999999999,1.0,high,SLF_IMIS_DAILY_SNOW,False
les_pleiades,Les Pléiades,2015-03-01,1,1,True,102.25806451612904,103.0,1.0,1.0,1.0,86.3,1.0,high,SLF_IMIS_DAILY_SNOW,False
les_pleiades,Les Pléiades,2015-04-01,1,1,True,78.3,87.5,1.0,1.0,0.9,69.0,1.0,high,SLF_IMIS_DAILY_SNOW,False
les_pleiades,Les Pléiades,2015-05-01,1,1,True,1.064516129032258,0.0,0.06451612903225806,0.0,0.0,0.0,1.0,high,SLF_IMIS_DAILY_SNOW,False
les_pleiades,Les Pléiades,2015-06-01,1,1,True,0.0,0.0,0.0,0.0,0.0,0.0,1.0,high,SLF_IMIS_DAILY_SNOW,False
les_pleiades,Les Pléiades,2015-07-01,1,1,True,0.0,0.0,0.0,0.0,0.0,0.0,1.0,high,SLF_IMIS_DAILY_SNOW,False
les_pleiades,Les Pléiades,2015-08-01,1,1,True,0.0,0.0,0.0,0.0,0.0,0.0,1.0,high,SLF_IMIS_DAILY_SNOW,False
les_pleiades,Les Pléiades,2015-09-01,1,1,True,0.0,0.0,0.0,0.0,0.0,0.0,1.0,high,SLF_IMIS_DAILY_SNOW,False
les_pleiades,Les Pléiades,2015-10-01,1,1,True,0.45161290322580644,0.0,0.0,0.0,0.0,19.7,1.0,high,SLF_IMIS_DAILY_SNOW,False
les_pleiades,Les Pléiades,2015-11-01,1,1,True,8.5,0.0,0.3,0.23333333333333334,0.16666666666666666,86.8,1.0,high,SLF_IMIS_DAILY_SNOW,False
les_pleiades,Les Pléiades,2015-12-01,1,1,True,15.741935483870968,19.0,0.6129032258064516,0.4838709677419355,0.03225806451612903,7.3999999999999995,1.0,high,SLF_IMIS_DAILY_SNOW,False
les_pleiades,Les Pléiades,2016-01-01,1,1,True,48.806451612903224,53.0,0.9032258064516129,0.8709677419354839,0.6774193548387096,173.3,1.0,high,SLF_IMIS_DAILY_SNOW,False
les_pleiades,Les Pléiades,2016-02-01,1,1,True,89.41379310344827,94.0,1.0,1.0,1.0,173.4,1.0,high,SLF_IMIS_DAILY_SNOW,False
les_pleiades,Les Pléiades,2016-03-01,1,1,True,144.38709677419354,140.0,1.0,1.0,1.0,188.1,1.0,high,SLF_IMIS_DAILY_SNOW,False
les_pleiades,Les Pléiades,2016-04-01,1,1,True,91.06666666666666,92.0,1.0,1.0,1.0,111.79999999999998,1.0,high,SLF_IMIS_DAILY_SNOW,False
les_pleiades,Les Pléiades,2016-05-01,1,1,True,47.67741935483871,39.0,0.8064516129032258,0.7741935483870968,0.6451612903225806,65.4,1.0,high,SLF_IMIS_DAILY_SNOW,False
les_pleiades,Les Pléiades,2016-06-01,1,1,True,0.0,0.0,0.0,0.0,0.0,0.0,1.0,high,SLF_IMIS_DAILY_SNOW,False
les_pleiades,Les Pléiades,2016-07-01,1,1,True,0.0,0.0,0.0,0.0,0.0,0.0,1.0,high,SLF_IMIS_DAILY_SNOW,False
les_pleiades,Les Pléiades,2016-08-01,1,1,True,0.0,0.0,0.0,0.0,0.0,0.0,1.0,high,SLF_IMIS_DAILY_SNOW,False
les_pleiades,Les Pléiades,2016-09-01,1,1,True,0.0,0.0,0.0,0.0,0.0,0.0,1.0,high,SLF_IMIS_DAILY_SNOW,False
les_pleiades,Les Pléiades,2016-10-01,1,1,True,0.12903225806451613,0.0,0.0,0.0,0.0,8.8,1.0,high,SLF_IMIS_DAILY_SNOW,False
les_pleiades,Les Pléiades,2016-11-01,1,1,True,21.4,15.0,0.8,0.43333333333333335,0.3,116.29999999999998,1.0,high,SLF_IMIS_DAILY_SNOW,False
les_pleiades,Les Pléiades,2016-12-01,1,1,True,10.612903225806452,11.0,0.8064516129032258,0.0,0.0,3.8,1.0,high,SLF_IMIS_DAILY_SNOW,False
les_pleiades,Les Pléiades,2017-01-01,1,1,True,51.45161290322581,66.0,0.8387096774193549,0.8387096774193549,0.6129032258064516,145.79999999999998,1.0,high,SLF_IMIS_DAILY_SNOW,False
les_pleiades,Les Pléiades,2017-02-01,1,1,True,78.46428571428571,83.0,1.0,1.0,1.0,100.29999999999998,1.0,high,SLF_IMIS_DAILY_SNOW,False
les_pleiades,Les Pléiades,2017-03-01,1,1,True,95.93548387096774,96.0,1.0,1.0,1.0,135.60000000000002,1.0,high,SLF_IMIS_DAILY_SNOW,False
les_pleiades,Les Pléiades,2017-04-01,1,1,True,31.333333333333332,25.5,0.9,0.6666666666666666,0.4666666666666667,65.7,1.0,high,SLF_IMIS_DAILY_SNOW,False
les_pleiades,Les Pléiades,2017-05-01,1,1,True,6.806451612903226,0.0,0.3225806451612903,0.1935483870967742,0.03225806451612903,25.4,1.0,high,SLF_IMIS_DAILY_SNOW,False
les_pleiades,Les Pléiades,2017-06-01,1,1,True,0.0,0.0,0.0,0.0,0.0,0.0,1.0,high,SLF_IMIS_DAILY_SNOW,False
les_pleiades,Les Pléiades,2017-07-01,1,1,True,0.0,0.0,0.0,0.0,0.0,0.0,1.0,high,SLF_IMIS_DAILY_SNOW,False
les_pleiades,Les Pléiades,2017-08-01,1,1,True,0.0,0.0,0.0,0.0,0.0,0.0,1.0,high,SLF_IMIS_DAILY_SNOW,False
les_pleiades,Les Pléiades,2017-09-01,1,1,True,0.1,0.0,0.0,0.0,0.0,9.9,1.0,high,SLF_IMIS_DAILY_SNOW,False
les_pleiades,Les Pléiades,2017-10-01,1,1,True,0.7096774193548387,0.0,0.03225806451612903,0.0,0.0,14.899999999999999,1.0,high,SLF_IMIS_DAILY_SNOW,False
les_pleiades,Les Pléiades,2017-11-01,1,1,True,12.333333333333334,12.0,0.8333333333333334,0.16666666666666666,0.0,86.1,1.0,high,SLF_IMIS_DAILY_SNOW,False
les_pleiades,Les Pléiades,2017-12-01,1,1,True,86.41935483870968,102.0,1.0,1.0,1.0,260.29999999999995,1.0,high,SLF_IMIS_DAILY_SNOW,False
les_pleiades,Les Pléiades,2018-01-01,1,1,True,130.16129032258064,120.0,1.0,1.0,1.0,205.39999999999998,1.0,high,SLF_IMIS_DAILY_SNOW,False
les_pleiades,Les Pléiades,2018-02-01,1,1,True,179.10714285714286,178.5,1.0,1.0,1.0,103.39999999999999,1.0,high,SLF_IMIS_DAILY_SNOW,False
les_pleiades,Les Pléiades,2018-03-01,1,1,True,196.61290322580646,196.0,1.0,1.0,1.0,136.9,1.0,high,SLF_IMIS_DAILY_SNOW,False
les_pleiades,Les Pléiades,2018-04-01,1,1,True,179.1,194.0,1.0,1.0,1.0,41.2,1.0,high,SLF_IMIS_DAILY_SNOW,False
les_pleiades,Les Pléiades,2018-05-01,1,1,True,28.322580645161292,11.0,0.5161290322580645,0.41935483870967744,0.3870967741935484,2.6,1.0,high,SLF_IMIS_DAILY_SNOW,False
les_pleiades,Les Pléiades,2018-06-01,1,1,True,0.0,0.0,0.0,0.0,0.0,0.0,1.0,high,SLF_IMIS_DAILY_SNOW,False
les_pleiades,Les Pléiades,2018-07-01,1,1,True,0.0,0.0,0.0,0.0,0.0,0.0,1.0,high,SLF_IMIS_DAILY_SNOW,False
les_pleiades,Les Pléiades,2018-08-01,1,1,True,0.0,0.0,0.0,0.0,0.0,0.0,1.0,high,SLF_IMIS_DAILY_SNOW,False
les_pleiades,Les Pléiades,2018-09-01,1,1,True,0.0,0.0,0.0,0.0,0.0,0.0,1.0,high,SLF_IMIS_DAILY_SNOW,False
les_pleiades,Les Pléiades,2018-10-01,1,1,True,1.5161290322580645,0.0,0.06451612903225806,0.0,0.0,22.2,1.0,high,SLF_IMIS_DAILY_SNOW,False
les_pleiades,Les Pléiades,2018-11-01,1,1,True,2.4,1.0,0.06666666666666667,0.0,0.0,16.900000000000002,1.0,high,SLF_IMIS_DAILY_SNOW,False
les_pleiades,Les Pléiades,2018-12-01,1,1,True,26.322580645161292,23.0,0.7096774193548387,0.7096774193548387,0.41935483870967744,96.9,1.0,high,SLF_IMIS_DAILY_SNOW,False
les_pleiades,Les Pléiades,2019-01-01,1,1,True,64.16129032258064,75.0,1.0,1.0,0.7419354838709677,166.10000000000002,1.0,high,SLF_IMIS_DAILY_SNOW,False
les_pleiades,Les Pléiades,2019-02-01,1,1,True,123.03571428571429,123.5,1.0,1.0,1.0,96.3,1.0,high,SLF_IMIS_DAILY_SNOW,False
les_pleiades,Les Pléiades,2019-03-01,1,1,True,121.90322580645162,122.0,1.0,1.0,1.0,124.6,1.0,high,SLF_IMIS_DAILY_SNOW,False
les_pleiades,Les Pléiades,2019-04-01,1,1,True,108.56666666666666,113.0,1.0,1.0,1.0,83.1,1.0,high,SLF_IMIS_DAILY_SNOW,False
les_pleiades,Les Pléiades,2019-05-01,1,1,True,76.19354838709677,84.0,1.0,1.0,0.967741935483871,66.4,1.0,high,SLF_IMIS_DAILY_SNOW,False
les_pleiades,Les Pléiades,2019-06-01,1,1,True,0.9333333333333333,0.0,0.03333333333333333,0.0,0.0,0.0,1.0,high,SLF_IMIS_DAILY_SNOW,False
les_pleiades,Les Pléiades,2019-07-01,1,1,True,0.0,0.0,0.0,0.0,0.0,0.0,1.0,high,SLF_IMIS_DAILY_SNOW,False
les_pleiades,Les Pléiades,2019-08-01,1,1,True,0.0,0.0,0.0,0.0,0.0,0.0,1.0,high,SLF_IMIS_DAILY_SNOW,False
les_pleiades,Les Pléiades,2019-09-01,1,1,True,0.0,0.0,0.0,0.0,0.0,0.0,1.0,high,SLF_IMIS_DAILY_SNOW,False
les_pleiades,Les Pléiades,2019-10-01,1,1,True,0.0,0.0,0.0,0.0,0.0,0.0,1.0,high,SLF_IMIS_DAILY_SNOW,False
les_pleiades,Les Pléiades,2019-11-01,1,1,True,15.266666666666667,17.0,0.8,0.3,0.03333333333333333,96.4,1.0,high,SLF_IMIS_DAILY_SNOW,False
les_pleiades,Les Pléiades,2019-12-01,1,1,True,62.29032258064516,63.0,1.0,1.0,1.0,162.99999999999997,1.0,high,SLF_IMIS_DAILY_SNOW,False
les_pleiades,Les Pléiades,2020-01-01,1,1,True,83.64516129032258,80.0,1.0,1.0,1.0,52.5,1.0,high,SLF_IMIS_DAILY_SNOW,False
les_pleiades,Les Pléiades,2020-02-01,1,1,True,80.24137931034483,80.0,1.0,1.0,1.0,115.80000000000001,1.0,high,SLF_IMIS_DAILY_SNOW,False
les_pleiades,Les Pléiades,2020-03-01,1,1,True,111.35483870967742,110.0,1.0,1.0,1.0,149.8,1.0,high,SLF_IMIS_DAILY_SNOW,False
les_pleiades,Les Pléiades,2020-04-01,1,1,True,38.3,41.0,0.6666666666666666,0.6,0.5666666666666667,0.0,1.0,high,SLF_IMIS_DAILY_SNOW,False
les_pleiades,Les Pléiades,2020-05-01,1,1,True,0.06451612903225806,0.0,0.0,0.0,0.0,0.0,1.0,high,SLF_IMIS_DAILY_SNOW,False
les_pleiades,Les Pléiades,2020-06-01,1,1,True,0.0,0.0,0.0,0.0,0.0,0.0,1.0,high,SLF_IMIS_DAILY_SNOW,False
les_pleiades,Les Pléiades,2020-07-01,1,1,True,0.0,0.0,0.0,0.0,0.0,0.0,1.0,high,SLF_IMIS_DAILY_SNOW,False
les_pleiades,Les Pléiades,2020-08-01,1,1,True,0.0,0.0,0.0,0.0,0.0,0.0,1.0,high,SLF_IMIS_DAILY_SNOW,False
les_pleiades,Les Pléiades,2020-09-01,1,1,True,1.7,0.0,0.06666666666666667,0.03333333333333333,0.0,26.1,1.0,high,SLF_IMIS_DAILY_SNOW,False
les_pleiades,Les Pléiades,2020-10-01,1,1,True,1.8387096774193548,0.0,0.06451612903225806,0.0,0.0,37.5,1.0,high,SLF_IMIS_DAILY_SNOW,False
les_pleiades,Les Pléiades,2020-11-01,1,1,True,0.7666666666666667,0.0,0.0,0.0,0.0,9.9,1.0,high,SLF_IMIS_DAILY_SNOW,False
les_pleiades,Les Pléiades,2020-12-01,1,1,True,17.580645161290324,18.0,0.7741935483870968,0.4838709677419355,0.0967741935483871,125.89999999999998,1.0,high,SLF_IMIS_DAILY_SNOW,False
les_pleiades,Les Pléiades,2021-01-01,1,1,True,68.58064516129032,76.0,1.0,1.0,1.0,246.0,1.0,high,SLF_IMIS_DAILY_SNOW,False
les_pleiades,Les Pléiades,2021-02-01,1,1,True,106.17857142857143,107.0,1.0,1.0,1.0,34.0,1.0,high,SLF_IMIS_DAILY_SNOW,False
les_pleiades,Les Pléiades,2021-03-01,1,1,True,108.58064516129032,108.0,1.0,1.0,1.0,161.8,1.0,high,SLF_IMIS_DAILY_SNOW,False
les_pleiades,Les Pléiades,2021-04-01,1,1,True,96.63333333333334,98.5,1.0,1.0,1.0,85.5,1.0,high,SLF_IMIS_DAILY_SNOW,False
les_pleiades,Les Pléiades,2021-05-01,1,1,True,54.61290322580645,52.0,1.0,0.967741935483871,0.9354838709677419,74.2,1.0,high,SLF_IMIS_DAILY_SNOW,False
les_pleiades,Les Pléiades,2021-06-01,1,1,True,0.5384615384615384,0.0,0.038461538461538464,0.0,0.0,0.0,0.8666666666666667,high,SLF_IMIS_DAILY_SNOW,False
les_pleiades,Les Pléiades,2021-07-01,1,1,True,0.0,0.0,0.0,0.0,0.0,0.0,1.0,high,SLF_IMIS_DAILY_SNOW,False
les_pleiades,Les Pléiades,2021-08-01,1,1,True,0.0,0.0,0.0,0.0,0.0,0.0,1.0,high,SLF_IMIS_DAILY_SNOW,False
les_pleiades,Les Pléiades,2021-09-01,1,1,True,0.0,0.0,0.0,0.0,0.0,0.0,1.0,high,SLF_IMIS_DAILY_SNOW,False
les_pleiades,Les Pléiades,2021-10-01,1,1,True,0.03225806451612903,0.0,0.0,0.0,0.0,0.0,1.0,high,SLF_IMIS_DAILY_SNOW,False
les_pleiades,Les Pléiades,2021-11-01,1,1,True,3.7,1.0,0.06666666666666667,0.06666666666666667,0.03333333333333333,47.099999999999994,1.0,high,SLF_IMIS_DAILY_SNOW,False
les_pleiades,Les Pléiades,2021-12-01,1,1,True,81.12903225806451,83.0,1.0,1.0,0.9354838709677419,213.5,1.0,high,SLF_IMIS_DAILY_SNOW,False
les_pleiades,Les Pléiades,2022-01-01,1,1,True,75.2258064516129,77.0,1.0,1.0,1.0,56.7,1.0,high,SLF_IMIS_DAILY_SNOW,False
les_pleiades,Les Pléiades,2022-02-01,1,1,True,111.10714285714286,108.0,1.0,1.0,1.0,146.10000000000002,1.0,high,SLF_IMIS_DAILY_SNOW,False
les_pleiades,Les Pléiades,2022-03-01,1,1,True,104.6774193548387,111.0,1.0,1.0,1.0,2.5,1.0,high,SLF_IMIS_DAILY_SNOW,False
les_pleiades,Les Pléiades,2022-04-01,1,1,True,78.1,81.5,1.0,1.0,1.0,81.0,1.0,high,SLF_IMIS_DAILY_SNOW,False
les_pleiades,Les Pléiades,2022-05-01,1,1,True,4.161290322580645,0.0,0.1935483870967742,0.0967741935483871,0.03225806451612903,0.0,1.0,high,SLF_IMIS_DAILY_SNOW,False
les_pleiades,Les Pléiades,2022-06-01,1,1,True,0.0,0.0,0.0,0.0,0.0,0.0,1.0,high,SLF_IMIS_DAILY_SNOW,False
les_pleiades,Les Pléiades,2022-07-01,1,1,True,0.0,0.0,0.0,0.0,0.0,0.0,1.0,high,SLF_IMIS_DAILY_SNOW,False
les_pleiades,Les Pléiades,2022-08-01,1,1,True,0.0,0.0,0.0,0.0,0.0,0.0,1.0,high,SLF_IMIS_DAILY_SNOW,False
les_pleiades,Les Pléiades,2022-09-01,1,1,True,0.0,0.0,0.0,0.0,0.0,0.0,1.0,high,SLF_IMIS_DAILY_SNOW,False
les_pleiades,Les Pléiades,2022-10-01,1,1,True,0.0,0.0,0.0,0.0,0.0,0.0,1.0,high,SLF_IMIS_DAILY_SNOW,False
les_pleiades,Les Pléiades,2022-11-01,1,1,True,5.266666666666667,2.5,0.3333333333333333,0.0,0.0,41.199999999999996,1.0,high,SLF_IMIS_DAILY_SNOW,False
les_pleiades,Les Pléiades,2022-12-01,1,1,True,16.838709677419356,15.0,0.7419354838709677,0.3870967741935484,0.25806451612903225,66.7,1.0,high,SLF_IMIS_DAILY_SNOW,False
les_pleiades,Les Pléiades,2023-01-01,1,1,True,30.838709677419356,26.0,0.7096774193548387,0.6451612903225806,0.45161290322580644,122.5,1.0,high,SLF_IMIS_DAILY_SNOW,False
les_pleiades,Les Pléiades,2023-02-01,1,1,True,48.75,48.5,1.0,1.0,0.9642857142857143,6.8,1.0,high,SLF_IMIS_DAILY_SNOW,False
les_pleiades,Les Pléiades,2023-03-01,1,1,True,40.41935483870968,39.0,1.0,1.0,0.8064516129032258,105.7,1.0,high,SLF_IMIS_DAILY_SNOW,False
les_pleiades,Les Pléiades,2023-04-01,1,1,True,48.56666666666667,47.0,1.0,1.0,0.9666666666666667,93.90000000000002,1.0,high,SLF_IMIS_DAILY_SNOW,False
les_pleiades,Les Pléiades,2023-05-01,1,1,True,1.4193548387096775,0.0,0.06451612903225806,0.0,0.0,0.0,1.0,high,SLF_IMIS_DAILY_SNOW,False
les_pleiades,Les Pléiades,2023-06-01,1,1,True,0.0,0.0,0.0,0.0,0.0,0.0,1.0,high,SLF_IMIS_DAILY_SNOW,False
les_pleiades,Les Pléiades,2023-07-01,1,1,True,0.0,0.0,0.0,0.0,0.0,0.0,1.0,high,SLF_IMIS_DAILY_SNOW,False
les_pleiades,Les Pléiades,2023-08-01,1,1,True,0.0,0.0,0.0,0.0,0.0,0.0,1.0,high,SLF_IMIS_DAILY_SNOW,False
les_pleiades,Les Pléiades,2023-09-01,1,1,True,0.0,0.0,0.0,0.0,0.0,0.0,1.0,high,SLF_IMIS_DAILY_SNOW,False
les_pleiades,Les Pléiades,2023-10-01,1,1,True,0.0,0.0,0.0,0.0,0.0,0.0,1.0,high,SLF_IMIS_DAILY_SNOW,False
les_pleiades,Les Pléiades,2023-11-01,1,1,True,11.233333333333333,11.0,0.5333333333333333,0.16666666666666666,0.1,124.9,1.0,high,SLF_IMIS_DAILY_SNOW,False
les_pleiades,Les Pléiades,2023-12-01,1,1,True,53.74193548387097,55.0,1.0,1.0,0.9354838709677419,167.2,1.0,high,SLF_IMIS_DAILY_SNOW,False
les_pleiades,Les Pléiades,2024-01-01,1,1,True,87.93548387096774,88.0,1.0,1.0,1.0,122.6,1.0,high,SLF_IMIS_DAILY_SNOW,False
les_pleiades,Les Pléiades,2024-02-01,1,1,True,76.34482758620689,77.0,1.0,1.0,1.0,34.7,1.0,high,SLF_IMIS_DAILY_SNOW,False
les_pleiades,Les Pléiades,2024-03-01,1,1,True,81.87096774193549,79.0,1.0,1.0,1.0,72.10000000000001,1.0,high,SLF_IMIS_DAILY_SNOW,False
les_pleiades,Les Pléiades,2024-04-01,1,1,True,48.333333333333336,49.5,0.9333333333333333,0.9,0.8666666666666667,168.8,1.0,high,SLF_IMIS_DAILY_SNOW,False
les_pleiades,Les Pléiades,2024-05-01,1,1,True,3.6774193548387095,0.0,0.16129032258064516,0.12903225806451613,0.0,7.4,1.0,high,SLF_IMIS_DAILY_SNOW,False
les_pleiades,Les Pléiades,2024-06-01,1,1,True,0.0,0.0,0.0,0.0,0.0,0.0,1.0,high,SLF_IMIS_DAILY_SNOW,False
les_pleiades,Les Pléiades,2024-07-01,1,1,True,0.0,0.0,0.0,0.0,0.0,0.0,1.0,high,SLF_IMIS_DAILY_SNOW,False
les_pleiades,Les Pléiades,2024-08-01,1,1,True,0.0,0.0,0.0,0.0,0.0,0.0,1.0,high,SLF_IMIS_DAILY_SNOW,False
les_pleiades,Les Pléiades,2024-09-01,1,1,True,0.0,0.0,0.0,0.0,0.0,0.0,1.0,high,SLF_IMIS_DAILY_SNOW,False
les_pleiades,Les Pléiades,2024-10-01,1,1,True,0.0,0.0,0.0,0.0,0.0,0.0,1.0,high,SLF_IMIS_DAILY_SNOW,False
les_pleiades,Les Pléiades,2024-11-01,1,1,True,5.666666666666667,1.0,0.26666666666666666,0.1,0.03333333333333333,61.199999999999996,1.0,high,SLF_IMIS_DAILY_SNOW,False
les_pleiades,Les Pléiades,2024-12-01,1,1,True,39.38709677419355,30.0,0.8709677419354839,0.7741935483870968,0.5161290322580645,163.79999999999998,1.0,high,SLF_IMIS_DAILY_SNOW,False
les_pleiades,Les Pléiades,2025-01-01,1,1,True,75.48387096774194,71.0,1.0,1.0,1.0,125.2,1.0,high,SLF_IMIS_DAILY_SNOW,False
les_pleiades,Les Pléiades,2025-02-01,1,1,True,100.25,99.5,1.0,1.0,1.0,50.199999999999996,1.0,high,SLF_IMIS_DAILY_SNOW,False
les_pleiades,Les Pléiades,2025-03-01,1,1,True,96.45161290322581,99.0,1.0,1.0,1.0,26.5,1.0,high,SLF_IMIS_DAILY_SNOW,False
les_pleiades,Les Pléiades,2025-04-01,1,1,True,40.8,35.5,0.9333333333333333,0.8333333333333334,0.5666666666666667,35.3,1.0,high,SLF_IMIS_DAILY_SNOW,False
les_pleiades,Les Pléiades,2025-05-01,1,1,True,0.06451612903225806,0.0,0.0,0.0,0.0,0.0,1.0,high,SLF_IMIS_DAILY_SNOW,False
les_pleiades,Les Pléiades,2025-06-01,1,1,True,0.0,0.0,0.0,0.0,0.0,0.0,1.0,high,SLF_IMIS_DAILY_SNOW,False
les_pleiades,Les Pléiades,2025-07-01,1,1,True,0.0,0.0,0.0,0.0,0.0,0.0,1.0,high,SLF_IMIS_DAILY_SNOW,False
les_pleiades,Les Pléiades,2025-08-01,1,1,True,0.0,0.0,0.0,0.0,0.0,0.0,1.0,high,SLF_IMIS_DAILY_SNOW,False
les_pleiades,Les Pléiades,2025-09-01,1,1,True,0.0,0.0,0.0,0.0,0.0,0.0,1.0,high,SLF_IMIS_DAILY_SNOW,False
les_pleiades,Les Pléiades,2025-10-01,1,1,True,1.903225806451613,0.0,0.12903225806451613,0.0,0.0,22.700000000000003,1.0,high,SLF_IMIS_DAILY_SNOW,False
les_pleiades,Les Pléiades,2025-11-01,1,1,True,20.233333333333334,1.0,0.43333333333333335,0.3333333333333333,0.26666666666666666,177.1,1.0,high,SLF_IMIS_DAILY_SNOW,False
les_pleiades,Les Pléiades,2025-12-01,1,1,True,48.61290322580645,44.0,1.0,1.0,1.0,21.5,1.0,high,SLF_IMIS_DAILY_SNOW,False
les_pleiades,Les Pléiades,2026-01-01,1,1,True,62.0,67.0,1.0,1.0,1.0,205.60000000000002,1.0,high,SLF_IMIS_DAILY_SNOW,False
les_pleiades,Les Pléiades,2026-02-01,1,1,True,116.0,116.0,1.0,1.0,1.0,269.20000000000005,1.0,high,SLF_IMIS_DAILY_SNOW,False
les_pleiades,Les Pléiades,2026-03-01,1,1,True,128.48387096774192,126.0,1.0,1.0,1.0,139.0,1.0,high,SLF_IMIS_DAILY_SNOW,False
meiringen_hasliberg,Meiringen-Hasliberg,2013-01-01,1,1,True,107.87096774193549,106.0,1.0,1.0,1.0,118.19999999999997,1.0,high,SLF_IMIS_DAILY_SNOW,False
meiringen_hasliberg,Meiringen-Hasliberg,2013-02-01,1,1,True,170.25,172.0,1.0,1.0,1.0,191.3,1.0,high,SLF_IMIS_DAILY_SNOW,False
meiringen_hasliberg,Meiringen-Hasliberg,2013-03-01,1,1,True,145.67741935483872,141.0,1.0,1.0,1.0,87.8,1.0,high,SLF_IMIS_DAILY_SNOW,False
meiringen_hasliberg,Meiringen-Hasliberg,2013-04-01,1,1,True,143.23333333333332,149.0,1.0,1.0,1.0,119.99999999999999,1.0,high,SLF_IMIS_DAILY_SNOW,False
meiringen_hasliberg,Meiringen-Hasliberg,2013-05-01,1,1,True,53.32258064516129,52.0,1.0,1.0,0.8709677419354839,124.4,1.0,high,SLF_IMIS_DAILY_SNOW,False
meiringen_hasliberg,Meiringen-Hasliberg,2013-06-01,1,1,True,23.133333333333333,0.0,0.43333333333333335,0.4,0.3333333333333333,57.400000000000006,1.0,high,SLF_IMIS_DAILY_SNOW,False
meiringen_hasliberg,Meiringen-Hasliberg,2013-07-01,1,1,True,0.0,0.0,0.0,0.0,0.0,0.0,1.0,high,SLF_IMIS_DAILY_SNOW,False
meiringen_hasliberg,Meiringen-Hasliberg,2013-08-01,1,1,True,0.0,0.0,0.0,0.0,0.0,0.0,1.0,high,SLF_IMIS_DAILY_SNOW,False
meiringen_hasliberg,Meiringen-Hasliberg,2013-09-01,1,1,True,0.3,0.0,0.0,0.0,0.0,19.0,1.0,high,SLF_IMIS_DAILY_SNOW,False
meiringen_hasliberg,Meiringen-Hasliberg,2013-10-01,1,1,True,3.161290322580645,0.0,0.16129032258064516,0.03225806451612903,0.0,43.4,1.0,high,SLF_IMIS_DAILY_SNOW,False
meiringen_hasliberg,Meiringen-Hasliberg,2013-11-01,1,1,True,35.0,40.5,0.7333333333333333,0.6666666666666666,0.6333333333333333,156.2,1.0,high,SLF_IMIS_DAILY_SNOW,False
meiringen_hasliberg,Meiringen-Hasliberg,2013-12-01,1,1,True,41.483870967741936,35.0,1.0,1.0,1.0,67.89999999999999,1.0,high,SLF_IMIS_DAILY_SNOW,False
meiringen_hasliberg,Meiringen-Hasliberg,2014-01-01,1,1,True,58.38709677419355,55.0,1.0,1.0,1.0,122.30000000000001,1.0,high,SLF_IMIS_DAILY_SNOW,False
meiringen_hasliberg,Meiringen-Hasliberg,2014-02-01,1,1,True,69.0,69.5,1.0,1.0,1.0,114.30000000000001,1.0,high,SLF_IMIS_DAILY_SNOW,False
meiringen_hasliberg,Meiringen-Hasliberg,2014-03-01,1,1,True,85.64516129032258,86.0,1.0,1.0,1.0,125.2,1.0,high,SLF_IMIS_DAILY_SNOW,False
meiringen_hasliberg,Meiringen-Hasliberg,2014-04-01,1,1,True,51.5,50.5,1.0,0.9666666666666667,0.9,78.7,1.0,high,SLF_IMIS_DAILY_SNOW,False
meiringen_hasliberg,Meiringen-Hasliberg,2014-05-01,1,1,True,29.258064516129032,31.0,0.7096774193548387,0.6774193548387096,0.5161290322580645,130.89999999999998,1.0,high,SLF_IMIS_DAILY_SNOW,False
meiringen_hasliberg,Meiringen-Hasliberg,2014-06-01,1,1,True,0.0,0.0,0.0,0.0,0.0,0.0,1.0,high,SLF_IMIS_DAILY_SNOW,False
meiringen_hasliberg,Meiringen-Hasliberg,2014-07-01,1,1,True,0.0,0.0,0.0,0.0,0.0,0.0,1.0,high,SLF_IMIS_DAILY_SNOW,False
meiringen_hasliberg,Meiringen-Hasliberg,2014-08-01,1,1,True,0.0,0.0,0.0,0.0,0.0,0.0,1.0,high,SLF_IMIS_DAILY_SNOW,False
meiringen_hasliberg,Meiringen-Hasliberg,2014-09-01,1,1,True,0.0,0.0,0.0,0.0,0.0,0.0,1.0,high,SLF_IMIS_DAILY_SNOW,False
meiringen_hasliberg,Meiringen-Hasliberg,2014-10-01,1,1,True,3.4193548387096775,0.0,0.12903225806451613,0.0967741935483871,0.0,33.1,1.0,high,SLF_IMIS_DAILY_SNOW,False
meiringen_hasliberg,Meiringen-Hasliberg,2014-11-01,1,1,True,30.266666666666666,29.5,0.8333333333333334,0.8333333333333334,0.5,132.6,1.0,high,SLF_IMIS_DAILY_SNOW,False
meiringen_hasliberg,Meiringen-Hasliberg,2014-12-01,1,1,True,29.161290322580644,26.0,1.0,0.7096774193548387,0.45161290322580644,101.10000000000001,1.0,high,SLF_IMIS_DAILY_SNOW,False
meiringen_hasliberg,Meiringen-Hasliberg,2015-01-01,1,1,True,64.09677419354838,63.0,1.0,1.0,1.0,161.4,1.0,high,SLF_IMIS_DAILY_SNOW,False
meiringen_hasliberg,Meiringen-Hasliberg,2015-02-01,1,1,True,95.85714285714286,94.0,1.0,1.0,1.0,102.0,1.0,high,SLF_IMIS_DAILY_SNOW,False
meiringen_hasliberg,Meiringen-Hasliberg,2015-03-01,1,1,True,108.80645161290323,107.0,1.0,1.0,1.0,114.80000000000001,1.0,high,SLF_IMIS_DAILY_SNOW,False
meiringen_hasliberg,Meiringen-Hasliberg,2015-04-01,1,1,True,112.5,113.0,1.0,1.0,1.0,75.1,1.0,high,SLF_IMIS_DAILY_SNOW,False
meiringen_hasliberg,Meiringen-Hasliberg,2015-05-01,1,1,True,19.93548387096774,12.0,0.6129032258064516,0.41935483870967744,0.25806451612903225,70.60000000000001,1.0,high,SLF_IMIS_DAILY_SNOW,False
meiringen_hasliberg,Meiringen-Hasliberg,2015-06-01,1,1,True,0.0,0.0,0.0,0.0,0.0,0.0,1.0,high,SLF_IMIS_DAILY_SNOW,False
meiringen_hasliberg,Meiringen-Hasliberg,2015-07-01,1,1,True,0.0,0.0,0.0,0.0,0.0,0.0,1.0,high,SLF_IMIS_DAILY_SNOW,False
meiringen_hasliberg,Meiringen-Hasliberg,2015-08-01,1,1,True,0.0,0.0,0.0,0.0,0.0,0.0,1.0,high,SLF_IMIS_DAILY_SNOW,False
meiringen_hasliberg,Meiringen-Hasliberg,2015-09-01,1,1,True,1.0,0.0,0.03333333333333333,0.0,0.0,19.4,1.0,high,SLF_IMIS_DAILY_SNOW,False
meiringen_hasliberg,Meiringen-Hasliberg,2015-10-01,1,1,True,5.32258064516129,0.0,0.25806451612903225,0.03225806451612903,0.0,41.199999999999996,1.0,high,SLF_IMIS_DAILY_SNOW,False
meiringen_hasliberg,Meiringen-Hasliberg,2015-11-01,1,1,True,15.866666666666667,0.0,0.3,0.3,0.3,127.69999999999999,1.0,high,SLF_IMIS_DAILY_SNOW,False
meiringen_hasliberg,Meiringen-Hasliberg,2015-12-01,1,1,True,44.354838709677416,44.0,1.0,1.0,1.0,6.6,1.0,high,SLF_IMIS_DAILY_SNOW,False
meiringen_hasliberg,Meiringen-Hasliberg,2016-01-01,1,1,True,69.19354838709677,71.0,1.0,1.0,1.0,142.79999999999998,1.0,high,SLF_IMIS_DAILY_SNOW,False
meiringen_hasliberg,Meiringen-Hasliberg,2016-02-01,1,1,True,113.13793103448276,115.0,1.0,1.0,1.0,226.39999999999998,1.0,high,SLF_IMIS_DAILY_SNOW,False
meiringen_hasliberg,Meiringen-Hasliberg,2016-03-01,1,1,True,161.74193548387098,159.0,1.0,1.0,1.0,142.40000000000003,1.0,high,SLF_IMIS_DAILY_SNOW,False
meiringen_hasliberg,Meiringen-Hasliberg,2016-04-01,1,1,True,132.5,132.0,1.0,1.0,1.0,123.6,1.0,high,SLF_IMIS_DAILY_SNOW,False
meiringen_hasliberg,Meiringen-Hasliberg,2016-05-01,1,1,True,113.48387096774194,116.0,1.0,1.0,1.0,159.7,1.0,high,SLF_IMIS_DAILY_SNOW,False
meiringen_hasliberg,Meiringen-Hasliberg,2016-06-01,1,1,True,9.5,0.0,0.26666666666666666,0.23333333333333334,0.2,0.0,1.0,high,SLF_IMIS_DAILY_SNOW,False
meiringen_hasliberg,Meiringen-Hasliberg,2016-07-01,1,1,True,0.7741935483870968,0.0,0.03225806451612903,0.0,0.0,22.0,1.0,high,SLF_IMIS_DAILY_SNOW,False
meiringen_hasliberg,Meiringen-Hasliberg,2016-08-01,1,1,True,0.0,0.0,0.0,0.0,0.0,0.0,1.0,high,SLF_IMIS_DAILY_SNOW,False
meiringen_hasliberg,Meiringen-Hasliberg,2016-09-01,1,1,True,0.0,0.0,0.0,0.0,0.0,0.0,1.0,high,SLF_IMIS_DAILY_SNOW,False
meiringen_hasliberg,Meiringen-Hasliberg,2016-10-01,1,1,True,0.7419354838709677,0.0,0.0,0.0,0.0,16.0,1.0,high,SLF_IMIS_DAILY_SNOW,False
meiringen_hasliberg,Meiringen-Hasliberg,2016-11-01,1,1,True,23.266666666666666,22.5,0.8,0.5666666666666667,0.3333333333333333,102.29999999999998,1.0,high,SLF_IMIS_DAILY_SNOW,False
meiringen_hasliberg,Meiringen-Hasliberg,2016-12-01,1,1,True,14.67741935483871,15.0,1.0,0.0,0.0,2.1,1.0,high,SLF_IMIS_DAILY_SNOW,False
meiringen_hasliberg,Meiringen-Hasliberg,2017-01-01,1,1,True,36.096774193548384,40.0,1.0,0.7741935483870968,0.5806451612903226,112.4,1.0,high,SLF_IMIS_DAILY_SNOW,False
meiringen_hasliberg,Meiringen-Hasliberg,2017-02-01,1,1,True,65.42857142857143,63.0,1.0,1.0,1.0,127.70000000000002,1.0,high,SLF_IMIS_DAILY_SNOW,False
meiringen_hasliberg,Meiringen-Hasliberg,2017-03-01,1,1,True,99.51612903225806,99.0,1.0,1.0,1.0,183.8,1.0,high,SLF_IMIS_DAILY_SNOW,False
meiringen_hasliberg,Meiringen-Hasliberg,2017-04-01,1,1,True,81.83333333333333,78.0,1.0,1.0,1.0,187.89999999999998,1.0,high,SLF_IMIS_DAILY_SNOW,False
meiringen_hasliberg,Meiringen-Hasliberg,2017-05-01,1,1,True,63.0,68.0,0.8064516129032258,0.7741935483870968,0.7419354838709677,56.4,1.0,high,SLF_IMIS_DAILY_SNOW,False
meiringen_hasliberg,Meiringen-Hasliberg,2017-06-01,1,1,True,0.0,0.0,0.0,0.0,0.0,0.0,1.0,high,SLF_IMIS_DAILY_SNOW,False
meiringen_hasliberg,Meiringen-Hasliberg,2017-07-01,1,1,True,0.0,0.0,0.0,0.0,0.0,0.0,1.0,high,SLF_IMIS_DAILY_SNOW,False
meiringen_hasliberg,Meiringen-Hasliberg,2017-08-01,1,1,True,0.22580645161290322,0.0,0.0,0.0,0.0,9.2,1.0,high,SLF_IMIS_DAILY_SNOW,False
meiringen_hasliberg,Meiringen-Hasliberg,2017-09-01,1,1,True,2.533333333333333,0.0,0.1,0.03333333333333333,0.0,43.099999999999994,1.0,high,SLF_IMIS_DAILY_SNOW,False
meiringen_hasliberg,Meiringen-Hasliberg,2017-10-01,1,1,True,4.258064516129032,0.0,0.1935483870967742,0.03225806451612903,0.0,50.800000000000004,1.0,high,SLF_IMIS_DAILY_SNOW,False
meiringen_hasliberg,Meiringen-Hasliberg,2017-11-01,1,1,True,36.1,39.5,0.8333333333333334,0.8333333333333334,0.8,111.9,1.0,high,SLF_IMIS_DAILY_SNOW,False
meiringen_hasliberg,Meiringen-Hasliberg,2017-12-01,1,1,True,85.83870967741936,99.0,1.0,1.0,1.0,180.2,1.0,high,SLF_IMIS_DAILY_SNOW,False
meiringen_hasliberg,Meiringen-Hasliberg,2018-01-01,1,1,True,115.41935483870968,115.0,1.0,1.0,1.0,134.1,1.0,high,SLF_IMIS_DAILY_SNOW,False
meiringen_hasliberg,Meiringen-Hasliberg,2018-02-01,1,1,True,151.17857142857142,156.5,1.0,1.0,1.0,98.1,1.0,high,SLF_IMIS_DAILY_SNOW,False
meiringen_hasliberg,Meiringen-Hasliberg,2018-03-01,1,1,True,165.41935483870967,164.0,1.0,1.0,1.0,191.8,1.0,high,SLF_IMIS_DAILY_SNOW,False
meiringen_hasliberg,Meiringen-Hasliberg,2018-04-01,1,1,True,175.9,177.5,1.0,1.0,1.0,38.9,1.0,high,SLF_IMIS_DAILY_SNOW,False
meiringen_hasliberg,Meiringen-Hasliberg,2018-05-01,1,1,True,39.74193548387097,37.0,0.7096774193548387,0.6774193548387096,0.6129032258064516,28.799999999999997,1.0,high,SLF_IMIS_DAILY_SNOW,False
meiringen_hasliberg,Meiringen-Hasliberg,2018-06-01,1,1,True,0.0,0.0,0.0,0.0,0.0,0.0,1.0,high,SLF_IMIS_DAILY_SNOW,False
meiringen_hasliberg,Meiringen-Hasliberg,2018-07-01,1,1,True,0.0,0.0,0.0,0.0,0.0,0.0,1.0,high,SLF_IMIS_DAILY_SNOW,False
meiringen_hasliberg,Meiringen-Hasliberg,2018-08-01,1,1,True,0.0,0.0,0.0,0.0,0.0,0.0,1.0,high,SLF_IMIS_DAILY_SNOW,False
meiringen_hasliberg,Meiringen-Hasliberg,2018-09-01,1,1,True,0.0,0.0,0.0,0.0,0.0,0.0,1.0,high,SLF_IMIS_DAILY_SNOW,False
meiringen_hasliberg,Meiringen-Hasliberg,2018-10-01,1,1,True,3.7419354838709675,0.0,0.1935483870967742,0.12903225806451613,0.0,72.6,1.0,high,SLF_IMIS_DAILY_SNOW,False
meiringen_hasliberg,Meiringen-Hasliberg,2018-11-01,1,1,True,3.8333333333333335,1.0,0.2,0.0,0.0,15.700000000000001,1.0,high,SLF_IMIS_DAILY_SNOW,False
meiringen_hasliberg,Meiringen-Hasliberg,2018-12-01,1,1,True,33.61290322580645,41.0,1.0,0.6774193548387096,0.6774193548387096,108.8,1.0,high,SLF_IMIS_DAILY_SNOW,False
meiringen_hasliberg,Meiringen-Hasliberg,2019-01-01,1,1,True,66.64516129032258,68.0,1.0,1.0,1.0,141.79999999999998,1.0,high,SLF_IMIS_DAILY_SNOW,False
meiringen_hasliberg,Meiringen-Hasliberg,2019-02-01,1,1,True,128.35714285714286,128.0,1.0,1.0,1.0,91.0,1.0,high,SLF_IMIS_DAILY_SNOW,False
meiringen_hasliberg,Meiringen-Hasliberg,2019-03-01,1,1,True,132.83870967741936,131.0,1.0,1.0,1.0,94.5,1.0,high,SLF_IMIS_DAILY_SNOW,False
meiringen_hasliberg,Meiringen-Hasliberg,2019-04-01,1,1,True,156.96666666666667,154.0,1.0,1.0,1.0,178.5,1.0,high,SLF_IMIS_DAILY_SNOW,False
meiringen_hasliberg,Meiringen-Hasliberg,2019-05-01,1,1,True,142.74193548387098,143.0,1.0,1.0,1.0,103.00000000000001,1.0,high,SLF_IMIS_DAILY_SNOW,False
meiringen_hasliberg,Meiringen-Hasliberg,2019-06-01,1,1,True,27.366666666666667,0.0,0.4,0.36666666666666664,0.3333333333333333,0.0,1.0,high,SLF_IMIS_DAILY_SNOW,False
meiringen_hasliberg,Meiringen-Hasliberg,2019-07-01,1,1,True,0.0,0.0,0.0,0.0,0.0,0.0,1.0,high,SLF_IMIS_DAILY_SNOW,False
meiringen_hasliberg,Meiringen-Hasliberg,2019-08-01,1,1,True,0.0,0.0,0.0,0.0,0.0,0.0,1.0,high,SLF_IMIS_DAILY_SNOW,False
meiringen_hasliberg,Meiringen-Hasliberg,2019-09-01,1,1,True,0.3333333333333333,0.0,0.0,0.0,0.0,26.300000000000004,1.0,high,SLF_IMIS_DAILY_SNOW,False
meiringen_hasliberg,Meiringen-Hasliberg,2019-10-01,1,1,True,1.4516129032258065,0.0,0.03225806451612903,0.0,0.0,47.3,1.0,high,SLF_IMIS_DAILY_SNOW,False
meiringen_hasliberg,Meiringen-Hasliberg,2019-11-01,1,1,True,34.0,35.5,0.8,0.7,0.5666666666666667,174.59999999999997,1.0,high,SLF_IMIS_DAILY_SNOW,False
meiringen_hasliberg,Meiringen-Hasliberg,2019-12-01,1,1,True,61.96774193548387,63.0,1.0,1.0,1.0,136.0,1.0,high,SLF_IMIS_DAILY_SNOW,False
meiringen_hasliberg,Meiringen-Hasliberg,2020-01-01,1,1,True,70.19354838709677,70.0,1.0,1.0,1.0,34.099999999999994,1.0,high,SLF_IMIS_DAILY_SNOW,False
meiringen_hasliberg,Meiringen-Hasliberg,2020-02-01,1,1,True,76.93103448275862,78.0,1.0,1.0,1.0,85.5,1.0,high,SLF_IMIS_DAILY_SNOW,False
meiringen_hasliberg,Meiringen-Hasliberg,2020-03-01,1,1,True,95.2258064516129,97.0,1.0,1.0,1.0,78.69999999999999,1.0,high,SLF_IMIS_DAILY_SNOW,False
meiringen_hasliberg,Meiringen-Hasliberg,2020-04-01,1,1,True,50.36666666666667,61.0,0.8,0.7666666666666667,0.7,8.7,1.0,high,SLF_IMIS_DAILY_SNOW,False
meiringen_hasliberg,Meiringen-Hasliberg,2020-05-01,1,1,True,0.6774193548387096,0.0,0.0,0.0,0.0,16.1,1.0,high,SLF_IMIS_DAILY_SNOW,False
meiringen_hasliberg,Meiringen-Hasliberg,2020-06-01,1,1,True,0.0,0.0,0.0,0.0,0.0,0.0,1.0,high,SLF_IMIS_DAILY_SNOW,False
meiringen_hasliberg,Meiringen-Hasliberg,2020-07-01,1,1,True,0.0,0.0,0.0,0.0,0.0,0.0,1.0,high,SLF_IMIS_DAILY_SNOW,False
meiringen_hasliberg,Meiringen-Hasliberg,2020-08-01,1,1,True,0.22580645161290322,0.0,0.0,0.0,0.0,8.2,1.0,high,SLF_IMIS_DAILY_SNOW,False
meiringen_hasliberg,Meiringen-Hasliberg,2020-09-01,1,1,True,2.2666666666666666,0.0,0.13333333333333333,0.0,0.0,28.2,1.0,high,SLF_IMIS_DAILY_SNOW,False
meiringen_hasliberg,Meiringen-Hasliberg,2020-10-01,1,1,True,8.903225806451612,9.0,0.41935483870967744,0.06451612903225806,0.03225806451612903,69.0,1.0,high,SLF_IMIS_DAILY_SNOW,False
meiringen_hasliberg,Meiringen-Hasliberg,2020-11-01,1,1,True,5.133333333333334,2.0,0.3,0.0,0.0,32.7,1.0,high,SLF_IMIS_DAILY_SNOW,False
meiringen_hasliberg,Meiringen-Hasliberg,2020-12-01,1,1,True,52.41935483870968,53.0,1.0,0.9354838709677419,0.8387096774193549,217.5,1.0,high,SLF_IMIS_DAILY_SNOW,False
meiringen_hasliberg,Meiringen-Hasliberg,2021-01-01,1,1,True,100.54838709677419,114.0,1.0,1.0,1.0,291.1,1.0,high,SLF_IMIS_DAILY_SNOW,False
meiringen_hasliberg,Meiringen-Hasliberg,2021-02-01,1,1,True,157.14285714285714,159.0,1.0,1.0,1.0,47.6,1.0,high,SLF_IMIS_DAILY_SNOW,False
meiringen_hasliberg,Meiringen-Hasliberg,2021-03-01,1,1,True,170.70967741935485,175.0,1.0,1.0,1.0,152.60000000000002,1.0,high,SLF_IMIS_DAILY_SNOW,False
meiringen_hasliberg,Meiringen-Hasliberg,2021-04-01,1,1,True,160.56666666666666,163.0,1.0,1.0,1.0,50.8,1.0,high,SLF_IMIS_DAILY_SNOW,False
meiringen_hasliberg,Meiringen-Hasliberg,2021-05-01,1,1,True,128.25806451612902,126.0,1.0,1.0,1.0,125.5,1.0,high,SLF_IMIS_DAILY_SNOW,False
meiringen_hasliberg,Meiringen-Hasliberg,2021-06-01,1,1,True,23.1,0.5,0.43333333333333335,0.4,0.36666666666666664,0.0,1.0,high,SLF_IMIS_DAILY_SNOW,False
meiringen_hasliberg,Meiringen-Hasliberg,2021-07-01,1,1,True,0.0,0.0,0.0,0.0,0.0,2.5,1.0,high,SLF_IMIS_DAILY_SNOW,False
meiringen_hasliberg,Meiringen-Hasliberg,2021-08-01,1,1,True,0.0,0.0,0.0,0.0,0.0,0.0,1.0,high,SLF_IMIS_DAILY_SNOW,False
meiringen_hasliberg,Meiringen-Hasliberg,2021-09-01,1,1,True,0.43333333333333335,0.0,0.0,0.0,0.0,7.4,1.0,high,SLF_IMIS_DAILY_SNOW,False
meiringen_hasliberg,Meiringen-Hasliberg,2021-10-01,1,1,True,1.3548387096774193,0.0,0.0,0.0,0.0,25.799999999999997,1.0,high,SLF_IMIS_DAILY_SNOW,False
meiringen_hasliberg,Meiringen-Hasliberg,2021-11-01,1,1,True,11.433333333333334,5.0,0.4,0.3,0.06666666666666667,134.79999999999998,1.0,high,SLF_IMIS_DAILY_SNOW,False
meiringen_hasliberg,Meiringen-Hasliberg,2021-12-01,1,1,True,60.064516129032256,56.0,1.0,1.0,1.0,133.6,1.0,high,SLF_IMIS_DAILY_SNOW,False
meiringen_hasliberg,Meiringen-Hasliberg,2022-01-01,1,1,True,61.25806451612903,63.0,1.0,1.0,1.0,42.4,1.0,high,SLF_IMIS_DAILY_SNOW,False
meiringen_hasliberg,Meiringen-Hasliberg,2022-02-01,1,1,True,83.5,85.0,1.0,1.0,1.0,122.8,1.0,high,SLF_IMIS_DAILY_SNOW,False
meiringen_hasliberg,Meiringen-Hasliberg,2022-03-01,1,1,True,76.16129032258064,79.0,1.0,1.0,1.0,8.0,1.0,high,SLF_IMIS_DAILY_SNOW,False
meiringen_hasliberg,Meiringen-Hasliberg,2022-04-01,1,1,True,67.0,63.5,1.0,1.0,1.0,129.10000000000002,1.0,high,SLF_IMIS_DAILY_SNOW,False
meiringen_hasliberg,Meiringen-Hasliberg,2022-05-01,1,1,True,9.419354838709678,0.0,0.3225806451612903,0.25806451612903225,0.16129032258064516,4.1,1.0,high,SLF_IMIS_DAILY_SNOW,False
meiringen_hasliberg,Meiringen-Hasliberg,2022-06-01,1,1,True,0.0,0.0,0.0,0.0,0.0,0.0,1.0,high,SLF_IMIS_DAILY_SNOW,False
meiringen_hasliberg,Meiringen-Hasliberg,2022-07-01,1,1,True,0.0,0.0,0.0,0.0,0.0,0.0,1.0,high,SLF_IMIS_DAILY_SNOW,False
meiringen_hasliberg,Meiringen-Hasliberg,2022-08-01,1,1,True,0.0,0.0,0.0,0.0,0.0,0.0,1.0,high,SLF_IMIS_DAILY_SNOW,False
meiringen_hasliberg,Meiringen-Hasliberg,2022-09-01,1,1,True,1.0,0.0,0.03333333333333333,0.0,0.0,36.2,1.0,high,SLF_IMIS_DAILY_SNOW,False
meiringen_hasliberg,Meiringen-Hasliberg,2022-10-01,1,1,True,0.1935483870967742,0.0,0.0,0.0,0.0,0.0,1.0,high,SLF_IMIS_DAILY_SNOW,False
meiringen_hasliberg,Meiringen-Hasliberg,2022-11-01,1,1,True,7.933333333333334,9.0,0.43333333333333335,0.0,0.0,63.00000000000001,1.0,high,SLF_IMIS_DAILY_SNOW,False
meiringen_hasliberg,Meiringen-Hasliberg,2022-12-01,1,1,True,33.03225806451613,34.0,1.0,0.967741935483871,0.8064516129032258,80.00000000000001,1.0,high,SLF_IMIS_DAILY_SNOW,False
meiringen_hasliberg,Meiringen-Hasliberg,2023-01-01,1,1,True,50.87096774193548,54.0,1.0,1.0,1.0,67.9,1.0,high,SLF_IMIS_DAILY_SNOW,False
meiringen_hasliberg,Meiringen-Hasliberg,2023-02-01,1,1,True,66.03571428571429,66.0,1.0,1.0,1.0,46.0,1.0,high,SLF_IMIS_DAILY_SNOW,False
meiringen_hasliberg,Meiringen-Hasliberg,2023-03-01,1,1,True,78.06451612903226,79.0,1.0,1.0,1.0,130.79999999999998,1.0,high,SLF_IMIS_DAILY_SNOW,False
meiringen_hasliberg,Meiringen-Hasliberg,2023-04-01,1,1,True,106.93333333333334,101.5,1.0,1.0,1.0,175.5,1.0,high,SLF_IMIS_DAILY_SNOW,False
meiringen_hasliberg,Meiringen-Hasliberg,2023-05-01,1,1,True,55.32258064516129,63.0,0.8387096774193549,0.8064516129032258,0.7741935483870968,54.7,1.0,high,SLF_IMIS_DAILY_SNOW,False
meiringen_hasliberg,Meiringen-Hasliberg,2023-06-01,1,1,True,0.0,0.0,0.0,0.0,0.0,0.0,1.0,high,SLF_IMIS_DAILY_SNOW,False
meiringen_hasliberg,Meiringen-Hasliberg,2023-07-01,1,1,True,0.0,0.0,0.0,0.0,0.0,0.0,1.0,high,SLF_IMIS_DAILY_SNOW,False
meiringen_hasliberg,Meiringen-Hasliberg,2023-08-01,1,1,True,0.3225806451612903,0.0,0.0,0.0,0.0,18.1,1.0,high,SLF_IMIS_DAILY_SNOW,False
meiringen_hasliberg,Meiringen-Hasliberg,2023-09-01,1,1,True,0.0,0.0,0.0,0.0,0.0,6.9,1.0,high,SLF_IMIS_DAILY_SNOW,False
meiringen_hasliberg,Meiringen-Hasliberg,2023-10-01,1,1,True,0.3870967741935484,0.0,0.0,0.0,0.0,26.0,1.0,high,SLF_IMIS_DAILY_SNOW,False
meiringen_hasliberg,Meiringen-Hasliberg,2023-11-01,1,1,True,13.2,12.0,0.6666666666666666,0.16666666666666666,0.06666666666666667,120.19999999999999,1.0,high,SLF_IMIS_DAILY_SNOW,False
meiringen_hasliberg,Meiringen-Hasliberg,2023-12-01,1,1,True,59.516129032258064,59.0,1.0,1.0,1.0,157.1,1.0,high,SLF_IMIS_DAILY_SNOW,False
meiringen_hasliberg,Meiringen-Hasliberg,2024-01-01,1,1,True,65.6774193548387,66.0,1.0,1.0,1.0,97.2,1.0,high,SLF_IMIS_DAILY_SNOW,False
meiringen_hasliberg,Meiringen-Hasliberg,2024-02-01,1,1,True,73.89655172413794,68.0,1.0,1.0,1.0,85.89999999999999,1.0,high,SLF_IMIS_DAILY_SNOW,False
meiringen_hasliberg,Meiringen-Hasliberg,2024-03-01,1,1,True,120.6774193548387,122.0,1.0,1.0,1.0,229.49999999999997,1.0,high,SLF_IMIS_DAILY_SNOW,False
meiringen_hasliberg,Meiringen-Hasliberg,2024-04-01,1,1,True,133.1,134.0,1.0,1.0,1.0,200.60000000000002,1.0,high,SLF_IMIS_DAILY_SNOW,False
meiringen_hasliberg,Meiringen-Hasliberg,2024-05-01,1,1,True,51.774193548387096,43.0,0.8387096774193549,0.7096774193548387,0.6129032258064516,36.1,1.0,high,SLF_IMIS_DAILY_SNOW,False
meiringen_hasliberg,Meiringen-Hasliberg,2024-06-01,1,1,True,2.4,0.0,0.1,0.06666666666666667,0.03333333333333333,27.9,1.0,high,SLF_IMIS_DAILY_SNOW,False
meiringen_hasliberg,Meiringen-Hasliberg,2024-07-01,1,1,True,0.0,0.0,0.0,0.0,0.0,0.0,1.0,high,SLF_IMIS_DAILY_SNOW,False
meiringen_hasliberg,Meiringen-Hasliberg,2024-08-01,1,1,True,0.0,0.0,0.0,0.0,0.0,0.0,1.0,high,SLF_IMIS_DAILY_SNOW,False
meiringen_hasliberg,Meiringen-Hasliberg,2024-09-01,1,1,True,4.1,0.0,0.2,0.06666666666666667,0.03333333333333333,57.300000000000004,1.0,high,SLF_IMIS_DAILY_SNOW,False
meiringen_hasliberg,Meiringen-Hasliberg,2024-10-01,1,1,True,2.096774193548387,0.0,0.0967741935483871,0.06451612903225806,0.0,35.3,1.0,high,SLF_IMIS_DAILY_SNOW,False
meiringen_hasliberg,Meiringen-Hasliberg,2024-11-01,1,1,True,11.166666666666666,4.0,0.4,0.26666666666666666,0.13333333333333333,69.9,1.0,high,SLF_IMIS_DAILY_SNOW,False
meiringen_hasliberg,Meiringen-Hasliberg,2024-12-01,1,1,True,61.516129032258064,52.0,1.0,1.0,0.967741935483871,170.9,1.0,high,SLF_IMIS_DAILY_SNOW,False
meiringen_hasliberg,Meiringen-Hasliberg,2025-01-01,1,1,True,93.93548387096774,96.0,1.0,1.0,1.0,95.19999999999999,1.0,high,SLF_IMIS_DAILY_SNOW,False
meiringen_hasliberg,Meiringen-Hasliberg,2025-02-01,1,1,True,91.67857142857143,93.0,1.0,1.0,1.0,60.8,1.0,high,SLF_IMIS_DAILY_SNOW,False
meiringen_hasliberg,Meiringen-Hasliberg,2025-03-01,1,1,True,86.64516129032258,86.0,1.0,1.0,1.0,40.4,1.0,high,SLF_IMIS_DAILY_SNOW,False
meiringen_hasliberg,Meiringen-Hasliberg,2025-04-01,1,1,True,53.9,51.0,1.0,0.9666666666666667,0.9333333333333333,69.3,1.0,high,SLF_IMIS_DAILY_SNOW,False
meiringen_hasliberg,Meiringen-Hasliberg,2025-05-01,1,1,True,0.9032258064516129,0.0,0.03225806451612903,0.0,0.0,13.8,1.0,high,SLF_IMIS_DAILY_SNOW,False
meiringen_hasliberg,Meiringen-Hasliberg,2025-06-01,1,1,True,0.0,0.0,0.0,0.0,0.0,0.0,1.0,high,SLF_IMIS_DAILY_SNOW,False
meiringen_hasliberg,Meiringen-Hasliberg,2025-07-01,1,1,True,0.0,0.0,0.0,0.0,0.0,0.0,1.0,high,SLF_IMIS_DAILY_SNOW,False
meiringen_hasliberg,Meiringen-Hasliberg,2025-08-01,1,1,True,0.0,0.0,0.0,0.0,0.0,0.0,1.0,high,SLF_IMIS_DAILY_SNOW,False
meiringen_hasliberg,Meiringen-Hasliberg,2025-09-01,1,1,True,1.2666666666666666,0.0,0.06666666666666667,0.0,0.0,51.00000000000001,1.0,high,SLF_IMIS_DAILY_SNOW,False
meiringen_hasliberg,Meiringen-Hasliberg,2025-10-01,1,1,True,3.774193548387097,1.0,0.1935483870967742,0.03225806451612903,0.0,43.8,1.0,high,SLF_IMIS_DAILY_SNOW,False
meiringen_hasliberg,Meiringen-Hasliberg,2025-11-01,1,1,True,17.566666666666666,3.5,0.4666666666666667,0.36666666666666664,0.3,132.2,1.0,high,SLF_IMIS_DAILY_SNOW,False
meiringen_hasliberg,Meiringen-Hasliberg,2025-12-01,1,1,True,35.774193548387096,34.0,1.0,1.0,1.0,5.0,1.0,high,SLF_IMIS_DAILY_SNOW,False
meiringen_hasliberg,Meiringen-Hasliberg,2026-01-01,1,1,True,33.29032258064516,33.0,1.0,1.0,1.0,36.9,1.0,high,SLF_IMIS_DAILY_SNOW,False
meiringen_hasliberg,Meiringen-Hasliberg,2026-02-01,1,1,True,54.32142857142857,57.0,1.0,1.0,1.0,109.30000000000001,1.0,high,SLF_IMIS_DAILY_SNOW,False
meiringen_hasliberg,Meiringen-Hasliberg,2026-03-01,1,1,True,84.19354838709677,85.0,1.0,1.0,1.0,163.9,1.0,high,SLF_IMIS_DAILY_SNOW,False
moleson,Moléson,2013-01-01,1,1,True,101.70967741935483,107.0,1.0,1.0,1.0,206.60000000000002,1.0,high,SLF_IMIS_DAILY_SNOW,False
moleson,Moléson,2013-02-01,1,1,True,147.03571428571428,149.5,1.0,1.0,1.0,189.1,1.0,high,SLF_IMIS_DAILY_SNOW,False
moleson,Moléson,2013-03-01,1,1,True,149.4516129032258,147.0,1.0,1.0,1.0,153.0,1.0,high,SLF_IMIS_DAILY_SNOW,False
moleson,Moléson,2013-04-01,1,1,True,160.96666666666667,167.0,1.0,1.0,1.0,109.80000000000001,1.0,high,SLF_IMIS_DAILY_SNOW,False
moleson,Moléson,2013-05-01,1,1,True,50.41935483870968,40.0,1.0,1.0,0.8709677419354839,45.0,1.0,high,SLF_IMIS_DAILY_SNOW,False
moleson,Moléson,2013-06-01,1,1,True,5.433333333333334,0.0,0.2,0.13333333333333333,0.06666666666666667,4.7,1.0,high,SLF_IMIS_DAILY_SNOW,False
moleson,Moléson,2013-07-01,1,1,True,0.0,0.0,0.0,0.0,0.0,0.0,1.0,high,SLF_IMIS_DAILY_SNOW,False
moleson,Moléson,2013-08-01,1,1,True,0.0,0.0,0.0,0.0,0.0,0.0,1.0,high,SLF_IMIS_DAILY_SNOW,False
moleson,Moléson,2013-09-01,1,1,True,0.06666666666666667,0.0,0.0,0.0,0.0,5.5,1.0,high,SLF_IMIS_DAILY_SNOW,False
moleson,Moléson,2013-10-01,1,1,True,1.3548387096774193,0.0,0.06451612903225806,0.03225806451612903,0.0,36.800000000000004,1.0,high,SLF_IMIS_DAILY_SNOW,False
moleson,Moléson,2013-11-01,1,1,True,12.833333333333334,14.0,0.7,0.3,0.0,68.5,1.0,high,SLF_IMIS_DAILY_SNOW,False
moleson,Moléson,2013-12-01,1,1,True,36.354838709677416,32.0,1.0,1.0,0.7741935483870968,141.7,1.0,high,SLF_IMIS_DAILY_SNOW,False
moleson,Moléson,2014-01-01,1,1,True,63.16129032258065,67.0,1.0,1.0,1.0,263.6,1.0,high,SLF_IMIS_DAILY_SNOW,False
moleson,Moléson,2014-02-01,1,1,True,101.14285714285714,105.0,1.0,1.0,1.0,199.9,1.0,high,SLF_IMIS_DAILY_SNOW,False
moleson,Moléson,2014-03-01,1,1,True,110.7741935483871,113.0,1.0,1.0,1.0,104.4,1.0,high,SLF_IMIS_DAILY_SNOW,False
moleson,Moléson,2014-04-01,1,1,True,39.233333333333334,27.5,0.8666666666666667,0.6666666666666666,0.4666666666666667,36.1,1.0,high,SLF_IMIS_DAILY_SNOW,False
moleson,Moléson,2014-05-01,1,1,True,2.193548387096774,0.0,0.12903225806451613,0.0,0.0,20.0,1.0,high,SLF_IMIS_DAILY_SNOW,False
moleson,Moléson,2014-06-01,1,1,True,0.0,0.0,0.0,0.0,0.0,0.0,1.0,high,SLF_IMIS_DAILY_SNOW,False
moleson,Moléson,2014-07-01,1,1,True,0.0,0.0,0.0,0.0,0.0,0.0,1.0,high,SLF_IMIS_DAILY_SNOW,False
moleson,Moléson,2014-08-01,1,1,True,0.0,0.0,0.0,0.0,0.0,0.0,1.0,high,SLF_IMIS_DAILY_SNOW,False
moleson,Moléson,2014-09-01,1,1,True,0.0,0.0,0.0,0.0,0.0,0.0,1.0,high,SLF_IMIS_DAILY_SNOW,False
moleson,Moléson,2014-10-01,1,1,True,0.16129032258064516,0.0,0.0,0.0,0.0,6.6000000000000005,1.0,high,SLF_IMIS_DAILY_SNOW,False
moleson,Moléson,2014-11-01,1,1,True,6.666666666666667,2.5,0.3333333333333333,0.13333333333333333,0.0,62.599999999999994,1.0,high,SLF_IMIS_DAILY_SNOW,False
moleson,Moléson,2014-12-01,1,1,True,10.161290322580646,6.0,0.3548387096774194,0.0967741935483871,0.0967741935483871,94.19999999999999,1.0,high,SLF_IMIS_DAILY_SNOW,False
moleson,Moléson,2015-01-01,1,1,True,34.29032258064516,31.0,1.0,0.7741935483870968,0.5483870967741935,182.4,1.0,high,SLF_IMIS_DAILY_SNOW,False
moleson,Moléson,2015-02-01,1,1,True,98.07142857142857,97.0,1.0,1.0,1.0,108.69999999999999,1.0,high,SLF_IMIS_DAILY_SNOW,False
moleson,Moléson,2015-03-01,1,1,True,102.25806451612904,103.0,1.0,1.0,1.0,86.3,1.0,high,SLF_IMIS_DAILY_SNOW,False
moleson,Moléson,2015-04-01,1,1,True,78.3,87.5,1.0,1.0,0.9,69.0,1.0,high,SLF_IMIS_DAILY_SNOW,False
moleson,Moléson,2015-05-01,1,1,True,1.064516129032258,0.0,0.06451612903225806,0.0,0.0,0.0,1.0,high,SLF_IMIS_DAILY_SNOW,False
moleson,Moléson,2015-06-01,1,1,True,0.0,0.0,0.0,0.0,0.0,0.0,1.0,high,SLF_IMIS_DAILY_SNOW,False
moleson,Moléson,2015-07-01,1,1,True,0.0,0.0,0.0,0.0,0.0,0.0,1.0,high,SLF_IMIS_DAILY_SNOW,False
moleson,Moléson,2015-08-01,1,1,True,0.0,0.0,0.0,0.0,0.0,0.0,1.0,high,SLF_IMIS_DAILY_SNOW,False
moleson,Moléson,2015-09-01,1,1,True,0.0,0.0,0.0,0.0,0.0,0.0,1.0,high,SLF_IMIS_DAILY_SNOW,False
moleson,Moléson,2015-10-01,1,1,True,0.45161290322580644,0.0,0.0,0.0,0.0,19.7,1.0,high,SLF_IMIS_DAILY_SNOW,False
moleson,Moléson,2015-11-01,1,1,True,8.5,0.0,0.3,0.23333333333333334,0.16666666666666666,86.8,1.0,high,SLF_IMIS_DAILY_SNOW,False
moleson,Moléson,2015-12-01,1,1,True,15.741935483870968,19.0,0.6129032258064516,0.4838709677419355,0.03225806451612903,7.3999999999999995,1.0,high,SLF_IMIS_DAILY_SNOW,False
moleson,Moléson,2016-01-01,1,1,True,48.806451612903224,53.0,0.9032258064516129,0.8709677419354839,0.6774193548387096,173.3,1.0,high,SLF_IMIS_DAILY_SNOW,False
moleson,Moléson,2016-02-01,1,1,True,89.41379310344827,94.0,1.0,1.0,1.0,173.4,1.0,high,SLF_IMIS_DAILY_SNOW,False
moleson,Moléson,2016-03-01,1,1,True,144.38709677419354,140.0,1.0,1.0,1.0,188.1,1.0,high,SLF_IMIS_DAILY_SNOW,False
moleson,Moléson,2016-04-01,1,1,True,91.06666666666666,92.0,1.0,1.0,1.0,111.79999999999998,1.0,high,SLF_IMIS_DAILY_SNOW,False
moleson,Moléson,2016-05-01,1,1,True,47.67741935483871,39.0,0.8064516129032258,0.7741935483870968,0.6451612903225806,65.4,1.0,high,SLF_IMIS_DAILY_SNOW,False
moleson,Moléson,2016-06-01,1,1,True,0.0,0.0,0.0,0.0,0.0,0.0,1.0,high,SLF_IMIS_DAILY_SNOW,False
moleson,Moléson,2016-07-01,1,1,True,0.0,0.0,0.0,0.0,0.0,0.0,1.0,high,SLF_IMIS_DAILY_SNOW,False
moleson,Moléson,2016-08-01,1,1,True,0.0,0.0,0.0,0.0,0.0,0.0,1.0,high,SLF_IMIS_DAILY_SNOW,False
moleson,Moléson,2016-09-01,1,1,True,0.0,0.0,0.0,0.0,0.0,0.0,1.0,high,SLF_IMIS_DAILY_SNOW,False
moleson,Moléson,2016-10-01,1,1,True,0.12903225806451613,0.0,0.0,0.0,0.0,8.8,1.0,high,SLF_IMIS_DAILY_SNOW,False
moleson,Moléson,2016-11-01,1,1,True,21.4,15.0,0.8,0.43333333333333335,0.3,116.29999999999998,1.0,high,SLF_IMIS_DAILY_SNOW,False
moleson,Moléson,2016-12-01,1,1,True,10.612903225806452,11.0,0.8064516129032258,0.0,0.0,3.8,1.0,high,SLF_IMIS_DAILY_SNOW,False
moleson,Moléson,2017-01-01,1,1,True,51.45161290322581,66.0,0.8387096774193549,0.8387096774193549,0.6129032258064516,145.79999999999998,1.0,high,SLF_IMIS_DAILY_SNOW,False
moleson,Moléson,2017-02-01,1,1,True,78.46428571428571,83.0,1.0,1.0,1.0,100.29999999999998,1.0,high,SLF_IMIS_DAILY_SNOW,False
moleson,Moléson,2017-03-01,1,1,True,95.93548387096774,96.0,1.0,1.0,1.0,135.60000000000002,1.0,high,SLF_IMIS_DAILY_SNOW,False
moleson,Moléson,2017-04-01,1,1,True,31.333333333333332,25.5,0.9,0.6666666666666666,0.4666666666666667,65.7,1.0,high,SLF_IMIS_DAILY_SNOW,False
moleson,Moléson,2017-05-01,1,1,True,6.806451612903226,0.0,0.3225806451612903,0.1935483870967742,0.03225806451612903,25.4,1.0,high,SLF_IMIS_DAILY_SNOW,False
moleson,Moléson,2017-06-01,1,1,True,0.0,0.0,0.0,0.0,0.0,0.0,1.0,high,SLF_IMIS_DAILY_SNOW,False
moleson,Moléson,2017-07-01,1,1,True,0.0,0.0,0.0,0.0,0.0,0.0,1.0,high,SLF_IMIS_DAILY_SNOW,False
moleson,Moléson,2017-08-01,1,1,True,0.0,0.0,0.0,0.0,0.0,0.0,1.0,high,SLF_IMIS_DAILY_SNOW,False
moleson,Moléson,2017-09-01,1,1,True,0.1,0.0,0.0,0.0,0.0,9.9,1.0,high,SLF_IMIS_DAILY_SNOW,False
moleson,Moléson,2017-10-01,1,1,True,0.7096774193548387,0.0,0.03225806451612903,0.0,0.0,14.899999999999999,1.0,high,SLF_IMIS_DAILY_SNOW,False
moleson,Moléson,2017-11-01,1,1,True,12.333333333333334,12.0,0.8333333333333334,0.16666666666666666,0.0,86.1,1.0,high,SLF_IMIS_DAILY_SNOW,False
moleson,Moléson,2017-12-01,1,1,True,86.41935483870968,102.0,1.0,1.0,1.0,260.29999999999995,1.0,high,SLF_IMIS_DAILY_SNOW,False
moleson,Moléson,2018-01-01,1,1,True,130.16129032258064,120.0,1.0,1.0,1.0,205.39999999999998,1.0,high,SLF_IMIS_DAILY_SNOW,False
moleson,Moléson,2018-02-01,1,1,True,179.10714285714286,178.5,1.0,1.0,1.0,103.39999999999999,1.0,high,SLF_IMIS_DAILY_SNOW,False
moleson,Moléson,2018-03-01,1,1,True,196.61290322580646,196.0,1.0,1.0,1.0,136.9,1.0,high,SLF_IMIS_DAILY_SNOW,False
moleson,Moléson,2018-04-01,1,1,True,179.1,194.0,1.0,1.0,1.0,41.2,1.0,high,SLF_IMIS_DAILY_SNOW,False
moleson,Moléson,2018-05-01,1,1,True,28.322580645161292,11.0,0.5161290322580645,0.41935483870967744,0.3870967741935484,2.6,1.0,high,SLF_IMIS_DAILY_SNOW,False
moleson,Moléson,2018-06-01,1,1,True,0.0,0.0,0.0,0.0,0.0,0.0,1.0,high,SLF_IMIS_DAILY_SNOW,False
moleson,Moléson,2018-07-01,1,1,True,0.0,0.0,0.0,0.0,0.0,0.0,1.0,high,SLF_IMIS_DAILY_SNOW,False
moleson,Moléson,2018-08-01,1,1,True,0.0,0.0,0.0,0.0,0.0,0.0,1.0,high,SLF_IMIS_DAILY_SNOW,False
moleson,Moléson,2018-09-01,1,1,True,0.0,0.0,0.0,0.0,0.0,0.0,1.0,high,SLF_IMIS_DAILY_SNOW,False
moleson,Moléson,2018-10-01,1,1,True,1.5161290322580645,0.0,0.06451612903225806,0.0,0.0,22.2,1.0,high,SLF_IMIS_DAILY_SNOW,False
moleson,Moléson,2018-11-01,1,1,True,2.4,1.0,0.06666666666666667,0.0,0.0,16.900000000000002,1.0,high,SLF_IMIS_DAILY_SNOW,False
moleson,Moléson,2018-12-01,1,1,True,26.322580645161292,23.0,0.7096774193548387,0.7096774193548387,0.41935483870967744,96.9,1.0,high,SLF_IMIS_DAILY_SNOW,False
moleson,Moléson,2019-01-01,1,1,True,64.16129032258064,75.0,1.0,1.0,0.7419354838709677,166.10000000000002,1.0,high,SLF_IMIS_DAILY_SNOW,False
moleson,Moléson,2019-02-01,1,1,True,123.03571428571429,123.5,1.0,1.0,1.0,96.3,1.0,high,SLF_IMIS_DAILY_SNOW,False
moleson,Moléson,2019-03-01,1,1,True,121.90322580645162,122.0,1.0,1.0,1.0,124.6,1.0,high,SLF_IMIS_DAILY_SNOW,False
moleson,Moléson,2019-04-01,1,1,True,108.56666666666666,113.0,1.0,1.0,1.0,83.1,1.0,high,SLF_IMIS_DAILY_SNOW,False
moleson,Moléson,2019-05-01,1,1,True,76.19354838709677,84.0,1.0,1.0,0.967741935483871,66.4,1.0,high,SLF_IMIS_DAILY_SNOW,False
moleson,Moléson,2019-06-01,1,1,True,0.9333333333333333,0.0,0.03333333333333333,0.0,0.0,0.0,1.0,high,SLF_IMIS_DAILY_SNOW,False
moleson,Moléson,2019-07-01,1,1,True,0.0,0.0,0.0,0.0,0.0,0.0,1.0,high,SLF_IMIS_DAILY_SNOW,False
moleson,Moléson,2019-08-01,1,1,True,0.0,0.0,0.0,0.0,0.0,0.0,1.0,high,SLF_IMIS_DAILY_SNOW,False
moleson,Moléson,2019-09-01,1,1,True,0.0,0.0,0.0,0.0,0.0,0.0,1.0,high,SLF_IMIS_DAILY_SNOW,False
moleson,Moléson,2019-10-01,1,1,True,0.0,0.0,0.0,0.0,0.0,0.0,1.0,high,SLF_IMIS_DAILY_SNOW,False
moleson,Moléson,2019-11-01,1,1,True,15.266666666666667,17.0,0.8,0.3,0.03333333333333333,96.4,1.0,high,SLF_IMIS_DAILY_SNOW,False
moleson,Moléson,2019-12-01,1,1,True,62.29032258064516,63.0,1.0,1.0,1.0,162.99999999999997,1.0,high,SLF_IMIS_DAILY_SNOW,False
moleson,Moléson,2020-01-01,1,1,True,83.64516129032258,80.0,1.0,1.0,1.0,52.5,1.0,high,SLF_IMIS_DAILY_SNOW,False
moleson,Moléson,2020-02-01,1,1,True,80.24137931034483,80.0,1.0,1.0,1.0,115.80000000000001,1.0,high,SLF_IMIS_DAILY_SNOW,False
moleson,Moléson,2020-03-01,1,1,True,111.35483870967742,110.0,1.0,1.0,1.0,149.8,1.0,high,SLF_IMIS_DAILY_SNOW,False
moleson,Moléson,2020-04-01,1,1,True,38.3,41.0,0.6666666666666666,0.6,0.5666666666666667,0.0,1.0,high,SLF_IMIS_DAILY_SNOW,False
moleson,Moléson,2020-05-01,1,1,True,0.06451612903225806,0.0,0.0,0.0,0.0,0.0,1.0,high,SLF_IMIS_DAILY_SNOW,False
moleson,Moléson,2020-06-01,1,1,True,0.0,0.0,0.0,0.0,0.0,0.0,1.0,high,SLF_IMIS_DAILY_SNOW,False
moleson,Moléson,2020-07-01,1,1,True,0.0,0.0,0.0,0.0,0.0,0.0,1.0,high,SLF_IMIS_DAILY_SNOW,False
moleson,Moléson,2020-08-01,1,1,True,0.0,0.0,0.0,0.0,0.0,0.0,1.0,high,SLF_IMIS_DAILY_SNOW,False
moleson,Moléson,2020-09-01,1,1,True,1.7,0.0,0.06666666666666667,0.03333333333333333,0.0,26.1,1.0,high,SLF_IMIS_DAILY_SNOW,False
moleson,Moléson,2020-10-01,1,1,True,1.8387096774193548,0.0,0.06451612903225806,0.0,0.0,37.5,1.0,high,SLF_IMIS_DAILY_SNOW,False
moleson,Moléson,2020-11-01,1,1,True,0.7666666666666667,0.0,0.0,0.0,0.0,9.9,1.0,high,SLF_IMIS_DAILY_SNOW,False
moleson,Moléson,2020-12-01,1,1,True,17.580645161290324,18.0,0.7741935483870968,0.4838709677419355,0.0967741935483871,125.89999999999998,1.0,high,SLF_IMIS_DAILY_SNOW,False
moleson,Moléson,2021-01-01,1,1,True,68.58064516129032,76.0,1.0,1.0,1.0,246.0,1.0,high,SLF_IMIS_DAILY_SNOW,False
moleson,Moléson,2021-02-01,1,1,True,106.17857142857143,107.0,1.0,1.0,1.0,34.0,1.0,high,SLF_IMIS_DAILY_SNOW,False
moleson,Moléson,2021-03-01,1,1,True,108.58064516129032,108.0,1.0,1.0,1.0,161.8,1.0,high,SLF_IMIS_DAILY_SNOW,False
moleson,Moléson,2021-04-01,1,1,True,96.63333333333334,98.5,1.0,1.0,1.0,85.5,1.0,high,SLF_IMIS_DAILY_SNOW,False
moleson,Moléson,2021-05-01,1,1,True,54.61290322580645,52.0,1.0,0.967741935483871,0.9354838709677419,74.2,1.0,high,SLF_IMIS_DAILY_SNOW,False
moleson,Moléson,2021-06-01,1,1,True,0.5384615384615384,0.0,0.038461538461538464,0.0,0.0,0.0,0.8666666666666667,high,SLF_IMIS_DAILY_SNOW,False
moleson,Moléson,2021-07-01,1,1,True,0.0,0.0,0.0,0.0,0.0,0.0,1.0,high,SLF_IMIS_DAILY_SNOW,False
moleson,Moléson,2021-08-01,1,1,True,0.0,0.0,0.0,0.0,0.0,0.0,1.0,high,SLF_IMIS_DAILY_SNOW,False
moleson,Moléson,2021-09-01,1,1,True,0.0,0.0,0.0,0.0,0.0,0.0,1.0,high,SLF_IMIS_DAILY_SNOW,False
moleson,Moléson,2021-10-01,1,1,True,0.03225806451612903,0.0,0.0,0.0,0.0,0.0,1.0,high,SLF_IMIS_DAILY_SNOW,False
moleson,Moléson,2021-11-01,1,1,True,3.7,1.0,0.06666666666666667,0.06666666666666667,0.03333333333333333,47.099999999999994,1.0,high,SLF_IMIS_DAILY_SNOW,False
moleson,Moléson,2021-12-01,1,1,True,81.12903225806451,83.0,1.0,1.0,0.9354838709677419,213.5,1.0,high,SLF_IMIS_DAILY_SNOW,False
moleson,Moléson,2022-01-01,1,1,True,75.2258064516129,77.0,1.0,1.0,1.0,56.7,1.0,high,SLF_IMIS_DAILY_SNOW,False
moleson,Moléson,2022-02-01,1,1,True,111.10714285714286,108.0,1.0,1.0,1.0,146.10000000000002,1.0,high,SLF_IMIS_DAILY_SNOW,False
moleson,Moléson,2022-03-01,1,1,True,104.6774193548387,111.0,1.0,1.0,1.0,2.5,1.0,high,SLF_IMIS_DAILY_SNOW,False
moleson,Moléson,2022-04-01,1,1,True,78.1,81.5,1.0,1.0,1.0,81.0,1.0,high,SLF_IMIS_DAILY_SNOW,False
moleson,Moléson,2022-05-01,1,1,True,4.161290322580645,0.0,0.1935483870967742,0.0967741935483871,0.03225806451612903,0.0,1.0,high,SLF_IMIS_DAILY_SNOW,False
moleson,Moléson,2022-06-01,1,1,True,0.0,0.0,0.0,0.0,0.0,0.0,1.0,high,SLF_IMIS_DAILY_SNOW,False
moleson,Moléson,2022-07-01,1,1,True,0.0,0.0,0.0,0.0,0.0,0.0,1.0,high,SLF_IMIS_DAILY_SNOW,False
moleson,Moléson,2022-08-01,1,1,True,0.0,0.0,0.0,0.0,0.0,0.0,1.0,high,SLF_IMIS_DAILY_SNOW,False
moleson,Moléson,2022-09-01,1,1,True,0.0,0.0,0.0,0.0,0.0,0.0,1.0,high,SLF_IMIS_DAILY_SNOW,False
moleson,Moléson,2022-10-01,1,1,True,0.0,0.0,0.0,0.0,0.0,0.0,1.0,high,SLF_IMIS_DAILY_SNOW,False
moleson,Moléson,2022-11-01,1,1,True,5.266666666666667,2.5,0.3333333333333333,0.0,0.0,41.199999999999996,1.0,high,SLF_IMIS_DAILY_SNOW,False
moleson,Moléson,2022-12-01,1,1,True,16.838709677419356,15.0,0.7419354838709677,0.3870967741935484,0.25806451612903225,66.7,1.0,high,SLF_IMIS_DAILY_SNOW,False
moleson,Moléson,2023-01-01,1,1,True,30.838709677419356,26.0,0.7096774193548387,0.6451612903225806,0.45161290322580644,122.5,1.0,high,SLF_IMIS_DAILY_SNOW,False
moleson,Moléson,2023-02-01,1,1,True,48.75,48.5,1.0,1.0,0.9642857142857143,6.8,1.0,high,SLF_IMIS_DAILY_SNOW,False
moleson,Moléson,2023-03-01,1,1,True,40.41935483870968,39.0,1.0,1.0,0.8064516129032258,105.7,1.0,high,SLF_IMIS_DAILY_SNOW,False
moleson,Moléson,2023-04-01,1,1,True,48.56666666666667,47.0,1.0,1.0,0.9666666666666667,93.90000000000002,1.0,high,SLF_IMIS_DAILY_SNOW,False
moleson,Moléson,2023-05-01,1,1,True,1.4193548387096775,0.0,0.06451612903225806,0.0,0.0,0.0,1.0,high,SLF_IMIS_DAILY_SNOW,False
moleson,Moléson,2023-06-01,1,1,True,0.0,0.0,0.0,0.0,0.0,0.0,1.0,high,SLF_IMIS_DAILY_SNOW,False
moleson,Moléson,2023-07-01,1,1,True,0.0,0.0,0.0,0.0,0.0,0.0,1.0,high,SLF_IMIS_DAILY_SNOW,False
moleson,Moléson,2023-08-01,1,1,True,0.0,0.0,0.0,0.0,0.0,0.0,1.0,high,SLF_IMIS_DAILY_SNOW,False
moleson,Moléson,2023-09-01,1,1,True,0.0,0.0,0.0,0.0,0.0,0.0,1.0,high,SLF_IMIS_DAILY_SNOW,False
moleson,Moléson,2023-10-01,1,1,True,0.0,0.0,0.0,0.0,0.0,0.0,1.0,high,SLF_IMIS_DAILY_SNOW,False
moleson,Moléson,2023-11-01,1,1,True,11.233333333333333,11.0,0.5333333333333333,0.16666666666666666,0.1,124.9,1.0,high,SLF_IMIS_DAILY_SNOW,False
moleson,Moléson,2023-12-01,1,1,True,53.74193548387097,55.0,1.0,1.0,0.9354838709677419,167.2,1.0,high,SLF_IMIS_DAILY_SNOW,False
moleson,Moléson,2024-01-01,1,1,True,87.93548387096774,88.0,1.0,1.0,1.0,122.6,1.0,high,SLF_IMIS_DAILY_SNOW,False
moleson,Moléson,2024-02-01,1,1,True,76.34482758620689,77.0,1.0,1.0,1.0,34.7,1.0,high,SLF_IMIS_DAILY_SNOW,False
moleson,Moléson,2024-03-01,1,1,True,81.87096774193549,79.0,1.0,1.0,1.0,72.10000000000001,1.0,high,SLF_IMIS_DAILY_SNOW,False
moleson,Moléson,2024-04-01,1,1,True,48.333333333333336,49.5,0.9333333333333333,0.9,0.8666666666666667,168.8,1.0,high,SLF_IMIS_DAILY_SNOW,False
moleson,Moléson,2024-05-01,1,1,True,3.6774193548387095,0.0,0.16129032258064516,0.12903225806451613,0.0,7.4,1.0,high,SLF_IMIS_DAILY_SNOW,False
moleson,Moléson,2024-06-01,1,1,True,0.0,0.0,0.0,0.0,0.0,0.0,1.0,high,SLF_IMIS_DAILY_SNOW,False
moleson,Moléson,2024-07-01,1,1,True,0.0,0.0,0.0,0.0,0.0,0.0,1.0,high,SLF_IMIS_DAILY_SNOW,False
moleson,Moléson,2024-08-01,1,1,True,0.0,0.0,0.0,0.0,0.0,0.0,1.0,high,SLF_IMIS_DAILY_SNOW,False
moleson,Moléson,2024-09-01,1,1,True,0.0,0.0,0.0,0.0,0.0,0.0,1.0,high,SLF_IMIS_DAILY_SNOW,False
moleson,Moléson,2024-10-01,1,1,True,0.0,0.0,0.0,0.0,0.0,0.0,1.0,high,SLF_IMIS_DAILY_SNOW,False
moleson,Moléson,2024-11-01,1,1,True,5.666666666666667,1.0,0.26666666666666666,0.1,0.03333333333333333,61.199999999999996,1.0,high,SLF_IMIS_DAILY_SNOW,False
moleson,Moléson,2024-12-01,1,1,True,39.38709677419355,30.0,0.8709677419354839,0.7741935483870968,0.5161290322580645,163.79999999999998,1.0,high,SLF_IMIS_DAILY_SNOW,False
moleson,Moléson,2025-01-01,1,1,True,75.48387096774194,71.0,1.0,1.0,1.0,125.2,1.0,high,SLF_IMIS_DAILY_SNOW,False
moleson,Moléson,2025-02-01,1,1,True,100.25,99.5,1.0,1.0,1.0,50.199999999999996,1.0,high,SLF_IMIS_DAILY_SNOW,False
moleson,Moléson,2025-03-01,1,1,True,96.45161290322581,99.0,1.0,1.0,1.0,26.5,1.0,high,SLF_IMIS_DAILY_SNOW,False
moleson,Moléson,2025-04-01,1,1,True,40.8,35.5,0.9333333333333333,0.8333333333333334,0.5666666666666667,35.3,1.0,high,SLF_IMIS_DAILY_SNOW,False
moleson,Moléson,2025-05-01,1,1,True,0.06451612903225806,0.0,0.0,0.0,0.0,0.0,1.0,high,SLF_IMIS_DAILY_SNOW,False
moleson,Moléson,2025-06-01,1,1,True,0.0,0.0,0.0,0.0,0.0,0.0,1.0,high,SLF_IMIS_DAILY_SNOW,False
moleson,Moléson,2025-07-01,1,1,True,0.0,0.0,0.0,0.0,0.0,0.0,1.0,high,SLF_IMIS_DAILY_SNOW,False
moleson,Moléson,2025-08-01,1,1,True,0.0,0.0,0.0,0.0,0.0,0.0,1.0,high,SLF_IMIS_DAILY_SNOW,False
moleson,Moléson,2025-09-01,1,1,True,0.0,0.0,0.0,0.0,0.0,0.0,1.0,high,SLF_IMIS_DAILY_SNOW,False
moleson,Moléson,2025-10-01,1,1,True,1.903225806451613,0.0,0.12903225806451613,0.0,0.0,22.700000000000003,1.0,high,SLF_IMIS_DAILY_SNOW,False
moleson,Moléson,2025-11-01,1,1,True,20.233333333333334,1.0,0.43333333333333335,0.3333333333333333,0.26666666666666666,177.1,1.0,high,SLF_IMIS_DAILY_SNOW,False
moleson,Moléson,2025-12-01,1,1,True,48.61290322580645,44.0,1.0,1.0,1.0,21.5,1.0,high,SLF_IMIS_DAILY_SNOW,False
moleson,Moléson,2026-01-01,1,1,True,62.0,67.0,1.0,1.0,1.0,205.60000000000002,1.0,high,SLF_IMIS_DAILY_SNOW,False
moleson,Moléson,2026-02-01,1,1,True,116.0,116.0,1.0,1.0,1.0,269.20000000000005,1.0,high,SLF_IMIS_DAILY_SNOW,False
moleson,Moléson,2026-03-01,1,1,True,128.48387096774192,126.0,1.0,1.0,1.0,139.0,1.0,high,SLF_IMIS_DAILY_SNOW,False
reichenbach_magic_portfolio,Reichenbach im Kandertal Magic Pass portfolio,2013-01-01,2,2,True,135.17795698924732,134.0,1.0,1.0,1.0,120.60000000000002,0.9838709677419355,moderate,SLF_IMIS_DAILY_SNOW,False
reichenbach_magic_portfolio,Reichenbach im Kandertal Magic Pass portfolio,2013-02-01,2,2,True,200.98214285714286,203.75,1.0,1.0,1.0,220.95,1.0,moderate,SLF_IMIS_DAILY_SNOW,False
reichenbach_magic_portfolio,Reichenbach im Kandertal Magic Pass portfolio,2013-03-01,2,2,True,187.38709677419354,186.5,1.0,1.0,1.0,93.05000000000001,1.0,moderate,SLF_IMIS_DAILY_SNOW,False
reichenbach_magic_portfolio,Reichenbach im Kandertal Magic Pass portfolio,2013-04-01,2,2,True,183.86666666666667,188.25,1.0,1.0,1.0,111.05,1.0,moderate,SLF_IMIS_DAILY_SNOW,False
reichenbach_magic_portfolio,Reichenbach im Kandertal Magic Pass portfolio,2013-05-01,2,2,True,123.83870967741936,122.0,1.0,0.8870967741935484,0.7258064516129032,120.25,1.0,moderate,SLF_IMIS_DAILY_SNOW,False
reichenbach_magic_portfolio,Reichenbach im Kandertal Magic Pass portfolio,2013-06-01,2,2,True,90.96666666666667,86.0,0.6333333333333333,0.6166666666666667,0.5833333333333334,62.75,1.0,moderate,SLF_IMIS_DAILY_SNOW,False
reichenbach_magic_portfolio,Reichenbach im Kandertal Magic Pass portfolio,2013-07-01,2,2,True,11.516129032258064,0.0,0.20967741935483872,0.1935483870967742,0.1774193548387097,0.0,1.0,moderate,SLF_IMIS_DAILY_SNOW,False
reichenbach_magic_portfolio,Reichenbach im Kandertal Magic Pass portfolio,2013-08-01,2,2,True,0.0,0.0,0.0,0.0,0.0,0.0,1.0,moderate,SLF_IMIS_DAILY_SNOW,False
reichenbach_magic_portfolio,Reichenbach im Kandertal Magic Pass portfolio,2013-09-01,2,2,True,0.3333333333333333,0.0,0.03333333333333333,0.0,0.0,13.100000000000001,1.0,moderate,SLF_IMIS_DAILY_SNOW,False
reichenbach_magic_portfolio,Reichenbach im Kandertal Magic Pass portfolio,2013-10-01,2,2,True,3.5483870967741935,0.0,0.14516129032258063,0.03225806451612903,0.0,46.2,1.0,moderate,SLF_IMIS_DAILY_SNOW,False
reichenbach_magic_portfolio,Reichenbach im Kandertal Magic Pass portfolio,2013-11-01,2,2,True,28.0,33.75,0.7666666666666666,0.6666666666666666,0.5166666666666666,113.6,1.0,moderate,SLF_IMIS_DAILY_SNOW,False
reichenbach_magic_portfolio,Reichenbach im Kandertal Magic Pass portfolio,2013-12-01,2,2,True,45.64516129032258,42.0,1.0,1.0,0.967741935483871,67.6,1.0,moderate,SLF_IMIS_DAILY_SNOW,False
reichenbach_magic_portfolio,Reichenbach im Kandertal Magic Pass portfolio,2014-01-01,2,2,True,74.79032258064517,80.0,1.0,1.0,1.0,148.64999999999998,1.0,moderate,SLF_IMIS_DAILY_SNOW,False
reichenbach_magic_portfolio,Reichenbach im Kandertal Magic Pass portfolio,2014-02-01,2,2,True,110.5,120.5,1.0,1.0,1.0,217.14999999999998,1.0,moderate,SLF_IMIS_DAILY_SNOW,False
reichenbach_magic_portfolio,Reichenbach im Kandertal Magic Pass portfolio,2014-03-01,2,2,True,127.58064516129032,127.5,1.0,1.0,1.0,97.10000000000001,1.0,moderate,SLF_IMIS_DAILY_SNOW,False
reichenbach_magic_portfolio,Reichenbach im Kandertal Magic Pass portfolio,2014-04-01,2,2,True,92.75,90.25,0.9166666666666667,0.75,0.7166666666666667,96.94999999999999,1.0,moderate,SLF_IMIS_DAILY_SNOW,False
reichenbach_magic_portfolio,Reichenbach im Kandertal Magic Pass portfolio,2014-05-01,2,2,True,89.64516129032258,87.0,0.7419354838709677,0.6774193548387097,0.5967741935483871,124.55,1.0,moderate,SLF_IMIS_DAILY_SNOW,False
reichenbach_magic_portfolio,Reichenbach im Kandertal Magic Pass portfolio,2014-06-01,2,2,True,26.5,20.25,0.3333333333333333,0.31666666666666665,0.2833333333333333,0.0,1.0,moderate,SLF_IMIS_DAILY_SNOW,False
reichenbach_magic_portfolio,Reichenbach im Kandertal Magic Pass portfolio,2014-07-01,2,2,True,0.16129032258064516,0.0,0.016129032258064516,0.0,0.0,8.35,1.0,moderate,SLF_IMIS_DAILY_SNOW,False
reichenbach_magic_portfolio,Reichenbach im Kandertal Magic Pass portfolio,2014-08-01,2,2,True,0.0,0.0,0.0,0.0,0.0,0.0,1.0,moderate,SLF_IMIS_DAILY_SNOW,False
reichenbach_magic_portfolio,Reichenbach im Kandertal Magic Pass portfolio,2014-09-01,2,2,True,0.0,0.0,0.0,0.0,0.0,2.45,1.0,moderate,SLF_IMIS_DAILY_SNOW,False
reichenbach_magic_portfolio,Reichenbach im Kandertal Magic Pass portfolio,2014-10-01,2,2,True,2.0161290322580645,0.0,0.06451612903225806,0.03225806451612903,0.0,17.7,1.0,moderate,SLF_IMIS_DAILY_SNOW,False
reichenbach_magic_portfolio,Reichenbach im Kandertal Magic Pass portfolio,2014-11-01,2,2,True,19.8,21.0,0.7,0.55,0.2833333333333333,73.45,1.0,moderate,SLF_IMIS_DAILY_SNOW,False
reichenbach_magic_portfolio,Reichenbach im Kandertal Magic Pass portfolio,2014-12-01,2,2,True,29.935483870967744,31.5,1.0,0.7419354838709677,0.3709677419354839,78.5,1.0,moderate,SLF_IMIS_DAILY_SNOW,False
reichenbach_magic_portfolio,Reichenbach im Kandertal Magic Pass portfolio,2015-01-01,2,2,True,71.56451612903226,71.5,1.0,1.0,0.9193548387096775,164.45,1.0,moderate,SLF_IMIS_DAILY_SNOW,False
reichenbach_magic_portfolio,Reichenbach im Kandertal Magic Pass portfolio,2015-02-01,2,2,True,119.82142857142857,116.5,1.0,1.0,1.0,123.05000000000001,1.0,moderate,SLF_IMIS_DAILY_SNOW,False
reichenbach_magic_portfolio,Reichenbach im Kandertal Magic Pass portfolio,2015-03-01,2,2,True,141.75806451612902,139.0,1.0,1.0,1.0,117.85,1.0,moderate,SLF_IMIS_DAILY_SNOW,False
reichenbach_magic_portfolio,Reichenbach im Kandertal Magic Pass portfolio,2015-04-01,2,2,True,161.83333333333334,158.0,1.0,1.0,1.0,145.0,1.0,moderate,SLF_IMIS_DAILY_SNOW,False
reichenbach_magic_portfolio,Reichenbach im Kandertal Magic Pass portfolio,2015-05-01,2,2,True,73.38709677419355,65.0,0.6451612903225806,0.5967741935483871,0.564516129032258,73.35,1.0,moderate,SLF_IMIS_DAILY_SNOW,False
reichenbach_magic_portfolio,Reichenbach im Kandertal Magic Pass portfolio,2015-06-01,2,1,False,NA,NA,NA,NA,NA,NA,0.6166666666666667,moderate,SLF_IMIS_DAILY_SNOW,False
reichenbach_magic_portfolio,Reichenbach im Kandertal Magic Pass portfolio,2015-07-01,2,1,False,NA,NA,NA,NA,NA,NA,0.6612903225806451,moderate,SLF_IMIS_DAILY_SNOW,False
reichenbach_magic_portfolio,Reichenbach im Kandertal Magic Pass portfolio,2015-08-01,2,2,True,0.0,0.0,0.0,0.0,0.0,0.0,1.0,moderate,SLF_IMIS_DAILY_SNOW,False
reichenbach_magic_portfolio,Reichenbach im Kandertal Magic Pass portfolio,2015-09-01,2,2,True,0.31666666666666665,0.0,0.0,0.0,0.0,9.0,1.0,moderate,SLF_IMIS_DAILY_SNOW,False
reichenbach_magic_portfolio,Reichenbach im Kandertal Magic Pass portfolio,2015-10-01,2,2,True,1.7258064516129035,0.0,0.016129032258064516,0.0,0.0,28.1,1.0,moderate,SLF_IMIS_DAILY_SNOW,False
reichenbach_magic_portfolio,Reichenbach im Kandertal Magic Pass portfolio,2015-11-01,2,2,True,15.916666666666666,0.0,0.3,0.3,0.3,122.5,1.0,moderate,SLF_IMIS_DAILY_SNOW,False
reichenbach_magic_portfolio,Reichenbach im Kandertal Magic Pass portfolio,2015-12-01,2,2,True,41.516129032258064,41.5,1.0,1.0,0.967741935483871,13.55,1.0,moderate,SLF_IMIS_DAILY_SNOW,False
reichenbach_magic_portfolio,Reichenbach im Kandertal Magic Pass portfolio,2016-01-01,2,2,True,85.04838709677419,96.5,1.0,1.0,1.0,186.14999999999998,1.0,moderate,SLF_IMIS_DAILY_SNOW,False
reichenbach_magic_portfolio,Reichenbach im Kandertal Magic Pass portfolio,2016-02-01,2,2,True,162.89655172413794,176.0,1.0,1.0,1.0,288.15,1.0,moderate,SLF_IMIS_DAILY_SNOW,False
reichenbach_magic_portfolio,Reichenbach im Kandertal Magic Pass portfolio,2016-03-01,2,2,True,195.85483870967744,192.5,1.0,1.0,1.0,121.35,1.0,moderate,SLF_IMIS_DAILY_SNOW,False
reichenbach_magic_portfolio,Reichenbach im Kandertal Magic Pass portfolio,2016-04-01,2,2,True,159.4,156.5,1.0,1.0,1.0,115.55,1.0,moderate,SLF_IMIS_DAILY_SNOW,False
reichenbach_magic_portfolio,Reichenbach im Kandertal Magic Pass portfolio,2016-05-01,2,2,True,155.2258064516129,157.5,0.967741935483871,0.935483870967742,0.8870967741935484,192.95000000000002,1.0,moderate,SLF_IMIS_DAILY_SNOW,False
reichenbach_magic_portfolio,Reichenbach im Kandertal Magic Pass portfolio,2016-06-01,2,2,True,79.36666666666666,79.25,0.5,0.5,0.5,8.75,1.0,moderate,SLF_IMIS_DAILY_SNOW,False
reichenbach_magic_portfolio,Reichenbach im Kandertal Magic Pass portfolio,2016-07-01,2,2,True,3.032258064516129,0.0,0.0967741935483871,0.06451612903225806,0.04838709677419355,13.399999999999999,1.0,moderate,SLF_IMIS_DAILY_SNOW,False
reichenbach_magic_portfolio,Reichenbach im Kandertal Magic Pass portfolio,2016-08-01,2,2,True,0.0,0.0,0.0,0.0,0.0,0.0,1.0,moderate,SLF_IMIS_DAILY_SNOW,False
reichenbach_magic_portfolio,Reichenbach im Kandertal Magic Pass portfolio,2016-09-01,2,2,True,0.0,0.0,0.0,0.0,0.0,0.0,1.0,moderate,SLF_IMIS_DAILY_SNOW,False
reichenbach_magic_portfolio,Reichenbach im Kandertal Magic Pass portfolio,2016-10-01,2,2,True,0.5483870967741935,0.0,0.0,0.0,0.0,22.4,1.0,moderate,SLF_IMIS_DAILY_SNOW,False
reichenbach_magic_portfolio,Reichenbach im Kandertal Magic Pass portfolio,2016-11-01,2,2,True,18.95,17.0,0.6833333333333333,0.41666666666666663,0.25,108.6,1.0,moderate,SLF_IMIS_DAILY_SNOW,False
reichenbach_magic_portfolio,Reichenbach im Kandertal Magic Pass portfolio,2016-12-01,2,2,True,9.919354838709678,10.0,0.5,0.0,0.0,5.6499999999999995,1.0,moderate,SLF_IMIS_DAILY_SNOW,False
reichenbach_magic_portfolio,Reichenbach im Kandertal Magic Pass portfolio,2017-01-01,2,2,True,48.69354838709677,55.5,0.9193548387096775,0.7741935483870968,0.6451612903225806,159.4,1.0,moderate,SLF_IMIS_DAILY_SNOW,False
reichenbach_magic_portfolio,Reichenbach im Kandertal Magic Pass portfolio,2017-02-01,2,2,True,99.91071428571428,103.75,1.0,1.0,0.9464285714285714,160.85000000000002,1.0,moderate,SLF_IMIS_DAILY_SNOW,False
reichenbach_magic_portfolio,Reichenbach im Kandertal Magic Pass portfolio,2017-03-01,2,2,True,150.88709677419354,150.5,1.0,1.0,1.0,193.60000000000002,1.0,moderate,SLF_IMIS_DAILY_SNOW,False
reichenbach_magic_portfolio,Reichenbach im Kandertal Magic Pass portfolio,2017-04-01,2,2,True,129.05,129.0,1.0,1.0,0.9333333333333333,139.8,1.0,moderate,SLF_IMIS_DAILY_SNOW,False
reichenbach_magic_portfolio,Reichenbach im Kandertal Magic Pass portfolio,2017-05-01,2,2,True,121.04838709677419,127.5,0.8548387096774194,0.7903225806451613,0.7580645161290323,99.75,1.0,moderate,SLF_IMIS_DAILY_SNOW,False
reichenbach_magic_portfolio,Reichenbach im Kandertal Magic Pass portfolio,2017-06-01,2,2,True,23.866666666666667,12.75,0.26666666666666666,0.26666666666666666,0.25,0.0,1.0,moderate,SLF_IMIS_DAILY_SNOW,False
reichenbach_magic_portfolio,Reichenbach im Kandertal Magic Pass portfolio,2017-07-01,2,2,True,0.0,0.0,0.0,0.0,0.0,0.0,1.0,moderate,SLF_IMIS_DAILY_SNOW,False
reichenbach_magic_portfolio,Reichenbach im Kandertal Magic Pass portfolio,2017-08-01,2,2,True,0.1774193548387097,0.0,0.0,0.0,0.0,9.0,1.0,moderate,SLF_IMIS_DAILY_SNOW,False
reichenbach_magic_portfolio,Reichenbach im Kandertal Magic Pass portfolio,2017-09-01,2,2,True,0.4666666666666667,0.0,0.0,0.0,0.0,23.75,1.0,moderate,SLF_IMIS_DAILY_SNOW,False
reichenbach_magic_portfolio,Reichenbach im Kandertal Magic Pass portfolio,2017-10-01,2,2,True,2.854838709677419,0.0,0.12903225806451613,0.03225806451612903,0.0,41.199999999999996,1.0,moderate,SLF_IMIS_DAILY_SNOW,False
reichenbach_magic_portfolio,Reichenbach im Kandertal Magic Pass portfolio,2017-11-01,2,2,True,41.916666666666664,46.25,0.9166666666666667,0.8333333333333334,0.7166666666666667,153.6,1.0,moderate,SLF_IMIS_DAILY_SNOW,False
reichenbach_magic_portfolio,Reichenbach im Kandertal Magic Pass portfolio,2017-12-01,2,2,True,112.43548387096774,133.0,1.0,1.0,1.0,293.95,1.0,moderate,SLF_IMIS_DAILY_SNOW,False
reichenbach_magic_portfolio,Reichenbach im Kandertal Magic Pass portfolio,2018-01-01,2,2,True,211.75806451612902,190.5,1.0,1.0,1.0,301.79999999999995,1.0,moderate,SLF_IMIS_DAILY_SNOW,False
reichenbach_magic_portfolio,Reichenbach im Kandertal Magic Pass portfolio,2018-02-01,2,2,True,262.17857142857144,264.0,1.0,1.0,1.0,94.55,1.0,moderate,SLF_IMIS_DAILY_SNOW,False
reichenbach_magic_portfolio,Reichenbach im Kandertal Magic Pass portfolio,2018-03-01,2,2,True,285.241935483871,285.5,1.0,1.0,1.0,166.55,1.0,moderate,SLF_IMIS_DAILY_SNOW,False
reichenbach_magic_portfolio,Reichenbach im Kandertal Magic Pass portfolio,2018-04-01,2,2,True,262.3833333333333,268.5,1.0,1.0,1.0,52.00000000000001,1.0,moderate,SLF_IMIS_DAILY_SNOW,False
reichenbach_magic_portfolio,Reichenbach im Kandertal Magic Pass portfolio,2018-05-01,2,2,True,160.2741935483871,152.5,0.6935483870967742,0.6774193548387097,0.6290322580645161,55.449999999999996,1.0,moderate,SLF_IMIS_DAILY_SNOW,False
reichenbach_magic_portfolio,Reichenbach im Kandertal Magic Pass portfolio,2018-06-01,2,2,True,76.3,80.5,0.5,0.5,0.5,0.0,1.0,moderate,SLF_IMIS_DAILY_SNOW,False
reichenbach_magic_portfolio,Reichenbach im Kandertal Magic Pass portfolio,2018-07-01,2,2,True,1.7580645161290323,0.0,0.06451612903225806,0.04838709677419355,0.03225806451612903,0.0,1.0,moderate,SLF_IMIS_DAILY_SNOW,False
reichenbach_magic_portfolio,Reichenbach im Kandertal Magic Pass portfolio,2018-08-01,2,2,True,0.0,0.0,0.0,0.0,0.0,0.0,1.0,moderate,SLF_IMIS_DAILY_SNOW,False
reichenbach_magic_portfolio,Reichenbach im Kandertal Magic Pass portfolio,2018-09-01,2,2,True,0.0,0.0,0.0,0.0,0.0,0.0,1.0,moderate,SLF_IMIS_DAILY_SNOW,False
reichenbach_magic_portfolio,Reichenbach im Kandertal Magic Pass portfolio,2018-10-01,2,2,True,2.225806451612903,0.0,0.12903225806451613,0.0,0.0,29.5,1.0,moderate,SLF_IMIS_DAILY_SNOW,False
reichenbach_magic_portfolio,Reichenbach im Kandertal Magic Pass portfolio,2018-11-01,2,2,True,1.9333333333333333,1.0,0.03333333333333333,0.0,0.0,11.55,1.0,moderate,SLF_IMIS_DAILY_SNOW,False
reichenbach_magic_portfolio,Reichenbach im Kandertal Magic Pass portfolio,2018-12-01,2,2,True,58.145161290322584,64.0,0.8548387096774194,0.7903225806451613,0.6774193548387097,191.09999999999997,1.0,moderate,SLF_IMIS_DAILY_SNOW,False
reichenbach_magic_portfolio,Reichenbach im Kandertal Magic Pass portfolio,2019-01-01,2,2,True,139.40322580645162,151.0,1.0,1.0,1.0,278.25,1.0,moderate,SLF_IMIS_DAILY_SNOW,False
reichenbach_magic_portfolio,Reichenbach im Kandertal Magic Pass portfolio,2019-02-01,2,2,True,185.08928571428572,182.75,1.0,1.0,1.0,122.55,1.0,moderate,SLF_IMIS_DAILY_SNOW,False
reichenbach_magic_portfolio,Reichenbach im Kandertal Magic Pass portfolio,2019-03-01,2,2,True,212.82258064516128,220.0,1.0,1.0,1.0,196.60000000000002,1.0,moderate,SLF_IMIS_DAILY_SNOW,False
reichenbach_magic_portfolio,Reichenbach im Kandertal Magic Pass portfolio,2019-04-01,2,2,True,208.48333333333335,209.5,1.0,1.0,1.0,99.95,1.0,moderate,SLF_IMIS_DAILY_SNOW,False
reichenbach_magic_portfolio,Reichenbach im Kandertal Magic Pass portfolio,2019-05-01,2,2,True,186.75806451612902,186.5,1.0,1.0,1.0,128.05,1.0,moderate,SLF_IMIS_DAILY_SNOW,False
reichenbach_magic_portfolio,Reichenbach im Kandertal Magic Pass portfolio,2019-06-01,2,2,True,96.65,97.5,0.5666666666666667,0.55,0.5333333333333333,1.2,1.0,moderate,SLF_IMIS_DAILY_SNOW,False
reichenbach_magic_portfolio,Reichenbach im Kandertal Magic Pass portfolio,2019-07-01,2,2,True,2.403225806451613,0.0,0.08064516129032258,0.06451612903225806,0.03225806451612903,0.0,1.0,moderate,SLF_IMIS_DAILY_SNOW,False
reichenbach_magic_portfolio,Reichenbach im Kandertal Magic Pass portfolio,2019-08-01,2,2,True,0.0,0.0,0.0,0.0,0.0,0.0,1.0,moderate,SLF_IMIS_DAILY_SNOW,False
reichenbach_magic_portfolio,Reichenbach im Kandertal Magic Pass portfolio,2019-09-01,2,2,True,0.03333333333333333,0.0,0.0,0.0,0.0,4.05,1.0,moderate,SLF_IMIS_DAILY_SNOW,False
reichenbach_magic_portfolio,Reichenbach im Kandertal Magic Pass portfolio,2019-10-01,2,2,True,0.5483870967741935,0.0,0.0,0.0,0.0,33.75,1.0,moderate,SLF_IMIS_DAILY_SNOW,False
reichenbach_magic_portfolio,Reichenbach im Kandertal Magic Pass portfolio,2019-11-01,2,2,True,12.310919540229886,12.5,0.5936781609195403,0.18850574712643678,0.05172413793103448,96.75,0.9833333333333334,moderate,SLF_IMIS_DAILY_SNOW,False
reichenbach_magic_portfolio,Reichenbach im Kandertal Magic Pass portfolio,2019-12-01,2,2,True,58.12903225806451,61.0,0.9516129032258065,0.8387096774193548,0.6451612903225806,177.2,1.0,moderate,SLF_IMIS_DAILY_SNOW,False
reichenbach_magic_portfolio,Reichenbach im Kandertal Magic Pass portfolio,2020-01-01,2,2,True,90.60253456221199,89.0,1.0,1.0,0.9032258064516129,73.65,0.9516129032258065,moderate,SLF_IMIS_DAILY_SNOW,False
reichenbach_magic_portfolio,Reichenbach im Kandertal Magic Pass portfolio,2020-02-01,2,2,True,130.70689655172413,130.5,1.0,1.0,0.9827586206896552,194.3,1.0,moderate,SLF_IMIS_DAILY_SNOW,False
reichenbach_magic_portfolio,Reichenbach im Kandertal Magic Pass portfolio,2020-03-01,2,2,True,177.16129032258064,172.0,1.0,1.0,1.0,142.9,1.0,moderate,SLF_IMIS_DAILY_SNOW,False
reichenbach_magic_portfolio,Reichenbach im Kandertal Magic Pass portfolio,2020-04-01,2,2,True,133.0,134.5,0.7833333333333333,0.75,0.6833333333333333,21.1,1.0,moderate,SLF_IMIS_DAILY_SNOW,False
reichenbach_magic_portfolio,Reichenbach im Kandertal Magic Pass portfolio,2020-05-01,2,2,True,78.35483870967742,82.5,0.5161290322580645,0.5,0.5,13.6,1.0,moderate,SLF_IMIS_DAILY_SNOW,False
reichenbach_magic_portfolio,Reichenbach im Kandertal Magic Pass portfolio,2020-06-01,2,2,True,12.05,12.75,0.31666666666666665,0.26666666666666666,0.23333333333333334,26.950000000000003,1.0,moderate,SLF_IMIS_DAILY_SNOW,False
reichenbach_magic_portfolio,Reichenbach im Kandertal Magic Pass portfolio,2020-07-01,2,2,True,0.0,0.0,0.0,0.0,0.0,0.0,1.0,moderate,SLF_IMIS_DAILY_SNOW,False
reichenbach_magic_portfolio,Reichenbach im Kandertal Magic Pass portfolio,2020-08-01,2,2,True,0.3548387096774194,0.0,0.016129032258064516,0.0,0.0,18.799999999999997,1.0,moderate,SLF_IMIS_DAILY_SNOW,False
reichenbach_magic_portfolio,Reichenbach im Kandertal Magic Pass portfolio,2020-09-01,2,2,True,2.533333333333333,0.0,0.13333333333333333,0.03333333333333333,0.0,34.85,1.0,moderate,SLF_IMIS_DAILY_SNOW,False
reichenbach_magic_portfolio,Reichenbach im Kandertal Magic Pass portfolio,2020-10-01,2,2,True,6.85483870967742,6.5,0.29032258064516125,0.016129032258064516,0.0,65.9,1.0,moderate,SLF_IMIS_DAILY_SNOW,False
reichenbach_magic_portfolio,Reichenbach im Kandertal Magic Pass portfolio,2020-11-01,2,2,True,3.5166666666666666,1.25,0.05,0.0,0.0,18.549999999999997,1.0,moderate,SLF_IMIS_DAILY_SNOW,False
reichenbach_magic_portfolio,Reichenbach im Kandertal Magic Pass portfolio,2020-12-01,2,2,True,38.306451612903224,37.5,0.967741935483871,0.8870967741935484,0.6935483870967742,139.75,1.0,moderate,SLF_IMIS_DAILY_SNOW,False
reichenbach_magic_portfolio,Reichenbach im Kandertal Magic Pass portfolio,2021-01-01,2,2,True,93.51612903225806,95.0,1.0,1.0,0.7903225806451613,314.70000000000005,1.0,moderate,SLF_IMIS_DAILY_SNOW,False
reichenbach_magic_portfolio,Reichenbach im Kandertal Magic Pass portfolio,2021-02-01,2,2,True,170.17857142857144,171.0,1.0,1.0,1.0,103.95,1.0,moderate,SLF_IMIS_DAILY_SNOW,False
reichenbach_magic_portfolio,Reichenbach im Kandertal Magic Pass portfolio,2021-03-01,2,2,True,189.83870967741936,192.0,1.0,1.0,1.0,169.65,1.0,moderate,SLF_IMIS_DAILY_SNOW,False
reichenbach_magic_portfolio,Reichenbach im Kandertal Magic Pass portfolio,2021-04-01,2,2,True,178.66666666666666,180.0,1.0,1.0,1.0,90.05000000000001,1.0,moderate,SLF_IMIS_DAILY_SNOW,False
reichenbach_magic_portfolio,Reichenbach im Kandertal Magic Pass portfolio,2021-05-01,2,2,True,169.16129032258064,169.5,1.0,1.0,1.0,157.5,1.0,moderate,SLF_IMIS_DAILY_SNOW,False
reichenbach_magic_portfolio,Reichenbach im Kandertal Magic Pass portfolio,2021-06-01,2,2,True,78.55,77.5,0.6,0.5666666666666667,0.5333333333333333,0.0,1.0,moderate,SLF_IMIS_DAILY_SNOW,False
reichenbach_magic_portfolio,Reichenbach im Kandertal Magic Pass portfolio,2021-07-01,2,2,True,2.5,0.0,0.08064516129032258,0.06451612903225806,0.04838709677419355,0.0,1.0,moderate,SLF_IMIS_DAILY_SNOW,False
reichenbach_magic_portfolio,Reichenbach im Kandertal Magic Pass portfolio,2021-08-01,2,2,True,0.0,0.0,0.0,0.0,0.0,0.0,1.0,moderate,SLF_IMIS_DAILY_SNOW,False
reichenbach_magic_portfolio,Reichenbach im Kandertal Magic Pass portfolio,2021-09-01,2,2,True,0.41666666666666663,0.0,0.016666666666666666,0.0,0.0,11.65,1.0,moderate,SLF_IMIS_DAILY_SNOW,False
reichenbach_magic_portfolio,Reichenbach im Kandertal Magic Pass portfolio,2021-10-01,2,2,True,0.45161290322580644,0.0,0.0,0.0,0.0,14.25,1.0,moderate,SLF_IMIS_DAILY_SNOW,False
reichenbach_magic_portfolio,Reichenbach im Kandertal Magic Pass portfolio,2021-11-01,2,2,True,13.7,8.25,0.6833333333333333,0.19999999999999998,0.06666666666666667,117.1,1.0,moderate,SLF_IMIS_DAILY_SNOW,False
reichenbach_magic_portfolio,Reichenbach im Kandertal Magic Pass portfolio,2021-12-01,2,2,True,83.54838709677419,80.0,1.0,1.0,0.9838709677419355,186.79999999999998,1.0,moderate,SLF_IMIS_DAILY_SNOW,False
reichenbach_magic_portfolio,Reichenbach im Kandertal Magic Pass portfolio,2022-01-01,2,2,True,84.20967741935485,84.0,1.0,1.0,1.0,53.95,1.0,moderate,SLF_IMIS_DAILY_SNOW,False
reichenbach_magic_portfolio,Reichenbach im Kandertal Magic Pass portfolio,2022-02-01,2,2,True,148.80357142857142,145.0,1.0,1.0,1.0,240.85,1.0,moderate,SLF_IMIS_DAILY_SNOW,False
reichenbach_magic_portfolio,Reichenbach im Kandertal Magic Pass portfolio,2022-03-01,2,2,True,153.09677419354838,161.0,1.0,1.0,1.0,2.9,1.0,moderate,SLF_IMIS_DAILY_SNOW,False
reichenbach_magic_portfolio,Reichenbach im Kandertal Magic Pass portfolio,2022-04-01,2,2,True,136.76666666666668,134.75,1.0,1.0,0.9166666666666667,145.14999999999998,1.0,moderate,SLF_IMIS_DAILY_SNOW,False
reichenbach_magic_portfolio,Reichenbach im Kandertal Magic Pass portfolio,2022-05-01,2,2,True,70.5,74.0,0.6129032258064516,0.532258064516129,0.5,14.850000000000001,1.0,moderate,SLF_IMIS_DAILY_SNOW,False
reichenbach_magic_portfolio,Reichenbach im Kandertal Magic Pass portfolio,2022-06-01,2,2,True,1.0,0.0,0.03333333333333333,0.03333333333333333,0.016666666666666666,0.0,1.0,moderate,SLF_IMIS_DAILY_SNOW,False
reichenbach_magic_portfolio,Reichenbach im Kandertal Magic Pass portfolio,2022-07-01,2,2,True,0.0,0.0,0.0,0.0,0.0,0.0,1.0,moderate,SLF_IMIS_DAILY_SNOW,False
reichenbach_magic_portfolio,Reichenbach im Kandertal Magic Pass portfolio,2022-08-01,2,2,True,0.0,0.0,0.0,0.0,0.0,0.0,1.0,moderate,SLF_IMIS_DAILY_SNOW,False
reichenbach_magic_portfolio,Reichenbach im Kandertal Magic Pass portfolio,2022-09-01,2,2,True,0.5666666666666667,0.0,0.0,0.0,0.0,31.65,1.0,moderate,SLF_IMIS_DAILY_SNOW,False
reichenbach_magic_portfolio,Reichenbach im Kandertal Magic Pass portfolio,2022-10-01,2,2,True,0.16129032258064516,0.0,0.0,0.0,0.0,0.0,1.0,moderate,SLF_IMIS_DAILY_SNOW,False
reichenbach_magic_portfolio,Reichenbach im Kandertal Magic Pass portfolio,2022-11-01,2,2,True,13.299999999999999,10.75,0.55,0.2833333333333333,0.13333333333333333,98.60000000000001,1.0,moderate,SLF_IMIS_DAILY_SNOW,False
reichenbach_magic_portfolio,Reichenbach im Kandertal Magic Pass portfolio,2022-12-01,2,2,True,38.88709677419355,36.0,1.0,1.0,0.7419354838709677,88.35,1.0,moderate,SLF_IMIS_DAILY_SNOW,False
reichenbach_magic_portfolio,Reichenbach im Kandertal Magic Pass portfolio,2023-01-01,2,2,True,75.59677419354838,85.5,1.0,0.9838709677419355,0.7580645161290323,128.64999999999998,1.0,moderate,SLF_IMIS_DAILY_SNOW,False
reichenbach_magic_portfolio,Reichenbach im Kandertal Magic Pass portfolio,2023-02-01,2,2,True,88.375,87.5,1.0,1.0,1.0,49.65,1.0,moderate,SLF_IMIS_DAILY_SNOW,False
reichenbach_magic_portfolio,Reichenbach im Kandertal Magic Pass portfolio,2023-03-01,2,2,True,116.09677419354838,121.5,1.0,1.0,1.0,186.9,1.0,moderate,SLF_IMIS_DAILY_SNOW,False
reichenbach_magic_portfolio,Reichenbach im Kandertal Magic Pass portfolio,2023-04-01,2,2,True,161.91666666666669,161.25,1.0,1.0,1.0,167.55,1.0,moderate,SLF_IMIS_DAILY_SNOW,False
reichenbach_magic_portfolio,Reichenbach im Kandertal Magic Pass portfolio,2023-05-01,2,2,True,130.19354838709677,132.0,0.8548387096774194,0.8064516129032258,0.6612903225806451,101.15,1.0,moderate,SLF_IMIS_DAILY_SNOW,False
reichenbach_magic_portfolio,Reichenbach im Kandertal Magic Pass portfolio,2023-06-01,2,2,True,50.21666666666667,58.0,0.4166666666666667,0.4,0.38333333333333336,0.0,1.0,moderate,SLF_IMIS_DAILY_SNOW,False
reichenbach_magic_portfolio,Reichenbach im Kandertal Magic Pass portfolio,2023-07-01,2,2,True,0.0,0.0,0.0,0.0,0.0,0.0,1.0,moderate,SLF_IMIS_DAILY_SNOW,False
reichenbach_magic_portfolio,Reichenbach im Kandertal Magic Pass portfolio,2023-08-01,2,2,True,0.6290322580645161,0.0,0.03225806451612903,0.0,0.0,13.15,1.0,moderate,SLF_IMIS_DAILY_SNOW,False
reichenbach_magic_portfolio,Reichenbach im Kandertal Magic Pass portfolio,2023-09-01,2,2,True,0.05,0.0,0.0,0.0,0.0,3.6999999999999997,1.0,moderate,SLF_IMIS_DAILY_SNOW,False
reichenbach_magic_portfolio,Reichenbach im Kandertal Magic Pass portfolio,2023-10-01,2,2,True,0.22580645161290322,0.0,0.0,0.0,0.0,15.049999999999999,1.0,moderate,SLF_IMIS_DAILY_SNOW,False
reichenbach_magic_portfolio,Reichenbach im Kandertal Magic Pass portfolio,2023-11-01,2,2,True,35.7,33.25,0.8,0.5666666666666667,0.4666666666666667,224.15,1.0,moderate,SLF_IMIS_DAILY_SNOW,False
reichenbach_magic_portfolio,Reichenbach im Kandertal Magic Pass portfolio,2023-12-01,2,2,True,103.64516129032258,105.5,1.0,1.0,1.0,187.15,1.0,moderate,SLF_IMIS_DAILY_SNOW,False
reichenbach_magic_portfolio,Reichenbach im Kandertal Magic Pass portfolio,2024-01-01,2,2,True,144.4516129032258,142.0,1.0,1.0,1.0,167.9,1.0,moderate,SLF_IMIS_DAILY_SNOW,False
reichenbach_magic_portfolio,Reichenbach im Kandertal Magic Pass portfolio,2024-02-01,2,2,True,165.0344827586207,164.0,1.0,1.0,1.0,71.44999999999999,1.0,moderate,SLF_IMIS_DAILY_SNOW,False
reichenbach_magic_portfolio,Reichenbach im Kandertal Magic Pass portfolio,2024-03-01,2,2,True,200.5,200.5,1.0,1.0,1.0,182.9,1.0,moderate,SLF_IMIS_DAILY_SNOW,False
reichenbach_magic_portfolio,Reichenbach im Kandertal Magic Pass portfolio,2024-04-01,2,2,True,204.5,206.25,1.0,1.0,0.9833333333333334,181.75,1.0,moderate,SLF_IMIS_DAILY_SNOW,False
reichenbach_magic_portfolio,Reichenbach im Kandertal Magic Pass portfolio,2024-05-01,2,2,True,161.8709677419355,152.0,0.7258064516129032,0.7096774193548387,0.6774193548387097,55.349999999999994,1.0,moderate,SLF_IMIS_DAILY_SNOW,False
reichenbach_magic_portfolio,Reichenbach im Kandertal Magic Pass portfolio,2024-06-01,2,2,True,92.31666666666666,94.0,0.5166666666666667,0.5,0.5,25.3,1.0,moderate,SLF_IMIS_DAILY_SNOW,False
reichenbach_magic_portfolio,Reichenbach im Kandertal Magic Pass portfolio,2024-07-01,2,2,True,3.2419354838709675,0.0,0.0967741935483871,0.08064516129032258,0.06451612903225806,0.0,1.0,moderate,SLF_IMIS_DAILY_SNOW,False
reichenbach_magic_portfolio,Reichenbach im Kandertal Magic Pass portfolio,2024-08-01,2,2,True,0.0,0.0,0.0,0.0,0.0,0.0,1.0,moderate,SLF_IMIS_DAILY_SNOW,False
reichenbach_magic_portfolio,Reichenbach im Kandertal Magic Pass portfolio,2024-09-01,2,2,True,2.966666666666667,0.0,0.11666666666666667,0.03333333333333333,0.016666666666666666,42.3,1.0,moderate,SLF_IMIS_DAILY_SNOW,False
reichenbach_magic_portfolio,Reichenbach im Kandertal Magic Pass portfolio,2024-10-01,2,2,True,0.7741935483870968,0.0,0.03225806451612903,0.0,0.0,16.2,1.0,moderate,SLF_IMIS_DAILY_SNOW,False
reichenbach_magic_portfolio,Reichenbach im Kandertal Magic Pass portfolio,2024-11-01,2,2,True,11.65,6.5,0.3833333333333333,0.16666666666666666,0.13333333333333333,78.3,1.0,moderate,SLF_IMIS_DAILY_SNOW,False
reichenbach_magic_portfolio,Reichenbach im Kandertal Magic Pass portfolio,2024-12-01,2,2,True,70.45161290322581,55.5,1.0,0.9516129032258065,0.8064516129032258,197.4,1.0,moderate,SLF_IMIS_DAILY_SNOW,False
reichenbach_magic_portfolio,Reichenbach im Kandertal Magic Pass portfolio,2025-01-01,2,2,True,121.98387096774195,120.5,1.0,1.0,1.0,158.1,1.0,moderate,SLF_IMIS_DAILY_SNOW,False
reichenbach_magic_portfolio,Reichenbach im Kandertal Magic Pass portfolio,2025-02-01,2,2,True,147.03571428571428,146.25,1.0,1.0,1.0,51.9,1.0,moderate,SLF_IMIS_DAILY_SNOW,False
reichenbach_magic_portfolio,Reichenbach im Kandertal Magic Pass portfolio,2025-03-01,2,2,True,139.5483870967742,140.0,1.0,1.0,1.0,31.4,1.0,moderate,SLF_IMIS_DAILY_SNOW,False
reichenbach_magic_portfolio,Reichenbach im Kandertal Magic Pass portfolio,2025-04-01,2,2,True,119.38333333333333,118.0,1.0,0.9833333333333334,0.9333333333333333,118.3,1.0,moderate,SLF_IMIS_DAILY_SNOW,False
reichenbach_magic_portfolio,Reichenbach im Kandertal Magic Pass portfolio,2025-05-01,2,2,True,76.90322580645162,77.0,0.5483870967741935,0.5161290322580645,0.5,27.700000000000003,1.0,moderate,SLF_IMIS_DAILY_SNOW,False
reichenbach_magic_portfolio,Reichenbach im Kandertal Magic Pass portfolio,2025-06-01,2,2,True,11.1,0.0,0.18333333333333332,0.16666666666666666,0.15,0.0,1.0,moderate,SLF_IMIS_DAILY_SNOW,False
reichenbach_magic_portfolio,Reichenbach im Kandertal Magic Pass portfolio,2025-07-01,2,2,True,0.0,0.0,0.0,0.0,0.0,1.7,1.0,moderate,SLF_IMIS_DAILY_SNOW,False
reichenbach_magic_portfolio,Reichenbach im Kandertal Magic Pass portfolio,2025-08-01,2,2,True,0.0,0.0,0.0,0.0,0.0,0.0,1.0,moderate,SLF_IMIS_DAILY_SNOW,False
reichenbach_magic_portfolio,Reichenbach im Kandertal Magic Pass portfolio,2025-09-01,2,2,True,0.08333333333333333,0.0,0.0,0.0,0.0,4.0,1.0,moderate,SLF_IMIS_DAILY_SNOW,False
reichenbach_magic_portfolio,Reichenbach im Kandertal Magic Pass portfolio,2025-10-01,2,2,True,4.370967741935484,0.0,0.1774193548387097,0.06451612903225806,0.04838709677419355,51.65,1.0,moderate,SLF_IMIS_DAILY_SNOW,False
reichenbach_magic_portfolio,Reichenbach im Kandertal Magic Pass portfolio,2025-11-01,2,2,True,30.78333333333333,15.5,0.7166666666666667,0.6333333333333333,0.35,156.05,1.0,moderate,SLF_IMIS_DAILY_SNOW,False
reichenbach_magic_portfolio,Reichenbach im Kandertal Magic Pass portfolio,2025-12-01,2,2,True,61.35483870967742,59.0,1.0,1.0,1.0,21.0,1.0,moderate,SLF_IMIS_DAILY_SNOW,False
reichenbach_magic_portfolio,Reichenbach im Kandertal Magic Pass portfolio,2026-01-01,2,2,True,84.09677419354838,91.0,1.0,1.0,0.967741935483871,102.0,1.0,moderate,SLF_IMIS_DAILY_SNOW,False
reichenbach_magic_portfolio,Reichenbach im Kandertal Magic Pass portfolio,2026-02-01,2,2,True,131.32142857142858,132.0,1.0,1.0,1.0,201.25,1.0,moderate,SLF_IMIS_DAILY_SNOW,False
reichenbach_magic_portfolio,Reichenbach im Kandertal Magic Pass portfolio,2026-03-01,2,2,True,168.2741935483871,163.0,1.0,1.0,1.0,211.55,1.0,moderate,SLF_IMIS_DAILY_SNOW,False
saas_fee,Saas-Fee,2013-01-01,1,1,True,101.74193548387096,102.0,1.0,1.0,1.0,62.6,1.0,moderate,SLF_IMIS_DAILY_SNOW,False
saas_fee,Saas-Fee,2013-02-01,1,1,True,163.28571428571428,164.0,1.0,1.0,1.0,187.8,1.0,moderate,SLF_IMIS_DAILY_SNOW,False
saas_fee,Saas-Fee,2013-03-01,1,1,True,162.51612903225808,162.0,1.0,1.0,1.0,61.0,1.0,moderate,SLF_IMIS_DAILY_SNOW,False
saas_fee,Saas-Fee,2013-04-01,1,1,True,168.7,165.5,1.0,1.0,1.0,169.3,1.0,moderate,SLF_IMIS_DAILY_SNOW,False
saas_fee,Saas-Fee,2013-05-01,1,1,True,181.16129032258064,169.0,1.0,1.0,1.0,194.0,1.0,moderate,SLF_IMIS_DAILY_SNOW,False
saas_fee,Saas-Fee,2013-06-01,1,1,True,145.0,154.5,1.0,1.0,1.0,29.2,1.0,moderate,SLF_IMIS_DAILY_SNOW,False
saas_fee,Saas-Fee,2013-07-01,1,1,True,23.225806451612904,0.0,0.3870967741935484,0.3548387096774194,0.3225806451612903,0.0,1.0,moderate,SLF_IMIS_DAILY_SNOW,False
saas_fee,Saas-Fee,2013-08-01,1,1,True,0.0,0.0,0.0,0.0,0.0,0.0,1.0,moderate,SLF_IMIS_DAILY_SNOW,False
saas_fee,Saas-Fee,2013-09-01,1,1,True,0.1,0.0,0.0,0.0,0.0,13.0,1.0,moderate,SLF_IMIS_DAILY_SNOW,False
saas_fee,Saas-Fee,2013-10-01,1,1,True,5.903225806451613,2.0,0.3225806451612903,0.06451612903225806,0.0,45.4,1.0,moderate,SLF_IMIS_DAILY_SNOW,False
saas_fee,Saas-Fee,2013-11-01,1,1,True,30.266666666666666,28.5,0.8333333333333334,0.5333333333333333,0.5,148.4,1.0,moderate,SLF_IMIS_DAILY_SNOW,False
saas_fee,Saas-Fee,2013-12-01,1,1,True,59.54838709677419,51.0,1.0,1.0,1.0,103.3,1.0,moderate,SLF_IMIS_DAILY_SNOW,False
saas_fee,Saas-Fee,2014-01-01,1,1,True,99.80645161290323,101.0,1.0,1.0,1.0,83.9,1.0,moderate,SLF_IMIS_DAILY_SNOW,False
saas_fee,Saas-Fee,2014-02-01,1,1,True,126.71428571428571,125.5,1.0,1.0,1.0,133.1,1.0,moderate,SLF_IMIS_DAILY_SNOW,False
saas_fee,Saas-Fee,2014-03-01,1,1,True,152.41935483870967,149.0,1.0,1.0,1.0,96.5,1.0,moderate,SLF_IMIS_DAILY_SNOW,False
saas_fee,Saas-Fee,2014-04-01,1,1,True,142.36666666666667,136.0,1.0,1.0,1.0,208.39999999999998,1.0,moderate,SLF_IMIS_DAILY_SNOW,False
saas_fee,Saas-Fee,2014-05-01,1,1,True,160.09677419354838,162.0,1.0,1.0,1.0,78.4,1.0,moderate,SLF_IMIS_DAILY_SNOW,False
saas_fee,Saas-Fee,2014-06-01,1,1,True,66.0,63.0,0.8,0.7666666666666667,0.7333333333333333,5.9,1.0,moderate,SLF_IMIS_DAILY_SNOW,False
saas_fee,Saas-Fee,2014-07-01,1,1,True,0.1935483870967742,0.0,0.0,0.0,0.0,9.9,1.0,moderate,SLF_IMIS_DAILY_SNOW,False
saas_fee,Saas-Fee,2014-08-01,1,1,True,0.0,0.0,0.0,0.0,0.0,0.0,1.0,moderate,SLF_IMIS_DAILY_SNOW,False
saas_fee,Saas-Fee,2014-09-01,1,1,True,0.0,0.0,0.0,0.0,0.0,0.0,1.0,moderate,SLF_IMIS_DAILY_SNOW,False
saas_fee,Saas-Fee,2014-10-01,1,1,True,0.7419354838709677,0.0,0.0,0.0,0.0,10.9,1.0,moderate,SLF_IMIS_DAILY_SNOW,False
saas_fee,Saas-Fee,2014-11-01,1,1,True,65.56666666666666,77.5,0.8666666666666667,0.8333333333333334,0.8333333333333334,197.59999999999997,1.0,moderate,SLF_IMIS_DAILY_SNOW,False
saas_fee,Saas-Fee,2014-12-01,1,1,True,78.58064516129032,77.0,1.0,1.0,1.0,53.599999999999994,1.0,moderate,SLF_IMIS_DAILY_SNOW,False
saas_fee,Saas-Fee,2015-01-01,1,1,True,80.90322580645162,76.0,1.0,1.0,1.0,63.49999999999999,1.0,moderate,SLF_IMIS_DAILY_SNOW,False
saas_fee,Saas-Fee,2015-02-01,1,1,True,105.96428571428571,107.0,1.0,1.0,1.0,71.0,1.0,moderate,SLF_IMIS_DAILY_SNOW,False
saas_fee,Saas-Fee,2015-03-01,1,1,True,126.45161290322581,126.0,1.0,1.0,1.0,120.6,1.0,moderate,SLF_IMIS_DAILY_SNOW,False
saas_fee,Saas-Fee,2015-04-01,1,1,True,132.16666666666666,132.0,1.0,1.0,1.0,56.49999999999999,1.0,moderate,SLF_IMIS_DAILY_SNOW,False
saas_fee,Saas-Fee,2015-05-01,1,1,True,107.25806451612904,101.0,1.0,1.0,1.0,109.9,1.0,moderate,SLF_IMIS_DAILY_SNOW,False
saas_fee,Saas-Fee,2015-06-01,1,1,True,15.866666666666667,0.0,0.36666666666666664,0.26666666666666666,0.23333333333333334,0.0,1.0,moderate,SLF_IMIS_DAILY_SNOW,False
saas_fee,Saas-Fee,2015-07-01,1,1,True,0.0,0.0,0.0,0.0,0.0,0.0,1.0,moderate,SLF_IMIS_DAILY_SNOW,False
saas_fee,Saas-Fee,2015-08-01,1,1,True,0.0,0.0,0.0,0.0,0.0,0.0,1.0,moderate,SLF_IMIS_DAILY_SNOW,False
saas_fee,Saas-Fee,2015-09-01,1,1,True,0.1,0.0,0.0,0.0,0.0,4.1,1.0,moderate,SLF_IMIS_DAILY_SNOW,False
saas_fee,Saas-Fee,2015-10-01,1,1,True,11.64516129032258,16.0,0.5161290322580645,0.3225806451612903,0.03225806451612903,68.4,1.0,moderate,SLF_IMIS_DAILY_SNOW,False
saas_fee,Saas-Fee,2015-11-01,1,1,True,27.866666666666667,22.0,1.0,0.6333333333333333,0.3333333333333333,72.7,1.0,moderate,SLF_IMIS_DAILY_SNOW,False
saas_fee,Saas-Fee,2015-12-01,1,1,True,42.25806451612903,42.0,1.0,1.0,1.0,8.8,1.0,moderate,SLF_IMIS_DAILY_SNOW,False
saas_fee,Saas-Fee,2016-01-01,1,1,True,76.3225806451613,73.0,1.0,1.0,1.0,159.2,1.0,moderate,SLF_IMIS_DAILY_SNOW,False
saas_fee,Saas-Fee,2016-02-01,1,1,True,121.86206896551724,122.0,1.0,1.0,1.0,219.10000000000002,1.0,moderate,SLF_IMIS_DAILY_SNOW,False
saas_fee,Saas-Fee,2016-03-01,1,1,True,148.32258064516128,144.0,1.0,1.0,1.0,43.8,1.0,moderate,SLF_IMIS_DAILY_SNOW,False
saas_fee,Saas-Fee,2016-04-01,1,1,True,143.6,144.0,1.0,1.0,1.0,86.4,1.0,moderate,SLF_IMIS_DAILY_SNOW,False
saas_fee,Saas-Fee,2016-05-01,1,1,True,150.3548387096774,148.0,1.0,1.0,1.0,161.2,1.0,moderate,SLF_IMIS_DAILY_SNOW,False
saas_fee,Saas-Fee,2016-06-01,1,1,True,97.7,102.5,1.0,1.0,1.0,10.2,1.0,moderate,SLF_IMIS_DAILY_SNOW,False
saas_fee,Saas-Fee,2016-07-01,1,1,True,0.9032258064516129,0.0,0.03225806451612903,0.0,0.0,0.0,1.0,moderate,SLF_IMIS_DAILY_SNOW,False
saas_fee,Saas-Fee,2016-08-01,1,1,True,0.0,0.0,0.0,0.0,0.0,0.0,1.0,moderate,SLF_IMIS_DAILY_SNOW,False
saas_fee,Saas-Fee,2016-09-01,1,1,True,0.0,0.0,0.0,0.0,0.0,0.0,1.0,moderate,SLF_IMIS_DAILY_SNOW,False
saas_fee,Saas-Fee,2016-10-01,1,1,True,12.64516129032258,18.0,0.5483870967741935,0.3225806451612903,0.0,35.0,1.0,moderate,SLF_IMIS_DAILY_SNOW,False
saas_fee,Saas-Fee,2016-11-01,1,1,True,46.233333333333334,49.5,1.0,0.8333333333333334,0.8,133.3,1.0,moderate,SLF_IMIS_DAILY_SNOW,False
saas_fee,Saas-Fee,2016-12-01,1,1,True,63.74193548387097,62.0,1.0,1.0,1.0,6.2,1.0,moderate,SLF_IMIS_DAILY_SNOW,False
saas_fee,Saas-Fee,2017-01-01,1,1,True,61.32258064516129,61.0,1.0,1.0,1.0,35.1,1.0,moderate,SLF_IMIS_DAILY_SNOW,False
saas_fee,Saas-Fee,2017-02-01,1,1,True,77.28571428571429,77.0,1.0,1.0,1.0,37.400000000000006,1.0,moderate,SLF_IMIS_DAILY_SNOW,False
saas_fee,Saas-Fee,2017-03-01,1,1,True,114.80645161290323,118.0,1.0,1.0,1.0,158.10000000000002,1.0,moderate,SLF_IMIS_DAILY_SNOW,False
saas_fee,Saas-Fee,2017-04-01,1,1,True,118.03333333333333,116.5,1.0,1.0,1.0,73.7,1.0,moderate,SLF_IMIS_DAILY_SNOW,False
saas_fee,Saas-Fee,2017-05-01,1,1,True,113.2258064516129,121.0,1.0,1.0,1.0,66.2,1.0,moderate,SLF_IMIS_DAILY_SNOW,False
saas_fee,Saas-Fee,2017-06-01,1,1,True,12.3,0.0,0.3333333333333333,0.3,0.23333333333333334,0.0,1.0,moderate,SLF_IMIS_DAILY_SNOW,False
saas_fee,Saas-Fee,2017-07-01,1,1,True,0.0,0.0,0.0,0.0,0.0,0.0,1.0,moderate,SLF_IMIS_DAILY_SNOW,False
saas_fee,Saas-Fee,2017-08-01,1,1,True,0.1935483870967742,0.0,0.0,0.0,0.0,10.3,1.0,moderate,SLF_IMIS_DAILY_SNOW,False
saas_fee,Saas-Fee,2017-09-01,1,1,True,0.26666666666666666,0.0,0.0,0.0,0.0,0.0,1.0,moderate,SLF_IMIS_DAILY_SNOW,False
saas_fee,Saas-Fee,2017-10-01,1,1,True,0.25806451612903225,0.0,0.0,0.0,0.0,2.0,1.0,moderate,SLF_IMIS_DAILY_SNOW,False
saas_fee,Saas-Fee,2017-11-01,1,1,True,1.5666666666666667,1.0,0.0,0.0,0.0,30.299999999999997,1.0,moderate,SLF_IMIS_DAILY_SNOW,False
saas_fee,Saas-Fee,2017-12-01,1,1,True,20.870967741935484,27.0,0.6774193548387096,0.6774193548387096,0.25806451612903225,121.4,1.0,moderate,SLF_IMIS_DAILY_SNOW,False
saas_fee,Saas-Fee,2018-01-01,1,1,True,172.93548387096774,156.0,1.0,1.0,1.0,543.8000000000001,1.0,moderate,SLF_IMIS_DAILY_SNOW,False
saas_fee,Saas-Fee,2018-02-01,1,1,True,248.14285714285714,248.0,1.0,1.0,1.0,70.3,1.0,moderate,SLF_IMIS_DAILY_SNOW,False
saas_fee,Saas-Fee,2018-03-01,1,1,True,251.25806451612902,252.0,1.0,1.0,1.0,129.0,1.0,moderate,SLF_IMIS_DAILY_SNOW,False
saas_fee,Saas-Fee,2018-04-01,1,1,True,252.23333333333332,260.5,1.0,1.0,1.0,83.9,1.0,moderate,SLF_IMIS_DAILY_SNOW,False
saas_fee,Saas-Fee,2018-05-01,1,1,True,195.8709677419355,195.0,1.0,1.0,1.0,62.3,1.0,moderate,SLF_IMIS_DAILY_SNOW,False
saas_fee,Saas-Fee,2018-06-01,1,1,True,87.66666666666667,94.0,0.9666666666666667,0.9333333333333333,0.8666666666666667,0.0,1.0,moderate,SLF_IMIS_DAILY_SNOW,False
saas_fee,Saas-Fee,2018-07-01,1,0,False,NA,NA,NA,NA,NA,NA,0.06451612903225806,moderate,SLF_IMIS_DAILY_SNOW,False
saas_fee,Saas-Fee,2018-08-01,1,0,False,NA,NA,NA,NA,NA,NA,0.2903225806451613,moderate,SLF_IMIS_DAILY_SNOW,False
saas_fee,Saas-Fee,2018-09-01,1,1,True,0.0,0.0,0.0,0.0,0.0,0.0,1.0,moderate,SLF_IMIS_DAILY_SNOW,False
saas_fee,Saas-Fee,2018-10-01,1,1,True,5.419354838709677,0.0,0.0967741935483871,0.0967741935483871,0.0967741935483871,102.1,1.0,moderate,SLF_IMIS_DAILY_SNOW,False
saas_fee,Saas-Fee,2018-11-01,1,1,True,80.83333333333333,79.5,1.0,1.0,1.0,89.1,1.0,moderate,SLF_IMIS_DAILY_SNOW,False
saas_fee,Saas-Fee,2018-12-01,1,1,True,108.0,106.0,1.0,1.0,1.0,167.3,1.0,moderate,SLF_IMIS_DAILY_SNOW,False
saas_fee,Saas-Fee,2019-01-01,1,1,True,136.29032258064515,139.0,1.0,1.0,1.0,58.6,1.0,moderate,SLF_IMIS_DAILY_SNOW,False
saas_fee,Saas-Fee,2019-02-01,1,1,True,144.78571428571428,142.5,1.0,1.0,1.0,30.3,1.0,moderate,SLF_IMIS_DAILY_SNOW,False
saas_fee,Saas-Fee,2019-03-01,1,1,True,165.38709677419354,171.0,1.0,1.0,1.0,111.0,1.0,moderate,SLF_IMIS_DAILY_SNOW,False
saas_fee,Saas-Fee,2019-04-01,1,1,True,199.8,201.0,1.0,1.0,1.0,148.0,1.0,moderate,SLF_IMIS_DAILY_SNOW,False
saas_fee,Saas-Fee,2019-05-01,1,1,True,202.38709677419354,203.0,1.0,1.0,1.0,96.29999999999998,1.0,moderate,SLF_IMIS_DAILY_SNOW,False
saas_fee,Saas-Fee,2019-06-01,1,1,True,97.93333333333334,108.0,0.9,0.8666666666666667,0.8333333333333334,4.2,1.0,moderate,SLF_IMIS_DAILY_SNOW,False
saas_fee,Saas-Fee,2019-07-01,1,1,True,0.0,0.0,0.0,0.0,0.0,0.0,1.0,moderate,SLF_IMIS_DAILY_SNOW,False
saas_fee,Saas-Fee,2019-08-01,1,1,True,0.0,0.0,0.0,0.0,0.0,0.0,1.0,moderate,SLF_IMIS_DAILY_SNOW,False
saas_fee,Saas-Fee,2019-09-01,1,1,True,0.13333333333333333,0.0,0.0,0.0,0.0,1.5,1.0,moderate,SLF_IMIS_DAILY_SNOW,False
saas_fee,Saas-Fee,2019-10-01,1,1,True,4.870967741935484,1.0,0.2903225806451613,0.0,0.0,56.0,1.0,moderate,SLF_IMIS_DAILY_SNOW,False
saas_fee,Saas-Fee,2019-11-01,1,1,True,55.06666666666667,56.5,0.8666666666666667,0.7333333333333333,0.7333333333333333,223.2,1.0,moderate,SLF_IMIS_DAILY_SNOW,False
saas_fee,Saas-Fee,2019-12-01,1,1,True,98.16129032258064,98.0,1.0,1.0,1.0,99.30000000000001,1.0,moderate,SLF_IMIS_DAILY_SNOW,False
saas_fee,Saas-Fee,2020-01-01,1,1,True,103.74193548387096,101.0,1.0,1.0,1.0,52.099999999999994,1.0,moderate,SLF_IMIS_DAILY_SNOW,False
saas_fee,Saas-Fee,2020-02-01,1,1,True,203.48275862068965,212.0,1.0,1.0,1.0,191.5,1.0,moderate,SLF_IMIS_DAILY_SNOW,False
saas_fee,Saas-Fee,2020-03-01,1,1,True,237.41935483870967,238.0,1.0,1.0,1.0,123.00000000000001,1.0,moderate,SLF_IMIS_DAILY_SNOW,False
saas_fee,Saas-Fee,2020-04-01,1,1,True,208.3,208.0,1.0,1.0,1.0,26.099999999999994,1.0,moderate,SLF_IMIS_DAILY_SNOW,False
saas_fee,Saas-Fee,2020-05-01,1,1,True,177.06451612903226,186.0,1.0,1.0,1.0,98.6,1.0,moderate,SLF_IMIS_DAILY_SNOW,False
saas_fee,Saas-Fee,2020-06-01,1,1,True,86.9,97.5,1.0,0.9666666666666667,0.9333333333333333,42.7,1.0,moderate,SLF_IMIS_DAILY_SNOW,False
saas_fee,Saas-Fee,2020-07-01,1,1,True,0.4838709677419355,0.0,0.03225806451612903,0.0,0.0,0.0,1.0,moderate,SLF_IMIS_DAILY_SNOW,False
saas_fee,Saas-Fee,2020-08-01,1,1,True,0.0967741935483871,0.0,0.0,0.0,0.0,6.1,1.0,moderate,SLF_IMIS_DAILY_SNOW,False
saas_fee,Saas-Fee,2020-09-01,1,1,True,0.13333333333333333,0.0,0.0,0.0,0.0,6.1,1.0,moderate,SLF_IMIS_DAILY_SNOW,False
saas_fee,Saas-Fee,2020-10-01,1,1,True,12.678571428571429,10.0,0.5714285714285714,0.17857142857142858,0.07142857142857142,71.9,0.9032258064516129,moderate,SLF_IMIS_DAILY_SNOW,False
saas_fee,Saas-Fee,2020-11-01,1,1,True,21.933333333333334,22.0,1.0,0.9,0.0,4.4,1.0,moderate,SLF_IMIS_DAILY_SNOW,False
saas_fee,Saas-Fee,2020-12-01,1,1,True,54.45161290322581,57.0,1.0,1.0,0.9032258064516129,114.70000000000002,1.0,moderate,SLF_IMIS_DAILY_SNOW,False
saas_fee,Saas-Fee,2021-01-01,1,1,True,67.3225806451613,61.0,1.0,1.0,1.0,162.09999999999997,1.0,moderate,SLF_IMIS_DAILY_SNOW,False
saas_fee,Saas-Fee,2021-02-01,1,1,True,130.39285714285714,129.5,1.0,1.0,1.0,101.0,1.0,moderate,SLF_IMIS_DAILY_SNOW,False
saas_fee,Saas-Fee,2021-03-01,1,1,True,120.87096774193549,120.0,1.0,1.0,1.0,47.0,1.0,moderate,SLF_IMIS_DAILY_SNOW,False
saas_fee,Saas-Fee,2021-04-01,1,1,True,108.23333333333333,108.5,1.0,1.0,1.0,39.1,1.0,moderate,SLF_IMIS_DAILY_SNOW,False
saas_fee,Saas-Fee,2021-05-01,1,1,True,138.8709677419355,146.0,1.0,1.0,1.0,197.29999999999998,1.0,moderate,SLF_IMIS_DAILY_SNOW,False
saas_fee,Saas-Fee,2021-06-01,1,1,True,62.5,68.5,0.7,0.6666666666666666,0.6333333333333333,0.0,1.0,moderate,SLF_IMIS_DAILY_SNOW,False
saas_fee,Saas-Fee,2021-07-01,1,1,True,0.0,0.0,0.0,0.0,0.0,0.0,1.0,moderate,SLF_IMIS_DAILY_SNOW,False
saas_fee,Saas-Fee,2021-08-01,1,1,True,0.0,0.0,0.0,0.0,0.0,0.0,1.0,moderate,SLF_IMIS_DAILY_SNOW,False
saas_fee,Saas-Fee,2021-09-01,1,1,True,0.23333333333333334,0.0,0.0,0.0,0.0,8.1,1.0,moderate,SLF_IMIS_DAILY_SNOW,False
saas_fee,Saas-Fee,2021-10-01,1,1,True,1.1935483870967742,1.0,0.0,0.0,0.0,10.9,1.0,moderate,SLF_IMIS_DAILY_SNOW,False
saas_fee,Saas-Fee,2021-11-01,1,1,True,20.733333333333334,23.0,0.9666666666666667,0.5333333333333333,0.1,79.4,1.0,moderate,SLF_IMIS_DAILY_SNOW,False
saas_fee,Saas-Fee,2021-12-01,1,1,True,36.064516129032256,32.0,1.0,0.967741935483871,0.8709677419354839,108.29999999999998,1.0,moderate,SLF_IMIS_DAILY_SNOW,False
saas_fee,Saas-Fee,2022-01-01,1,1,True,56.83870967741935,57.0,1.0,1.0,1.0,25.500000000000004,1.0,moderate,SLF_IMIS_DAILY_SNOW,False
saas_fee,Saas-Fee,2022-02-01,1,1,True,53.67857142857143,53.5,1.0,1.0,1.0,36.900000000000006,1.0,moderate,SLF_IMIS_DAILY_SNOW,False
saas_fee,Saas-Fee,2022-03-01,1,1,True,54.225806451612904,55.0,1.0,1.0,1.0,8.3,1.0,moderate,SLF_IMIS_DAILY_SNOW,False
saas_fee,Saas-Fee,2022-04-01,1,1,True,80.46666666666667,79.5,1.0,1.0,1.0,163.10000000000002,1.0,moderate,SLF_IMIS_DAILY_SNOW,False
saas_fee,Saas-Fee,2022-05-01,1,1,True,50.645161290322584,62.0,0.7419354838709677,0.7096774193548387,0.6774193548387096,62.7,1.0,moderate,SLF_IMIS_DAILY_SNOW,False
saas_fee,Saas-Fee,2022-06-01,1,1,True,0.0,0.0,0.0,0.0,0.0,0.0,1.0,moderate,SLF_IMIS_DAILY_SNOW,False
saas_fee,Saas-Fee,2022-07-01,1,1,True,0.0,0.0,0.0,0.0,0.0,0.0,1.0,moderate,SLF_IMIS_DAILY_SNOW,False
saas_fee,Saas-Fee,2022-08-01,1,1,True,0.0,0.0,0.0,0.0,0.0,0.0,1.0,moderate,SLF_IMIS_DAILY_SNOW,False
saas_fee,Saas-Fee,2022-09-01,1,1,True,0.6333333333333333,0.0,0.0,0.0,0.0,16.7,1.0,moderate,SLF_IMIS_DAILY_SNOW,False
saas_fee,Saas-Fee,2022-10-01,1,1,True,0.76,0.0,0.0,0.0,0.0,0.0,0.8064516129032258,moderate,SLF_IMIS_DAILY_SNOW,False
saas_fee,Saas-Fee,2022-11-01,1,1,True,7.966666666666667,4.0,0.4,0.03333333333333333,0.0,57.7,1.0,moderate,SLF_IMIS_DAILY_SNOW,False
saas_fee,Saas-Fee,2022-12-01,1,1,True,48.774193548387096,40.0,1.0,0.9032258064516129,0.8709677419354839,160.7,1.0,moderate,SLF_IMIS_DAILY_SNOW,False
saas_fee,Saas-Fee,2023-01-01,1,1,True,74.96774193548387,74.0,1.0,1.0,1.0,41.5,1.0,moderate,SLF_IMIS_DAILY_SNOW,False
saas_fee,Saas-Fee,2023-02-01,1,1,True,68.89285714285714,68.0,1.0,1.0,1.0,14.100000000000001,1.0,moderate,SLF_IMIS_DAILY_SNOW,False
saas_fee,Saas-Fee,2023-03-01,1,1,True,106.93548387096774,117.0,1.0,1.0,1.0,202.79999999999998,1.0,moderate,SLF_IMIS_DAILY_SNOW,False
saas_fee,Saas-Fee,2023-04-01,1,1,True,148.33333333333334,147.5,1.0,1.0,1.0,127.60000000000001,1.0,moderate,SLF_IMIS_DAILY_SNOW,False
saas_fee,Saas-Fee,2023-05-01,1,1,True,125.19354838709677,125.0,1.0,1.0,1.0,72.2,1.0,moderate,SLF_IMIS_DAILY_SNOW,False
saas_fee,Saas-Fee,2023-06-01,1,1,True,26.633333333333333,8.0,0.5,0.4666666666666667,0.4,0.0,1.0,moderate,SLF_IMIS_DAILY_SNOW,False
saas_fee,Saas-Fee,2023-07-01,1,1,True,0.0,0.0,0.0,0.0,0.0,0.0,1.0,moderate,SLF_IMIS_DAILY_SNOW,False
saas_fee,Saas-Fee,2023-08-01,1,1,True,1.096774193548387,0.0,0.0967741935483871,0.0,0.0,24.299999999999997,1.0,moderate,SLF_IMIS_DAILY_SNOW,False
saas_fee,Saas-Fee,2023-09-01,1,1,True,0.26666666666666666,0.0,0.0,0.0,0.0,2.0,1.0,moderate,SLF_IMIS_DAILY_SNOW,False
saas_fee,Saas-Fee,2023-10-01,1,1,True,0.3548387096774194,0.0,0.0,0.0,0.0,3.0,1.0,moderate,SLF_IMIS_DAILY_SNOW,False
saas_fee,Saas-Fee,2023-11-01,1,1,True,31.233333333333334,37.0,0.8666666666666667,0.8333333333333334,0.7,132.5,1.0,moderate,SLF_IMIS_DAILY_SNOW,False
saas_fee,Saas-Fee,2023-12-01,1,1,True,85.87096774193549,81.0,1.0,1.0,1.0,169.09999999999997,1.0,moderate,SLF_IMIS_DAILY_SNOW,False
saas_fee,Saas-Fee,2024-01-01,1,1,True,99.03225806451613,97.0,1.0,1.0,1.0,95.89999999999999,1.0,moderate,SLF_IMIS_DAILY_SNOW,False
saas_fee,Saas-Fee,2024-02-01,1,1,True,105.93103448275862,105.0,1.0,1.0,1.0,54.0,1.0,moderate,SLF_IMIS_DAILY_SNOW,False
saas_fee,Saas-Fee,2024-03-01,1,1,True,164.96774193548387,166.0,1.0,1.0,1.0,223.7,1.0,moderate,SLF_IMIS_DAILY_SNOW,False
saas_fee,Saas-Fee,2024-04-01,1,1,True,174.8,167.5,1.0,1.0,1.0,102.2,1.0,moderate,SLF_IMIS_DAILY_SNOW,False
saas_fee,Saas-Fee,2024-05-01,1,1,True,179.09677419354838,178.0,1.0,1.0,1.0,184.49999999999997,1.0,moderate,SLF_IMIS_DAILY_SNOW,False
saas_fee,Saas-Fee,2024-06-01,1,1,True,120.96666666666667,132.5,1.0,1.0,1.0,0.0,1.0,moderate,SLF_IMIS_DAILY_SNOW,False
saas_fee,Saas-Fee,2024-07-01,1,1,True,3.064516129032258,0.0,0.12903225806451613,0.06451612903225806,0.03225806451612903,0.0,1.0,moderate,SLF_IMIS_DAILY_SNOW,False
saas_fee,Saas-Fee,2024-08-01,1,1,True,0.0,0.0,0.0,0.0,0.0,0.0,1.0,moderate,SLF_IMIS_DAILY_SNOW,False
saas_fee,Saas-Fee,2024-09-01,1,1,True,0.16666666666666666,0.0,0.0,0.0,0.0,0.0,1.0,moderate,SLF_IMIS_DAILY_SNOW,False
saas_fee,Saas-Fee,2024-10-01,1,1,True,0.9354838709677419,0.0,0.0,0.0,0.0,14.7,1.0,moderate,SLF_IMIS_DAILY_SNOW,False
saas_fee,Saas-Fee,2024-11-01,1,1,True,5.766666666666667,1.5,0.3,0.06666666666666667,0.0,84.3,1.0,moderate,SLF_IMIS_DAILY_SNOW,False
saas_fee,Saas-Fee,2024-12-01,1,1,True,30.580645161290324,31.0,1.0,0.9032258064516129,0.7096774193548387,76.69999999999999,1.0,moderate,SLF_IMIS_DAILY_SNOW,False
saas_fee,Saas-Fee,2025-01-01,1,1,True,67.96774193548387,72.0,1.0,1.0,1.0,150.7,1.0,moderate,SLF_IMIS_DAILY_SNOW,False
saas_fee,Saas-Fee,2025-02-01,1,1,True,84.25,83.0,1.0,1.0,1.0,18.0,1.0,moderate,SLF_IMIS_DAILY_SNOW,False
saas_fee,Saas-Fee,2025-03-01,1,1,True,95.06451612903226,98.0,1.0,1.0,1.0,64.8,1.0,moderate,SLF_IMIS_DAILY_SNOW,False
saas_fee,Saas-Fee,2025-04-01,1,1,True,121.26666666666667,105.0,1.0,1.0,1.0,212.2,1.0,moderate,SLF_IMIS_DAILY_SNOW,False
saas_fee,Saas-Fee,2025-05-01,1,1,True,112.0,113.0,1.0,1.0,1.0,61.099999999999994,1.0,moderate,SLF_IMIS_DAILY_SNOW,False
saas_fee,Saas-Fee,2025-06-01,1,1,True,25.733333333333334,1.5,0.4666666666666667,0.43333333333333335,0.4,0.0,1.0,moderate,SLF_IMIS_DAILY_SNOW,False
saas_fee,Saas-Fee,2025-07-01,1,1,True,0.0,0.0,0.0,0.0,0.0,0.0,1.0,moderate,SLF_IMIS_DAILY_SNOW,False
saas_fee,Saas-Fee,2025-08-01,1,1,True,0.0,0.0,0.0,0.0,0.0,0.0,1.0,moderate,SLF_IMIS_DAILY_SNOW,False
saas_fee,Saas-Fee,2025-09-01,1,1,True,0.2,0.0,0.0,0.0,0.0,0.0,1.0,moderate,SLF_IMIS_DAILY_SNOW,False
saas_fee,Saas-Fee,2025-10-01,1,1,True,3.3548387096774195,1.0,0.1935483870967742,0.03225806451612903,0.0,34.5,1.0,moderate,SLF_IMIS_DAILY_SNOW,False
saas_fee,Saas-Fee,2025-11-01,1,1,True,17.966666666666665,15.0,1.0,0.3333333333333333,0.03333333333333333,40.5,1.0,moderate,SLF_IMIS_DAILY_SNOW,False
saas_fee,Saas-Fee,2025-12-01,1,1,True,37.41935483870968,38.0,1.0,1.0,0.7741935483870968,42.1,1.0,moderate,SLF_IMIS_DAILY_SNOW,False
saas_fee,Saas-Fee,2026-01-01,1,1,True,54.516129032258064,54.0,1.0,1.0,1.0,68.79999999999998,1.0,moderate,SLF_IMIS_DAILY_SNOW,False
saas_fee,Saas-Fee,2026-02-01,1,1,True,92.14285714285714,98.0,1.0,1.0,1.0,148.2,1.0,moderate,SLF_IMIS_DAILY_SNOW,False
saas_fee,Saas-Fee,2026-03-01,1,1,True,117.16129032258064,117.0,1.0,1.0,1.0,112.9,1.0,moderate,SLF_IMIS_DAILY_SNOW,False
schwanden,Schwanden,2013-01-01,1,1,True,142.1290322580645,148.0,1.0,1.0,1.0,127.30000000000001,1.0,high,SLF_IMIS_DAILY_SNOW,False
schwanden,Schwanden,2013-02-01,1,1,True,206.92857142857142,210.5,1.0,1.0,1.0,226.2,1.0,high,SLF_IMIS_DAILY_SNOW,False
schwanden,Schwanden,2013-03-01,1,1,True,198.0,197.0,1.0,1.0,1.0,118.7,1.0,high,SLF_IMIS_DAILY_SNOW,False
schwanden,Schwanden,2013-04-01,1,1,True,192.46666666666667,202.0,1.0,1.0,1.0,57.599999999999994,1.0,high,SLF_IMIS_DAILY_SNOW,False
schwanden,Schwanden,2013-05-01,1,1,True,77.45161290322581,72.0,1.0,1.0,1.0,98.0,1.0,high,SLF_IMIS_DAILY_SNOW,False
schwanden,Schwanden,2013-06-01,1,1,True,20.1,0.0,0.4,0.3333333333333333,0.3,13.6,1.0,high,SLF_IMIS_DAILY_SNOW,False
schwanden,Schwanden,2013-07-01,1,1,True,0.0,0.0,0.0,0.0,0.0,0.0,1.0,high,SLF_IMIS_DAILY_SNOW,False
schwanden,Schwanden,2013-08-01,1,1,True,0.0,0.0,0.0,0.0,0.0,0.0,1.0,high,SLF_IMIS_DAILY_SNOW,False
schwanden,Schwanden,2013-09-01,1,0,False,NA,NA,NA,NA,NA,NA,0.7666666666666667,high,SLF_IMIS_DAILY_SNOW,False
schwanden,Schwanden,2013-10-01,1,1,True,2.4516129032258065,0.0,0.0967741935483871,0.03225806451612903,0.0,50.50000000000001,1.0,high,SLF_IMIS_DAILY_SNOW,False
schwanden,Schwanden,2013-11-01,1,1,True,7.0,5.5,0.3,0.03333333333333333,0.0,52.4,1.0,high,SLF_IMIS_DAILY_SNOW,False
schwanden,Schwanden,2013-12-01,1,1,True,20.677419354838708,13.0,1.0,0.22580645161290322,0.16129032258064516,82.5,1.0,high,SLF_IMIS_DAILY_SNOW,False
schwanden,Schwanden,2014-01-01,1,1,True,68.83870967741936,69.0,1.0,1.0,1.0,152.79999999999998,1.0,high,SLF_IMIS_DAILY_SNOW,False
schwanden,Schwanden,2014-02-01,1,1,True,131.46428571428572,137.5,1.0,1.0,1.0,233.5,1.0,high,SLF_IMIS_DAILY_SNOW,False
schwanden,Schwanden,2014-03-01,1,1,True,136.41935483870967,136.0,1.0,1.0,1.0,111.9,1.0,high,SLF_IMIS_DAILY_SNOW,False
schwanden,Schwanden,2014-04-01,1,1,True,76.3,68.5,1.0,1.0,1.0,46.8,1.0,high,SLF_IMIS_DAILY_SNOW,False
schwanden,Schwanden,2014-05-01,1,1,True,23.580645161290324,21.0,0.6129032258064516,0.5161290322580645,0.45161290322580644,69.10000000000001,1.0,high,SLF_IMIS_DAILY_SNOW,False
schwanden,Schwanden,2014-06-01,1,1,True,0.0,0.0,0.0,0.0,0.0,0.0,1.0,high,SLF_IMIS_DAILY_SNOW,False
schwanden,Schwanden,2014-07-01,1,1,True,0.0,0.0,0.0,0.0,0.0,0.0,1.0,high,SLF_IMIS_DAILY_SNOW,False
schwanden,Schwanden,2014-08-01,1,1,True,0.0,0.0,0.0,0.0,0.0,0.0,1.0,high,SLF_IMIS_DAILY_SNOW,False
schwanden,Schwanden,2014-09-01,1,1,True,0.0,0.0,0.0,0.0,0.0,0.0,1.0,high,SLF_IMIS_DAILY_SNOW,False
schwanden,Schwanden,2014-10-01,1,1,True,0.45161290322580644,0.0,0.0,0.0,0.0,7.6,1.0,high,SLF_IMIS_DAILY_SNOW,False
schwanden,Schwanden,2014-11-01,1,0,False,NA,NA,NA,NA,NA,NA,0.7666666666666667,high,SLF_IMIS_DAILY_SNOW,False
schwanden,Schwanden,2014-12-01,1,0,False,NA,NA,NA,NA,NA,NA,0.41935483870967744,high,SLF_IMIS_DAILY_SNOW,False
schwanden,Schwanden,2015-01-01,1,1,True,50.516129032258064,51.0,1.0,1.0,0.8064516129032258,206.8,1.0,high,SLF_IMIS_DAILY_SNOW,False
schwanden,Schwanden,2015-02-01,1,1,True,137.07142857142858,133.0,1.0,1.0,1.0,152.1,1.0,high,SLF_IMIS_DAILY_SNOW,False
schwanden,Schwanden,2015-03-01,1,1,True,140.38709677419354,140.0,1.0,1.0,1.0,117.8,1.0,high,SLF_IMIS_DAILY_SNOW,False
schwanden,Schwanden,2015-04-01,1,1,True,129.16666666666666,132.0,1.0,1.0,1.0,83.1,1.0,high,SLF_IMIS_DAILY_SNOW,False
schwanden,Schwanden,2015-05-01,1,1,True,12.387096774193548,1.0,0.25806451612903225,0.22580645161290322,0.16129032258064516,20.5,1.0,high,SLF_IMIS_DAILY_SNOW,False
schwanden,Schwanden,2015-06-01,1,1,True,0.0,0.0,0.0,0.0,0.0,0.0,1.0,high,SLF_IMIS_DAILY_SNOW,False
schwanden,Schwanden,2015-07-01,1,1,True,0.0,0.0,0.0,0.0,0.0,0.0,1.0,high,SLF_IMIS_DAILY_SNOW,False
schwanden,Schwanden,2015-08-01,1,1,True,0.0,0.0,0.0,0.0,0.0,0.0,1.0,high,SLF_IMIS_DAILY_SNOW,False
schwanden,Schwanden,2015-09-01,1,1,True,0.43333333333333335,0.0,0.0,0.0,0.0,9.1,1.0,high,SLF_IMIS_DAILY_SNOW,False
schwanden,Schwanden,2015-10-01,1,1,True,0.12903225806451613,0.0,0.0,0.0,0.0,7.6,1.0,high,SLF_IMIS_DAILY_SNOW,False
schwanden,Schwanden,2015-11-01,1,1,True,11.366666666666667,0.0,0.3,0.3,0.16666666666666666,130.89999999999998,1.0,high,SLF_IMIS_DAILY_SNOW,False
schwanden,Schwanden,2015-12-01,1,1,True,51.935483870967744,54.0,1.0,1.0,1.0,19.400000000000002,1.0,high,SLF_IMIS_DAILY_SNOW,False
schwanden,Schwanden,2016-01-01,1,1,True,81.61290322580645,88.0,1.0,1.0,1.0,149.9,1.0,high,SLF_IMIS_DAILY_SNOW,False
schwanden,Schwanden,2016-02-01,1,1,True,129.3448275862069,136.0,1.0,1.0,1.0,195.4,1.0,high,SLF_IMIS_DAILY_SNOW,False
schwanden,Schwanden,2016-03-01,1,1,True,175.3548387096774,174.0,1.0,1.0,1.0,151.89999999999998,1.0,high,SLF_IMIS_DAILY_SNOW,False
schwanden,Schwanden,2016-04-01,1,1,True,131.1,131.0,1.0,1.0,1.0,96.5,1.0,high,SLF_IMIS_DAILY_SNOW,False
schwanden,Schwanden,2016-05-01,1,1,True,105.35483870967742,103.0,1.0,1.0,1.0,111.8,1.0,high,SLF_IMIS_DAILY_SNOW,False
schwanden,Schwanden,2016-06-01,1,1,True,4.933333333333334,0.0,0.16666666666666666,0.13333333333333333,0.1,0.0,1.0,high,SLF_IMIS_DAILY_SNOW,False
schwanden,Schwanden,2016-07-01,1,1,True,0.0,0.0,0.0,0.0,0.0,0.0,1.0,high,SLF_IMIS_DAILY_SNOW,False
schwanden,Schwanden,2016-08-01,1,1,True,0.0,0.0,0.0,0.0,0.0,0.0,1.0,high,SLF_IMIS_DAILY_SNOW,False
schwanden,Schwanden,2016-09-01,1,1,True,0.0,0.0,0.0,0.0,0.0,0.0,1.0,high,SLF_IMIS_DAILY_SNOW,False
schwanden,Schwanden,2016-10-01,1,1,True,0.16129032258064516,0.0,0.0,0.0,0.0,2.0,1.0,high,SLF_IMIS_DAILY_SNOW,False
schwanden,Schwanden,2016-11-01,1,1,True,15.8,13.5,0.5666666666666667,0.36666666666666664,0.2,93.1,1.0,high,SLF_IMIS_DAILY_SNOW,False
schwanden,Schwanden,2016-12-01,1,1,True,1.967741935483871,2.0,0.0,0.0,0.0,0.0,1.0,high,SLF_IMIS_DAILY_SNOW,False
schwanden,Schwanden,2017-01-01,1,1,True,32.41935483870968,43.0,0.7419354838709677,0.6129032258064516,0.5806451612903226,142.4,1.0,high,SLF_IMIS_DAILY_SNOW,False
schwanden,Schwanden,2017-02-01,1,1,True,66.57142857142857,72.5,1.0,1.0,1.0,112.2,1.0,high,SLF_IMIS_DAILY_SNOW,False
schwanden,Schwanden,2017-03-01,1,1,True,110.96774193548387,109.0,1.0,1.0,1.0,173.0,1.0,high,SLF_IMIS_DAILY_SNOW,False
schwanden,Schwanden,2017-04-01,1,1,True,59.03333333333333,60.0,1.0,1.0,1.0,107.59999999999998,1.0,high,SLF_IMIS_DAILY_SNOW,False
schwanden,Schwanden,2017-05-01,1,1,True,37.516129032258064,39.0,0.6451612903225806,0.5483870967741935,0.5483870967741935,75.4,1.0,high,SLF_IMIS_DAILY_SNOW,False
schwanden,Schwanden,2017-06-01,1,1,True,0.0,0.0,0.0,0.0,0.0,0.0,1.0,high,SLF_IMIS_DAILY_SNOW,False
schwanden,Schwanden,2017-07-01,1,1,True,0.0,0.0,0.0,0.0,0.0,0.0,1.0,high,SLF_IMIS_DAILY_SNOW,False
schwanden,Schwanden,2017-08-01,1,1,True,0.0,0.0,0.0,0.0,0.0,0.0,1.0,high,SLF_IMIS_DAILY_SNOW,False
schwanden,Schwanden,2017-09-01,1,1,True,0.2,0.0,0.0,0.0,0.0,10.1,1.0,high,SLF_IMIS_DAILY_SNOW,False
schwanden,Schwanden,2017-10-01,1,1,True,1.6129032258064515,0.0,0.06451612903225806,0.0,0.0,26.9,1.0,high,SLF_IMIS_DAILY_SNOW,False
schwanden,Schwanden,2017-11-01,1,1,True,20.433333333333334,21.0,0.6666666666666666,0.6,0.26666666666666666,162.4,1.0,high,SLF_IMIS_DAILY_SNOW,False
schwanden,Schwanden,2017-12-01,1,1,True,124.29032258064517,143.0,1.0,1.0,1.0,296.0,1.0,high,SLF_IMIS_DAILY_SNOW,False
schwanden,Schwanden,2018-01-01,1,1,True,138.32258064516128,131.0,1.0,1.0,1.0,130.4,1.0,high,SLF_IMIS_DAILY_SNOW,False
schwanden,Schwanden,2018-02-01,1,1,True,187.39285714285714,193.0,1.0,1.0,1.0,98.80000000000001,1.0,high,SLF_IMIS_DAILY_SNOW,False
schwanden,Schwanden,2018-03-01,1,1,True,223.74193548387098,225.0,1.0,1.0,1.0,210.00000000000003,1.0,high,SLF_IMIS_DAILY_SNOW,False
schwanden,Schwanden,2018-04-01,1,1,True,211.43333333333334,223.0,1.0,1.0,1.0,65.9,1.0,high,SLF_IMIS_DAILY_SNOW,False
schwanden,Schwanden,2018-05-01,1,1,True,44.806451612903224,33.0,0.6451612903225806,0.5806451612903226,0.5483870967741935,3.7,1.0,high,SLF_IMIS_DAILY_SNOW,False
schwanden,Schwanden,2018-06-01,1,1,True,0.0,0.0,0.0,0.0,0.0,0.0,1.0,high,SLF_IMIS_DAILY_SNOW,False
schwanden,Schwanden,2018-07-01,1,1,True,0.0,0.0,0.0,0.0,0.0,0.0,1.0,high,SLF_IMIS_DAILY_SNOW,False
schwanden,Schwanden,2018-08-01,1,1,True,0.0,0.0,0.0,0.0,0.0,0.0,1.0,high,SLF_IMIS_DAILY_SNOW,False
schwanden,Schwanden,2018-09-01,1,1,True,0.0,0.0,0.0,0.0,0.0,0.0,1.0,high,SLF_IMIS_DAILY_SNOW,False
schwanden,Schwanden,2018-10-01,1,1,True,0.5161290322580645,0.0,0.0,0.0,0.0,20.299999999999997,1.0,high,SLF_IMIS_DAILY_SNOW,False
schwanden,Schwanden,2018-11-01,1,1,True,0.9333333333333333,1.0,0.0,0.0,0.0,12.399999999999999,1.0,high,SLF_IMIS_DAILY_SNOW,False
schwanden,Schwanden,2018-12-01,1,1,True,20.967741935483872,27.0,0.7096774193548387,0.6451612903225806,0.25806451612903225,87.0,1.0,high,SLF_IMIS_DAILY_SNOW,False
schwanden,Schwanden,2019-01-01,1,1,True,94.61290322580645,122.0,1.0,1.0,0.9354838709677419,276.6,1.0,high,SLF_IMIS_DAILY_SNOW,False
schwanden,Schwanden,2019-02-01,1,1,True,160.53571428571428,160.5,1.0,1.0,1.0,99.2,1.0,high,SLF_IMIS_DAILY_SNOW,False
schwanden,Schwanden,2019-03-01,1,1,True,150.96774193548387,150.0,1.0,1.0,1.0,75.39999999999999,1.0,high,SLF_IMIS_DAILY_SNOW,False
schwanden,Schwanden,2019-04-01,1,1,True,133.06666666666666,137.0,1.0,1.0,1.0,94.39999999999999,1.0,high,SLF_IMIS_DAILY_SNOW,False
schwanden,Schwanden,2019-05-01,1,1,True,97.58064516129032,109.0,1.0,1.0,1.0,56.099999999999994,1.0,high,SLF_IMIS_DAILY_SNOW,False
schwanden,Schwanden,2019-06-01,1,1,True,5.266666666666667,0.0,0.16666666666666666,0.13333333333333333,0.1,0.0,1.0,high,SLF_IMIS_DAILY_SNOW,False
schwanden,Schwanden,2019-07-01,1,1,True,0.0,0.0,0.0,0.0,0.0,0.0,1.0,high,SLF_IMIS_DAILY_SNOW,False
schwanden,Schwanden,2019-08-01,1,1,True,0.0,0.0,0.0,0.0,0.0,0.0,1.0,high,SLF_IMIS_DAILY_SNOW,False
schwanden,Schwanden,2019-09-01,1,1,True,0.0,0.0,0.0,0.0,0.0,0.0,1.0,high,SLF_IMIS_DAILY_SNOW,False
schwanden,Schwanden,2019-10-01,1,1,True,0.0,0.0,0.0,0.0,0.0,0.0,1.0,high,SLF_IMIS_DAILY_SNOW,False
schwanden,Schwanden,2019-11-01,1,1,True,8.6,10.0,0.5666666666666667,0.0,0.0,71.69999999999999,1.0,high,SLF_IMIS_DAILY_SNOW,False
schwanden,Schwanden,2019-12-01,1,1,True,40.096774193548384,32.0,1.0,0.967741935483871,0.5806451612903226,161.6,1.0,high,SLF_IMIS_DAILY_SNOW,False
schwanden,Schwanden,2020-01-01,1,1,True,65.03225806451613,64.0,1.0,1.0,1.0,75.1,1.0,high,SLF_IMIS_DAILY_SNOW,False
schwanden,Schwanden,2020-02-01,1,1,True,70.58620689655173,69.0,1.0,1.0,1.0,130.69999999999996,1.0,high,SLF_IMIS_DAILY_SNOW,False
schwanden,Schwanden,2020-03-01,1,1,True,110.19354838709677,107.0,1.0,1.0,1.0,113.09999999999998,1.0,high,SLF_IMIS_DAILY_SNOW,False
schwanden,Schwanden,2020-04-01,1,1,True,45.233333333333334,53.5,0.7333333333333333,0.6666666666666666,0.6333333333333333,8.3,1.0,high,SLF_IMIS_DAILY_SNOW,False
schwanden,Schwanden,2020-05-01,1,1,True,0.12903225806451613,0.0,0.0,0.0,0.0,3.0,1.0,high,SLF_IMIS_DAILY_SNOW,False
schwanden,Schwanden,2020-06-01,1,1,True,0.0,0.0,0.0,0.0,0.0,0.0,1.0,high,SLF_IMIS_DAILY_SNOW,False
schwanden,Schwanden,2020-07-01,1,1,True,0.0,0.0,0.0,0.0,0.0,0.0,1.0,high,SLF_IMIS_DAILY_SNOW,False
schwanden,Schwanden,2020-08-01,1,1,True,0.0,0.0,0.0,0.0,0.0,0.0,1.0,high,SLF_IMIS_DAILY_SNOW,False
schwanden,Schwanden,2020-09-01,1,1,True,0.3333333333333333,0.0,0.0,0.0,0.0,13.3,1.0,high,SLF_IMIS_DAILY_SNOW,False
schwanden,Schwanden,2020-10-01,1,1,True,1.5806451612903225,0.0,0.06451612903225806,0.0,0.0,27.7,1.0,high,SLF_IMIS_DAILY_SNOW,False
schwanden,Schwanden,2020-11-01,1,1,True,1.7333333333333334,0.0,0.0,0.0,0.0,14.9,1.0,high,SLF_IMIS_DAILY_SNOW,False
schwanden,Schwanden,2020-12-01,1,1,True,32.25806451612903,34.0,0.9354838709677419,0.8387096774193549,0.7096774193548387,139.10000000000002,1.0,high,SLF_IMIS_DAILY_SNOW,False
schwanden,Schwanden,2021-01-01,1,1,True,106.3225806451613,134.0,1.0,1.0,1.0,395.99999999999994,1.0,high,SLF_IMIS_DAILY_SNOW,False
schwanden,Schwanden,2021-02-01,1,1,True,195.71428571428572,196.0,1.0,1.0,1.0,80.2,1.0,high,SLF_IMIS_DAILY_SNOW,False
schwanden,Schwanden,2021-03-01,1,1,True,207.41935483870967,216.0,1.0,1.0,1.0,201.9,1.0,high,SLF_IMIS_DAILY_SNOW,False
schwanden,Schwanden,2021-04-01,1,1,True,192.96666666666667,195.0,1.0,1.0,1.0,62.3,1.0,high,SLF_IMIS_DAILY_SNOW,False
schwanden,Schwanden,2021-05-01,1,1,True,175.80645161290323,176.0,1.0,1.0,1.0,130.6,1.0,high,SLF_IMIS_DAILY_SNOW,False
schwanden,Schwanden,2021-06-01,1,1,True,42.36666666666667,8.0,0.5,0.4666666666666667,0.43333333333333335,0.0,1.0,high,SLF_IMIS_DAILY_SNOW,False
schwanden,Schwanden,2021-07-01,1,1,True,0.0,0.0,0.0,0.0,0.0,0.0,1.0,high,SLF_IMIS_DAILY_SNOW,False
schwanden,Schwanden,2021-08-01,1,1,True,0.0,0.0,0.0,0.0,0.0,0.0,1.0,high,SLF_IMIS_DAILY_SNOW,False
schwanden,Schwanden,2021-09-01,1,1,True,0.0,0.0,0.0,0.0,0.0,0.0,1.0,high,SLF_IMIS_DAILY_SNOW,False
schwanden,Schwanden,2021-10-01,1,1,True,0.0967741935483871,0.0,0.0,0.0,0.0,8.8,1.0,high,SLF_IMIS_DAILY_SNOW,False
schwanden,Schwanden,2021-11-01,1,1,True,6.166666666666667,1.5,0.23333333333333334,0.06666666666666667,0.03333333333333333,93.30000000000001,1.0,high,SLF_IMIS_DAILY_SNOW,False
schwanden,Schwanden,2021-12-01,1,1,True,110.7741935483871,115.0,1.0,1.0,0.967741935483871,243.80000000000004,1.0,high,SLF_IMIS_DAILY_SNOW,False
schwanden,Schwanden,2022-01-01,1,1,True,107.87096774193549,111.0,1.0,1.0,1.0,69.60000000000001,1.0,high,SLF_IMIS_DAILY_SNOW,False
schwanden,Schwanden,2022-02-01,1,1,True,152.46428571428572,152.0,1.0,1.0,1.0,200.99999999999997,1.0,high,SLF_IMIS_DAILY_SNOW,False
schwanden,Schwanden,2022-03-01,1,1,True,143.2258064516129,150.0,1.0,1.0,1.0,2.4,1.0,high,SLF_IMIS_DAILY_SNOW,False
schwanden,Schwanden,2022-04-01,1,1,True,108.5,111.5,1.0,1.0,1.0,96.90000000000002,1.0,high,SLF_IMIS_DAILY_SNOW,False
schwanden,Schwanden,2022-05-01,1,1,True,21.0,1.0,0.3870967741935484,0.3548387096774194,0.3548387096774194,0.0,1.0,high,SLF_IMIS_DAILY_SNOW,False
schwanden,Schwanden,2022-06-01,1,1,True,0.0,0.0,0.0,0.0,0.0,0.0,1.0,high,SLF_IMIS_DAILY_SNOW,False
schwanden,Schwanden,2022-07-01,1,1,True,0.0,0.0,0.0,0.0,0.0,0.0,1.0,high,SLF_IMIS_DAILY_SNOW,False
schwanden,Schwanden,2022-08-01,1,0,False,NA,NA,NA,NA,NA,NA,0.7419354838709677,high,SLF_IMIS_DAILY_SNOW,False
schwanden,Schwanden,2022-09-01,1,0,False,NA,NA,NA,NA,NA,NA,0.5,high,SLF_IMIS_DAILY_SNOW,False
schwanden,Schwanden,2022-10-01,1,1,True,0.0,0.0,0.0,0.0,0.0,0.0,1.0,high,SLF_IMIS_DAILY_SNOW,False
schwanden,Schwanden,2022-11-01,1,1,True,5.566666666666666,6.0,0.2,0.03333333333333333,0.0,51.8,1.0,high,SLF_IMIS_DAILY_SNOW,False
schwanden,Schwanden,2022-12-01,1,1,True,18.419354838709676,14.0,0.7419354838709677,0.45161290322580644,0.25806451612903225,79.6,1.0,high,SLF_IMIS_DAILY_SNOW,False
schwanden,Schwanden,2023-01-01,1,1,True,24.161290322580644,28.0,0.7096774193548387,0.6774193548387096,0.4838709677419355,106.6,1.0,high,SLF_IMIS_DAILY_SNOW,False
schwanden,Schwanden,2023-02-01,1,1,True,37.07142857142857,36.5,1.0,1.0,0.9285714285714286,35.3,1.0,high,SLF_IMIS_DAILY_SNOW,False
schwanden,Schwanden,2023-03-01,1,1,True,61.70967741935484,65.0,1.0,1.0,1.0,162.8,1.0,high,SLF_IMIS_DAILY_SNOW,False
schwanden,Schwanden,2023-04-01,1,1,True,100.73333333333333,97.5,1.0,1.0,1.0,159.1,1.0,high,SLF_IMIS_DAILY_SNOW,False
schwanden,Schwanden,2023-05-01,1,1,True,26.483870967741936,21.0,0.6451612903225806,0.5806451612903226,0.3548387096774194,5.5,1.0,high,SLF_IMIS_DAILY_SNOW,False
schwanden,Schwanden,2023-06-01,1,1,True,0.0,0.0,0.0,0.0,0.0,0.0,1.0,high,SLF_IMIS_DAILY_SNOW,False
schwanden,Schwanden,2023-07-01,1,1,True,0.0,0.0,0.0,0.0,0.0,0.0,1.0,high,SLF_IMIS_DAILY_SNOW,False
schwanden,Schwanden,2023-08-01,1,1,True,0.0,0.0,0.0,0.0,0.0,0.0,1.0,high,SLF_IMIS_DAILY_SNOW,False
schwanden,Schwanden,2023-09-01,1,1,True,0.0,0.0,0.0,0.0,0.0,0.0,1.0,high,SLF_IMIS_DAILY_SNOW,False
schwanden,Schwanden,2023-10-01,1,1,True,0.0,0.0,0.0,0.0,0.0,0.0,1.0,high,SLF_IMIS_DAILY_SNOW,False
schwanden,Schwanden,2023-11-01,1,1,True,10.833333333333334,10.0,0.5333333333333333,0.06666666666666667,0.06666666666666667,140.79999999999998,1.0,high,SLF_IMIS_DAILY_SNOW,False
schwanden,Schwanden,2023-12-01,1,1,True,75.25806451612904,76.0,1.0,1.0,1.0,182.8,1.0,high,SLF_IMIS_DAILY_SNOW,False
schwanden,Schwanden,2024-01-01,1,1,True,105.96774193548387,110.0,1.0,1.0,1.0,120.39999999999999,1.0,high,SLF_IMIS_DAILY_SNOW,False
schwanden,Schwanden,2024-02-01,1,1,True,106.48275862068965,107.0,1.0,1.0,1.0,84.3,1.0,high,SLF_IMIS_DAILY_SNOW,False
schwanden,Schwanden,2024-03-01,1,1,True,151.93548387096774,159.0,1.0,1.0,1.0,178.20000000000002,1.0,high,SLF_IMIS_DAILY_SNOW,False
schwanden,Schwanden,2024-04-01,1,1,True,155.93333333333334,157.0,1.0,1.0,1.0,218.20000000000002,1.0,high,SLF_IMIS_DAILY_SNOW,False
schwanden,Schwanden,2024-05-01,1,1,True,70.48387096774194,68.0,0.8387096774193549,0.7741935483870968,0.7096774193548387,8.2,1.0,high,SLF_IMIS_DAILY_SNOW,False
schwanden,Schwanden,2024-06-01,1,1,True,1.1,0.0,0.06666666666666667,0.0,0.0,14.3,1.0,high,SLF_IMIS_DAILY_SNOW,False
schwanden,Schwanden,2024-07-01,1,1,True,0.0,0.0,0.0,0.0,0.0,0.0,1.0,high,SLF_IMIS_DAILY_SNOW,False
schwanden,Schwanden,2024-08-01,1,1,True,0.0,0.0,0.0,0.0,0.0,0.0,1.0,high,SLF_IMIS_DAILY_SNOW,False
schwanden,Schwanden,2024-09-01,1,1,True,0.5333333333333333,0.0,0.0,0.0,0.0,17.1,1.0,high,SLF_IMIS_DAILY_SNOW,False
schwanden,Schwanden,2024-10-01,1,1,True,0.0,0.0,0.0,0.0,0.0,0.0,1.0,high,SLF_IMIS_DAILY_SNOW,False
schwanden,Schwanden,2024-11-01,1,1,True,4.666666666666667,3.0,0.2,0.0,0.0,48.9,1.0,high,SLF_IMIS_DAILY_SNOW,False
schwanden,Schwanden,2024-12-01,1,1,True,48.32258064516129,35.0,0.9032258064516129,0.8387096774193549,0.5483870967741935,198.5,1.0,high,SLF_IMIS_DAILY_SNOW,False
schwanden,Schwanden,2025-01-01,1,1,True,87.70967741935483,82.0,1.0,1.0,1.0,119.7,1.0,high,SLF_IMIS_DAILY_SNOW,False
schwanden,Schwanden,2025-02-01,1,1,True,117.21428571428571,117.5,1.0,1.0,1.0,52.2,1.0,high,SLF_IMIS_DAILY_SNOW,False
schwanden,Schwanden,2025-03-01,1,1,True,113.29032258064517,114.0,1.0,1.0,1.0,40.1,1.0,high,SLF_IMIS_DAILY_SNOW,False
schwanden,Schwanden,2025-04-01,1,1,True,63.233333333333334,58.0,1.0,1.0,0.9666666666666667,64.60000000000001,1.0,high,SLF_IMIS_DAILY_SNOW,False
schwanden,Schwanden,2025-05-01,1,1,True,1.4838709677419355,0.0,0.06451612903225806,0.03225806451612903,0.0,0.0,1.0,high,SLF_IMIS_DAILY_SNOW,False
schwanden,Schwanden,2025-06-01,1,1,True,0.0,0.0,0.0,0.0,0.0,0.0,1.0,high,SLF_IMIS_DAILY_SNOW,False
schwanden,Schwanden,2025-07-01,1,1,True,0.0,0.0,0.0,0.0,0.0,0.0,1.0,high,SLF_IMIS_DAILY_SNOW,False
schwanden,Schwanden,2025-08-01,1,1,True,0.0,0.0,0.0,0.0,0.0,0.0,1.0,high,SLF_IMIS_DAILY_SNOW,False
schwanden,Schwanden,2025-09-01,1,1,True,0.0,0.0,0.0,0.0,0.0,0.0,1.0,high,SLF_IMIS_DAILY_SNOW,False
schwanden,Schwanden,2025-10-01,1,1,True,4.451612903225806,0.0,0.16129032258064516,0.12903225806451613,0.0,54.6,1.0,high,SLF_IMIS_DAILY_SNOW,False
schwanden,Schwanden,2025-11-01,1,1,True,27.033333333333335,18.0,0.9333333333333333,0.3333333333333333,0.23333333333333334,149.4,1.0,high,SLF_IMIS_DAILY_SNOW,False
schwanden,Schwanden,2025-12-01,1,1,True,53.354838709677416,49.0,1.0,1.0,1.0,15.3,1.0,high,SLF_IMIS_DAILY_SNOW,False
schwanden,Schwanden,2026-01-01,1,1,True,72.16129032258064,78.0,1.0,1.0,1.0,103.8,1.0,high,SLF_IMIS_DAILY_SNOW,False
schwanden,Schwanden,2026-02-01,1,1,True,119.14285714285714,116.5,1.0,1.0,1.0,169.6,1.0,high,SLF_IMIS_DAILY_SNOW,False
schwanden,Schwanden,2026-03-01,1,1,True,131.83870967741936,126.0,1.0,1.0,1.0,147.4,1.0,high,SLF_IMIS_DAILY_SNOW,False
