station_abbr,month_date,daily_rows_present,temperature_mean_observed_days,temperature_min_observed_days,temperature_max_observed_days,precipitation_observed_days,invalid_negative_precipitation_days,air_temperature_mean_c,air_temperature_daily_min_mean_c,air_temperature_daily_max_mean_c,freezing_days,precipitation_total_mm,precipitation_days_ge_1mm,calendar_days,temperature_mean_coverage_share,temperature_min_coverage_share,temperature_max_coverage_share,precipitation_coverage_share,freezing_day_share_observed,precipitation_day_ge_1mm_share_observed,month_weather_proxy_usable,calendar_month,climatology_years,air_temperature_2013_2025_normal_c,precipitation_2013_2025_normal_mm,air_temperature_anomaly_c,precipitation_anomaly_mm,precipitation_ratio_to_2013_2025_normal,weather_source_id,precipitation_observation_window,weather_station_name,weather_station_elevation_m,weather_station_latitude,weather_station_longitude
ABO,2013-01-01,31,31,31,31,31,0,-1.803225806451613,-5.409677419354838,1.803225806451613,28,54.7,11,31,1.0,1.0,1.0,1.0,0.9032258064516129,0.3548387096774194,True,1,13,-0.5900744416873449,99.11538461538461,-1.213151364764268,-44.41538461538461,0.5518820333721381,METEOSWISS_SMN_DAILY_SELECTED,06:00_UTC_to_06:00_UTC_next_day,Adelboden,1321.0,46.491703,7.560703
ABO,2013-02-01,28,28,28,28,28,0,-5.410714285714286,-9.142857142857142,-1.7357142857142858,27,95.8,13,28,1.0,1.0,1.0,1.0,0.9642857142857143,0.4642857142857143,True,2,13,0.35730390299355813,65.65384615384616,-5.768018188707844,30.146153846153837,1.45916813122437,METEOSWISS_SMN_DAILY_SELECTED,06:00_UTC_to_06:00_UTC_next_day,Adelboden,1321.0,46.491703,7.560703
ABO,2013-03-01,31,31,31,31,31,0,0.1774193548387097,-3.196774193548387,4.041935483870968,26,52.4,11,31,1.0,1.0,1.0,1.0,0.8387096774193549,0.3548387096774194,True,3,13,2.757320099255583,79.56153846153846,-2.5799007444168733,-27.161538461538463,0.6586096877114956,METEOSWISS_SMN_DAILY_SELECTED,06:00_UTC_to_06:00_UTC_next_day,Adelboden,1321.0,46.491703,7.560703
ABO,2013-04-01,30,30,30,30,30,0,5.15,1.0066666666666666,9.706666666666667,15,98.09999999999998,9,30,1.0,1.0,1.0,1.0,0.5,0.3,True,4,13,5.894615384615384,84.09230769230768,-0.7446153846153836,14.007692307692295,1.166575192096597,METEOSWISS_SMN_DAILY_SELECTED,06:00_UTC_to_06:00_UTC_next_day,Adelboden,1321.0,46.491703,7.560703
ABO,2013-05-01,31,31,31,31,31,0,6.170967741935484,2.4967741935483874,10.496774193548386,9,180.20000000000005,18,31,1.0,1.0,1.0,1.0,0.2903225806451613,0.5806451612903226,True,5,13,8.869727047146402,150.30769230769232,-2.698759305210918,29.892307692307725,1.1988741044012285,METEOSWISS_SMN_DAILY_SELECTED,06:00_UTC_to_06:00_UTC_next_day,Adelboden,1321.0,46.491703,7.560703
ABO,2013-06-01,30,30,30,30,30,0,11.65,7.5233333333333325,16.136666666666667,0,106.30000000000001,12,30,1.0,1.0,1.0,1.0,0.0,0.4,True,6,13,14.091025641025642,129.7,-2.4410256410256412,-23.399999999999977,0.8195836545875098,METEOSWISS_SMN_DAILY_SELECTED,06:00_UTC_to_06:00_UTC_next_day,Adelboden,1321.0,46.491703,7.560703
ABO,2013-07-01,31,31,31,31,31,0,15.948387096774193,11.251612903225807,21.05806451612903,0,104.10000000000001,9,31,1.0,1.0,1.0,1.0,0.0,0.2903225806451613,True,7,13,15.654342431761787,163.97692307692307,0.29404466501240556,-59.87692307692306,0.6348454285312193,METEOSWISS_SMN_DAILY_SELECTED,06:00_UTC_to_06:00_UTC_next_day,Adelboden,1321.0,46.491703,7.560703
ABO,2013-08-01,31,31,31,31,31,0,14.212903225806452,9.72258064516129,19.0258064516129,0,90.8,10,31,1.0,1.0,1.0,1.0,0.0,0.3225806451612903,True,8,13,15.133746898263029,137.8,-0.9208436724565772,-47.000000000000014,0.6589259796806965,METEOSWISS_SMN_DAILY_SELECTED,06:00_UTC_to_06:00_UTC_next_day,Adelboden,1321.0,46.491703,7.560703
ABO,2013-09-01,30,30,30,30,30,0,11.57,7.713333333333334,16.02,0,124.00000000000001,12,30,1.0,1.0,1.0,1.0,0.0,0.4,True,9,13,11.504102564102565,99.9923076923077,0.06589743589743513,24.00769230769231,1.2400953919532272,METEOSWISS_SMN_DAILY_SELECTED,06:00_UTC_to_06:00_UTC_next_day,Adelboden,1321.0,46.491703,7.560703
ABO,2013-10-01,31,31,31,31,31,0,8.974193548387097,5.535483870967742,13.3,4,94.7,12,31,1.0,1.0,1.0,1.0,0.12903225806451613,0.3870967741935484,True,10,13,8.503225806451614,87.63076923076923,0.47096774193548363,7.069230769230771,1.0806706460674158,METEOSWISS_SMN_DAILY_SELECTED,06:00_UTC_to_06:00_UTC_next_day,Adelboden,1321.0,46.491703,7.560703
ABO,2013-11-01,30,30,30,30,30,0,0.44,-2.646666666666667,3.6599999999999997,20,133.1,15,30,1.0,1.0,1.0,1.0,0.6666666666666666,0.5,True,11,13,3.291794871794872,90.35384615384615,-2.8517948717948722,42.746153846153845,1.4730972245870935,METEOSWISS_SMN_DAILY_SELECTED,06:00_UTC_to_06:00_UTC_next_day,Adelboden,1321.0,46.491703,7.560703
ABO,2013-12-01,31,31,31,31,31,0,1.164516129032258,-2.370967741935484,5.161290322580645,23,45.4,4,31,1.0,1.0,1.0,1.0,0.7419354838709677,0.12903225806451613,True,12,13,1.4205955334987594,103.36923076923077,-0.25607940446650135,-57.96923076923077,0.43920226224140496,METEOSWISS_SMN_DAILY_SELECTED,06:00_UTC_to_06:00_UTC_next_day,Adelboden,1321.0,46.491703,7.560703
ABO,2014-01-01,31,31,31,31,31,0,0.46774193548387094,-3.0870967741935487,4.270967741935484,25,72.9,12,31,1.0,1.0,1.0,1.0,0.8064516129032258,0.3870967741935484,True,1,13,-0.5900744416873449,99.11538461538461,1.057816377171216,-26.215384615384608,0.7355064027939465,METEOSWISS_SMN_DAILY_SELECTED,06:00_UTC_to_06:00_UTC_next_day,Adelboden,1321.0,46.491703,7.560703
ABO,2014-02-01,28,28,28,28,28,0,0.27499999999999997,-3.085714285714286,4.582142857142857,28,86.80000000000001,15,28,1.0,1.0,1.0,1.0,1.0,0.5357142857142857,True,2,13,0.35730390299355813,65.65384615384616,-0.08230390299355816,21.14615384615385,1.3220855301698888,METEOSWISS_SMN_DAILY_SELECTED,06:00_UTC_to_06:00_UTC_next_day,Adelboden,1321.0,46.491703,7.560703
ABO,2014-03-01,31,31,31,31,31,0,3.103225806451613,-0.8967741935483872,7.858064516129032,15,38.8,6,31,1.0,1.0,1.0,1.0,0.4838709677419355,0.1935483870967742,True,3,13,2.757320099255583,79.56153846153846,0.3459057071960303,-40.761538461538464,0.4876728221985884,METEOSWISS_SMN_DAILY_SELECTED,06:00_UTC_to_06:00_UTC_next_day,Adelboden,1321.0,46.491703,7.560703
ABO,2014-04-01,30,30,30,30,30,0,6.3,2.106666666666667,10.95,9,123.2,12,30,1.0,1.0,1.0,1.0,0.3,0.4,True,4,13,5.894615384615384,84.09230769230768,0.4053846153846159,39.10769230769232,1.4650567142334432,METEOSWISS_SMN_DAILY_SELECTED,06:00_UTC_to_06:00_UTC_next_day,Adelboden,1321.0,46.491703,7.560703
ABO,2014-05-01,31,31,31,31,31,0,7.861290322580645,3.4419354838709677,12.203225806451613,6,142.09999999999997,16,31,1.0,1.0,1.0,1.0,0.1935483870967742,0.5161290322580645,True,5,13,8.869727047146402,150.30769230769232,-1.0084367245657564,-8.207692307692355,0.9453940634595698,METEOSWISS_SMN_DAILY_SELECTED,06:00_UTC_to_06:00_UTC_next_day,Adelboden,1321.0,46.491703,7.560703
ABO,2014-06-01,30,30,30,30,30,0,13.226666666666667,8.610000000000001,18.173333333333336,0,83.7,16,30,1.0,1.0,1.0,1.0,0.0,0.5333333333333333,True,6,13,14.091025641025642,129.7,-0.864358974358975,-45.999999999999986,0.6453353893600617,METEOSWISS_SMN_DAILY_SELECTED,06:00_UTC_to_06:00_UTC_next_day,Adelboden,1321.0,46.491703,7.560703
ABO,2014-07-01,31,31,31,31,31,0,13.370967741935484,9.658064516129032,17.42258064516129,0,260.50000000000006,19,31,1.0,1.0,1.0,1.0,0.0,0.6129032258064516,True,7,13,15.654342431761787,163.97692307692307,-2.283374689826303,96.52307692307699,1.5886381761035797,METEOSWISS_SMN_DAILY_SELECTED,06:00_UTC_to_06:00_UTC_next_day,Adelboden,1321.0,46.491703,7.560703
ABO,2014-08-01,31,31,31,31,31,0,12.100000000000001,8.293548387096775,16.848387096774193,0,157.50000000000003,20,31,1.0,1.0,1.0,1.0,0.0,0.6451612903225806,True,8,13,15.133746898263029,137.8,-3.0337468982630273,19.700000000000017,1.1429608127721336,METEOSWISS_SMN_DAILY_SELECTED,06:00_UTC_to_06:00_UTC_next_day,Adelboden,1321.0,46.491703,7.560703
ABO,2014-09-01,30,30,30,30,30,0,11.483333333333333,7.613333333333333,16.12,0,62.2,9,30,1.0,1.0,1.0,1.0,0.0,0.3,True,9,13,11.504102564102565,99.9923076923077,-0.02076923076923265,-37.7923076923077,0.6220478498346026,METEOSWISS_SMN_DAILY_SELECTED,06:00_UTC_to_06:00_UTC_next_day,Adelboden,1321.0,46.491703,7.560703
ABO,2014-10-01,31,31,31,31,31,0,9.619354838709677,5.458064516129032,14.441935483870967,3,87.1,10,31,1.0,1.0,1.0,1.0,0.0967741935483871,0.3225806451612903,True,10,13,8.503225806451614,87.63076923076923,1.1161290322580637,-0.5307692307692378,0.993943117977528,METEOSWISS_SMN_DAILY_SELECTED,06:00_UTC_to_06:00_UTC_next_day,Adelboden,1321.0,46.491703,7.560703
ABO,2014-11-01,30,30,30,30,30,0,5.9399999999999995,2.61,10.1,8,78.2,6,30,1.0,1.0,1.0,1.0,0.26666666666666666,0.2,True,11,13,3.291794871794872,90.35384615384615,2.6482051282051273,-12.153846153846146,0.8654861229354675,METEOSWISS_SMN_DAILY_SELECTED,06:00_UTC_to_06:00_UTC_next_day,Adelboden,1321.0,46.491703,7.560703
ABO,2014-12-01,31,31,31,31,31,0,0.4258064516129032,-3.193548387096774,3.7580645161290325,26,58.5,10,31,1.0,1.0,1.0,1.0,0.8387096774193549,0.3225806451612903,True,12,13,1.4205955334987594,103.36923076923077,-0.9947890818858562,-44.86923076923077,0.5659324304211937,METEOSWISS_SMN_DAILY_SELECTED,06:00_UTC_to_06:00_UTC_next_day,Adelboden,1321.0,46.491703,7.560703
ABO,2015-01-01,31,31,31,31,31,0,-0.5129032258064515,-4.393548387096774,3.5580645161290323,28,107.10000000000001,14,31,1.0,1.0,1.0,1.0,0.9032258064516129,0.45161290322580644,True,1,13,-0.5900744416873449,99.11538461538461,0.07717121588089337,7.984615384615395,1.080558789289872,METEOSWISS_SMN_DAILY_SELECTED,06:00_UTC_to_06:00_UTC_next_day,Adelboden,1321.0,46.491703,7.560703
ABO,2015-02-01,28,28,28,28,28,0,-2.817857142857143,-6.221428571428571,1.2,28,36.1,6,28,1.0,1.0,1.0,1.0,1.0,0.21428571428571427,True,2,13,0.35730390299355813,65.65384615384616,-3.175161045850701,-29.55384615384616,0.5498535442296426,METEOSWISS_SMN_DAILY_SELECTED,06:00_UTC_to_06:00_UTC_next_day,Adelboden,1321.0,46.491703,7.560703
ABO,2015-03-01,31,31,31,31,31,0,2.6258064516129034,-1.4161290322580644,7.048387096774194,19,139.79999999999998,10,31,1.0,1.0,1.0,1.0,0.6129032258064516,0.3225806451612903,True,3,13,2.757320099255583,79.56153846153846,-0.13151364764267948,60.23846153846152,1.757130426375326,METEOSWISS_SMN_DAILY_SELECTED,06:00_UTC_to_06:00_UTC_next_day,Adelboden,1321.0,46.491703,7.560703
ABO,2015-04-01,30,30,30,30,30,0,5.903333333333333,1.2066666666666668,10.916666666666666,11,80.49999999999999,10,30,1.0,1.0,1.0,1.0,0.36666666666666664,0.3333333333333333,True,4,13,5.894615384615384,84.09230769230768,0.008717948717949398,-3.592307692307699,0.9572813757775338,METEOSWISS_SMN_DAILY_SELECTED,06:00_UTC_to_06:00_UTC_next_day,Adelboden,1321.0,46.491703,7.560703
ABO,2015-05-01,31,31,31,31,31,0,9.59032258064516,4.95483870967742,14.187096774193549,3,250.9,15,31,1.0,1.0,1.0,1.0,0.0967741935483871,0.4838709677419355,True,5,13,8.869727047146402,150.30769230769232,0.7205955334987593,100.59230769230768,1.6692425793244625,METEOSWISS_SMN_DAILY_SELECTED,06:00_UTC_to_06:00_UTC_next_day,Adelboden,1321.0,46.491703,7.560703
ABO,2015-06-01,30,30,30,30,30,0,13.926666666666668,9.323333333333332,18.886666666666667,0,138.7,13,30,1.0,1.0,1.0,1.0,0.0,0.43333333333333335,True,6,13,14.091025641025642,129.7,-0.16435897435897395,9.0,1.0693909020817272,METEOSWISS_SMN_DAILY_SELECTED,06:00_UTC_to_06:00_UTC_next_day,Adelboden,1321.0,46.491703,7.560703
ABO,2015-07-01,31,31,31,31,31,0,17.864516129032257,12.62258064516129,23.151612903225807,0,127.7,9,31,1.0,1.0,1.0,1.0,0.0,0.2903225806451613,True,7,13,15.654342431761787,163.97692307692307,2.21017369727047,-36.27692307692307,0.7787681193413708,METEOSWISS_SMN_DAILY_SELECTED,06:00_UTC_to_06:00_UTC_next_day,Adelboden,1321.0,46.491703,7.560703
ABO,2015-08-01,31,31,31,31,31,0,15.5,11.429032258064517,20.17096774193548,0,120.70000000000002,11,31,1.0,1.0,1.0,1.0,0.0,0.3548387096774194,True,8,13,15.133746898263029,137.8,0.36625310173697123,-17.099999999999994,0.8759071117561684,METEOSWISS_SMN_DAILY_SELECTED,06:00_UTC_to_06:00_UTC_next_day,Adelboden,1321.0,46.491703,7.560703
ABO,2015-09-01,30,30,30,30,30,0,9.203333333333335,5.506666666666666,13.836666666666668,0,93.0,10,30,1.0,1.0,1.0,1.0,0.0,0.3333333333333333,True,9,13,11.504102564102565,99.9923076923077,-2.3007692307692302,-6.992307692307705,0.9300715439649203,METEOSWISS_SMN_DAILY_SELECTED,06:00_UTC_to_06:00_UTC_next_day,Adelboden,1321.0,46.491703,7.560703
ABO,2015-10-01,31,31,31,31,31,0,6.199999999999999,2.829032258064516,10.425806451612903,8,67.89999999999999,9,31,1.0,1.0,1.0,1.0,0.25806451612903225,0.2903225806451613,True,10,13,8.503225806451614,87.63076923076923,-2.3032258064516142,-19.73076923076924,0.7748419943820224,METEOSWISS_SMN_DAILY_SELECTED,06:00_UTC_to_06:00_UTC_next_day,Adelboden,1321.0,46.491703,7.560703
ABO,2015-11-01,30,30,30,30,30,0,5.4,1.32,9.76,9,107.0,10,30,1.0,1.0,1.0,1.0,0.3,0.3333333333333333,True,11,13,3.291794871794872,90.35384615384615,2.108205128205128,16.64615384615385,1.1842329303592714,METEOSWISS_SMN_DAILY_SELECTED,06:00_UTC_to_06:00_UTC_next_day,Adelboden,1321.0,46.491703,7.560703
ABO,2015-12-01,31,31,31,31,31,0,4.203225806451614,1.0612903225806452,8.09032258064516,8,9.6,4,31,1.0,1.0,1.0,1.0,0.25806451612903225,0.12903225806451613,True,12,13,1.4205955334987594,103.36923076923077,2.7826302729528543,-93.76923076923077,0.09287096294091382,METEOSWISS_SMN_DAILY_SELECTED,06:00_UTC_to_06:00_UTC_next_day,Adelboden,1321.0,46.491703,7.560703
ABO,2016-01-01,31,31,31,31,31,0,0.36129032258064514,-2.9838709677419355,3.925806451612903,24,137.20000000000002,17,31,1.0,1.0,1.0,1.0,0.7741935483870968,0.5483870967741935,True,1,13,-0.5900744416873449,99.11538461538461,0.9513647642679901,38.084615384615404,1.384245246410555,METEOSWISS_SMN_DAILY_SELECTED,06:00_UTC_to_06:00_UTC_next_day,Adelboden,1321.0,46.491703,7.560703
ABO,2016-02-01,29,29,29,29,29,0,0.6379310344827587,-3.3379310344827586,4.606896551724137,23,117.70000000000002,18,29,1.0,1.0,1.0,1.0,0.7931034482758621,0.6206896551724138,True,2,13,0.35730390299355813,65.65384615384616,0.28062713148920054,52.04615384615386,1.7927357937902755,METEOSWISS_SMN_DAILY_SELECTED,06:00_UTC_to_06:00_UTC_next_day,Adelboden,1321.0,46.491703,7.560703
ABO,2016-03-01,31,31,31,31,31,0,0.8935483870967742,-3.116129032258064,5.467741935483871,28,38.4,9,31,1.0,1.0,1.0,1.0,0.9032258064516129,0.2903225806451613,True,3,13,2.757320099255583,79.56153846153846,-1.8637717121588087,-41.16153846153846,0.48264526733056173,METEOSWISS_SMN_DAILY_SELECTED,06:00_UTC_to_06:00_UTC_next_day,Adelboden,1321.0,46.491703,7.560703
ABO,2016-04-01,30,30,30,30,30,0,5.066666666666666,0.83,9.729999999999999,14,121.19999999999999,13,30,1.0,1.0,1.0,1.0,0.4666666666666667,0.43333333333333335,True,4,13,5.894615384615384,84.09230769230768,-0.8279487179487175,37.107692307692304,1.4412733260153676,METEOSWISS_SMN_DAILY_SELECTED,06:00_UTC_to_06:00_UTC_next_day,Adelboden,1321.0,46.491703,7.560703
ABO,2016-05-01,31,31,31,31,31,0,8.1,3.806451612903226,12.774193548387096,5,180.49999999999997,13,31,1.0,1.0,1.0,1.0,0.16129032258064516,0.41935483870967744,True,5,13,8.869727047146402,150.30769230769232,-0.7697270471464019,30.19230769230765,1.2008700102354142,METEOSWISS_SMN_DAILY_SELECTED,06:00_UTC_to_06:00_UTC_next_day,Adelboden,1321.0,46.491703,7.560703
ABO,2016-06-01,30,30,30,30,30,0,12.026666666666667,8.043333333333333,16.653333333333332,0,153.2,19,30,1.0,1.0,1.0,1.0,0.0,0.6333333333333333,True,6,13,14.091025641025642,129.7,-2.0643589743589743,23.5,1.1811873554356207,METEOSWISS_SMN_DAILY_SELECTED,06:00_UTC_to_06:00_UTC_next_day,Adelboden,1321.0,46.491703,7.560703
ABO,2016-07-01,31,31,31,31,31,0,15.058064516129033,10.30967741935484,20.019354838709678,0,188.39999999999995,15,31,1.0,1.0,1.0,1.0,0.0,0.4838709677419355,True,7,13,15.654342431761787,163.97692307692307,-0.5962779156327542,24.423076923076877,1.1489421588403619,METEOSWISS_SMN_DAILY_SELECTED,06:00_UTC_to_06:00_UTC_next_day,Adelboden,1321.0,46.491703,7.560703
ABO,2016-08-01,31,31,31,31,31,0,14.912903225806453,10.529032258064515,19.870967741935484,0,101.10000000000001,9,31,1.0,1.0,1.0,1.0,0.0,0.2903225806451613,True,8,13,15.133746898263029,137.8,-0.2208436724565761,-36.7,0.7336719883889695,METEOSWISS_SMN_DAILY_SELECTED,06:00_UTC_to_06:00_UTC_next_day,Adelboden,1321.0,46.491703,7.560703
ABO,2016-09-01,30,30,30,30,30,0,12.67,8.95,17.21333333333333,0,91.7,8,30,1.0,1.0,1.0,1.0,0.0,0.26666666666666666,True,9,13,11.504102564102565,99.9923076923077,1.1658974358974348,-8.292307692307702,0.9170705438879913,METEOSWISS_SMN_DAILY_SELECTED,06:00_UTC_to_06:00_UTC_next_day,Adelboden,1321.0,46.491703,7.560703
ABO,2016-10-01,31,31,31,31,31,0,5.82258064516129,2.5548387096774197,10.40967741935484,7,71.2,8,31,1.0,1.0,1.0,1.0,0.22580645161290322,0.25806451612903225,True,10,13,8.503225806451614,87.63076923076923,-2.6806451612903235,-16.43076923076923,0.8125,METEOSWISS_SMN_DAILY_SELECTED,06:00_UTC_to_06:00_UTC_next_day,Adelboden,1321.0,46.491703,7.560703
ABO,2016-11-01,30,30,30,30,30,0,3.3333333333333335,-0.45,6.986666666666666,16,79.7,10,30,1.0,1.0,1.0,1.0,0.5333333333333333,0.3333333333333333,True,11,13,3.291794871794872,90.35384615384615,0.0415384615384613,-10.653846153846146,0.8820875191554572,METEOSWISS_SMN_DAILY_SELECTED,06:00_UTC_to_06:00_UTC_next_day,Adelboden,1321.0,46.491703,7.560703
ABO,2016-12-01,31,31,31,31,31,0,2.603225806451613,-0.7129032258064517,7.509677419354839,23,0.7999999999999999,0,31,1.0,1.0,1.0,1.0,0.7419354838709677,0.0,True,12,13,1.4205955334987594,103.36923076923077,1.1826302729528537,-102.56923076923077,0.007739246911742818,METEOSWISS_SMN_DAILY_SELECTED,06:00_UTC_to_06:00_UTC_next_day,Adelboden,1321.0,46.491703,7.560703
ABO,2017-01-01,31,31,31,31,31,0,-3.9225806451612906,-7.816129032258065,0.09032258064516126,30,63.9,12,31,1.0,1.0,1.0,1.0,0.967741935483871,0.3870967741935484,True,1,13,-0.5900744416873449,99.11538461538461,-3.3325062034739457,-35.215384615384615,0.6447031431897555,METEOSWISS_SMN_DAILY_SELECTED,06:00_UTC_to_06:00_UTC_next_day,Adelboden,1321.0,46.491703,7.560703
ABO,2017-02-01,28,28,28,28,28,0,1.6535714285714285,-1.9821428571428572,6.0928571428571425,21,63.0,10,28,1.0,1.0,1.0,1.0,0.75,0.35714285714285715,True,2,13,0.35730390299355813,65.65384615384616,1.2962675255778704,-2.6538461538461604,0.9595782073813708,METEOSWISS_SMN_DAILY_SELECTED,06:00_UTC_to_06:00_UTC_next_day,Adelboden,1321.0,46.491703,7.560703
ABO,2017-03-01,31,31,31,31,31,0,5.251612903225807,0.8387096774193549,10.23225806451613,10,94.1,10,31,1.0,1.0,1.0,1.0,0.3225806451612903,0.3225806451612903,True,3,13,2.757320099255583,79.56153846153846,2.494292803970224,14.538461538461533,1.1827322827032776,METEOSWISS_SMN_DAILY_SELECTED,06:00_UTC_to_06:00_UTC_next_day,Adelboden,1321.0,46.491703,7.560703
ABO,2017-04-01,30,30,30,30,30,0,4.58,0.20333333333333334,9.416666666666666,12,89.69999999999999,14,30,1.0,1.0,1.0,1.0,0.4,0.4666666666666667,True,4,13,5.894615384615384,84.09230769230768,-1.3146153846153839,5.607692307692304,1.0666849615806806,METEOSWISS_SMN_DAILY_SELECTED,06:00_UTC_to_06:00_UTC_next_day,Adelboden,1321.0,46.491703,7.560703
ABO,2017-05-01,31,31,31,31,31,0,9.964516129032257,5.232258064516128,15.245161290322581,4,137.0,15,31,1.0,1.0,1.0,1.0,0.12903225806451613,0.4838709677419355,True,5,13,8.869727047146402,150.30769230769232,1.094789081885855,-13.30769230769232,0.9114636642784032,METEOSWISS_SMN_DAILY_SELECTED,06:00_UTC_to_06:00_UTC_next_day,Adelboden,1321.0,46.491703,7.560703
ABO,2017-06-01,30,30,30,30,30,0,15.346666666666666,10.506666666666666,20.383333333333333,0,136.2,15,30,1.0,1.0,1.0,1.0,0.0,0.5,True,6,13,14.091025641025642,129.7,1.2556410256410242,6.5,1.0501156515034695,METEOSWISS_SMN_DAILY_SELECTED,06:00_UTC_to_06:00_UTC_next_day,Adelboden,1321.0,46.491703,7.560703
ABO,2017-07-01,31,31,31,31,31,0,15.22258064516129,10.838709677419354,20.125806451612902,0,190.6,15,31,1.0,1.0,1.0,1.0,0.0,0.4838709677419355,True,7,13,15.654342431761787,163.97692307692307,-0.4317617866004966,26.623076923076923,1.1623586808650372,METEOSWISS_SMN_DAILY_SELECTED,06:00_UTC_to_06:00_UTC_next_day,Adelboden,1321.0,46.491703,7.560703
ABO,2017-08-01,31,31,31,31,31,0,15.625806451612902,11.19032258064516,20.73548387096774,0,181.4,12,31,1.0,1.0,1.0,1.0,0.0,0.3870967741935484,True,8,13,15.133746898263029,137.8,0.4920595533498737,43.599999999999994,1.316400580551524,METEOSWISS_SMN_DAILY_SELECTED,06:00_UTC_to_06:00_UTC_next_day,Adelboden,1321.0,46.491703,7.560703
ABO,2017-09-01,30,30,30,30,30,0,9.096666666666666,5.1899999999999995,13.576666666666666,0,75.30000000000001,11,30,1.0,1.0,1.0,1.0,0.0,0.36666666666666664,True,9,13,11.504102564102565,99.9923076923077,-2.4074358974358994,-24.692307692307693,0.7530579275328871,METEOSWISS_SMN_DAILY_SELECTED,06:00_UTC_to_06:00_UTC_next_day,Adelboden,1321.0,46.491703,7.560703
ABO,2017-10-01,31,31,31,31,31,0,8.493548387096775,4.319354838709677,13.503225806451614,5,75.69999999999999,9,31,1.0,1.0,1.0,1.0,0.16129032258064516,0.2903225806451613,True,10,13,8.503225806451614,87.63076923076923,-0.00967741935483879,-11.930769230769243,0.8638518258426965,METEOSWISS_SMN_DAILY_SELECTED,06:00_UTC_to_06:00_UTC_next_day,Adelboden,1321.0,46.491703,7.560703
ABO,2017-11-01,30,30,30,30,30,0,1.2066666666666668,-2.0933333333333333,4.943333333333333,21,98.89999999999999,9,30,1.0,1.0,1.0,1.0,0.7,0.3,True,11,13,3.291794871794872,90.35384615384615,-2.085128205128205,8.546153846153842,1.0945853907713263,METEOSWISS_SMN_DAILY_SELECTED,06:00_UTC_to_06:00_UTC_next_day,Adelboden,1321.0,46.491703,7.560703
ABO,2017-12-01,31,31,31,31,31,0,-1.532258064516129,-5.645161290322581,2.574193548387097,27,146.9,17,31,1.0,1.0,1.0,1.0,0.8709677419354839,0.5483870967741935,True,12,13,1.4205955334987594,103.36923076923077,-2.9528535980148884,43.53076923076924,1.4211192141687752,METEOSWISS_SMN_DAILY_SELECTED,06:00_UTC_to_06:00_UTC_next_day,Adelboden,1321.0,46.491703,7.560703
ABO,2018-01-01,31,31,31,31,31,0,2.0870967741935487,-1.0838709677419356,5.887096774193548,22,285.9,12,31,1.0,1.0,1.0,1.0,0.7096774193548387,0.3870967741935484,True,1,13,-0.5900744416873449,99.11538461538461,2.6771712158808936,186.78461538461536,2.8845168800931313,METEOSWISS_SMN_DAILY_SELECTED,06:00_UTC_to_06:00_UTC_next_day,Adelboden,1321.0,46.491703,7.560703
ABO,2018-02-01,28,28,28,28,28,0,-5.035714285714286,-8.610714285714286,-1.425,27,49.9,7,28,1.0,1.0,1.0,1.0,0.9642857142857143,0.25,True,2,13,0.35730390299355813,65.65384615384616,-5.393018188707844,-15.753846153846162,0.7600468658465143,METEOSWISS_SMN_DAILY_SELECTED,06:00_UTC_to_06:00_UTC_next_day,Adelboden,1321.0,46.491703,7.560703
ABO,2018-03-01,31,31,31,31,31,0,0.8677419354838709,-2.729032258064516,5.212903225806452,25,74.4,18,31,1.0,1.0,1.0,1.0,0.8064516129032258,0.5806451612903226,True,3,13,2.757320099255583,79.56153846153846,-1.889578163771712,-5.161538461538456,0.9351252054529634,METEOSWISS_SMN_DAILY_SELECTED,06:00_UTC_to_06:00_UTC_next_day,Adelboden,1321.0,46.491703,7.560703
ABO,2018-04-01,30,30,30,30,30,0,9.023333333333333,3.3833333333333333,14.576666666666666,5,28.2,5,30,1.0,1.0,1.0,1.0,0.16666666666666666,0.16666666666666666,True,4,13,5.894615384615384,84.09230769230768,3.1287179487179495,-55.89230769230768,0.3353457738748628,METEOSWISS_SMN_DAILY_SELECTED,06:00_UTC_to_06:00_UTC_next_day,Adelboden,1321.0,46.491703,7.560703
ABO,2018-05-01,31,31,31,31,31,0,10.474193548387097,6.096774193548387,15.490322580645161,0,106.00000000000001,17,31,1.0,1.0,1.0,1.0,0.0,0.5483870967741935,True,5,13,8.869727047146402,150.30769230769232,1.6044665012406956,-44.30769230769231,0.7052200614124873,METEOSWISS_SMN_DAILY_SELECTED,06:00_UTC_to_06:00_UTC_next_day,Adelboden,1321.0,46.491703,7.560703
ABO,2018-06-01,30,30,30,30,30,0,14.01,9.156666666666666,18.89333333333333,0,45.2,6,30,1.0,1.0,1.0,1.0,0.0,0.2,True,6,13,14.091025641025642,129.7,-0.0810256410256418,-84.49999999999999,0.348496530454896,METEOSWISS_SMN_DAILY_SELECTED,06:00_UTC_to_06:00_UTC_next_day,Adelboden,1321.0,46.491703,7.560703
ABO,2018-07-01,31,31,31,31,31,0,16.20967741935484,11.493548387096775,21.296774193548387,0,123.3,12,31,1.0,1.0,1.0,1.0,0.0,0.3870967741935484,True,7,13,15.654342431761787,163.97692307692307,0.5553349875930529,-40.676923076923075,0.7519350752920204,METEOSWISS_SMN_DAILY_SELECTED,06:00_UTC_to_06:00_UTC_next_day,Adelboden,1321.0,46.491703,7.560703
ABO,2018-08-01,31,31,31,31,31,0,15.44516129032258,11.116129032258065,20.612903225806452,0,118.7,14,31,1.0,1.0,1.0,1.0,0.0,0.45161290322580644,True,8,13,15.133746898263029,137.8,0.311414392059552,-19.10000000000001,0.8613933236574746,METEOSWISS_SMN_DAILY_SELECTED,06:00_UTC_to_06:00_UTC_next_day,Adelboden,1321.0,46.491703,7.560703
ABO,2018-09-01,30,30,30,30,30,0,12.81,8.526666666666667,17.790000000000003,0,85.10000000000001,7,30,1.0,1.0,1.0,1.0,0.0,0.23333333333333334,True,9,13,11.504102564102565,99.9923076923077,1.3058974358974353,-14.892307692307696,0.8510654665743519,METEOSWISS_SMN_DAILY_SELECTED,06:00_UTC_to_06:00_UTC_next_day,Adelboden,1321.0,46.491703,7.560703
ABO,2018-10-01,31,31,31,31,31,0,8.72258064516129,4.803225806451613,13.8,5,57.8,5,31,1.0,1.0,1.0,1.0,0.16129032258064516,0.16129032258064516,True,10,13,8.503225806451614,87.63076923076923,0.21935483870967687,-29.830769230769235,0.6595856741573033,METEOSWISS_SMN_DAILY_SELECTED,06:00_UTC_to_06:00_UTC_next_day,Adelboden,1321.0,46.491703,7.560703
ABO,2018-11-01,30,30,30,30,30,0,3.65,0.5333333333333333,7.7733333333333325,14,12.399999999999999,4,30,1.0,1.0,1.0,1.0,0.4666666666666667,0.13333333333333333,True,11,13,3.291794871794872,90.35384615384615,0.35820512820512773,-77.95384615384614,0.13723820875191553,METEOSWISS_SMN_DAILY_SELECTED,06:00_UTC_to_06:00_UTC_next_day,Adelboden,1321.0,46.491703,7.560703
ABO,2018-12-01,31,31,31,31,31,0,0.9516129032258065,-2.4548387096774196,4.445161290322581,22,257.59999999999997,16,31,1.0,1.0,1.0,1.0,0.7096774193548387,0.5161290322580645,True,12,13,1.4205955334987594,103.36923076923077,-0.46898263027295295,154.2307692307692,2.4920375055811874,METEOSWISS_SMN_DAILY_SELECTED,06:00_UTC_to_06:00_UTC_next_day,Adelboden,1321.0,46.491703,7.560703
ABO,2019-01-01,31,31,31,31,31,0,-4.012903225806451,-7.316129032258065,-0.3548387096774193,31,84.3,12,31,1.0,1.0,1.0,1.0,1.0,0.3870967741935484,True,1,13,-0.5900744416873449,99.11538461538461,-3.4228287841191065,-14.815384615384616,0.8505238649592549,METEOSWISS_SMN_DAILY_SELECTED,06:00_UTC_to_06:00_UTC_next_day,Adelboden,1321.0,46.491703,7.560703
ABO,2019-02-01,28,28,28,28,28,0,2.0714285714285716,-2.0714285714285716,7.046428571428572,20,48.099999999999994,6,28,1.0,1.0,1.0,1.0,0.7142857142857143,0.21428571428571427,True,2,13,0.35730390299355813,65.65384615384616,1.7141246684350135,-17.553846153846166,0.7326303456356179,METEOSWISS_SMN_DAILY_SELECTED,06:00_UTC_to_06:00_UTC_next_day,Adelboden,1321.0,46.491703,7.560703
ABO,2019-03-01,31,31,31,31,31,0,3.2,-1.3806451612903226,8.24516129032258,20,91.39999999999999,12,31,1.0,1.0,1.0,1.0,0.6451612903225806,0.3870967741935484,True,3,13,2.757320099255583,79.56153846153846,0.4426799007444173,11.83846153846153,1.1487962873440973,METEOSWISS_SMN_DAILY_SELECTED,06:00_UTC_to_06:00_UTC_next_day,Adelboden,1321.0,46.491703,7.560703
ABO,2019-04-01,30,30,30,30,30,0,5.15,0.7933333333333332,9.806666666666667,12,64.49999999999999,8,30,1.0,1.0,1.0,1.0,0.4,0.26666666666666666,True,4,13,5.894615384615384,84.09230769230768,-0.7446153846153836,-19.5923076923077,0.7670142700329308,METEOSWISS_SMN_DAILY_SELECTED,06:00_UTC_to_06:00_UTC_next_day,Adelboden,1321.0,46.491703,7.560703
ABO,2019-05-01,31,31,31,31,31,0,6.170967741935484,2.103225806451613,10.441935483870967,8,141.3,16,31,1.0,1.0,1.0,1.0,0.25806451612903225,0.5161290322580645,True,5,13,8.869727047146402,150.30769230769232,-2.698759305210918,-9.00769230769231,0.94007164790174,METEOSWISS_SMN_DAILY_SELECTED,06:00_UTC_to_06:00_UTC_next_day,Adelboden,1321.0,46.491703,7.560703
ABO,2019-06-01,30,30,30,30,30,0,15.406666666666666,9.92,20.790000000000003,0,125.60000000000001,12,30,1.0,1.0,1.0,1.0,0.0,0.4,True,6,13,14.091025641025642,129.7,1.3156410256410247,-4.09999999999998,0.9683885890516578,METEOSWISS_SMN_DAILY_SELECTED,06:00_UTC_to_06:00_UTC_next_day,Adelboden,1321.0,46.491703,7.560703
ABO,2019-07-01,31,31,31,31,31,0,16.296774193548387,11.603225806451613,20.983870967741936,0,155.79999999999998,12,31,1.0,1.0,1.0,1.0,0.0,0.3870967741935484,True,7,13,15.654342431761787,163.97692307692307,0.6424317617866002,-8.176923076923089,0.950133696111085,METEOSWISS_SMN_DAILY_SELECTED,06:00_UTC_to_06:00_UTC_next_day,Adelboden,1321.0,46.491703,7.560703
ABO,2019-08-01,31,31,31,31,31,0,15.274193548387096,10.74516129032258,20.161290322580644,0,171.0,12,31,1.0,1.0,1.0,1.0,0.0,0.3870967741935484,True,8,13,15.133746898263029,137.8,0.14044665012406732,33.19999999999999,1.2409288824383162,METEOSWISS_SMN_DAILY_SELECTED,06:00_UTC_to_06:00_UTC_next_day,Adelboden,1321.0,46.491703,7.560703
ABO,2019-09-01,30,30,30,30,30,0,11.770000000000001,7.593333333333334,16.313333333333333,0,67.9,9,30,1.0,1.0,1.0,1.0,0.0,0.3,True,9,13,11.504102564102565,99.9923076923077,0.2658974358974362,-32.0923076923077,0.6790522347872913,METEOSWISS_SMN_DAILY_SELECTED,06:00_UTC_to_06:00_UTC_next_day,Adelboden,1321.0,46.491703,7.560703
ABO,2019-10-01,31,31,31,31,31,0,9.696774193548388,5.741935483870968,14.48709677419355,0,109.6,13,31,1.0,1.0,1.0,1.0,0.0,0.41935483870967744,True,10,13,8.503225806451614,87.63076923076923,1.193548387096774,21.969230769230762,1.2507022471910112,METEOSWISS_SMN_DAILY_SELECTED,06:00_UTC_to_06:00_UTC_next_day,Adelboden,1321.0,46.491703,7.560703
ABO,2019-11-01,30,30,30,30,30,0,2.0533333333333332,-1.0733333333333335,5.63,19,81.8,13,30,1.0,1.0,1.0,1.0,0.6333333333333333,0.43333333333333335,True,11,13,3.291794871794872,90.35384615384615,-1.238461538461539,-8.553846153846152,0.9053294738634429,METEOSWISS_SMN_DAILY_SELECTED,06:00_UTC_to_06:00_UTC_next_day,Adelboden,1321.0,46.491703,7.560703
ABO,2019-12-01,31,31,31,31,31,0,2.7451612903225806,-1.0774193548387097,6.922580645161291,21,114.40000000000002,13,31,1.0,1.0,1.0,1.0,0.6774193548387096,0.41935483870967744,True,12,13,1.4205955334987594,103.36923076923077,1.3245657568238212,11.030769230769252,1.1067123083792234,METEOSWISS_SMN_DAILY_SELECTED,06:00_UTC_to_06:00_UTC_next_day,Adelboden,1321.0,46.491703,7.560703
ABO,2020-01-01,31,31,31,31,31,0,1.5129032258064516,-1.8161290322580643,5.709677419354839,25,29.3,4,31,1.0,1.0,1.0,1.0,0.8064516129032258,0.12903225806451613,True,1,13,-0.5900744416873449,99.11538461538461,2.1029776674937963,-69.81538461538462,0.2956150562669771,METEOSWISS_SMN_DAILY_SELECTED,06:00_UTC_to_06:00_UTC_next_day,Adelboden,1321.0,46.491703,7.560703
ABO,2020-02-01,29,29,29,29,29,0,3.424137931034483,-1.2724137931034483,8.46896551724138,19,143.80000000000004,13,29,1.0,1.0,1.0,1.0,0.6551724137931034,0.4482758620689655,True,2,13,0.35730390299355813,65.65384615384616,3.0668340280409248,78.14615384615388,2.190275336848272,METEOSWISS_SMN_DAILY_SELECTED,06:00_UTC_to_06:00_UTC_next_day,Adelboden,1321.0,46.491703,7.560703
ABO,2020-03-01,31,31,31,31,31,0,2.429032258064516,-1.7161290322580647,7.106451612903226,22,75.19999999999999,9,31,1.0,1.0,1.0,1.0,0.7096774193548387,0.2903225806451613,True,3,13,2.757320099255583,79.56153846153846,-0.328287841191067,-4.361538461538473,0.9451803151890166,METEOSWISS_SMN_DAILY_SELECTED,06:00_UTC_to_06:00_UTC_next_day,Adelboden,1321.0,46.491703,7.560703
ABO,2020-04-01,30,30,30,30,30,0,8.563333333333333,3.5366666666666666,13.903333333333334,6,50.3,5,30,1.0,1.0,1.0,1.0,0.2,0.16666666666666666,True,4,13,5.894615384615384,84.09230769230768,2.6687179487179487,-33.79230769230769,0.5981522136845957,METEOSWISS_SMN_DAILY_SELECTED,06:00_UTC_to_06:00_UTC_next_day,Adelboden,1321.0,46.491703,7.560703
ABO,2020-05-01,31,31,31,31,31,0,10.364516129032259,5.125806451612903,15.44516129032258,1,89.4,9,31,1.0,1.0,1.0,1.0,0.03225806451612903,0.2903225806451613,True,5,13,8.869727047146402,150.30769230769232,1.4947890818858571,-60.907692307692315,0.5947799385875128,METEOSWISS_SMN_DAILY_SELECTED,06:00_UTC_to_06:00_UTC_next_day,Adelboden,1321.0,46.491703,7.560703
ABO,2020-06-01,30,30,30,30,30,0,12.016666666666667,8.01,16.43,0,171.60000000000002,17,30,1.0,1.0,1.0,1.0,0.0,0.5666666666666667,True,6,13,14.091025641025642,129.7,-2.074358974358974,41.900000000000034,1.3230531996915962,METEOSWISS_SMN_DAILY_SELECTED,06:00_UTC_to_06:00_UTC_next_day,Adelboden,1321.0,46.491703,7.560703
ABO,2020-07-01,31,31,31,31,31,0,15.429032258064517,10.719354838709679,20.34193548387097,0,142.2,9,31,1.0,1.0,1.0,1.0,0.0,0.2903225806451613,True,7,13,15.654342431761787,163.97692307692307,-0.22531017369727024,-21.776923076923083,0.8671951963221841,METEOSWISS_SMN_DAILY_SELECTED,06:00_UTC_to_06:00_UTC_next_day,Adelboden,1321.0,46.491703,7.560703
ABO,2020-08-01,31,31,31,31,31,0,15.080645161290322,10.53225806451613,19.9,0,198.39999999999998,16,31,1.0,1.0,1.0,1.0,0.0,0.5161290322580645,True,8,13,15.133746898263029,137.8,-0.0531017369727067,60.599999999999966,1.4397677793904207,METEOSWISS_SMN_DAILY_SELECTED,06:00_UTC_to_06:00_UTC_next_day,Adelboden,1321.0,46.491703,7.560703
ABO,2020-09-01,30,30,30,30,30,0,12.053333333333335,8.02,16.423333333333332,1,78.9,12,30,1.0,1.0,1.0,1.0,0.03333333333333333,0.4,True,9,13,11.504102564102565,99.9923076923077,0.5492307692307694,-21.0923076923077,0.7890606969766905,METEOSWISS_SMN_DAILY_SELECTED,06:00_UTC_to_06:00_UTC_next_day,Adelboden,1321.0,46.491703,7.560703
ABO,2020-10-01,31,31,31,31,31,0,6.180645161290323,2.835483870967742,10.76774193548387,8,156.9,15,31,1.0,1.0,1.0,1.0,0.25806451612903225,0.4838709677419355,True,10,13,8.503225806451614,87.63076923076923,-2.322580645161291,69.26923076923077,1.7904669943820226,METEOSWISS_SMN_DAILY_SELECTED,06:00_UTC_to_06:00_UTC_next_day,Adelboden,1321.0,46.491703,7.560703
ABO,2020-11-01,30,30,30,30,30,0,4.766666666666667,1.1166666666666667,9.416666666666666,11,32.199999999999996,3,30,1.0,1.0,1.0,1.0,0.36666666666666664,0.1,True,11,13,3.291794871794872,90.35384615384615,1.4748717948717944,-58.15384615384615,0.35637663885578064,METEOSWISS_SMN_DAILY_SELECTED,06:00_UTC_to_06:00_UTC_next_day,Adelboden,1321.0,46.491703,7.560703
ABO,2020-12-01,31,31,31,31,31,0,-0.19032258064516125,-3.335483870967742,3.2483870967741937,24,71.99999999999999,14,31,1.0,1.0,1.0,1.0,0.7741935483870968,0.45161290322580644,True,12,13,1.4205955334987594,103.36923076923077,-1.6109181141439206,-31.369230769230782,0.6965322220568536,METEOSWISS_SMN_DAILY_SELECTED,06:00_UTC_to_06:00_UTC_next_day,Adelboden,1321.0,46.491703,7.560703
ABO,2021-01-01,31,31,31,31,31,0,-2.6903225806451614,-5.809677419354839,0.6903225806451613,28,167.20000000000002,16,31,1.0,1.0,1.0,1.0,0.9032258064516129,0.5161290322580645,True,1,13,-0.5900744416873449,99.11538461538461,-2.1002481389578165,68.0846153846154,1.6869227784245249,METEOSWISS_SMN_DAILY_SELECTED,06:00_UTC_to_06:00_UTC_next_day,Adelboden,1321.0,46.491703,7.560703
ABO,2021-02-01,28,28,28,28,28,0,2.5964285714285715,-1.2142857142857142,7.132142857142857,13,40.4,7,28,1.0,1.0,1.0,1.0,0.4642857142857143,0.25,True,2,13,0.35730390299355813,65.65384615384616,2.2391246684350135,-25.253846153846162,0.6153485647334505,METEOSWISS_SMN_DAILY_SELECTED,06:00_UTC_to_06:00_UTC_next_day,Adelboden,1321.0,46.491703,7.560703
ABO,2021-03-01,31,31,31,31,31,0,1.9096774193548387,-2.141935483870968,6.445161290322581,22,78.5,11,31,1.0,1.0,1.0,1.0,0.7096774193548387,0.3548387096774194,True,3,13,2.757320099255583,79.56153846153846,-0.8476426799007442,-1.0615384615384613,0.9866576428502368,METEOSWISS_SMN_DAILY_SELECTED,06:00_UTC_to_06:00_UTC_next_day,Adelboden,1321.0,46.491703,7.560703
ABO,2021-04-01,30,30,30,30,30,0,3.756666666666667,-0.7133333333333334,8.856666666666666,15,46.0,9,30,1.0,1.0,1.0,1.0,0.5,0.3,True,4,13,5.894615384615384,84.09230769230768,-2.137948717948717,-38.092307692307685,0.5470179290157337,METEOSWISS_SMN_DAILY_SELECTED,06:00_UTC_to_06:00_UTC_next_day,Adelboden,1321.0,46.491703,7.560703
ABO,2021-05-01,31,31,31,31,31,0,6.945161290322581,2.3225806451612905,11.670967741935485,4,177.0,19,31,1.0,1.0,1.0,1.0,0.12903225806451613,0.6129032258064516,True,5,13,8.869727047146402,150.30769230769232,-1.9245657568238208,26.69230769230768,1.1775844421699078,METEOSWISS_SMN_DAILY_SELECTED,06:00_UTC_to_06:00_UTC_next_day,Adelboden,1321.0,46.491703,7.560703
ABO,2021-06-01,30,30,30,30,30,0,14.586666666666668,9.936666666666667,19.896666666666665,0,178.4,17,30,1.0,1.0,1.0,1.0,0.0,0.5666666666666667,True,6,13,14.091025641025642,129.7,0.4956410256410262,48.70000000000002,1.3754818812644567,METEOSWISS_SMN_DAILY_SELECTED,06:00_UTC_to_06:00_UTC_next_day,Adelboden,1321.0,46.491703,7.560703
ABO,2021-07-01,31,31,31,31,31,0,14.238709677419354,10.270967741935483,18.870967741935484,0,332.69999999999993,20,31,1.0,1.0,1.0,1.0,0.0,0.6451612903225806,True,7,13,15.654342431761787,163.97692307692307,-1.4156327543424325,168.72307692307686,2.0289440352770085,METEOSWISS_SMN_DAILY_SELECTED,06:00_UTC_to_06:00_UTC_next_day,Adelboden,1321.0,46.491703,7.560703
ABO,2021-08-01,31,31,31,31,31,0,13.529032258064515,9.8,17.93548387096774,0,113.3,10,31,1.0,1.0,1.0,1.0,0.0,0.3225806451612903,True,8,13,15.133746898263029,137.8,-1.6047146401985142,-24.500000000000014,0.8222060957910013,METEOSWISS_SMN_DAILY_SELECTED,06:00_UTC_to_06:00_UTC_next_day,Adelboden,1321.0,46.491703,7.560703
ABO,2021-09-01,30,30,30,30,30,0,12.493333333333334,8.686666666666667,17.42,0,92.2,12,30,1.0,1.0,1.0,1.0,0.0,0.4,True,9,13,11.504102564102565,99.9923076923077,0.9892307692307689,-7.792307692307702,0.922070928532964,METEOSWISS_SMN_DAILY_SELECTED,06:00_UTC_to_06:00_UTC_next_day,Adelboden,1321.0,46.491703,7.560703
ABO,2021-10-01,31,31,31,31,31,0,7.312903225806451,3.390322580645161,12.264516129032257,3,35.5,7,31,1.0,1.0,1.0,1.0,0.0967741935483871,0.22580645161290322,True,10,13,8.503225806451614,87.63076923076923,-1.1903225806451623,-52.13076923076923,0.40510884831460675,METEOSWISS_SMN_DAILY_SELECTED,06:00_UTC_to_06:00_UTC_next_day,Adelboden,1321.0,46.491703,7.560703
ABO,2021-11-01,30,30,30,30,30,0,1.7733333333333334,-1.3966666666666667,5.756666666666667,21,45.59999999999999,8,30,1.0,1.0,1.0,1.0,0.7,0.26666666666666666,True,11,13,3.291794871794872,90.35384615384615,-1.5184615384615388,-44.75384615384616,0.5046824450876893,METEOSWISS_SMN_DAILY_SELECTED,06:00_UTC_to_06:00_UTC_next_day,Adelboden,1321.0,46.491703,7.560703
ABO,2021-12-01,31,31,31,31,31,0,1.132258064516129,-2.648387096774193,5.148387096774194,22,148.19999999999996,13,31,1.0,1.0,1.0,1.0,0.7096774193548387,0.41935483870967744,True,12,13,1.4205955334987594,103.36923076923077,-0.28833746898263035,44.83076923076919,1.433695490400357,METEOSWISS_SMN_DAILY_SELECTED,06:00_UTC_to_06:00_UTC_next_day,Adelboden,1321.0,46.491703,7.560703
ABO,2022-01-01,31,31,31,31,31,0,-0.02903225806451627,-3.4612903225806453,3.916129032258065,25,37.9,6,31,1.0,1.0,1.0,1.0,0.8064516129032258,0.1935483870967742,True,1,13,-0.5900744416873449,99.11538461538461,0.5610421836228286,-61.215384615384615,0.38238261544431507,METEOSWISS_SMN_DAILY_SELECTED,06:00_UTC_to_06:00_UTC_next_day,Adelboden,1321.0,46.491703,7.560703
ABO,2022-02-01,28,28,28,28,28,0,0.8535714285714285,-3.1607142857142856,5.485714285714286,25,84.8,14,28,1.0,1.0,1.0,1.0,0.8928571428571429,0.5,True,2,13,0.35730390299355813,65.65384615384616,0.4962675255778704,19.146153846153837,1.2916227299355594,METEOSWISS_SMN_DAILY_SELECTED,06:00_UTC_to_06:00_UTC_next_day,Adelboden,1321.0,46.491703,7.560703
ABO,2022-03-01,31,31,31,31,31,0,3.703225806451613,-0.8193548387096775,9.138709677419355,19,18.3,3,31,1.0,1.0,1.0,1.0,0.6129032258064516,0.0967741935483871,True,3,13,2.757320099255583,79.56153846153846,0.94590570719603,-61.261538461538464,0.23001063521222084,METEOSWISS_SMN_DAILY_SELECTED,06:00_UTC_to_06:00_UTC_next_day,Adelboden,1321.0,46.491703,7.560703
ABO,2022-04-01,30,30,30,30,30,0,5.163333333333333,0.5933333333333335,9.893333333333334,11,91.10000000000001,12,30,1.0,1.0,1.0,1.0,0.36666666666666664,0.4,True,4,13,5.894615384615384,84.09230769230768,-0.7312820512820508,7.007692307692324,1.0833333333333335,METEOSWISS_SMN_DAILY_SELECTED,06:00_UTC_to_06:00_UTC_next_day,Adelboden,1321.0,46.491703,7.560703
ABO,2022-05-01,31,31,31,31,31,0,11.935483870967742,7.590322580645162,16.76774193548387,0,81.29999999999998,10,31,1.0,1.0,1.0,1.0,0.0,0.3225806451612903,True,5,13,8.869727047146402,150.30769230769232,3.0657568238213404,-69.00769230769234,0.5408904810644829,METEOSWISS_SMN_DAILY_SELECTED,06:00_UTC_to_06:00_UTC_next_day,Adelboden,1321.0,46.491703,7.560703
ABO,2022-06-01,30,30,30,30,30,0,15.536666666666667,10.42,20.563333333333333,0,169.60000000000002,16,30,1.0,1.0,1.0,1.0,0.0,0.5333333333333333,True,6,13,14.091025641025642,129.7,1.4456410256410255,39.900000000000034,1.3076329992289903,METEOSWISS_SMN_DAILY_SELECTED,06:00_UTC_to_06:00_UTC_next_day,Adelboden,1321.0,46.491703,7.560703
ABO,2022-07-01,31,31,31,31,31,0,17.061290322580643,11.887096774193548,21.9741935483871,0,63.1,6,31,1.0,1.0,1.0,1.0,0.0,0.1935483870967742,True,7,13,15.654342431761787,163.97692307692307,1.4069478908188557,-100.87692307692308,0.3848102453440916,METEOSWISS_SMN_DAILY_SELECTED,06:00_UTC_to_06:00_UTC_next_day,Adelboden,1321.0,46.491703,7.560703
ABO,2022-08-01,31,31,31,31,31,0,16.267741935483873,11.509677419354839,21.33225806451613,0,87.49999999999999,8,31,1.0,1.0,1.0,1.0,0.0,0.25806451612903225,True,8,13,15.133746898263029,137.8,1.1339950372208438,-50.300000000000026,0.6349782293178518,METEOSWISS_SMN_DAILY_SELECTED,06:00_UTC_to_06:00_UTC_next_day,Adelboden,1321.0,46.491703,7.560703
ABO,2022-09-01,30,30,30,30,30,0,10.546666666666665,6.819999999999999,14.993333333333334,0,140.3,14,30,1.0,1.0,1.0,1.0,0.0,0.4666666666666667,True,9,13,11.504102564102565,99.9923076923077,-0.9574358974359001,40.30769230769231,1.4031079313793369,METEOSWISS_SMN_DAILY_SELECTED,06:00_UTC_to_06:00_UTC_next_day,Adelboden,1321.0,46.491703,7.560703
ABO,2022-10-01,31,31,31,31,31,0,11.94516129032258,8.206451612903226,16.98709677419355,0,86.6,10,31,1.0,1.0,1.0,1.0,0.0,0.3225806451612903,True,10,13,8.503225806451614,87.63076923076923,3.4419354838709673,-1.0307692307692378,0.9882373595505617,METEOSWISS_SMN_DAILY_SELECTED,06:00_UTC_to_06:00_UTC_next_day,Adelboden,1321.0,46.491703,7.560703
ABO,2022-11-01,30,30,30,30,30,0,4.3533333333333335,1.2333333333333334,8.07,12,53.89999999999999,14,30,1.0,1.0,1.0,1.0,0.4,0.4666666666666667,True,11,13,3.291794871794872,90.35384615384615,1.0615384615384613,-36.45384615384616,0.5965435041716328,METEOSWISS_SMN_DAILY_SELECTED,06:00_UTC_to_06:00_UTC_next_day,Adelboden,1321.0,46.491703,7.560703
ABO,2022-12-01,31,31,31,31,31,0,1.1225806451612903,-2.238709677419355,4.480645161290322,21,135.9,14,31,1.0,1.0,1.0,1.0,0.6774193548387096,0.45161290322580644,True,12,13,1.4205955334987594,103.36923076923077,-0.29801488833746914,32.53076923076924,1.3147045691323114,METEOSWISS_SMN_DAILY_SELECTED,06:00_UTC_to_06:00_UTC_next_day,Adelboden,1321.0,46.491703,7.560703
ABO,2023-01-01,31,31,31,31,31,0,-1.5032258064516129,-5.238709677419355,2.4838709677419355,25,48.1,10,31,1.0,1.0,1.0,1.0,0.8064516129032258,0.3225806451612903,True,1,13,-0.5900744416873449,99.11538461538461,-0.913151364764268,-51.01538461538461,0.4852929763290648,METEOSWISS_SMN_DAILY_SELECTED,06:00_UTC_to_06:00_UTC_next_day,Adelboden,1321.0,46.491703,7.560703
ABO,2023-02-01,28,28,28,28,28,0,0.9428571428571428,-2.6107142857142853,5.860714285714286,16,14.7,4,28,1.0,1.0,1.0,1.0,0.5714285714285714,0.14285714285714285,True,2,13,0.35730390299355813,65.65384615384616,0.5855532398635848,-50.95384615384616,0.22390158172231983,METEOSWISS_SMN_DAILY_SELECTED,06:00_UTC_to_06:00_UTC_next_day,Adelboden,1321.0,46.491703,7.560703
ABO,2023-03-01,31,31,31,31,31,0,3.570967741935484,-0.5967741935483871,8.23225806451613,16,162.0,16,31,1.0,1.0,1.0,1.0,0.5161290322580645,0.5161290322580645,True,3,13,2.757320099255583,79.56153846153846,0.8136476426799013,82.43846153846154,2.036159721550807,METEOSWISS_SMN_DAILY_SELECTED,06:00_UTC_to_06:00_UTC_next_day,Adelboden,1321.0,46.491703,7.560703
ABO,2023-04-01,30,30,30,30,30,0,4.430000000000001,0.65,8.636666666666667,14,112.6,15,30,1.0,1.0,1.0,1.0,0.4666666666666667,0.5,True,4,13,5.894615384615384,84.09230769230768,-1.4646153846153833,28.50769230769231,1.3390047566776437,METEOSWISS_SMN_DAILY_SELECTED,06:00_UTC_to_06:00_UTC_next_day,Adelboden,1321.0,46.491703,7.560703
ABO,2023-05-01,31,31,31,31,31,0,9.422580645161291,5.587096774193548,13.858064516129033,0,118.1,16,31,1.0,1.0,1.0,1.0,0.0,0.5161290322580645,True,5,13,8.869727047146402,150.30769230769232,0.5528535980148899,-32.20769230769233,0.7857215967246672,METEOSWISS_SMN_DAILY_SELECTED,06:00_UTC_to_06:00_UTC_next_day,Adelboden,1321.0,46.491703,7.560703
ABO,2023-06-01,30,30,30,30,30,0,15.033333333333333,10.05,20.533333333333335,0,129.4,11,30,1.0,1.0,1.0,1.0,0.0,0.36666666666666664,True,6,13,14.091025641025642,129.7,0.9423076923076916,-0.29999999999998295,0.9976869699306092,METEOSWISS_SMN_DAILY_SELECTED,06:00_UTC_to_06:00_UTC_next_day,Adelboden,1321.0,46.491703,7.560703
ABO,2023-07-01,31,31,31,31,31,0,16.316129032258065,11.432258064516128,21.238709677419354,0,125.39999999999999,11,31,1.0,1.0,1.0,1.0,0.0,0.3548387096774194,True,7,13,15.654342431761787,163.97692307692307,0.6617866004962778,-38.57692307692308,0.764741755406483,METEOSWISS_SMN_DAILY_SELECTED,06:00_UTC_to_06:00_UTC_next_day,Adelboden,1321.0,46.491703,7.560703
ABO,2023-08-01,31,31,31,31,31,0,15.993548387096775,11.716129032258063,20.506451612903227,0,222.8,13,31,1.0,1.0,1.0,1.0,0.0,0.41935483870967744,True,8,13,15.133746898263029,137.8,0.859801488833746,85.0,1.6168359941944848,METEOSWISS_SMN_DAILY_SELECTED,06:00_UTC_to_06:00_UTC_next_day,Adelboden,1321.0,46.491703,7.560703
ABO,2023-09-01,30,30,30,30,30,0,14.639999999999999,10.376666666666667,19.636666666666667,0,106.69999999999999,6,30,1.0,1.0,1.0,1.0,0.0,0.2,True,9,13,11.504102564102565,99.9923076923077,3.1358974358974336,6.707692307692284,1.067082083237172,METEOSWISS_SMN_DAILY_SELECTED,06:00_UTC_to_06:00_UTC_next_day,Adelboden,1321.0,46.491703,7.560703
ABO,2023-10-01,31,31,31,31,31,0,11.170967741935485,6.687096774193549,16.483870967741936,0,93.9,11,31,1.0,1.0,1.0,1.0,0.0,0.3548387096774194,True,10,13,8.503225806451614,87.63076923076923,2.667741935483871,6.269230769230774,1.0715414325842698,METEOSWISS_SMN_DAILY_SELECTED,06:00_UTC_to_06:00_UTC_next_day,Adelboden,1321.0,46.491703,7.560703
ABO,2023-11-01,30,30,30,30,30,0,2.58,-1.0433333333333334,6.75,18,272.70000000000005,22,30,1.0,1.0,1.0,1.0,0.6,0.7333333333333333,True,11,13,3.291794871794872,90.35384615384615,-0.7117948717948721,182.3461538461539,3.018133832794143,METEOSWISS_SMN_DAILY_SELECTED,06:00_UTC_to_06:00_UTC_next_day,Adelboden,1321.0,46.491703,7.560703
ABO,2023-12-01,31,31,31,31,31,0,2.667741935483871,-0.9516129032258065,6.422580645161291,15,203.60000000000002,12,31,1.0,1.0,1.0,1.0,0.4838709677419355,0.3870967741935484,True,12,13,1.4205955334987594,103.36923076923077,1.2471464019851117,100.23076923076925,1.9696383390385477,METEOSWISS_SMN_DAILY_SELECTED,06:00_UTC_to_06:00_UTC_next_day,Adelboden,1321.0,46.491703,7.560703
ABO,2024-01-01,31,31,31,31,31,0,1.0258064516129033,-2.629032258064516,4.996774193548387,19,93.49999999999999,12,31,1.0,1.0,1.0,1.0,0.6129032258064516,0.3870967741935484,True,1,13,-0.5900744416873449,99.11538461538461,1.6158808933002482,-5.615384615384627,0.9433449747768722,METEOSWISS_SMN_DAILY_SELECTED,06:00_UTC_to_06:00_UTC_next_day,Adelboden,1321.0,46.491703,7.560703
ABO,2024-02-01,29,29,29,29,29,0,4.279310344827586,0.503448275862069,8.320689655172414,11,50.1,9,29,1.0,1.0,1.0,1.0,0.3793103448275862,0.3103448275862069,True,2,13,0.35730390299355813,65.65384615384616,3.9220064418340277,-15.553846153846159,0.7630931458699473,METEOSWISS_SMN_DAILY_SELECTED,06:00_UTC_to_06:00_UTC_next_day,Adelboden,1321.0,46.491703,7.560703
ABO,2024-03-01,31,31,31,31,31,0,4.416129032258064,-0.13225806451612906,8.832258064516129,14,138.5,16,31,1.0,1.0,1.0,1.0,0.45161290322580644,0.5161290322580645,True,3,13,2.757320099255583,79.56153846153846,1.6588089330024816,58.93846153846154,1.7407908730542396,METEOSWISS_SMN_DAILY_SELECTED,06:00_UTC_to_06:00_UTC_next_day,Adelboden,1321.0,46.491703,7.560703
ABO,2024-04-01,30,30,30,30,30,0,6.2733333333333325,1.6900000000000002,10.726666666666667,14,63.7,12,30,1.0,1.0,1.0,1.0,0.4666666666666667,0.4,True,4,13,5.894615384615384,84.09230769230768,0.3787179487179486,-20.392307692307682,0.7575009147457008,METEOSWISS_SMN_DAILY_SELECTED,06:00_UTC_to_06:00_UTC_next_day,Adelboden,1321.0,46.491703,7.560703
ABO,2024-05-01,31,31,31,31,31,0,9.041935483870969,5.261290322580645,13.816129032258065,1,190.30000000000004,22,31,1.0,1.0,1.0,1.0,0.03225806451612903,0.7096774193548387,True,5,13,8.869727047146402,150.30769230769232,0.1722084367245671,39.99230769230772,1.2660696008188332,METEOSWISS_SMN_DAILY_SELECTED,06:00_UTC_to_06:00_UTC_next_day,Adelboden,1321.0,46.491703,7.560703
ABO,2024-06-01,30,30,30,30,30,0,13.436666666666667,9.263333333333332,18.126666666666665,0,140.49999999999997,18,30,1.0,1.0,1.0,1.0,0.0,0.6,True,6,13,14.091025641025642,129.7,-0.6543589743589742,10.799999999999983,1.0832690824980724,METEOSWISS_SMN_DAILY_SELECTED,06:00_UTC_to_06:00_UTC_next_day,Adelboden,1321.0,46.491703,7.560703
ABO,2024-07-01,31,31,31,31,31,0,16.177419354838708,11.903225806451612,21.116129032258065,0,144.0,12,31,1.0,1.0,1.0,1.0,0.0,0.3870967741935484,True,7,13,15.654342431761787,163.97692307692307,0.5230769230769212,-19.97692307692307,0.8781723507060093,METEOSWISS_SMN_DAILY_SELECTED,06:00_UTC_to_06:00_UTC_next_day,Adelboden,1321.0,46.491703,7.560703
ABO,2024-08-01,31,31,31,31,31,0,16.903225806451612,12.438709677419356,21.893548387096775,0,107.7,11,31,1.0,1.0,1.0,1.0,0.0,0.3548387096774194,True,8,13,15.133746898263029,137.8,1.7694789081885833,-30.10000000000001,0.7815674891146589,METEOSWISS_SMN_DAILY_SELECTED,06:00_UTC_to_06:00_UTC_next_day,Adelboden,1321.0,46.491703,7.560703
ABO,2024-09-01,30,30,30,30,30,0,10.176666666666668,6.493333333333334,14.356666666666666,2,154.1,16,30,1.0,1.0,1.0,1.0,0.06666666666666667,0.5333333333333333,True,9,13,11.504102564102565,99.9923076923077,-1.3274358974358975,54.10769230769229,1.5411185475805829,METEOSWISS_SMN_DAILY_SELECTED,06:00_UTC_to_06:00_UTC_next_day,Adelboden,1321.0,46.491703,7.560703
ABO,2024-10-01,31,31,31,31,31,0,9.59032258064516,5.993548387096775,14.064516129032258,0,100.5,12,31,1.0,1.0,1.0,1.0,0.0,0.3870967741935484,True,10,13,8.503225806451614,87.63076923076923,1.0870967741935473,12.869230769230768,1.1468574438202248,METEOSWISS_SMN_DAILY_SELECTED,06:00_UTC_to_06:00_UTC_next_day,Adelboden,1321.0,46.491703,7.560703
ABO,2024-11-01,30,30,30,30,30,0,4.35,0.9666666666666667,9.389999999999999,11,89.69999999999999,7,30,1.0,1.0,1.0,1.0,0.36666666666666664,0.23333333333333334,True,11,13,3.291794871794872,90.35384615384615,1.0582051282051275,-0.6538461538461604,0.992763493955389,METEOSWISS_SMN_DAILY_SELECTED,06:00_UTC_to_06:00_UTC_next_day,Adelboden,1321.0,46.491703,7.560703
ABO,2024-12-01,31,31,31,31,31,0,0.7064516129032258,-2.609677419354839,4.480645161290322,22,126.8,12,31,1.0,1.0,1.0,1.0,0.7096774193548387,0.3870967741935484,True,12,13,1.4205955334987594,103.36923076923077,-0.7141439205955337,23.43076923076923,1.2266706355112367,METEOSWISS_SMN_DAILY_SELECTED,06:00_UTC_to_06:00_UTC_next_day,Adelboden,1321.0,46.491703,7.560703
ABO,2025-01-01,31,31,31,31,31,0,1.3483870967741935,-2.7096774193548385,5.487096774193549,23,106.5,13,31,1.0,1.0,1.0,1.0,0.7419354838709677,0.41935483870967744,True,1,13,-0.5900744416873449,99.11538461538461,1.9384615384615385,7.384615384615387,1.0745052386495926,METEOSWISS_SMN_DAILY_SELECTED,06:00_UTC_to_06:00_UTC_next_day,Adelboden,1321.0,46.491703,7.560703
ABO,2025-02-01,28,28,28,28,28,0,1.175,-2.396428571428572,5.435714285714285,20,22.3,3,28,1.0,1.0,1.0,1.0,0.7142857142857143,0.10714285714285714,True,2,13,0.35730390299355813,65.65384615384616,0.817696097006442,-43.35384615384616,0.3396602226127709,METEOSWISS_SMN_DAILY_SELECTED,06:00_UTC_to_06:00_UTC_next_day,Adelboden,1321.0,46.491703,7.560703
ABO,2025-03-01,31,31,31,31,31,0,3.696774193548387,0.132258064516129,8.461290322580645,16,32.5,8,31,1.0,1.0,1.0,1.0,0.5161290322580645,0.25806451612903225,True,3,13,2.757320099255583,79.56153846153846,0.9394540942928042,-47.06153846153846,0.40848883302716815,METEOSWISS_SMN_DAILY_SELECTED,06:00_UTC_to_06:00_UTC_next_day,Adelboden,1321.0,46.491703,7.560703
ABO,2025-04-01,30,30,30,30,30,0,7.27,2.6766666666666667,12.486666666666668,5,124.1,8,30,1.0,1.0,1.0,1.0,0.16666666666666666,0.26666666666666666,True,4,13,5.894615384615384,84.09230769230768,1.3753846153846156,40.00769230769231,1.475759238931577,METEOSWISS_SMN_DAILY_SELECTED,06:00_UTC_to_06:00_UTC_next_day,Adelboden,1321.0,46.491703,7.560703
ABO,2025-05-01,31,31,31,31,31,0,9.264516129032257,5.232258064516128,13.880645161290323,0,159.89999999999998,16,31,1.0,1.0,1.0,1.0,0.0,0.5161290322580645,True,5,13,8.869727047146402,150.30769230769232,0.3947890818858557,9.592307692307656,1.0638178096212894,METEOSWISS_SMN_DAILY_SELECTED,06:00_UTC_to_06:00_UTC_next_day,Adelboden,1321.0,46.491703,7.560703
ABO,2025-06-01,30,30,30,30,30,0,16.98,11.706666666666667,22.473333333333336,0,107.70000000000002,13,30,1.0,1.0,1.0,1.0,0.0,0.43333333333333335,True,6,13,14.091025641025642,129.7,2.888974358974359,-21.99999999999997,0.830377794911334,METEOSWISS_SMN_DAILY_SELECTED,06:00_UTC_to_06:00_UTC_next_day,Adelboden,1321.0,46.491703,7.560703
ABO,2025-07-01,31,31,31,31,31,0,14.312903225806451,10.396774193548387,19.093548387096774,0,173.9,16,31,1.0,1.0,1.0,1.0,0.0,0.5161290322580645,True,7,13,15.654342431761787,163.97692307692307,-1.3414392059553357,9.923076923076934,1.0605150818595488,METEOSWISS_SMN_DAILY_SELECTED,06:00_UTC_to_06:00_UTC_next_day,Adelboden,1321.0,46.491703,7.560703
ABO,2025-08-01,31,31,31,31,31,0,15.893548387096773,11.329032258064515,20.809677419354838,0,120.50000000000001,11,31,1.0,1.0,1.0,1.0,0.0,0.3548387096774194,True,8,13,15.133746898263029,137.8,0.7598014888337445,-17.299999999999997,0.874455732946299,METEOSWISS_SMN_DAILY_SELECTED,06:00_UTC_to_06:00_UTC_next_day,Adelboden,1321.0,46.491703,7.560703
ABO,2025-09-01,30,30,30,30,30,0,11.04,7.343333333333334,15.26,0,128.5,13,30,1.0,1.0,1.0,1.0,0.0,0.43333333333333335,True,9,13,11.504102564102565,99.9923076923077,-0.464102564102566,28.507692307692295,1.2850988537579813,METEOSWISS_SMN_DAILY_SELECTED,06:00_UTC_to_06:00_UTC_next_day,Adelboden,1321.0,46.491703,7.560703
ABO,2025-10-01,31,31,31,31,31,0,6.812903225806451,2.764516129032258,11.51290322580645,3,101.79999999999998,9,31,1.0,1.0,1.0,1.0,0.0967741935483871,0.2903225806451613,True,10,13,8.503225806451614,87.63076923076923,-1.6903225806451623,14.16923076923075,1.1616924157303368,METEOSWISS_SMN_DAILY_SELECTED,06:00_UTC_to_06:00_UTC_next_day,Adelboden,1321.0,46.491703,7.560703
ABO,2025-11-01,30,30,30,30,30,0,2.9466666666666668,-0.7033333333333333,7.010000000000001,15,89.39999999999999,12,30,1.0,1.0,1.0,1.0,0.5,0.4,True,11,13,3.291794871794872,90.35384615384615,-0.3451282051282054,-0.9538461538461576,0.9894432147113911,METEOSWISS_SMN_DAILY_SELECTED,06:00_UTC_to_06:00_UTC_next_day,Adelboden,1321.0,46.491703,7.560703
ABO,2025-12-01,31,31,31,31,31,0,2.467741935483871,-0.7774193548387097,6.587096774193548,15,24.1,5,31,1.0,1.0,1.0,1.0,0.4838709677419355,0.16129032258064516,True,12,13,1.4205955334987594,103.36923076923077,1.0471464019851116,-79.26923076923077,0.23314481321625244,METEOSWISS_SMN_DAILY_SELECTED,06:00_UTC_to_06:00_UTC_next_day,Adelboden,1321.0,46.491703,7.560703
ABO,2026-01-01,31,31,31,31,31,0,-0.996774193548387,-4.361290322580645,3.2806451612903227,27,30.900000000000002,4,31,1.0,1.0,1.0,1.0,0.8709677419354839,0.12903225806451613,True,1,13,-0.5900744416873449,99.11538461538461,-0.4066997518610421,-68.21538461538461,0.3117578579743889,METEOSWISS_SMN_DAILY_SELECTED,06:00_UTC_to_06:00_UTC_next_day,Adelboden,1321.0,46.491703,7.560703
ABO,2026-02-01,28,28,28,28,28,0,2.5749999999999997,-0.9464285714285714,6.7749999999999995,20,108.3,10,28,1.0,1.0,1.0,1.0,0.7142857142857143,0.35714285714285715,True,2,13,0.35730390299355813,65.65384615384616,2.2176960970064417,42.64615384615384,1.6495606326889278,METEOSWISS_SMN_DAILY_SELECTED,06:00_UTC_to_06:00_UTC_next_day,Adelboden,1321.0,46.491703,7.560703
ABO,2026-03-01,31,31,31,31,31,0,2.3870967741935485,-1.474193548387097,7.703225806451612,20,86.59999999999998,8,31,1.0,1.0,1.0,1.0,0.6451612903225806,0.25806451612903225,True,3,13,2.757320099255583,79.56153846153846,-0.37022332506203437,7.038461538461519,1.088465628927777,METEOSWISS_SMN_DAILY_SELECTED,06:00_UTC_to_06:00_UTC_next_day,Adelboden,1321.0,46.491703,7.560703
EVO,2013-01-01,31,31,31,31,31,0,-3.0677419354838706,-6.245161290322581,-0.10000000000000005,24,29.400000000000002,7,31,1.0,1.0,1.0,1.0,0.7741935483870968,0.22580645161290322,True,1,13,-2.2506203473945408,57.676923076923075,-0.8171215880893299,-28.276923076923072,0.5097359295812217,METEOSWISS_SMN_DAILY_SELECTED,06:00_UTC_to_06:00_UTC_next_day,Evolène / Villa,1825.0,46.112211,7.508631
EVO,2013-02-01,28,28,28,28,28,0,-7.35,-10.685714285714285,-3.892857142857143,28,46.5,8,28,1.0,1.0,1.0,1.0,1.0,0.2857142857142857,True,2,13,-1.3829480863963621,39.23076923076923,-5.967051913603638,7.2692307692307665,1.1852941176470588,METEOSWISS_SMN_DAILY_SELECTED,06:00_UTC_to_06:00_UTC_next_day,Evolène / Villa,1825.0,46.112211,7.508631
EVO,2013-03-01,31,31,31,31,31,0,-1.8451612903225807,-4.877419354838709,1.8064516129032258,30,30.3,6,31,1.0,1.0,1.0,1.0,0.967741935483871,0.1935483870967742,True,3,13,0.5575682382133995,47.284615384615385,-2.40272952853598,-16.984615384615385,0.6408003904343582,METEOSWISS_SMN_DAILY_SELECTED,06:00_UTC_to_06:00_UTC_next_day,Evolène / Villa,1825.0,46.112211,7.508631
EVO,2013-04-01,30,30,30,30,30,0,3.51,-0.27666666666666667,8.34,20,72.99999999999999,9,30,1.0,1.0,1.0,1.0,0.6666666666666666,0.3,True,4,13,3.8202564102564103,51.41538461538461,-0.3102564102564105,21.584615384615375,1.4198084979054457,METEOSWISS_SMN_DAILY_SELECTED,06:00_UTC_to_06:00_UTC_next_day,Evolène / Villa,1825.0,46.112211,7.508631
EVO,2013-05-01,31,31,31,31,31,0,3.732258064516129,0.19999999999999998,7.948387096774193,15,135.90000000000003,19,31,1.0,1.0,1.0,1.0,0.4838709677419355,0.6129032258064516,True,5,13,6.57196029776675,91.56153846153846,-2.8397022332506205,44.33846153846157,1.4842476686549613,METEOSWISS_SMN_DAILY_SELECTED,06:00_UTC_to_06:00_UTC_next_day,Evolène / Villa,1825.0,46.112211,7.508631
EVO,2013-06-01,30,30,30,30,30,0,9.54,5.383333333333334,14.303333333333335,0,51.300000000000004,8,30,1.0,1.0,1.0,1.0,0.0,0.26666666666666666,True,6,13,11.884102564102564,78.64615384615385,-2.344102564102565,-27.346153846153847,0.6522887323943662,METEOSWISS_SMN_DAILY_SELECTED,06:00_UTC_to_06:00_UTC_next_day,Evolène / Villa,1825.0,46.112211,7.508631
EVO,2013-07-01,31,31,31,31,31,0,14.04516129032258,9.525806451612903,19.638709677419353,0,82.5,13,31,1.0,1.0,1.0,1.0,0.0,0.41935483870967744,True,7,12,13.833333333333334,86.125,0.2118279569892465,-3.625,0.9579100145137881,METEOSWISS_SMN_DAILY_SELECTED,06:00_UTC_to_06:00_UTC_next_day,Evolène / Villa,1825.0,46.112211,7.508631
EVO,2013-08-01,31,31,31,31,31,0,12.661290322580646,8.458064516129031,17.858064516129033,0,64.3,8,31,1.0,1.0,1.0,1.0,0.0,0.25806451612903225,True,8,13,13.423573200992555,78.65384615384616,-0.7622828784119093,-14.353846153846163,0.8175061124694375,METEOSWISS_SMN_DAILY_SELECTED,06:00_UTC_to_06:00_UTC_next_day,Evolène / Villa,1825.0,46.112211,7.508631
EVO,2013-09-01,30,30,30,30,30,0,9.873333333333333,6.180000000000001,14.596666666666666,1,60.00000000000001,7,30,1.0,1.0,1.0,1.0,0.03333333333333333,0.23333333333333334,True,9,13,9.726923076923077,48.861538461538466,0.14641025641025607,11.138461538461542,1.2279596977329976,METEOSWISS_SMN_DAILY_SELECTED,06:00_UTC_to_06:00_UTC_next_day,Evolène / Villa,1825.0,46.112211,7.508631
EVO,2013-10-01,31,31,31,31,31,0,6.912903225806452,3.7161290322580642,11.035483870967743,4,62.800000000000004,11,31,1.0,1.0,1.0,1.0,0.12903225806451613,0.3548387096774194,True,10,13,6.754838709677419,58.15384615384615,0.15806451612903238,4.646153846153851,1.07989417989418,METEOSWISS_SMN_DAILY_SELECTED,06:00_UTC_to_06:00_UTC_next_day,Evolène / Villa,1825.0,46.112211,7.508631
EVO,2013-11-01,30,30,30,30,30,0,-0.9333333333333332,-4.086666666666667,2.4066666666666667,22,85.3,13,30,1.0,1.0,1.0,1.0,0.7333333333333333,0.43333333333333335,True,11,13,1.582051282051282,57.43846153846154,-2.5153846153846153,27.86153846153846,1.4850676309093342,METEOSWISS_SMN_DAILY_SELECTED,06:00_UTC_to_06:00_UTC_next_day,Evolène / Villa,1825.0,46.112211,7.508631
EVO,2013-12-01,31,31,31,31,31,0,0.6935483870967742,-2.4193548387096775,4.17741935483871,22,41.1,3,31,1.0,1.0,1.0,1.0,0.7096774193548387,0.0967741935483871,True,12,13,0.022332506203473927,57.00769230769231,0.6712158808933003,-15.907692307692308,0.7209553366617191,METEOSWISS_SMN_DAILY_SELECTED,06:00_UTC_to_06:00_UTC_next_day,Evolène / Villa,1825.0,46.112211,7.508631
EVO,2014-01-01,31,31,31,31,31,0,-1.4903225806451612,-4.467741935483871,1.3612903225806452,26,50.2,9,31,1.0,1.0,1.0,1.0,0.8387096774193549,0.2903225806451613,True,1,13,-2.2506203473945408,57.676923076923075,0.7602977667493795,-7.476923076923072,0.8703654307815418,METEOSWISS_SMN_DAILY_SELECTED,06:00_UTC_to_06:00_UTC_next_day,Evolène / Villa,1825.0,46.112211,7.508631
EVO,2014-02-01,28,28,28,28,28,0,-2.6785714285714284,-5.417857142857143,0.6892857142857143,28,96.6,15,28,1.0,1.0,1.0,1.0,1.0,0.5357142857142857,True,2,13,-1.3829480863963621,39.23076923076923,-1.2956233421750663,57.36923076923076,2.46235294117647,METEOSWISS_SMN_DAILY_SELECTED,06:00_UTC_to_06:00_UTC_next_day,Evolène / Villa,1825.0,46.112211,7.508631
EVO,2014-03-01,31,31,31,31,31,0,1.5,-1.9516129032258065,5.848387096774194,16,23.400000000000002,4,31,1.0,1.0,1.0,1.0,0.5161290322580645,0.12903225806451613,True,3,13,0.5575682382133995,47.284615384615385,0.9424317617866005,-23.884615384615383,0.49487554904831627,METEOSWISS_SMN_DAILY_SELECTED,06:00_UTC_to_06:00_UTC_next_day,Evolène / Villa,1825.0,46.112211,7.508631
EVO,2014-04-01,30,30,30,30,30,0,4.513333333333334,0.6933333333333334,9.176666666666668,11,62.50000000000001,7,30,1.0,1.0,1.0,1.0,0.36666666666666664,0.23333333333333334,True,4,13,3.8202564102564103,51.41538461538461,0.6930769230769234,11.084615384615397,1.2155894673847998,METEOSWISS_SMN_DAILY_SELECTED,06:00_UTC_to_06:00_UTC_next_day,Evolène / Villa,1825.0,46.112211,7.508631
EVO,2014-05-01,31,31,31,31,31,0,5.561290322580645,1.4483870967741934,10.361290322580645,10,76.50000000000001,12,31,1.0,1.0,1.0,1.0,0.3225806451612903,0.3870967741935484,True,5,13,6.57196029776675,91.56153846153846,-1.0106699751861044,-15.061538461538447,0.8355036545408722,METEOSWISS_SMN_DAILY_SELECTED,06:00_UTC_to_06:00_UTC_next_day,Evolène / Villa,1825.0,46.112211,7.508631
EVO,2014-06-01,30,30,30,30,30,0,11.073333333333332,6.66,16.723333333333333,0,54.7,12,30,1.0,1.0,1.0,1.0,0.0,0.4,True,6,13,11.884102564102564,78.64615384615385,-0.8107692307692318,-23.946153846153848,0.69552034428795,METEOSWISS_SMN_DAILY_SELECTED,06:00_UTC_to_06:00_UTC_next_day,Evolène / Villa,1825.0,46.112211,7.508631
EVO,2014-07-01,31,31,31,31,31,0,11.058064516129033,7.158064516129032,15.53225806451613,0,207.4,18,31,1.0,1.0,1.0,1.0,0.0,0.5806451612903226,True,7,12,13.833333333333334,86.125,-2.775268817204301,121.275,2.4081277213352688,METEOSWISS_SMN_DAILY_SELECTED,06:00_UTC_to_06:00_UTC_next_day,Evolène / Villa,1825.0,46.112211,7.508631
EVO,2014-08-01,31,31,31,31,31,0,10.196774193548388,6.564516129032258,14.696774193548388,0,90.89999999999999,17,31,1.0,1.0,1.0,1.0,0.0,0.5483870967741935,True,8,13,13.423573200992555,78.65384615384616,-3.2267990074441677,12.246153846153831,1.1556968215158923,METEOSWISS_SMN_DAILY_SELECTED,06:00_UTC_to_06:00_UTC_next_day,Evolène / Villa,1825.0,46.112211,7.508631
EVO,2014-09-01,30,30,30,30,30,0,9.646666666666667,6.116666666666666,14.16,0,22.1,5,30,1.0,1.0,1.0,1.0,0.0,0.16666666666666666,True,9,13,9.726923076923077,48.861538461538466,-0.0802564102564105,-26.761538461538464,0.4522984886649874,METEOSWISS_SMN_DAILY_SELECTED,06:00_UTC_to_06:00_UTC_next_day,Evolène / Villa,1825.0,46.112211,7.508631
EVO,2014-10-01,31,31,31,31,31,0,7.767741935483872,4.112903225806452,12.125806451612902,4,41.6,7,31,1.0,1.0,1.0,1.0,0.12903225806451613,0.22580645161290322,True,10,13,6.754838709677419,58.15384615384615,1.0129032258064523,-16.553846153846152,0.7153439153439154,METEOSWISS_SMN_DAILY_SELECTED,06:00_UTC_to_06:00_UTC_next_day,Evolène / Villa,1825.0,46.112211,7.508631
EVO,2014-11-01,30,30,30,30,30,0,3.99,1.3033333333333335,7.4,12,105.6,8,30,1.0,1.0,1.0,1.0,0.4,0.26666666666666666,True,11,13,1.582051282051282,57.43846153846154,2.4079487179487185,48.161538461538456,1.8384893531538768,METEOSWISS_SMN_DAILY_SELECTED,06:00_UTC_to_06:00_UTC_next_day,Evolène / Villa,1825.0,46.112211,7.508631
EVO,2014-12-01,31,31,31,31,31,0,-1.2548387096774196,-4.300000000000001,1.9064516129032256,27,32.7,6,31,1.0,1.0,1.0,1.0,0.8709677419354839,0.1935483870967742,True,12,13,0.022332506203473927,57.00769230769231,-1.2771712158808934,-24.307692307692307,0.5736068007016597,METEOSWISS_SMN_DAILY_SELECTED,06:00_UTC_to_06:00_UTC_next_day,Evolène / Villa,1825.0,46.112211,7.508631
EVO,2015-01-01,31,31,31,31,31,0,-2.2774193548387096,-5.441935483870967,1.1,27,49.6,12,31,1.0,1.0,1.0,1.0,0.8709677419354839,0.3870967741935484,True,1,13,-2.2506203473945408,57.676923076923075,-0.026799007444168854,-8.076923076923073,0.8599626567084556,METEOSWISS_SMN_DAILY_SELECTED,06:00_UTC_to_06:00_UTC_next_day,Evolène / Villa,1825.0,46.112211,7.508631
EVO,2015-02-01,28,28,28,28,28,0,-3.817857142857143,-6.992857142857143,-0.3071428571428571,27,25.3,7,28,1.0,1.0,1.0,1.0,0.9642857142857143,0.25,True,2,13,-1.3829480863963621,39.23076923076923,-2.434909056460781,-13.930769230769233,0.6449019607843137,METEOSWISS_SMN_DAILY_SELECTED,06:00_UTC_to_06:00_UTC_next_day,Evolène / Villa,1825.0,46.112211,7.508631
EVO,2015-03-01,31,31,31,31,31,0,0.9290322580645162,-2.519354838709677,5.216129032258064,23,63.5,9,31,1.0,1.0,1.0,1.0,0.7419354838709677,0.2903225806451613,True,3,13,0.5575682382133995,47.284615384615385,0.37146401985111666,16.215384615384615,1.3429315113063283,METEOSWISS_SMN_DAILY_SELECTED,06:00_UTC_to_06:00_UTC_next_day,Evolène / Villa,1825.0,46.112211,7.508631
EVO,2015-04-01,30,30,30,30,30,0,4.263333333333334,0.17666666666666664,9.406666666666666,11,31.500000000000004,8,30,1.0,1.0,1.0,1.0,0.36666666666666664,0.26666666666666666,True,4,13,3.8202564102564103,51.41538461538461,0.44307692307692337,-19.915384615384607,0.612657091561939,METEOSWISS_SMN_DAILY_SELECTED,06:00_UTC_to_06:00_UTC_next_day,Evolène / Villa,1825.0,46.112211,7.508631
EVO,2015-05-01,31,31,31,31,31,0,7.267741935483872,3.1129032258064515,11.929032258064517,5,120.0,13,31,1.0,1.0,1.0,1.0,0.16129032258064516,0.41935483870967744,True,5,13,6.57196029776675,91.56153846153846,0.695781637717122,28.43846153846154,1.3105939679072502,METEOSWISS_SMN_DAILY_SELECTED,06:00_UTC_to_06:00_UTC_next_day,Evolène / Villa,1825.0,46.112211,7.508631
EVO,2015-06-01,30,30,30,30,30,0,11.81,7.366666666666666,17.08,0,83.89999999999999,13,30,1.0,1.0,1.0,1.0,0.0,0.43333333333333335,True,6,13,11.884102564102564,78.64615384615385,-0.07410256410256366,5.2538461538461405,1.0668035993740217,METEOSWISS_SMN_DAILY_SELECTED,06:00_UTC_to_06:00_UTC_next_day,Evolène / Villa,1825.0,46.112211,7.508631
EVO,2015-07-01,31,31,31,31,31,0,15.974193548387097,10.812903225806451,21.948387096774194,0,46.1,7,31,1.0,1.0,1.0,1.0,0.0,0.22580645161290322,True,7,12,13.833333333333334,86.125,2.1408602150537632,-40.025,0.5352685050798258,METEOSWISS_SMN_DAILY_SELECTED,06:00_UTC_to_06:00_UTC_next_day,Evolène / Villa,1825.0,46.112211,7.508631
EVO,2015-08-01,31,31,31,31,31,0,13.270967741935483,9.416129032258064,18.11935483870968,0,121.8,12,31,1.0,1.0,1.0,1.0,0.0,0.3870967741935484,True,8,13,13.423573200992555,78.65384615384616,-0.15260545905707268,43.14615384615384,1.5485574572127139,METEOSWISS_SMN_DAILY_SELECTED,06:00_UTC_to_06:00_UTC_next_day,Evolène / Villa,1825.0,46.112211,7.508631
EVO,2015-09-01,30,30,30,30,30,0,7.446666666666667,3.703333333333333,12.203333333333335,1,51.900000000000006,6,30,1.0,1.0,1.0,1.0,0.03333333333333333,0.2,True,9,13,9.726923076923077,48.861538461538466,-2.28025641025641,3.03846153846154,1.0621851385390428,METEOSWISS_SMN_DAILY_SELECTED,06:00_UTC_to_06:00_UTC_next_day,Evolène / Villa,1825.0,46.112211,7.508631
EVO,2015-10-01,31,31,31,31,31,0,4.806451612903226,1.332258064516129,9.141935483870967,10,49.69999999999999,7,31,1.0,1.0,1.0,1.0,0.3225806451612903,0.22580645161290322,True,10,13,6.754838709677419,58.15384615384615,-1.9483870967741934,-8.453846153846165,0.8546296296296294,METEOSWISS_SMN_DAILY_SELECTED,06:00_UTC_to_06:00_UTC_next_day,Evolène / Villa,1825.0,46.112211,7.508631
EVO,2015-11-01,30,30,30,30,30,0,3.8800000000000003,0.33333333333333337,8.026666666666667,10,50.599999999999994,6,30,1.0,1.0,1.0,1.0,0.3333333333333333,0.2,True,11,13,1.582051282051282,57.43846153846154,2.297948717948718,-6.838461538461544,0.8809428150528993,METEOSWISS_SMN_DAILY_SELECTED,06:00_UTC_to_06:00_UTC_next_day,Evolène / Villa,1825.0,46.112211,7.508631
EVO,2015-12-01,31,31,31,31,31,0,3.6451612903225805,0.5483870967741935,7.503225806451613,14,2.4000000000000004,1,31,1.0,1.0,1.0,1.0,0.45161290322580644,0.03225806451612903,True,12,13,0.022332506203473927,57.00769230769231,3.6228287841191067,-54.60769230769231,0.04209958170287411,METEOSWISS_SMN_DAILY_SELECTED,06:00_UTC_to_06:00_UTC_next_day,Evolène / Villa,1825.0,46.112211,7.508631
EVO,2016-01-01,31,31,31,31,31,0,-2.129032258064516,-4.809677419354839,0.696774193548387,28,80.50000000000001,13,31,1.0,1.0,1.0,1.0,0.9032258064516129,0.41935483870967744,True,1,13,-2.2506203473945408,57.676923076923075,0.12158808933002474,22.82307692307694,1.395705521472393,METEOSWISS_SMN_DAILY_SELECTED,06:00_UTC_to_06:00_UTC_next_day,Evolène / Villa,1825.0,46.112211,7.508631
EVO,2016-02-01,29,29,29,29,29,0,-1.6896551724137931,-5.062068965517242,1.5793103448275863,26,72.10000000000001,13,29,1.0,1.0,1.0,1.0,0.896551724137931,0.4482758620689655,True,2,13,-1.3829480863963621,39.23076923076923,-0.306707086017431,32.869230769230775,1.837843137254902,METEOSWISS_SMN_DAILY_SELECTED,06:00_UTC_to_06:00_UTC_next_day,Evolène / Villa,1825.0,46.112211,7.508631
EVO,2016-03-01,31,31,31,31,31,0,-1.5225806451612904,-5.190322580645161,2.8,29,29.3,6,31,1.0,1.0,1.0,1.0,0.9354838709677419,0.1935483870967742,True,3,13,0.5575682382133995,47.284615384615385,-2.08014888337469,-17.984615384615385,0.6196518626972507,METEOSWISS_SMN_DAILY_SELECTED,06:00_UTC_to_06:00_UTC_next_day,Evolène / Villa,1825.0,46.112211,7.508631
EVO,2016-04-01,30,30,30,30,30,0,3.0566666666666666,-0.6266666666666666,7.566666666666666,16,65.2,12,30,1.0,1.0,1.0,1.0,0.5333333333333333,0.4,True,4,13,3.8202564102564103,51.41538461538461,-0.7635897435897436,13.784615384615392,1.268102932375823,METEOSWISS_SMN_DAILY_SELECTED,06:00_UTC_to_06:00_UTC_next_day,Evolène / Villa,1825.0,46.112211,7.508631
EVO,2016-05-01,31,31,31,31,31,0,5.774193548387097,1.7354838709677418,10.425806451612903,10,97.89999999999999,11,31,1.0,1.0,1.0,1.0,0.3225806451612903,0.3548387096774194,True,5,13,6.57196029776675,91.56153846153846,-0.7977667493796528,6.33846153846153,1.0692262454843315,METEOSWISS_SMN_DAILY_SELECTED,06:00_UTC_to_06:00_UTC_next_day,Evolène / Villa,1825.0,46.112211,7.508631
EVO,2016-06-01,30,30,30,30,30,0,9.66,5.85,14.093333333333334,0,99.3,16,30,1.0,1.0,1.0,1.0,0.0,0.5333333333333333,True,6,13,11.884102564102564,78.64615384615385,-2.224102564102564,20.653846153846146,1.2626173708920188,METEOSWISS_SMN_DAILY_SELECTED,06:00_UTC_to_06:00_UTC_next_day,Evolène / Villa,1825.0,46.112211,7.508631
EVO,2016-07-01,31,31,31,31,17,0,13.235483870967743,8.638709677419355,18.458064516129035,0,55.0,7,31,1.0,1.0,1.0,0.5483870967741935,0.0,0.4117647058823529,False,7,12,13.833333333333334,86.125,NA,NA,NA,METEOSWISS_SMN_DAILY_SELECTED,06:00_UTC_to_06:00_UTC_next_day,Evolène / Villa,1825.0,46.112211,7.508631
EVO,2016-08-01,31,31,31,31,31,0,13.283870967741937,8.825806451612904,18.36774193548387,0,35.50000000000001,5,31,1.0,1.0,1.0,1.0,0.0,0.16129032258064516,True,8,13,13.423573200992555,78.65384615384616,-0.1397022332506186,-43.15384615384615,0.45134474327628366,METEOSWISS_SMN_DAILY_SELECTED,06:00_UTC_to_06:00_UTC_next_day,Evolène / Villa,1825.0,46.112211,7.508631
EVO,2016-09-01,30,30,30,30,30,0,10.836666666666668,7.253333333333333,15.683333333333334,0,47.49999999999999,8,30,1.0,1.0,1.0,1.0,0.0,0.26666666666666666,True,9,13,9.726923076923077,48.861538461538466,1.1097435897435908,-1.3615384615384727,0.9721347607052895,METEOSWISS_SMN_DAILY_SELECTED,06:00_UTC_to_06:00_UTC_next_day,Evolène / Villa,1825.0,46.112211,7.508631
EVO,2016-10-01,31,31,31,31,31,0,4.503225806451613,0.964516129032258,9.109677419354838,12,37.6,6,31,1.0,1.0,1.0,1.0,0.3870967741935484,0.1935483870967742,True,10,13,6.754838709677419,58.15384615384615,-2.2516129032258068,-20.553846153846152,0.6465608465608466,METEOSWISS_SMN_DAILY_SELECTED,06:00_UTC_to_06:00_UTC_next_day,Evolène / Villa,1825.0,46.112211,7.508631
EVO,2016-11-01,30,30,30,30,30,0,1.0866666666666667,-2.1566666666666667,4.473333333333333,20,46.5,8,30,1.0,1.0,1.0,1.0,0.6666666666666666,0.26666666666666666,True,11,13,1.582051282051282,57.43846153846154,-0.4953846153846153,-10.938461538461539,0.8095620731217357,METEOSWISS_SMN_DAILY_SELECTED,06:00_UTC_to_06:00_UTC_next_day,Evolène / Villa,1825.0,46.112211,7.508631
EVO,2016-12-01,31,31,31,31,31,0,2.083870967741935,-0.8999999999999999,6.274193548387097,23,0.7999999999999999,0,31,1.0,1.0,1.0,1.0,0.7419354838709677,0.0,True,12,13,0.022332506203473927,57.00769230769231,2.0615384615384613,-56.20769230769231,0.014033193900958033,METEOSWISS_SMN_DAILY_SELECTED,06:00_UTC_to_06:00_UTC_next_day,Evolène / Villa,1825.0,46.112211,7.508631
EVO,2017-01-01,31,31,31,31,31,0,-4.66774193548387,-7.803225806451613,-1.1548387096774193,30,43.599999999999994,8,31,1.0,1.0,1.0,1.0,0.967741935483871,0.25806451612903225,True,1,13,-2.2506203473945408,57.676923076923075,-2.4171215880893295,-14.07692307692308,0.755934915977594,METEOSWISS_SMN_DAILY_SELECTED,06:00_UTC_to_06:00_UTC_next_day,Evolène / Villa,1825.0,46.112211,7.508631
EVO,2017-02-01,28,28,28,28,28,0,-0.25000000000000006,-3.45,3.6,23,38.1,6,28,1.0,1.0,1.0,1.0,0.8214285714285714,0.21428571428571427,True,2,13,-1.3829480863963621,39.23076923076923,1.1329480863963621,-1.130769230769232,0.9711764705882353,METEOSWISS_SMN_DAILY_SELECTED,06:00_UTC_to_06:00_UTC_next_day,Evolène / Villa,1825.0,46.112211,7.508631
EVO,2017-03-01,31,31,31,31,31,0,3.303225806451613,-0.3838709677419355,7.583870967741936,13,51.699999999999996,10,31,1.0,1.0,1.0,1.0,0.41935483870967744,0.3225806451612903,True,3,13,0.5575682382133995,47.284615384615385,2.7456575682382134,4.41538461538461,1.0933788840084593,METEOSWISS_SMN_DAILY_SELECTED,06:00_UTC_to_06:00_UTC_next_day,Evolène / Villa,1825.0,46.112211,7.508631
EVO,2017-04-01,30,30,30,30,30,0,3.143333333333333,-1.2699999999999998,8.610000000000001,17,25.700000000000003,7,30,1.0,1.0,1.0,1.0,0.5666666666666667,0.23333333333333334,True,4,13,3.8202564102564103,51.41538461538461,-0.6769230769230772,-25.715384615384608,0.49985038898862966,METEOSWISS_SMN_DAILY_SELECTED,06:00_UTC_to_06:00_UTC_next_day,Evolène / Villa,1825.0,46.112211,7.508631
EVO,2017-05-01,31,31,31,31,31,0,7.82258064516129,3.512903225806452,13.264516129032257,10,51.400000000000006,10,31,1.0,1.0,1.0,1.0,0.3225806451612903,0.3225806451612903,True,5,13,6.57196029776675,91.56153846153846,1.2506203473945403,-40.161538461538456,0.5613710829202723,METEOSWISS_SMN_DAILY_SELECTED,06:00_UTC_to_06:00_UTC_next_day,Evolène / Villa,1825.0,46.112211,7.508631
EVO,2017-06-01,30,30,30,30,30,0,13.223333333333333,8.8,18.59,0,86.5,14,30,1.0,1.0,1.0,1.0,0.0,0.4666666666666667,True,6,13,11.884102564102564,78.64615384615385,1.3392307692307686,7.853846153846149,1.0998630672926446,METEOSWISS_SMN_DAILY_SELECTED,06:00_UTC_to_06:00_UTC_next_day,Evolène / Villa,1825.0,46.112211,7.508631
EVO,2017-07-01,31,31,31,31,31,0,13.319354838709677,8.974193548387097,18.864516129032257,0,61.0,10,31,1.0,1.0,1.0,1.0,0.0,0.3225806451612903,True,7,12,13.833333333333334,86.125,-0.5139784946236574,-25.125,0.7082728592162555,METEOSWISS_SMN_DAILY_SELECTED,06:00_UTC_to_06:00_UTC_next_day,Evolène / Villa,1825.0,46.112211,7.508631
EVO,2017-08-01,31,31,31,31,31,0,14.03225806451613,9.958064516129031,18.967741935483872,0,113.6,11,31,1.0,1.0,1.0,1.0,0.0,0.3548387096774194,True,8,13,13.423573200992555,78.65384615384616,0.6086848635235746,34.946153846153834,1.4443031784841074,METEOSWISS_SMN_DAILY_SELECTED,06:00_UTC_to_06:00_UTC_next_day,Evolène / Villa,1825.0,46.112211,7.508631
EVO,2017-09-01,30,30,30,30,30,0,6.996666666666667,3.14,11.566666666666666,6,35.699999999999996,5,30,1.0,1.0,1.0,1.0,0.2,0.16666666666666666,True,9,13,9.726923076923077,48.861538461538466,-2.73025641025641,-13.16153846153847,0.7306360201511334,METEOSWISS_SMN_DAILY_SELECTED,06:00_UTC_to_06:00_UTC_next_day,Evolène / Villa,1825.0,46.112211,7.508631
EVO,2017-10-01,31,31,31,31,31,0,7.374193548387097,3.393548387096774,12.05483870967742,7,23.199999999999996,7,31,1.0,1.0,1.0,1.0,0.22580645161290322,0.22580645161290322,True,10,13,6.754838709677419,58.15384615384615,0.6193548387096772,-34.95384615384616,0.3989417989417989,METEOSWISS_SMN_DAILY_SELECTED,06:00_UTC_to_06:00_UTC_next_day,Evolène / Villa,1825.0,46.112211,7.508631
EVO,2017-11-01,30,30,30,30,30,0,-0.2533333333333333,-3.253333333333333,3.19,21,55.0,7,30,1.0,1.0,1.0,1.0,0.7,0.23333333333333334,True,11,13,1.582051282051282,57.43846153846154,-1.8353846153846152,-2.4384615384615387,0.9575465381009777,METEOSWISS_SMN_DAILY_SELECTED,06:00_UTC_to_06:00_UTC_next_day,Evolène / Villa,1825.0,46.112211,7.508631
EVO,2017-12-01,31,31,31,31,31,0,-3.4193548387096775,-6.970967741935484,0.17096774193548384,30,89.2,10,31,1.0,1.0,1.0,1.0,0.967741935483871,0.3225806451612903,True,12,13,0.022332506203473927,57.00769230769231,-3.4416873449131513,32.19230769230769,1.564701119956821,METEOSWISS_SMN_DAILY_SELECTED,06:00_UTC_to_06:00_UTC_next_day,Evolène / Villa,1825.0,46.112211,7.508631
EVO,2018-01-01,31,31,31,31,31,0,-0.7387096774193548,-3.4645161290322584,2.9548387096774196,28,195.1,13,31,1.0,1.0,1.0,1.0,0.9032258064516129,0.41935483870967744,True,1,13,-2.2506203473945408,57.676923076923075,1.5119106699751859,137.4230769230769,3.3826353694318487,METEOSWISS_SMN_DAILY_SELECTED,06:00_UTC_to_06:00_UTC_next_day,Evolène / Villa,1825.0,46.112211,7.508631
EVO,2018-02-01,28,28,28,28,28,0,-6.646428571428571,-10.25357142857143,-3.0142857142857147,27,25.099999999999998,6,28,1.0,1.0,1.0,1.0,0.9642857142857143,0.21428571428571427,True,2,13,-1.3829480863963621,39.23076923076923,-5.263480485032209,-14.130769230769236,0.6398039215686273,METEOSWISS_SMN_DAILY_SELECTED,06:00_UTC_to_06:00_UTC_next_day,Evolène / Villa,1825.0,46.112211,7.508631
EVO,2018-03-01,31,31,31,31,31,0,-1.964516129032258,-5.122580645161291,1.4516129032258065,31,48.9,11,31,1.0,1.0,1.0,1.0,1.0,0.3548387096774194,True,3,13,0.5575682382133995,47.284615384615385,-2.5220843672456574,1.6153846153846132,1.0341630063445584,METEOSWISS_SMN_DAILY_SELECTED,06:00_UTC_to_06:00_UTC_next_day,Evolène / Villa,1825.0,46.112211,7.508631
EVO,2018-04-01,30,30,30,30,30,0,6.083333333333333,2.0166666666666666,10.816666666666666,11,31.400000000000006,6,30,1.0,1.0,1.0,1.0,0.36666666666666664,0.2,True,4,13,3.8202564102564103,51.41538461538461,2.2630769230769228,-20.015384615384605,0.6107121484141235,METEOSWISS_SMN_DAILY_SELECTED,06:00_UTC_to_06:00_UTC_next_day,Evolène / Villa,1825.0,46.112211,7.508631
EVO,2018-05-01,31,31,31,31,31,0,7.983870967741935,4.141935483870968,13.051612903225807,2,81.7,13,31,1.0,1.0,1.0,1.0,0.06451612903225806,0.41935483870967744,True,5,13,6.57196029776675,91.56153846153846,1.4119106699751853,-9.861538461538458,0.8922960598168529,METEOSWISS_SMN_DAILY_SELECTED,06:00_UTC_to_06:00_UTC_next_day,Evolène / Villa,1825.0,46.112211,7.508631
EVO,2018-06-01,30,30,30,30,30,0,11.826666666666666,7.1433333333333335,17.3,0,47.300000000000004,5,30,1.0,1.0,1.0,1.0,0.0,0.16666666666666666,True,6,13,11.884102564102564,78.64615384615385,-0.05743589743589794,-31.346153846153847,0.6014280125195618,METEOSWISS_SMN_DAILY_SELECTED,06:00_UTC_to_06:00_UTC_next_day,Evolène / Villa,1825.0,46.112211,7.508631
EVO,2018-07-01,31,31,31,31,31,0,14.36774193548387,9.661290322580646,20.23548387096774,0,98.69999999999999,11,31,1.0,1.0,1.0,1.0,0.0,0.3548387096774194,True,7,12,13.833333333333334,86.125,0.5344086021505365,12.574999999999989,1.1460087082728592,METEOSWISS_SMN_DAILY_SELECTED,06:00_UTC_to_06:00_UTC_next_day,Evolène / Villa,1825.0,46.112211,7.508631
EVO,2018-08-01,31,31,31,31,31,0,13.606451612903227,9.516129032258064,18.76451612903226,0,115.00000000000001,13,31,1.0,1.0,1.0,1.0,0.0,0.41935483870967744,True,8,13,13.423573200992555,78.65384615384616,0.18287841191067145,36.346153846153854,1.4621026894865525,METEOSWISS_SMN_DAILY_SELECTED,06:00_UTC_to_06:00_UTC_next_day,Evolène / Villa,1825.0,46.112211,7.508631
EVO,2018-09-01,30,30,30,30,30,0,11.433333333333334,7.493333333333334,16.806666666666665,0,31.0,5,30,1.0,1.0,1.0,1.0,0.0,0.16666666666666666,True,9,13,9.726923076923077,48.861538461538466,1.7064102564102566,-17.861538461538466,0.6344458438287153,METEOSWISS_SMN_DAILY_SELECTED,06:00_UTC_to_06:00_UTC_next_day,Evolène / Villa,1825.0,46.112211,7.508631
EVO,2018-10-01,31,31,31,31,31,0,7.474193548387096,3.806451612903226,12.64516129032258,7,74.2,5,31,1.0,1.0,1.0,1.0,0.22580645161290322,0.16129032258064516,True,10,13,6.754838709677419,58.15384615384615,0.7193548387096769,16.04615384615385,1.275925925925926,METEOSWISS_SMN_DAILY_SELECTED,06:00_UTC_to_06:00_UTC_next_day,Evolène / Villa,1825.0,46.112211,7.508631
EVO,2018-11-01,30,30,30,30,30,0,2.0833333333333335,-0.8,6.193333333333333,15,21.3,3,30,1.0,1.0,1.0,1.0,0.5,0.1,True,11,13,1.582051282051282,57.43846153846154,0.5012820512820515,-36.13846153846154,0.3708316593009241,METEOSWISS_SMN_DAILY_SELECTED,06:00_UTC_to_06:00_UTC_next_day,Evolène / Villa,1825.0,46.112211,7.508631
EVO,2018-12-01,31,31,31,31,31,0,-0.367741935483871,-3.6322580645161286,2.729032258064516,24,122.8,13,31,1.0,1.0,1.0,1.0,0.7741935483870968,0.41935483870967744,True,12,13,0.022332506203473927,57.00769230769231,-0.39007444168734495,65.79230769230769,2.1540952637970583,METEOSWISS_SMN_DAILY_SELECTED,06:00_UTC_to_06:00_UTC_next_day,Evolène / Villa,1825.0,46.112211,7.508631
EVO,2019-01-01,31,31,31,31,31,0,-5.490322580645161,-8.496774193548386,-2.3096774193548386,31,37.8,6,31,1.0,1.0,1.0,1.0,1.0,0.1935483870967742,True,1,13,-2.2506203473945408,57.676923076923075,-3.2397022332506205,-19.876923076923077,0.6553747666044278,METEOSWISS_SMN_DAILY_SELECTED,06:00_UTC_to_06:00_UTC_next_day,Evolène / Villa,1825.0,46.112211,7.508631
EVO,2019-02-01,28,28,28,28,28,0,1.2107142857142856,-2.2392857142857143,4.9071428571428575,18,18.7,5,28,1.0,1.0,1.0,1.0,0.6428571428571429,0.17857142857142858,True,2,13,-1.3829480863963621,39.23076923076923,2.5936623721106478,-20.530769230769234,0.4766666666666666,METEOSWISS_SMN_DAILY_SELECTED,06:00_UTC_to_06:00_UTC_next_day,Evolène / Villa,1825.0,46.112211,7.508631
EVO,2019-03-01,31,31,31,31,31,0,0.8129032258064515,-3.5354838709677416,5.929032258064517,27,46.199999999999996,11,31,1.0,1.0,1.0,1.0,0.8709677419354839,0.3548387096774194,True,3,13,0.5575682382133995,47.284615384615385,0.25533498759305195,-1.0846153846153896,0.9770619814543678,METEOSWISS_SMN_DAILY_SELECTED,06:00_UTC_to_06:00_UTC_next_day,Evolène / Villa,1825.0,46.112211,7.508631
EVO,2019-04-01,30,30,30,30,30,0,2.703333333333333,-1.05,7.593333333333334,19,63.39999999999999,7,30,1.0,1.0,1.0,1.0,0.6333333333333333,0.23333333333333334,True,4,13,3.8202564102564103,51.41538461538461,-1.1169230769230771,11.984615384615381,1.2330939557151406,METEOSWISS_SMN_DAILY_SELECTED,06:00_UTC_to_06:00_UTC_next_day,Evolène / Villa,1825.0,46.112211,7.508631
EVO,2019-05-01,31,31,31,31,31,0,4.051612903225807,-0.038709677419354785,8.619354838709677,14,55.59999999999999,8,31,1.0,1.0,1.0,1.0,0.45161290322580644,0.25806451612903225,True,5,13,6.57196029776675,91.56153846153846,-2.520347394540943,-35.961538461538474,0.6072418717970258,METEOSWISS_SMN_DAILY_SELECTED,06:00_UTC_to_06:00_UTC_next_day,Evolène / Villa,1825.0,46.112211,7.508631
EVO,2019-06-01,30,30,30,30,30,0,13.42,8.343333333333334,18.903333333333332,0,82.1,8,30,1.0,1.0,1.0,1.0,0.0,0.26666666666666666,True,6,13,11.884102564102564,78.64615384615385,1.5358974358974358,3.4538461538461434,1.0439162754303597,METEOSWISS_SMN_DAILY_SELECTED,06:00_UTC_to_06:00_UTC_next_day,Evolène / Villa,1825.0,46.112211,7.508631
EVO,2019-07-01,31,31,31,31,31,0,14.577419354838709,9.958064516129031,20.0,0,67.5,9,31,1.0,1.0,1.0,1.0,0.0,0.2903225806451613,True,7,12,13.833333333333334,86.125,0.7440860215053746,-18.625,0.783744557329463,METEOSWISS_SMN_DAILY_SELECTED,06:00_UTC_to_06:00_UTC_next_day,Evolène / Villa,1825.0,46.112211,7.508631
EVO,2019-08-01,31,31,31,31,31,0,13.741935483870968,9.635483870967741,18.87741935483871,0,64.2,10,31,1.0,1.0,1.0,1.0,0.0,0.3225806451612903,True,8,13,13.423573200992555,78.65384615384616,0.31836228287841273,-14.453846153846158,0.8162347188264059,METEOSWISS_SMN_DAILY_SELECTED,06:00_UTC_to_06:00_UTC_next_day,Evolène / Villa,1825.0,46.112211,7.508631
EVO,2019-09-01,30,30,30,30,30,0,10.346666666666666,6.613333333333333,15.16,0,15.699999999999998,3,30,1.0,1.0,1.0,1.0,0.0,0.1,True,9,13,9.726923076923077,48.861538461538466,0.6197435897435888,-33.16153846153847,0.32131612090680095,METEOSWISS_SMN_DAILY_SELECTED,06:00_UTC_to_06:00_UTC_next_day,Evolène / Villa,1825.0,46.112211,7.508631
EVO,2019-10-01,31,31,31,31,31,0,7.961290322580646,4.422580645161291,12.316129032258065,2,70.7,10,31,1.0,1.0,1.0,1.0,0.06451612903225806,0.3225806451612903,True,10,13,6.754838709677419,58.15384615384615,1.2064516129032263,12.54615384615385,1.2157407407407408,METEOSWISS_SMN_DAILY_SELECTED,06:00_UTC_to_06:00_UTC_next_day,Evolène / Villa,1825.0,46.112211,7.508631
EVO,2019-11-01,30,30,30,30,30,0,-0.33999999999999997,-2.746666666666667,2.6733333333333333,24,69.3,12,30,1.0,1.0,1.0,1.0,0.8,0.4,True,11,13,1.582051282051282,57.43846153846154,-1.922051282051282,11.861538461538458,1.2065086380072318,METEOSWISS_SMN_DAILY_SELECTED,06:00_UTC_to_06:00_UTC_next_day,Evolène / Villa,1825.0,46.112211,7.508631
EVO,2019-12-01,31,31,31,31,31,0,0.5161290322580645,-2.370967741935484,3.761290322580645,21,78.2,13,31,1.0,1.0,1.0,1.0,0.6774193548387096,0.41935483870967744,True,12,13,0.022332506203473927,57.00769230769231,0.49379652605459057,21.192307692307693,1.3717447038186479,METEOSWISS_SMN_DAILY_SELECTED,06:00_UTC_to_06:00_UTC_next_day,Evolène / Villa,1825.0,46.112211,7.508631
EVO,2020-01-01,31,31,31,31,31,0,0.27419354838709675,-2.9161290322580644,3.5161290322580645,27,21.3,4,31,1.0,1.0,1.0,1.0,0.8709677419354839,0.12903225806451613,True,1,13,-2.2506203473945408,57.676923076923075,2.5248138957816373,-36.37692307692308,0.3692984795945586,METEOSWISS_SMN_DAILY_SELECTED,06:00_UTC_to_06:00_UTC_next_day,Evolène / Villa,1825.0,46.112211,7.508631
EVO,2020-02-01,29,29,29,29,29,0,0.7655172413793103,-2.886206896551724,4.86551724137931,22,86.0,10,29,1.0,1.0,1.0,1.0,0.7586206896551724,0.3448275862068966,True,2,13,-1.3829480863963621,39.23076923076923,2.1484653277756722,46.76923076923077,2.192156862745098,METEOSWISS_SMN_DAILY_SELECTED,06:00_UTC_to_06:00_UTC_next_day,Evolène / Villa,1825.0,46.112211,7.508631
EVO,2020-03-01,31,31,31,31,31,0,0.503225806451613,-3.012903225806452,4.803225806451613,22,55.900000000000006,8,31,1.0,1.0,1.0,1.0,0.7096774193548387,0.25806451612903225,True,3,13,0.5575682382133995,47.284615384615385,-0.05434243176178655,8.61538461538462,1.1822027005043112,METEOSWISS_SMN_DAILY_SELECTED,06:00_UTC_to_06:00_UTC_next_day,Evolène / Villa,1825.0,46.112211,7.508631
EVO,2020-04-01,30,30,30,30,30,0,6.3566666666666665,2.256666666666667,11.53,4,26.6,4,30,1.0,1.0,1.0,1.0,0.13333333333333333,0.13333333333333333,True,4,13,3.8202564102564103,51.41538461538461,2.536410256410256,-24.81538461538461,0.5173548773189708,METEOSWISS_SMN_DAILY_SELECTED,06:00_UTC_to_06:00_UTC_next_day,Evolène / Villa,1825.0,46.112211,7.508631
EVO,2020-05-01,31,31,31,31,31,0,8.44516129032258,4.193548387096774,13.59032258064516,3,72.0,10,31,1.0,1.0,1.0,1.0,0.0967741935483871,0.3225806451612903,True,5,13,6.57196029776675,91.56153846153846,1.873200992555831,-19.56153846153846,0.7863563807443502,METEOSWISS_SMN_DAILY_SELECTED,06:00_UTC_to_06:00_UTC_next_day,Evolène / Villa,1825.0,46.112211,7.508631
EVO,2020-06-01,30,30,30,30,30,0,9.616666666666667,5.7733333333333325,14.466666666666667,0,142.1,14,30,1.0,1.0,1.0,1.0,0.0,0.4666666666666667,True,6,13,11.884102564102564,78.64615384615385,-2.267435897435897,63.45384615384614,1.8068270735524254,METEOSWISS_SMN_DAILY_SELECTED,06:00_UTC_to_06:00_UTC_next_day,Evolène / Villa,1825.0,46.112211,7.508631
EVO,2020-07-01,31,31,31,31,31,0,13.829032258064515,9.019354838709678,19.206451612903226,0,43.1,8,31,1.0,1.0,1.0,1.0,0.0,0.25806451612903225,True,7,12,13.833333333333334,86.125,-0.004301075268818622,-43.025,0.5004354136429608,METEOSWISS_SMN_DAILY_SELECTED,06:00_UTC_to_06:00_UTC_next_day,Evolène / Villa,1825.0,46.112211,7.508631
EVO,2020-08-01,31,31,31,31,31,0,13.348387096774195,9.212903225806452,18.348387096774193,1,124.7,11,31,1.0,1.0,1.0,1.0,0.03225806451612903,0.3548387096774194,True,8,13,13.423573200992555,78.65384615384616,-0.07518610421836058,46.04615384615384,1.5854278728606357,METEOSWISS_SMN_DAILY_SELECTED,06:00_UTC_to_06:00_UTC_next_day,Evolène / Villa,1825.0,46.112211,7.508631
EVO,2020-09-01,30,30,30,30,30,0,10.086666666666668,6.5633333333333335,14.716666666666667,4,49.699999999999996,7,30,1.0,1.0,1.0,1.0,0.13333333333333333,0.23333333333333334,True,9,13,9.726923076923077,48.861538461538466,0.3597435897435908,0.8384615384615302,1.0171599496221662,METEOSWISS_SMN_DAILY_SELECTED,06:00_UTC_to_06:00_UTC_next_day,Evolène / Villa,1825.0,46.112211,7.508631
EVO,2020-10-01,31,31,31,31,31,0,3.729032258064516,0.7000000000000001,7.919354838709677,12,93.69999999999999,10,31,1.0,1.0,1.0,1.0,0.3870967741935484,0.3225806451612903,True,10,13,6.754838709677419,58.15384615384615,-3.0258064516129033,35.546153846153835,1.6112433862433861,METEOSWISS_SMN_DAILY_SELECTED,06:00_UTC_to_06:00_UTC_next_day,Evolène / Villa,1825.0,46.112211,7.508631
EVO,2020-11-01,30,30,30,30,30,0,4.286666666666666,0.8666666666666667,8.526666666666667,12,3.8999999999999995,2,30,1.0,1.0,1.0,1.0,0.4,0.06666666666666667,True,11,13,1.582051282051282,57.43846153846154,2.7046153846153844,-53.53846153846154,0.0678987545198875,METEOSWISS_SMN_DAILY_SELECTED,06:00_UTC_to_06:00_UTC_next_day,Evolène / Villa,1825.0,46.112211,7.508631
EVO,2020-12-01,31,31,31,31,31,0,-2.648387096774193,-5.096774193548387,0.34516129032258064,28,38.900000000000006,9,31,1.0,1.0,1.0,1.0,0.9032258064516129,0.2903225806451613,True,12,13,0.022332506203473927,57.00769230769231,-2.670719602977667,-18.107692307692304,0.6823640534340846,METEOSWISS_SMN_DAILY_SELECTED,06:00_UTC_to_06:00_UTC_next_day,Evolène / Villa,1825.0,46.112211,7.508631
EVO,2021-01-01,31,31,31,31,31,0,-4.95483870967742,-7.583870967741936,-2.161290322580645,31,69.79999999999998,11,31,1.0,1.0,1.0,1.0,1.0,0.3548387096774194,True,1,13,-2.2506203473945408,57.676923076923075,-2.704218362282879,12.123076923076908,1.2101893838356892,METEOSWISS_SMN_DAILY_SELECTED,06:00_UTC_to_06:00_UTC_next_day,Evolène / Villa,1825.0,46.112211,7.508631
EVO,2021-02-01,28,28,28,28,28,0,0.9392857142857143,-2.4499999999999997,4.682142857142857,17,17.2,5,28,1.0,1.0,1.0,1.0,0.6071428571428571,0.17857142857142858,True,2,13,-1.3829480863963621,39.23076923076923,2.3222338006820764,-22.030769230769234,0.43843137254901954,METEOSWISS_SMN_DAILY_SELECTED,06:00_UTC_to_06:00_UTC_next_day,Evolène / Villa,1825.0,46.112211,7.508631
EVO,2021-03-01,31,31,31,31,31,0,-0.11612903225806451,-3.7064516129032254,4.33225806451613,26,31.599999999999998,6,31,1.0,1.0,1.0,1.0,0.8387096774193549,0.1935483870967742,True,3,13,0.5575682382133995,47.284615384615385,-0.673697270471464,-15.684615384615388,0.668293476492598,METEOSWISS_SMN_DAILY_SELECTED,06:00_UTC_to_06:00_UTC_next_day,Evolène / Villa,1825.0,46.112211,7.508631
EVO,2021-04-01,30,30,30,30,30,0,1.6066666666666665,-2.3333333333333335,6.79,20,23.0,7,30,1.0,1.0,1.0,1.0,0.6666666666666666,0.23333333333333334,True,4,13,3.8202564102564103,51.41538461538461,-2.213589743589744,-28.41538461538461,0.4473369239976063,METEOSWISS_SMN_DAILY_SELECTED,06:00_UTC_to_06:00_UTC_next_day,Evolène / Villa,1825.0,46.112211,7.508631
EVO,2021-05-01,31,31,31,31,31,0,4.164516129032258,0.18064516129032254,8.819354838709677,22,129.8,13,31,1.0,1.0,1.0,1.0,0.7096774193548387,0.41935483870967744,True,5,13,6.57196029776675,91.56153846153846,-2.407444168734492,38.23846153846155,1.4176258086196758,METEOSWISS_SMN_DAILY_SELECTED,06:00_UTC_to_06:00_UTC_next_day,Evolène / Villa,1825.0,46.112211,7.508631
EVO,2021-06-01,30,30,30,30,30,0,12.26,7.8133333333333335,17.61,0,54.1,8,30,1.0,1.0,1.0,1.0,0.0,0.26666666666666666,True,6,13,11.884102564102564,78.64615384615385,0.37589743589743563,-24.54615384615385,0.6878912363067292,METEOSWISS_SMN_DAILY_SELECTED,06:00_UTC_to_06:00_UTC_next_day,Evolène / Villa,1825.0,46.112211,7.508631
EVO,2021-07-01,31,31,31,31,31,0,12.006451612903225,7.987096774193549,16.825806451612905,0,145.99999999999997,16,31,1.0,1.0,1.0,1.0,0.0,0.5161290322580645,True,7,12,13.833333333333334,86.125,-1.8268817204301087,59.87499999999997,1.6952104499274308,METEOSWISS_SMN_DAILY_SELECTED,06:00_UTC_to_06:00_UTC_next_day,Evolène / Villa,1825.0,46.112211,7.508631
EVO,2021-08-01,31,31,31,31,31,0,11.783870967741937,7.577419354838709,16.712903225806453,0,39.6,8,31,1.0,1.0,1.0,1.0,0.0,0.25806451612903225,True,8,13,13.423573200992555,78.65384615384616,-1.6397022332506186,-39.05384615384616,0.5034718826405867,METEOSWISS_SMN_DAILY_SELECTED,06:00_UTC_to_06:00_UTC_next_day,Evolène / Villa,1825.0,46.112211,7.508631
EVO,2021-09-01,30,30,30,30,30,0,10.453333333333335,6.83,15.013333333333332,1,63.300000000000004,9,30,1.0,1.0,1.0,1.0,0.03333333333333333,0.3,True,9,13,9.726923076923077,48.861538461538466,0.7264102564102579,14.438461538461539,1.2954974811083124,METEOSWISS_SMN_DAILY_SELECTED,06:00_UTC_to_06:00_UTC_next_day,Evolène / Villa,1825.0,46.112211,7.508631
EVO,2021-10-01,31,31,31,31,31,0,5.593548387096774,1.974193548387097,10.40967741935484,6,25.5,4,31,1.0,1.0,1.0,1.0,0.1935483870967742,0.12903225806451613,True,10,13,6.754838709677419,58.15384615384615,-1.161290322580645,-32.65384615384615,0.4384920634920635,METEOSWISS_SMN_DAILY_SELECTED,06:00_UTC_to_06:00_UTC_next_day,Evolène / Villa,1825.0,46.112211,7.508631
EVO,2021-11-01,30,30,30,30,30,0,0.7433333333333334,-2.353333333333333,4.61,23,28.000000000000004,5,30,1.0,1.0,1.0,1.0,0.7666666666666667,0.16666666666666666,True,11,13,1.582051282051282,57.43846153846154,-0.8387179487179486,-29.438461538461535,0.4874782375786796,METEOSWISS_SMN_DAILY_SELECTED,06:00_UTC_to_06:00_UTC_next_day,Evolène / Villa,1825.0,46.112211,7.508631
EVO,2021-12-01,31,31,31,31,31,0,-0.13870967741935486,-2.990322580645161,2.9612903225806453,22,78.19999999999999,10,31,1.0,1.0,1.0,1.0,0.7096774193548387,0.3225806451612903,True,12,13,0.022332506203473927,57.00769230769231,-0.1610421836228288,21.19230769230768,1.3717447038186477,METEOSWISS_SMN_DAILY_SELECTED,06:00_UTC_to_06:00_UTC_next_day,Evolène / Villa,1825.0,46.112211,7.508631
EVO,2022-01-01,31,31,31,31,31,0,-0.4354838709677419,-3.629032258064516,3.458064516129032,24,14.5,5,31,1.0,1.0,1.0,1.0,0.7741935483870968,0.16129032258064516,True,1,13,-2.2506203473945408,57.676923076923075,1.8151364764267988,-43.176923076923075,0.25140037343291544,METEOSWISS_SMN_DAILY_SELECTED,06:00_UTC_to_06:00_UTC_next_day,Evolène / Villa,1825.0,46.112211,7.508631
EVO,2022-02-01,28,28,28,28,28,0,-0.6535714285714285,-4.057142857142857,3.4035714285714285,24,41.89999999999999,8,28,1.0,1.0,1.0,1.0,0.8571428571428571,0.2857142857142857,True,2,13,-1.3829480863963621,39.23076923076923,0.7293766578249337,2.669230769230758,1.0680392156862741,METEOSWISS_SMN_DAILY_SELECTED,06:00_UTC_to_06:00_UTC_next_day,Evolène / Villa,1825.0,46.112211,7.508631
EVO,2022-03-01,31,31,31,31,31,0,1.467741935483871,-2.3,6.535483870967742,24,5.2,2,31,1.0,1.0,1.0,1.0,0.7741935483870968,0.06451612903225806,True,3,13,0.5575682382133995,47.284615384615385,0.9101736972704715,-42.08461538461538,0.10997234423295917,METEOSWISS_SMN_DAILY_SELECTED,06:00_UTC_to_06:00_UTC_next_day,Evolène / Villa,1825.0,46.112211,7.508631
EVO,2022-04-01,30,30,30,30,30,0,3.353333333333333,-0.8533333333333334,8.416666666666666,14,38.8,8,30,1.0,1.0,1.0,1.0,0.4666666666666667,0.26666666666666666,True,4,13,3.8202564102564103,51.41538461538461,-0.4669230769230772,-12.615384615384613,0.7546379413524835,METEOSWISS_SMN_DAILY_SELECTED,06:00_UTC_to_06:00_UTC_next_day,Evolène / Villa,1825.0,46.112211,7.508631
EVO,2022-05-01,31,31,31,31,31,0,9.787096774193548,5.619354838709677,14.748387096774193,1,53.7,14,31,1.0,1.0,1.0,1.0,0.03225806451612903,0.45161290322580644,True,5,13,6.57196029776675,91.56153846153846,3.2151364764267987,-37.86153846153846,0.5864908006384946,METEOSWISS_SMN_DAILY_SELECTED,06:00_UTC_to_06:00_UTC_next_day,Evolène / Villa,1825.0,46.112211,7.508631
EVO,2022-06-01,30,30,30,30,30,0,13.686666666666667,8.770000000000001,19.303333333333335,0,82.1,13,30,1.0,1.0,1.0,1.0,0.0,0.43333333333333335,True,6,13,11.884102564102564,78.64615384615385,1.8025641025641033,3.4538461538461434,1.0439162754303597,METEOSWISS_SMN_DAILY_SELECTED,06:00_UTC_to_06:00_UTC_next_day,Evolène / Villa,1825.0,46.112211,7.508631
EVO,2022-07-01,31,31,31,31,31,0,15.748387096774193,10.72258064516129,21.719354838709677,0,35.4,6,31,1.0,1.0,1.0,1.0,0.0,0.1935483870967742,True,7,12,13.833333333333334,86.125,1.9150537634408593,-50.725,0.4110304789550072,METEOSWISS_SMN_DAILY_SELECTED,06:00_UTC_to_06:00_UTC_next_day,Evolène / Villa,1825.0,46.112211,7.508631
EVO,2022-08-01,31,31,31,31,31,0,14.812903225806451,10.319354838709677,20.325806451612905,0,45.900000000000006,7,31,1.0,1.0,1.0,1.0,0.0,0.22580645161290322,True,8,13,13.423573200992555,78.65384615384616,1.389330024813896,-32.753846153846155,0.5835696821515892,METEOSWISS_SMN_DAILY_SELECTED,06:00_UTC_to_06:00_UTC_next_day,Evolène / Villa,1825.0,46.112211,7.508631
EVO,2022-09-01,30,30,30,30,30,0,8.923333333333334,5.183333333333334,13.966666666666667,2,51.8,11,30,1.0,1.0,1.0,1.0,0.06666666666666667,0.36666666666666664,True,9,13,9.726923076923077,48.861538461538466,-0.8035897435897432,2.9384615384615316,1.060138539042821,METEOSWISS_SMN_DAILY_SELECTED,06:00_UTC_to_06:00_UTC_next_day,Evolène / Villa,1825.0,46.112211,7.508631
EVO,2022-10-01,31,31,31,31,31,0,9.848387096774195,6.593548387096774,14.3,0,70.9,9,31,1.0,1.0,1.0,1.0,0.0,0.2903225806451613,True,10,13,6.754838709677419,58.15384615384615,3.0935483870967753,12.746153846153852,1.2191798941798944,METEOSWISS_SMN_DAILY_SELECTED,06:00_UTC_to_06:00_UTC_next_day,Evolène / Villa,1825.0,46.112211,7.508631
EVO,2022-11-01,30,30,30,30,30,0,1.8433333333333333,-1.0599999999999998,5.35,19,46.7,14,30,1.0,1.0,1.0,1.0,0.6333333333333333,0.4666666666666667,True,11,13,1.582051282051282,57.43846153846154,0.2612820512820513,-10.738461538461536,0.8130440605330119,METEOSWISS_SMN_DAILY_SELECTED,06:00_UTC_to_06:00_UTC_next_day,Evolène / Villa,1825.0,46.112211,7.508631
EVO,2022-12-01,31,31,31,31,31,0,-0.2580645161290322,-3.070967741935484,3.2580645161290325,22,70.29999999999998,8,31,1.0,1.0,1.0,1.0,0.7096774193548387,0.25806451612903225,True,12,13,0.022332506203473927,57.00769230769231,-0.28039702233250613,13.292307692307674,1.233166914046687,METEOSWISS_SMN_DAILY_SELECTED,06:00_UTC_to_06:00_UTC_next_day,Evolène / Villa,1825.0,46.112211,7.508631
EVO,2023-01-01,31,31,31,31,31,0,-3.2225806451612904,-6.287096774193548,0.3935483870967743,27,35.6,7,31,1.0,1.0,1.0,1.0,0.8709677419354839,0.22580645161290322,True,1,13,-2.2506203473945408,57.676923076923075,-0.9719602977667496,-22.076923076923073,0.6172312616697787,METEOSWISS_SMN_DAILY_SELECTED,06:00_UTC_to_06:00_UTC_next_day,Evolène / Villa,1825.0,46.112211,7.508631
EVO,2023-02-01,28,28,28,28,28,0,0.35000000000000003,-3.0107142857142857,4.7250000000000005,19,6.000000000000001,2,28,1.0,1.0,1.0,1.0,0.6785714285714286,0.07142857142857142,True,2,13,-1.3829480863963621,39.23076923076923,1.7329480863963622,-33.23076923076923,0.15294117647058825,METEOSWISS_SMN_DAILY_SELECTED,06:00_UTC_to_06:00_UTC_next_day,Evolène / Villa,1825.0,46.112211,7.508631
EVO,2023-03-01,31,31,31,31,31,0,1.270967741935484,-2.5354838709677416,5.880645161290323,25,120.4,13,31,1.0,1.0,1.0,1.0,0.8064516129032258,0.41935483870967744,True,3,13,0.5575682382133995,47.284615384615385,0.7133995037220844,73.11538461538461,2.5462827395477468,METEOSWISS_SMN_DAILY_SELECTED,06:00_UTC_to_06:00_UTC_next_day,Evolène / Villa,1825.0,46.112211,7.508631
EVO,2023-04-01,30,30,30,30,30,0,2.1033333333333335,-1.6633333333333333,6.736666666666666,22,64.7,11,30,1.0,1.0,1.0,1.0,0.7333333333333333,0.36666666666666664,True,4,13,3.8202564102564103,51.41538461538461,-1.7169230769230768,13.284615384615392,1.2583782166367445,METEOSWISS_SMN_DAILY_SELECTED,06:00_UTC_to_06:00_UTC_next_day,Evolène / Villa,1825.0,46.112211,7.508631
EVO,2023-05-01,31,31,31,31,31,0,7.377419354838709,3.7838709677419353,12.074193548387097,1,89.80000000000001,13,31,1.0,1.0,1.0,1.0,0.03225806451612903,0.41935483870967744,True,5,13,6.57196029776675,91.56153846153846,0.8054590570719595,-1.76153846153845,0.9807611526505924,METEOSWISS_SMN_DAILY_SELECTED,06:00_UTC_to_06:00_UTC_next_day,Evolène / Villa,1825.0,46.112211,7.508631
EVO,2023-06-01,30,30,30,30,30,0,12.626666666666667,8.296666666666667,18.07,0,84.6,10,30,1.0,1.0,1.0,1.0,0.0,0.3333333333333333,True,6,13,11.884102564102564,78.64615384615385,0.7425641025641028,5.953846153846143,1.0757042253521125,METEOSWISS_SMN_DAILY_SELECTED,06:00_UTC_to_06:00_UTC_next_day,Evolène / Villa,1825.0,46.112211,7.508631
EVO,2023-07-01,31,31,31,31,31,0,14.36774193548387,9.506451612903225,19.92258064516129,0,73.39999999999999,9,31,1.0,1.0,1.0,1.0,0.0,0.2903225806451613,True,7,12,13.833333333333334,86.125,0.5344086021505365,-12.725000000000009,0.8522496371552974,METEOSWISS_SMN_DAILY_SELECTED,06:00_UTC_to_06:00_UTC_next_day,Evolène / Villa,1825.0,46.112211,7.508631
EVO,2023-08-01,31,31,31,31,31,0,13.990322580645161,9.85483870967742,19.138709677419353,0,112.2,11,31,1.0,1.0,1.0,1.0,0.0,0.3548387096774194,True,8,13,13.423573200992555,78.65384615384616,0.566749379652606,33.54615384615384,1.4265036674816625,METEOSWISS_SMN_DAILY_SELECTED,06:00_UTC_to_06:00_UTC_next_day,Evolène / Villa,1825.0,46.112211,7.508631
EVO,2023-09-01,30,30,30,30,30,0,12.8,8.826666666666666,17.93,0,50.400000000000006,6,30,1.0,1.0,1.0,1.0,0.0,0.2,True,9,13,9.726923076923077,48.861538461538466,3.0730769230769237,1.53846153846154,1.0314861460957179,METEOSWISS_SMN_DAILY_SELECTED,06:00_UTC_to_06:00_UTC_next_day,Evolène / Villa,1825.0,46.112211,7.508631
EVO,2023-10-01,31,31,31,31,31,0,8.935483870967742,5.316129032258065,13.825806451612904,2,61.69999999999999,9,31,1.0,1.0,1.0,1.0,0.06451612903225806,0.2903225806451613,True,10,13,6.754838709677419,58.15384615384615,2.1806451612903226,3.5461538461538353,1.0609788359788357,METEOSWISS_SMN_DAILY_SELECTED,06:00_UTC_to_06:00_UTC_next_day,Evolène / Villa,1825.0,46.112211,7.508631
EVO,2023-11-01,30,30,30,30,30,0,-0.03333333333333335,-3.2266666666666666,3.71,26,129.10000000000002,16,30,1.0,1.0,1.0,1.0,0.8666666666666667,0.5333333333333333,True,11,13,1.582051282051282,57.43846153846154,-1.6153846153846154,71.66153846153848,2.2476228739788406,METEOSWISS_SMN_DAILY_SELECTED,06:00_UTC_to_06:00_UTC_next_day,Evolène / Villa,1825.0,46.112211,7.508631
EVO,2023-12-01,31,31,31,31,31,0,0.4096774193548387,-2.4419354838709677,3.5161290322580645,21,108.39999999999999,11,31,1.0,1.0,1.0,1.0,0.6774193548387096,0.3548387096774194,True,12,13,0.022332506203473927,57.00769230769231,0.38734491315136477,51.39230769230768,1.9014977735798135,METEOSWISS_SMN_DAILY_SELECTED,06:00_UTC_to_06:00_UTC_next_day,Evolène / Villa,1825.0,46.112211,7.508631
EVO,2024-01-01,31,31,31,31,31,0,-0.2032258064516128,-3.0903225806451613,3.1774193548387095,23,53.400000000000006,10,31,1.0,1.0,1.0,1.0,0.7419354838709677,0.3225806451612903,True,1,13,-2.2506203473945408,57.676923076923075,2.047394540942928,-4.276923076923069,0.925846892504668,METEOSWISS_SMN_DAILY_SELECTED,06:00_UTC_to_06:00_UTC_next_day,Evolène / Villa,1825.0,46.112211,7.508631
EVO,2024-02-01,29,29,29,29,29,0,1.817241379310345,-1.3103448275862069,5.486206896551724,19,31.599999999999998,5,29,1.0,1.0,1.0,1.0,0.6551724137931034,0.1724137931034483,True,2,13,-1.3829480863963621,39.23076923076923,3.200189465706707,-7.630769230769236,0.8054901960784313,METEOSWISS_SMN_DAILY_SELECTED,06:00_UTC_to_06:00_UTC_next_day,Evolène / Villa,1825.0,46.112211,7.508631
EVO,2024-03-01,31,31,31,31,31,0,1.5290322580645161,-2.225806451612903,5.906451612903226,23,93.7,15,31,1.0,1.0,1.0,1.0,0.7419354838709677,0.4838709677419355,True,3,13,0.5575682382133995,47.284615384615385,0.9714640198511166,46.41538461538462,1.9816170489669758,METEOSWISS_SMN_DAILY_SELECTED,06:00_UTC_to_06:00_UTC_next_day,Evolène / Villa,1825.0,46.112211,7.508631
EVO,2024-04-01,30,30,30,30,30,0,3.6,-0.5966666666666666,8.17,18,36.89999999999999,9,30,1.0,1.0,1.0,1.0,0.6,0.3,True,4,13,3.8202564102564103,51.41538461538461,-0.22025641025641018,-14.515384615384619,0.7176840215439856,METEOSWISS_SMN_DAILY_SELECTED,06:00_UTC_to_06:00_UTC_next_day,Evolène / Villa,1825.0,46.112211,7.508631
EVO,2024-05-01,31,31,31,31,31,0,6.348387096774194,2.890322580645161,10.922580645161291,4,134.29999999999998,18,31,1.0,1.0,1.0,1.0,0.12903225806451613,0.5806451612903226,True,5,13,6.57196029776675,91.56153846153846,-0.22357320099255595,42.73846153846152,1.4667730824161973,METEOSWISS_SMN_DAILY_SELECTED,06:00_UTC_to_06:00_UTC_next_day,Evolène / Villa,1825.0,46.112211,7.508631
EVO,2024-06-01,30,30,30,30,30,0,10.94,7.086666666666667,15.729999999999999,0,95.1,13,30,1.0,1.0,1.0,1.0,0.0,0.43333333333333335,True,6,13,11.884102564102564,78.64615384615385,-0.9441025641025647,16.453846153846143,1.209213615023474,METEOSWISS_SMN_DAILY_SELECTED,06:00_UTC_to_06:00_UTC_next_day,Evolène / Villa,1825.0,46.112211,7.508631
EVO,2024-07-01,31,31,31,31,31,0,14.435483870967742,10.087096774193547,19.693548387096776,0,84.89999999999999,10,31,1.0,1.0,1.0,1.0,0.0,0.3225806451612903,True,7,12,13.833333333333334,86.125,0.6021505376344081,-1.2250000000000085,0.98577648766328,METEOSWISS_SMN_DAILY_SELECTED,06:00_UTC_to_06:00_UTC_next_day,Evolène / Villa,1825.0,46.112211,7.508631
EVO,2024-08-01,31,31,31,31,31,0,15.312903225806451,11.258064516129032,20.483870967741936,0,51.2,7,31,1.0,1.0,1.0,1.0,0.0,0.22580645161290322,True,8,13,13.423573200992555,78.65384615384616,1.889330024813896,-27.453846153846158,0.6509535452322738,METEOSWISS_SMN_DAILY_SELECTED,06:00_UTC_to_06:00_UTC_next_day,Evolène / Villa,1825.0,46.112211,7.508631
EVO,2024-09-01,30,30,30,30,30,0,7.9366666666666665,4.496666666666667,12.533333333333333,6,97.39999999999999,12,30,1.0,1.0,1.0,1.0,0.2,0.4,True,9,13,9.726923076923077,48.861538461538466,-1.7902564102564105,48.538461538461526,1.993387909319899,METEOSWISS_SMN_DAILY_SELECTED,06:00_UTC_to_06:00_UTC_next_day,Evolène / Villa,1825.0,46.112211,7.508631
EVO,2024-10-01,31,31,31,31,31,0,7.383870967741935,4.380645161290323,11.5,2,84.6,10,31,1.0,1.0,1.0,1.0,0.06451612903225806,0.3225806451612903,True,10,13,6.754838709677419,58.15384615384615,0.629032258064516,26.44615384615384,1.4547619047619047,METEOSWISS_SMN_DAILY_SELECTED,06:00_UTC_to_06:00_UTC_next_day,Evolène / Villa,1825.0,46.112211,7.508631
EVO,2024-11-01,30,30,30,30,30,0,2.8800000000000003,-0.23,7.586666666666667,14,68.6,7,30,1.0,1.0,1.0,1.0,0.4666666666666667,0.23333333333333334,True,11,13,1.582051282051282,57.43846153846154,1.2979487179487184,11.161538461538456,1.1943216820677647,METEOSWISS_SMN_DAILY_SELECTED,06:00_UTC_to_06:00_UTC_next_day,Evolène / Villa,1825.0,46.112211,7.508631
EVO,2024-12-01,31,31,31,31,31,0,-0.3709677419354839,-3.5677419354838706,2.8419354838709676,23,68.7,9,31,1.0,1.0,1.0,1.0,0.7419354838709677,0.2903225806451613,True,12,13,0.022332506203473927,57.00769230769231,-0.3933002481389578,11.692307692307693,1.2051005262447714,METEOSWISS_SMN_DAILY_SELECTED,06:00_UTC_to_06:00_UTC_next_day,Evolène / Villa,1825.0,46.112211,7.508631
EVO,2025-01-01,31,31,31,31,31,0,-0.8548387096774194,-3.9129032258064513,2.406451612903226,29,69.0,10,31,1.0,1.0,1.0,1.0,0.9354838709677419,0.3225806451612903,True,1,13,-2.2506203473945408,57.676923076923075,1.3957816377171213,11.323076923076925,1.196319018404908,METEOSWISS_SMN_DAILY_SELECTED,06:00_UTC_to_06:00_UTC_next_day,Evolène / Villa,1825.0,46.112211,7.508631
EVO,2025-02-01,28,28,28,28,28,0,0.025000000000000005,-2.9,3.3892857142857147,24,4.8999999999999995,2,28,1.0,1.0,1.0,1.0,0.8571428571428571,0.07142857142857142,True,2,13,-1.3829480863963621,39.23076923076923,1.407948086396362,-34.330769230769235,0.1249019607843137,METEOSWISS_SMN_DAILY_SELECTED,06:00_UTC_to_06:00_UTC_next_day,Evolène / Villa,1825.0,46.112211,7.508631
EVO,2025-03-01,31,31,31,31,31,0,1.3806451612903228,-2.229032258064516,6.483870967741935,29,14.599999999999998,5,31,1.0,1.0,1.0,1.0,0.9354838709677419,0.16129032258064516,True,3,13,0.5575682382133995,47.284615384615385,0.8230769230769233,-32.684615384615384,0.30876850496176994,METEOSWISS_SMN_DAILY_SELECTED,06:00_UTC_to_06:00_UTC_next_day,Evolène / Villa,1825.0,46.112211,7.508631
EVO,2025-04-01,30,30,30,30,30,0,5.37,1.25,10.729999999999999,8,125.69999999999997,6,30,1.0,1.0,1.0,1.0,0.26666666666666666,0.2,True,4,13,3.8202564102564103,51.41538461538461,1.5497435897435898,74.28461538461536,2.4447935368043083,METEOSWISS_SMN_DAILY_SELECTED,06:00_UTC_to_06:00_UTC_next_day,Evolène / Villa,1825.0,46.112211,7.508631
EVO,2025-05-01,31,31,31,31,31,0,7.119354838709677,3.4096774193548387,11.958064516129031,1,91.69999999999999,15,31,1.0,1.0,1.0,1.0,0.03225806451612903,0.4838709677419355,True,5,13,6.57196029776675,91.56153846153846,0.5473945409429275,0.1384615384615273,1.0015122238091236,METEOSWISS_SMN_DAILY_SELECTED,06:00_UTC_to_06:00_UTC_next_day,Evolène / Villa,1825.0,46.112211,7.508631
EVO,2025-06-01,30,30,30,30,30,0,14.81,9.813333333333333,20.53666666666667,0,59.3,12,30,1.0,1.0,1.0,1.0,0.0,0.4,True,6,13,11.884102564102564,78.64615384615385,2.9258974358974363,-19.346153846153854,0.7540101721439749,METEOSWISS_SMN_DAILY_SELECTED,06:00_UTC_to_06:00_UTC_next_day,Evolène / Villa,1825.0,46.112211,7.508631
EVO,2025-07-01,31,31,31,31,31,0,12.270967741935483,8.183870967741935,17.516129032258064,0,87.5,14,31,1.0,1.0,1.0,1.0,0.0,0.45161290322580644,True,7,12,13.833333333333334,86.125,-1.5623655913978514,1.375,1.0159651669085632,METEOSWISS_SMN_DAILY_SELECTED,06:00_UTC_to_06:00_UTC_next_day,Evolène / Villa,1825.0,46.112211,7.508631
EVO,2025-08-01,31,31,31,31,31,0,14.464516129032257,10.096774193548388,20.070967741935487,0,43.6,10,31,1.0,1.0,1.0,1.0,0.0,0.3225806451612903,True,8,13,13.423573200992555,78.65384615384616,1.0409429280397013,-35.05384615384616,0.5543276283618581,METEOSWISS_SMN_DAILY_SELECTED,06:00_UTC_to_06:00_UTC_next_day,Evolène / Villa,1825.0,46.112211,7.508631
EVO,2025-09-01,30,30,30,30,30,0,9.67,5.9399999999999995,14.863333333333333,0,58.70000000000001,10,30,1.0,1.0,1.0,1.0,0.0,0.3333333333333333,True,9,13,9.726923076923077,48.861538461538466,-0.056923076923077076,9.838461538461544,1.201353904282116,METEOSWISS_SMN_DAILY_SELECTED,06:00_UTC_to_06:00_UTC_next_day,Evolène / Villa,1825.0,46.112211,7.508631
EVO,2025-10-01,31,31,31,31,31,0,5.52258064516129,1.7193548387096773,10.596774193548388,9,59.8,8,31,1.0,1.0,1.0,1.0,0.2903225806451613,0.25806451612903225,True,10,13,6.754838709677419,58.15384615384615,-1.2322580645161292,1.6461538461538439,1.0283068783068783,METEOSWISS_SMN_DAILY_SELECTED,06:00_UTC_to_06:00_UTC_next_day,Evolène / Villa,1825.0,46.112211,7.508631
EVO,2025-11-01,30,30,30,30,30,0,1.3333333333333333,-2.216666666666667,5.21,19,36.8,9,30,1.0,1.0,1.0,1.0,0.6333333333333333,0.3,True,11,13,1.582051282051282,57.43846153846154,-0.24871794871794872,-20.63846153846154,0.6406856836748359,METEOSWISS_SMN_DAILY_SELECTED,06:00_UTC_to_06:00_UTC_next_day,Evolène / Villa,1825.0,46.112211,7.508631
EVO,2025-12-01,31,31,31,31,31,0,1.4,-1.4903225806451614,5.003225806451613,19,9.399999999999999,2,31,1.0,1.0,1.0,1.0,0.6129032258064516,0.06451612903225806,True,12,13,0.022332506203473927,57.00769230769231,1.377667493796526,-47.60769230769231,0.16489002833625688,METEOSWISS_SMN_DAILY_SELECTED,06:00_UTC_to_06:00_UTC_next_day,Evolène / Villa,1825.0,46.112211,7.508631
EVO,2026-01-01,31,31,31,31,31,0,-3.0580645161290323,-5.932258064516129,0.3903225806451613,29,21.4,3,31,1.0,1.0,1.0,1.0,0.9354838709677419,0.0967741935483871,True,1,13,-2.2506203473945408,57.676923076923075,-0.8074441687344915,-36.276923076923076,0.3710322752734062,METEOSWISS_SMN_DAILY_SELECTED,06:00_UTC_to_06:00_UTC_next_day,Evolène / Villa,1825.0,46.112211,7.508631
EVO,2026-02-01,28,28,28,28,28,0,-0.03928571428571426,-2.8,3.4142857142857146,22,60.4,10,28,1.0,1.0,1.0,1.0,0.7857142857142857,0.35714285714285715,True,2,13,-1.3829480863963621,39.23076923076923,1.3436623721106478,21.169230769230765,1.5396078431372549,METEOSWISS_SMN_DAILY_SELECTED,06:00_UTC_to_06:00_UTC_next_day,Evolène / Villa,1825.0,46.112211,7.508631
EVO,2026-03-01,31,31,31,31,31,0,0.12580645161290327,-3.458064516129032,5.035483870967742,28,45.300000000000004,7,31,1.0,1.0,1.0,1.0,0.9032258064516129,0.22580645161290322,True,3,13,0.5575682382133995,47.284615384615385,-0.43176178660049624,-1.9846153846153811,0.9580283064909713,METEOSWISS_SMN_DAILY_SELECTED,06:00_UTC_to_06:00_UTC_next_day,Evolène / Villa,1825.0,46.112211,7.508631
GRC,2013-01-01,31,31,31,31,31,0,-2.7129032258064516,-5.790322580645161,1.2000000000000002,30,19.1,4,31,1.0,1.0,1.0,1.0,0.967741935483871,0.12903225806451613,True,1,13,-2.2937965260545905,43.54615384615385,-0.4191066997518611,-24.446153846153848,0.4386150856739092,METEOSWISS_SMN_DAILY_SELECTED,06:00_UTC_to_06:00_UTC_next_day,Grächen,1605.0,46.195314,7.836822
GRC,2013-02-01,28,28,28,28,28,0,-5.1571428571428575,-8.928571428571429,-0.08571428571428573,28,30.8,6,28,1.0,1.0,1.0,1.0,1.0,0.21428571428571427,True,2,13,-0.9607995452823039,26.615384615384617,-4.196343311860554,4.184615384615384,1.1572254335260115,METEOSWISS_SMN_DAILY_SELECTED,06:00_UTC_to_06:00_UTC_next_day,Grächen,1605.0,46.195314,7.836822
GRC,2013-03-01,31,31,31,31,31,0,0.44516129032258067,-3.338709677419355,5.435483870967742,28,16.0,5,31,1.0,1.0,1.0,1.0,0.9032258064516129,0.16129032258064516,True,3,13,1.448138957816377,35.16923076923077,-1.0029776674937962,-19.169230769230772,0.4549431321084864,METEOSWISS_SMN_DAILY_SELECTED,06:00_UTC_to_06:00_UTC_next_day,Grächen,1605.0,46.195314,7.836822
GRC,2013-04-01,30,30,30,30,30,0,5.806666666666667,1.1733333333333333,10.973333333333333,14,91.7,9,30,1.0,1.0,1.0,1.0,0.4666666666666667,0.3,True,4,13,5.206666666666667,49.400000000000006,0.5999999999999996,42.3,1.8562753036437245,METEOSWISS_SMN_DAILY_SELECTED,06:00_UTC_to_06:00_UTC_next_day,Grächen,1605.0,46.195314,7.836822
GRC,2013-05-01,31,31,31,31,31,0,6.435483870967742,2.4612903225806453,11.796774193548387,7,103.9,12,31,1.0,1.0,1.0,1.0,0.22580645161290322,0.3870967741935484,True,5,13,8.44789081885856,61.107692307692304,-2.0124069478908186,42.7923076923077,1.70027693856999,METEOSWISS_SMN_DAILY_SELECTED,06:00_UTC_to_06:00_UTC_next_day,Grächen,1605.0,46.195314,7.836822
GRC,2013-06-01,30,30,30,30,30,0,11.323333333333332,6.83,16.796666666666667,0,29.1,4,30,1.0,1.0,1.0,1.0,0.0,0.13333333333333333,True,6,13,13.812051282051282,49.06923076923077,-2.48871794871795,-19.96923076923077,0.5930396613889325,METEOSWISS_SMN_DAILY_SELECTED,06:00_UTC_to_06:00_UTC_next_day,Grächen,1605.0,46.195314,7.836822
GRC,2013-07-01,31,31,31,31,31,0,15.890322580645162,11.206451612903225,21.9741935483871,0,52.900000000000006,10,31,1.0,1.0,1.0,1.0,0.0,0.3225806451612903,True,7,13,15.622332506203474,54.56153846153846,0.26799007444168765,-1.6615384615384556,0.9695474411391514,METEOSWISS_SMN_DAILY_SELECTED,06:00_UTC_to_06:00_UTC_next_day,Grächen,1605.0,46.195314,7.836822
GRC,2013-08-01,31,31,31,31,31,0,14.341935483870968,9.951612903225806,20.10967741935484,0,55.900000000000006,5,31,1.0,1.0,1.0,1.0,0.0,0.16129032258064516,True,8,13,15.043920595533498,57.315384615384616,-0.7019851116625304,-1.4153846153846104,0.9753053281438734,METEOSWISS_SMN_DAILY_SELECTED,06:00_UTC_to_06:00_UTC_next_day,Grächen,1605.0,46.195314,7.836822
GRC,2013-09-01,30,30,30,30,30,0,10.953333333333335,7.236666666666666,16.313333333333336,0,30.7,6,30,1.0,1.0,1.0,1.0,0.0,0.2,True,9,13,11.056666666666668,32.01538461538461,-0.1033333333333335,-1.3153846153846125,0.9589139836617012,METEOSWISS_SMN_DAILY_SELECTED,06:00_UTC_to_06:00_UTC_next_day,Grächen,1605.0,46.195314,7.836822
GRC,2013-10-01,31,31,31,31,31,0,7.570967741935483,4.464516129032258,11.774193548387096,4,37.0,7,31,1.0,1.0,1.0,1.0,0.12903225806451613,0.22580645161290322,True,10,13,7.3188585607940455,52.16923076923077,0.25210918114143777,-15.169230769230772,0.7092303155411382,METEOSWISS_SMN_DAILY_SELECTED,06:00_UTC_to_06:00_UTC_next_day,Grächen,1605.0,46.195314,7.836822
GRC,2013-11-01,30,30,30,30,30,0,-0.41333333333333333,-3.036666666666667,2.9366666666666665,21,71.29999999999998,13,30,1.0,1.0,1.0,1.0,0.7,0.43333333333333335,True,11,13,1.851025641025641,48.93076923076922,-2.2643589743589745,22.36923076923076,1.4571608237698475,METEOSWISS_SMN_DAILY_SELECTED,06:00_UTC_to_06:00_UTC_next_day,Grächen,1605.0,46.195314,7.836822
GRC,2013-12-01,31,31,31,31,31,0,0.05806451612903227,-2.8548387096774195,3.7580645161290325,25,32.2,3,31,1.0,1.0,1.0,1.0,0.8064516129032258,0.0967741935483871,True,12,13,-0.33449131513647645,43.93846153846154,0.39255583126550875,-11.738461538461536,0.732843137254902,METEOSWISS_SMN_DAILY_SELECTED,06:00_UTC_to_06:00_UTC_next_day,Grächen,1605.0,46.195314,7.836822
GRC,2014-01-01,31,31,31,31,31,0,-1.2645161290322582,-3.9838709677419355,2.135483870967742,27,29.000000000000004,8,31,1.0,1.0,1.0,1.0,0.8709677419354839,0.25806451612903225,True,1,13,-2.2937965260545905,43.54615384615385,1.0292803970223323,-14.546153846153846,0.6659600777247836,METEOSWISS_SMN_DAILY_SELECTED,06:00_UTC_to_06:00_UTC_next_day,Grächen,1605.0,46.195314,7.836822
GRC,2014-02-01,28,28,28,28,28,0,-1.9214285714285713,-4.567857142857143,1.3,28,62.400000000000006,13,28,1.0,1.0,1.0,1.0,1.0,0.4642857142857143,True,2,13,-0.9607995452823039,26.615384615384617,-0.9606290261462673,35.78461538461539,2.344508670520231,METEOSWISS_SMN_DAILY_SELECTED,06:00_UTC_to_06:00_UTC_next_day,Grächen,1605.0,46.195314,7.836822
GRC,2014-03-01,31,31,31,31,31,0,2.2129032258064516,-1.5064516129032257,7.096774193548387,17,28.6,3,31,1.0,1.0,1.0,1.0,0.5483870967741935,0.0967741935483871,True,3,13,1.448138957816377,35.16923076923077,0.7647642679900746,-6.569230769230771,0.8132108486439195,METEOSWISS_SMN_DAILY_SELECTED,06:00_UTC_to_06:00_UTC_next_day,Grächen,1605.0,46.195314,7.836822
GRC,2014-04-01,30,30,30,30,30,0,5.843333333333334,1.74,10.870000000000001,8,59.4,7,30,1.0,1.0,1.0,1.0,0.26666666666666666,0.23333333333333334,True,4,13,5.206666666666667,49.400000000000006,0.6366666666666667,9.999999999999993,1.2024291497975708,METEOSWISS_SMN_DAILY_SELECTED,06:00_UTC_to_06:00_UTC_next_day,Grächen,1605.0,46.195314,7.836822
GRC,2014-05-01,31,31,31,31,31,0,7.283870967741936,2.7580645161290325,12.748387096774193,8,37.800000000000004,6,31,1.0,1.0,1.0,1.0,0.25806451612903225,0.1935483870967742,True,5,13,8.44789081885856,61.107692307692304,-1.1640198511166249,-23.3076923076923,0.6185800604229609,METEOSWISS_SMN_DAILY_SELECTED,06:00_UTC_to_06:00_UTC_next_day,Grächen,1605.0,46.195314,7.836822
GRC,2014-06-01,30,30,30,30,30,0,13.23,8.263333333333334,19.316666666666666,0,28.4,8,30,1.0,1.0,1.0,1.0,0.0,0.26666666666666666,True,6,13,13.812051282051282,49.06923076923077,-0.5820512820512818,-20.669230769230772,0.5787741025239065,METEOSWISS_SMN_DAILY_SELECTED,06:00_UTC_to_06:00_UTC_next_day,Grächen,1605.0,46.195314,7.836822
GRC,2014-07-01,31,31,31,31,31,0,12.583870967741936,8.53225806451613,17.54516129032258,0,126.1,11,31,1.0,1.0,1.0,1.0,0.0,0.3548387096774194,True,7,13,15.622332506203474,54.56153846153846,-3.0384615384615383,71.53846153846153,2.311151839842098,METEOSWISS_SMN_DAILY_SELECTED,06:00_UTC_to_06:00_UTC_next_day,Grächen,1605.0,46.195314,7.836822
GRC,2014-08-01,31,31,31,31,31,0,11.706451612903225,7.938709677419355,16.81935483870968,0,75.1,14,31,1.0,1.0,1.0,1.0,0.0,0.45161290322580644,True,8,13,15.043920595533498,57.315384615384616,-3.3374689826302735,17.78461538461538,1.310293920279157,METEOSWISS_SMN_DAILY_SELECTED,06:00_UTC_to_06:00_UTC_next_day,Grächen,1605.0,46.195314,7.836822
GRC,2014-09-01,30,30,30,30,30,0,11.063333333333333,7.3966666666666665,16.136666666666667,0,19.8,5,30,1.0,1.0,1.0,1.0,0.0,0.16666666666666666,True,9,13,11.056666666666668,32.01538461538461,0.006666666666664156,-12.215384615384611,0.6184526669870256,METEOSWISS_SMN_DAILY_SELECTED,06:00_UTC_to_06:00_UTC_next_day,Grächen,1605.0,46.195314,7.836822
GRC,2014-10-01,31,31,31,31,31,0,8.36774193548387,5.112903225806452,12.912903225806453,3,29.200000000000003,7,31,1.0,1.0,1.0,1.0,0.0967741935483871,0.22580645161290322,True,10,13,7.3188585607940455,52.16923076923077,1.048883374689825,-22.96923076923077,0.5597168976703037,METEOSWISS_SMN_DAILY_SELECTED,06:00_UTC_to_06:00_UTC_next_day,Grächen,1605.0,46.195314,7.836822
GRC,2014-11-01,30,30,30,30,30,0,4.153333333333333,1.72,7.569999999999999,11,89.7,7,30,1.0,1.0,1.0,1.0,0.36666666666666664,0.23333333333333334,True,11,13,1.851025641025641,48.93076923076922,2.3023076923076924,40.76923076923078,1.8332023266781956,METEOSWISS_SMN_DAILY_SELECTED,06:00_UTC_to_06:00_UTC_next_day,Grächen,1605.0,46.195314,7.836822
GRC,2014-12-01,31,31,31,31,31,0,-1.429032258064516,-3.851612903225807,1.535483870967742,26,24.899999999999995,6,31,1.0,1.0,1.0,1.0,0.8387096774193549,0.1935483870967742,True,12,13,-0.33449131513647645,43.93846153846154,-1.0945409429280395,-19.038461538461544,0.5667016806722688,METEOSWISS_SMN_DAILY_SELECTED,06:00_UTC_to_06:00_UTC_next_day,Grächen,1605.0,46.195314,7.836822
GRC,2015-01-01,31,31,31,31,31,0,-2.129032258064516,-5.038709677419354,1.232258064516129,30,28.099999999999998,8,31,1.0,1.0,1.0,1.0,0.967741935483871,0.25806451612903225,True,1,13,-2.2937965260545905,43.54615384615385,0.1647642679900745,-15.446153846153852,0.6452923511747041,METEOSWISS_SMN_DAILY_SELECTED,06:00_UTC_to_06:00_UTC_next_day,Grächen,1605.0,46.195314,7.836822
GRC,2015-02-01,28,28,28,28,28,0,-3.5,-6.264285714285714,0.225,28,22.0,4,28,1.0,1.0,1.0,1.0,1.0,0.14285714285714285,True,2,13,-0.9607995452823039,26.615384615384617,-2.539200454717696,-4.615384615384617,0.8265895953757225,METEOSWISS_SMN_DAILY_SELECTED,06:00_UTC_to_06:00_UTC_next_day,Grächen,1605.0,46.195314,7.836822
GRC,2015-03-01,31,31,31,31,31,0,1.6870967741935483,-1.8129032258064517,6.087096774193548,21,39.2,8,31,1.0,1.0,1.0,1.0,0.6774193548387096,0.25806451612903225,True,3,13,1.448138957816377,35.16923076923077,0.23895781637717128,4.030769230769231,1.1146106736657917,METEOSWISS_SMN_DAILY_SELECTED,06:00_UTC_to_06:00_UTC_next_day,Grächen,1605.0,46.195314,7.836822
GRC,2015-04-01,30,30,30,30,30,0,5.706666666666666,1.2533333333333334,11.18,10,20.1,5,30,1.0,1.0,1.0,1.0,0.3333333333333333,0.16666666666666666,True,4,13,5.206666666666667,49.400000000000006,0.4999999999999991,-29.300000000000004,0.4068825910931174,METEOSWISS_SMN_DAILY_SELECTED,06:00_UTC_to_06:00_UTC_next_day,Grächen,1605.0,46.195314,7.836822
GRC,2015-05-01,31,31,31,31,31,0,8.929032258064517,4.229032258064516,14.351612903225806,5,103.10000000000001,12,31,1.0,1.0,1.0,1.0,0.16129032258064516,0.3870967741935484,True,5,13,8.44789081885856,61.107692307692304,0.4811414392059561,41.992307692307705,1.6871852970795571,METEOSWISS_SMN_DAILY_SELECTED,06:00_UTC_to_06:00_UTC_next_day,Grächen,1605.0,46.195314,7.836822
GRC,2015-06-01,30,30,30,30,30,0,13.770000000000001,9.093333333333334,19.476666666666667,0,39.3,7,30,1.0,1.0,1.0,1.0,0.0,0.23333333333333334,True,6,13,13.812051282051282,49.06923076923077,-0.042051282051280836,-9.769230769230774,0.8009092334221664,METEOSWISS_SMN_DAILY_SELECTED,06:00_UTC_to_06:00_UTC_next_day,Grächen,1605.0,46.195314,7.836822
GRC,2015-07-01,31,31,31,31,31,0,17.712903225806453,12.432258064516128,24.13225806451613,0,33.1,6,31,1.0,1.0,1.0,1.0,0.0,0.1935483870967742,True,7,13,15.622332506203474,54.56153846153846,2.0905707196029795,-21.46153846153846,0.6066544480473707,METEOSWISS_SMN_DAILY_SELECTED,06:00_UTC_to_06:00_UTC_next_day,Grächen,1605.0,46.195314,7.836822
GRC,2015-08-01,31,31,31,31,31,0,14.80967741935484,10.73225806451613,20.06451612903226,0,74.6,8,31,1.0,1.0,1.0,1.0,0.0,0.25806451612903225,True,8,13,15.043920595533498,57.315384615384616,-0.23424317617865853,17.28461538461538,1.301570259025634,METEOSWISS_SMN_DAILY_SELECTED,06:00_UTC_to_06:00_UTC_next_day,Grächen,1605.0,46.195314,7.836822
GRC,2015-09-01,30,30,30,30,30,0,8.833333333333334,5.286666666666666,13.93,0,24.8,5,30,1.0,1.0,1.0,1.0,0.0,0.16666666666666666,True,9,13,11.056666666666668,32.01538461538461,-2.2233333333333345,-7.215384615384611,0.7746275828928401,METEOSWISS_SMN_DAILY_SELECTED,06:00_UTC_to_06:00_UTC_next_day,Grächen,1605.0,46.195314,7.836822
GRC,2015-10-01,31,31,31,31,31,0,5.587096774193548,2.729032258064516,10.006451612903225,7,32.3,8,31,1.0,1.0,1.0,1.0,0.22580645161290322,0.25806451612903225,True,10,13,7.3188585607940455,52.16923076923077,-1.7317617866004973,-19.869230769230775,0.6191388970805072,METEOSWISS_SMN_DAILY_SELECTED,06:00_UTC_to_06:00_UTC_next_day,Grächen,1605.0,46.195314,7.836822
GRC,2015-11-01,30,30,30,30,30,0,3.6366666666666663,0.5566666666666668,7.63,10,39.9,2,30,1.0,1.0,1.0,1.0,0.3333333333333333,0.06666666666666667,True,11,13,1.851025641025641,48.93076923076922,1.7856410256410253,-9.030769230769224,0.8154378242414716,METEOSWISS_SMN_DAILY_SELECTED,06:00_UTC_to_06:00_UTC_next_day,Grächen,1605.0,46.195314,7.836822
GRC,2015-12-01,31,31,31,31,31,0,3.032258064516129,0.4,6.793548387096774,12,1.1,1,31,1.0,1.0,1.0,1.0,0.3870967741935484,0.03225806451612903,True,12,13,-0.33449131513647645,43.93846153846154,3.3667493796526053,-42.83846153846154,0.025035014005602242,METEOSWISS_SMN_DAILY_SELECTED,06:00_UTC_to_06:00_UTC_next_day,Grächen,1605.0,46.195314,7.836822
GRC,2016-01-01,31,31,31,31,31,0,-1.9483870967741934,-4.587096774193549,0.9677419354838711,27,60.39999999999999,11,31,1.0,1.0,1.0,1.0,0.8709677419354839,0.3548387096774194,True,1,13,-2.2937965260545905,43.54615384615385,0.3454094292803971,16.853846153846142,1.3870340929164455,METEOSWISS_SMN_DAILY_SELECTED,06:00_UTC_to_06:00_UTC_next_day,Grächen,1605.0,46.195314,7.836822
GRC,2016-02-01,29,29,29,29,29,0,-1.3448275862068966,-4.379310344827586,1.9931034482758623,26,66.89999999999999,12,29,1.0,1.0,1.0,1.0,0.896551724137931,0.41379310344827586,True,2,13,-0.9607995452823039,26.615384615384617,-0.38402804092459264,40.28461538461538,2.5135838150289014,METEOSWISS_SMN_DAILY_SELECTED,06:00_UTC_to_06:00_UTC_next_day,Grächen,1605.0,46.195314,7.836822
GRC,2016-03-01,31,31,31,31,31,0,-0.5774193548387097,-4.290322580645161,4.054838709677419,28,19.0,5,31,1.0,1.0,1.0,1.0,0.9032258064516129,0.16129032258064516,True,3,13,1.448138957816377,35.16923076923077,-2.025558312655087,-16.169230769230772,0.5402449693788276,METEOSWISS_SMN_DAILY_SELECTED,06:00_UTC_to_06:00_UTC_next_day,Grächen,1605.0,46.195314,7.836822
GRC,2016-04-01,30,30,30,30,30,0,4.36,0.6133333333333333,8.99,13,54.5,8,30,1.0,1.0,1.0,1.0,0.43333333333333335,0.26666666666666666,True,4,13,5.206666666666667,49.400000000000006,-0.8466666666666667,5.099999999999994,1.103238866396761,METEOSWISS_SMN_DAILY_SELECTED,06:00_UTC_to_06:00_UTC_next_day,Grächen,1605.0,46.195314,7.836822
GRC,2016-05-01,31,31,31,31,31,0,7.203225806451614,2.954838709677419,12.280645161290321,7,60.1,7,31,1.0,1.0,1.0,1.0,0.22580645161290322,0.22580645161290322,True,5,13,8.44789081885856,61.107692307692304,-1.244665012406947,-1.0076923076923023,0.9835095669687816,METEOSWISS_SMN_DAILY_SELECTED,06:00_UTC_to_06:00_UTC_next_day,Grächen,1605.0,46.195314,7.836822
GRC,2016-06-01,30,30,30,30,30,0,11.573333333333332,7.506666666666666,16.71,0,43.2,13,30,1.0,1.0,1.0,1.0,0.0,0.43333333333333335,True,6,13,13.812051282051282,49.06923076923077,-2.23871794871795,-5.869230769230768,0.8803887756701678,METEOSWISS_SMN_DAILY_SELECTED,06:00_UTC_to_06:00_UTC_next_day,Grächen,1605.0,46.195314,7.836822
GRC,2016-07-01,31,31,31,31,31,0,15.296774193548387,10.264516129032257,21.38064516129032,0,25.800000000000004,7,31,1.0,1.0,1.0,1.0,0.0,0.22580645161290322,True,7,13,15.622332506203474,54.56153846153846,-0.3255583126550867,-28.761538461538457,0.47286056675595667,METEOSWISS_SMN_DAILY_SELECTED,06:00_UTC_to_06:00_UTC_next_day,Grächen,1605.0,46.195314,7.836822
GRC,2016-08-01,31,31,31,31,31,0,15.109677419354838,10.19032258064516,21.141935483870967,0,16.3,4,31,1.0,1.0,1.0,1.0,0.0,0.12903225806451613,True,8,13,15.043920595533498,57.315384615384616,0.0657568238213404,-41.01538461538462,0.28439135686485034,METEOSWISS_SMN_DAILY_SELECTED,06:00_UTC_to_06:00_UTC_next_day,Grächen,1605.0,46.195314,7.836822
GRC,2016-09-01,30,30,30,30,30,0,12.213333333333333,8.54,17.773333333333333,0,27.5,8,30,1.0,1.0,1.0,1.0,0.0,0.26666666666666666,True,9,13,11.056666666666668,32.01538461538461,1.1566666666666645,-4.515384615384612,0.85896203748198,METEOSWISS_SMN_DAILY_SELECTED,06:00_UTC_to_06:00_UTC_next_day,Grächen,1605.0,46.195314,7.836822
GRC,2016-10-01,31,31,31,31,31,0,5.206451612903226,2.2419354838709675,9.758064516129032,8,28.0,4,31,1.0,1.0,1.0,1.0,0.25806451612903225,0.12903225806451613,True,10,13,7.3188585607940455,52.16923076923077,-2.112406947890819,-24.169230769230772,0.536714833382483,METEOSWISS_SMN_DAILY_SELECTED,06:00_UTC_to_06:00_UTC_next_day,Grächen,1605.0,46.195314,7.836822
GRC,2016-11-01,30,30,30,30,30,0,1.0366666666666666,-1.4633333333333334,4.25,18,30.200000000000003,5,30,1.0,1.0,1.0,1.0,0.6,0.16666666666666666,True,11,13,1.851025641025641,48.93076923076922,-0.8143589743589743,-18.73076923076922,0.6171985536865274,METEOSWISS_SMN_DAILY_SELECTED,06:00_UTC_to_06:00_UTC_next_day,Grächen,1605.0,46.195314,7.836822
GRC,2016-12-01,31,31,31,31,31,0,1.2774193548387098,-1.229032258064516,5.441935483870967,25,3.0,1,31,1.0,1.0,1.0,1.0,0.8064516129032258,0.03225806451612903,True,12,13,-0.33449131513647645,43.93846153846154,1.6119106699751864,-40.93846153846154,0.06827731092436974,METEOSWISS_SMN_DAILY_SELECTED,06:00_UTC_to_06:00_UTC_next_day,Grächen,1605.0,46.195314,7.836822
GRC,2017-01-01,31,31,31,31,31,0,-4.767741935483872,-7.470967741935484,-1.335483870967742,31,18.8,4,31,1.0,1.0,1.0,1.0,1.0,0.12903225806451613,True,1,13,-2.2937965260545905,43.54615384615385,-2.473945409429281,-24.74615384615385,0.4317258434905494,METEOSWISS_SMN_DAILY_SELECTED,06:00_UTC_to_06:00_UTC_next_day,Grächen,1605.0,46.195314,7.836822
GRC,2017-02-01,28,28,28,28,28,0,0.18928571428571425,-2.9464285714285716,4.117857142857143,26,13.2,4,28,1.0,1.0,1.0,1.0,0.9285714285714286,0.14285714285714285,True,2,13,-0.9607995452823039,26.615384615384617,1.1500852595680182,-13.415384615384617,0.4959537572254335,METEOSWISS_SMN_DAILY_SELECTED,06:00_UTC_to_06:00_UTC_next_day,Grächen,1605.0,46.195314,7.836822
GRC,2017-03-01,31,31,31,31,31,0,3.541935483870968,0.08709677419354839,8.14516129032258,12,46.70000000000001,9,31,1.0,1.0,1.0,1.0,0.3870967741935484,0.2903225806451613,True,3,13,1.448138957816377,35.16923076923077,2.0937965260545908,11.530769230769238,1.327865266841645,METEOSWISS_SMN_DAILY_SELECTED,06:00_UTC_to_06:00_UTC_next_day,Grächen,1605.0,46.195314,7.836822
GRC,2017-04-01,30,30,30,30,30,0,4.736666666666666,0.11333333333333337,10.646666666666667,12,16.8,5,30,1.0,1.0,1.0,1.0,0.4,0.16666666666666666,True,4,13,5.206666666666667,49.400000000000006,-0.47000000000000064,-32.60000000000001,0.340080971659919,METEOSWISS_SMN_DAILY_SELECTED,06:00_UTC_to_06:00_UTC_next_day,Grächen,1605.0,46.195314,7.836822
GRC,2017-05-01,31,31,31,31,31,0,9.619354838709677,4.77741935483871,15.45483870967742,5,29.9,7,31,1.0,1.0,1.0,1.0,0.16129032258064516,0.22580645161290322,True,5,13,8.44789081885856,61.107692307692304,1.1714640198511166,-31.207692307692305,0.48930010070493457,METEOSWISS_SMN_DAILY_SELECTED,06:00_UTC_to_06:00_UTC_next_day,Grächen,1605.0,46.195314,7.836822
GRC,2017-06-01,30,30,30,30,30,0,15.389999999999999,10.33,21.426666666666666,0,50.599999999999994,10,30,1.0,1.0,1.0,1.0,0.0,0.3333333333333333,True,6,13,13.812051282051282,49.06923076923077,1.5779487179487166,1.5307692307692236,1.0311961122432982,METEOSWISS_SMN_DAILY_SELECTED,06:00_UTC_to_06:00_UTC_next_day,Grächen,1605.0,46.195314,7.836822
GRC,2017-07-01,31,31,31,31,31,0,15.112903225806452,10.270967741935483,21.306451612903224,0,40.49999999999999,9,31,1.0,1.0,1.0,1.0,0.0,0.2903225806451613,True,7,13,15.622332506203474,54.56153846153846,-0.509429280397022,-14.061538461538468,0.7422811222331875,METEOSWISS_SMN_DAILY_SELECTED,06:00_UTC_to_06:00_UTC_next_day,Grächen,1605.0,46.195314,7.836822
GRC,2017-08-01,31,31,31,31,31,0,15.358064516129033,10.838709677419354,21.106451612903225,0,99.50000000000001,10,31,1.0,1.0,1.0,1.0,0.0,0.3225806451612903,True,8,13,15.043920595533498,57.315384615384616,0.3141439205955354,42.1846153846154,1.7360085894510806,METEOSWISS_SMN_DAILY_SELECTED,06:00_UTC_to_06:00_UTC_next_day,Grächen,1605.0,46.195314,7.836822
GRC,2017-09-01,30,30,30,30,30,0,8.273333333333333,4.3,13.596666666666666,1,10.2,4,30,1.0,1.0,1.0,1.0,0.03333333333333333,0.13333333333333333,True,9,13,11.056666666666668,32.01538461538461,-2.783333333333335,-21.815384615384612,0.31859682844786164,METEOSWISS_SMN_DAILY_SELECTED,06:00_UTC_to_06:00_UTC_next_day,Grächen,1605.0,46.195314,7.836822
GRC,2017-10-01,31,31,31,31,31,0,7.854838709677419,3.938709677419355,12.890322580645162,7,8.1,2,31,1.0,1.0,1.0,1.0,0.22580645161290322,0.06451612903225806,True,10,13,7.3188585607940455,52.16923076923077,0.5359801488833735,-44.06923076923077,0.15526393394278973,METEOSWISS_SMN_DAILY_SELECTED,06:00_UTC_to_06:00_UTC_next_day,Grächen,1605.0,46.195314,7.836822
GRC,2017-11-01,30,30,30,30,30,0,-0.009999999999999964,-2.8133333333333335,3.3633333333333337,22,22.900000000000002,5,30,1.0,1.0,1.0,1.0,0.7333333333333333,0.16666666666666666,True,11,13,1.851025641025641,48.93076923076922,-1.861025641025641,-26.03076923076922,0.46800817481528073,METEOSWISS_SMN_DAILY_SELECTED,06:00_UTC_to_06:00_UTC_next_day,Grächen,1605.0,46.195314,7.836822
GRC,2017-12-01,31,31,31,31,31,0,-3.948387096774194,-6.964516129032258,-0.49354838709677423,31,52.7,9,31,1.0,1.0,1.0,1.0,1.0,0.2903225806451613,True,12,13,-0.33449131513647645,43.93846153846154,-3.6138957816377175,8.761538461538464,1.1994047619047619,METEOSWISS_SMN_DAILY_SELECTED,06:00_UTC_to_06:00_UTC_next_day,Grächen,1605.0,46.195314,7.836822
GRC,2018-01-01,31,31,31,31,31,0,-0.8225806451612904,-3.2870967741935484,2.735483870967742,29,205.60000000000002,13,31,1.0,1.0,1.0,1.0,0.9354838709677419,0.41935483870967744,True,1,13,-2.2937965260545905,43.54615384615385,1.4712158808933,162.05384615384617,4.721427309662604,METEOSWISS_SMN_DAILY_SELECTED,06:00_UTC_to_06:00_UTC_next_day,Grächen,1605.0,46.195314,7.836822
GRC,2018-02-01,28,28,28,28,28,0,-5.921428571428572,-9.25,-2.3964285714285714,27,15.399999999999999,2,28,1.0,1.0,1.0,1.0,0.9642857142857143,0.07142857142857142,True,2,13,-0.9607995452823039,26.615384615384617,-4.960629026146268,-11.215384615384618,0.5786127167630057,METEOSWISS_SMN_DAILY_SELECTED,06:00_UTC_to_06:00_UTC_next_day,Grächen,1605.0,46.195314,7.836822
GRC,2018-03-01,31,31,31,31,31,0,-1.0258064516129033,-4.187096774193549,2.8419354838709676,30,33.7,8,31,1.0,1.0,1.0,1.0,0.967741935483871,0.25806451612903225,True,3,13,1.448138957816377,35.16923076923077,-2.4739454094292803,-1.4692307692307693,0.9582239720034995,METEOSWISS_SMN_DAILY_SELECTED,06:00_UTC_to_06:00_UTC_next_day,Grächen,1605.0,46.195314,7.836822
GRC,2018-04-01,30,30,30,30,30,0,6.783333333333333,2.32,12.136666666666667,8,29.299999999999997,6,30,1.0,1.0,1.0,1.0,0.26666666666666666,0.2,True,4,13,5.206666666666667,49.400000000000006,1.5766666666666662,-20.10000000000001,0.5931174089068825,METEOSWISS_SMN_DAILY_SELECTED,06:00_UTC_to_06:00_UTC_next_day,Grächen,1605.0,46.195314,7.836822
GRC,2018-05-01,31,31,31,31,31,0,9.793548387096775,5.538709677419354,14.961290322580645,1,83.49999999999999,10,31,1.0,1.0,1.0,1.0,0.03225806451612903,0.3225806451612903,True,5,13,8.44789081885856,61.107692307692304,1.3456575682382148,22.392307692307682,1.3664400805639474,METEOSWISS_SMN_DAILY_SELECTED,06:00_UTC_to_06:00_UTC_next_day,Grächen,1605.0,46.195314,7.836822
GRC,2018-06-01,30,30,30,30,30,0,14.05,9.053333333333335,19.673333333333336,0,22.700000000000003,2,30,1.0,1.0,1.0,1.0,0.0,0.06666666666666667,True,6,13,13.812051282051282,49.06923076923077,0.23794871794871852,-26.369230769230768,0.4626116946229817,METEOSWISS_SMN_DAILY_SELECTED,06:00_UTC_to_06:00_UTC_next_day,Grächen,1605.0,46.195314,7.836822
GRC,2018-07-01,31,31,31,31,31,0,16.3,11.241935483870968,22.183870967741935,0,46.6,6,31,1.0,1.0,1.0,1.0,0.0,0.1935483870967742,True,7,13,15.622332506203474,54.56153846153846,0.6776674937965268,-7.96153846153846,0.8540814887917666,METEOSWISS_SMN_DAILY_SELECTED,06:00_UTC_to_06:00_UTC_next_day,Grächen,1605.0,46.195314,7.836822
GRC,2018-08-01,31,31,31,31,31,0,15.451612903225806,10.874193548387098,21.59032258064516,0,21.500000000000004,7,31,1.0,1.0,1.0,1.0,0.0,0.22580645161290322,True,8,13,15.043920595533498,57.315384615384616,0.407692307692308,-35.815384615384616,0.37511743390148977,METEOSWISS_SMN_DAILY_SELECTED,06:00_UTC_to_06:00_UTC_next_day,Grächen,1605.0,46.195314,7.836822
GRC,2018-09-01,30,30,30,30,30,0,12.823333333333332,8.66,18.623333333333335,0,22.200000000000003,5,30,1.0,1.0,1.0,1.0,0.0,0.16666666666666666,True,9,13,11.056666666666668,32.01538461538461,1.766666666666664,-9.815384615384609,0.6934166266218166,METEOSWISS_SMN_DAILY_SELECTED,06:00_UTC_to_06:00_UTC_next_day,Grächen,1605.0,46.195314,7.836822
GRC,2018-10-01,31,31,31,31,31,0,7.906451612903226,4.45483870967742,13.209677419354838,5,102.5,5,31,1.0,1.0,1.0,1.0,0.16129032258064516,0.16129032258064516,True,10,13,7.3188585607940455,52.16923076923077,0.5875930521091801,50.33076923076923,1.9647596579180182,METEOSWISS_SMN_DAILY_SELECTED,06:00_UTC_to_06:00_UTC_next_day,Grächen,1605.0,46.195314,7.836822
GRC,2018-11-01,30,30,30,30,30,0,2.69,0.12666666666666665,6.533333333333333,14,36.4,4,30,1.0,1.0,1.0,1.0,0.4666666666666667,0.13333333333333333,True,11,13,1.851025641025641,48.93076923076922,0.838974358974359,-12.530769230769224,0.7439081905360794,METEOSWISS_SMN_DAILY_SELECTED,06:00_UTC_to_06:00_UTC_next_day,Grächen,1605.0,46.195314,7.836822
GRC,2018-12-01,31,31,31,31,31,0,-0.7580645161290323,-3.4129032258064513,2.5258064516129033,25,95.5,9,31,1.0,1.0,1.0,1.0,0.8064516129032258,0.2903225806451613,True,12,13,-0.33449131513647645,43.93846153846154,-0.4235732009925558,51.56153846153846,2.1734943977591037,METEOSWISS_SMN_DAILY_SELECTED,06:00_UTC_to_06:00_UTC_next_day,Grächen,1605.0,46.195314,7.836822
GRC,2019-01-01,31,31,31,31,31,0,-5.738709677419355,-8.399999999999999,-2.5612903225806454,31,17.1,3,31,1.0,1.0,1.0,1.0,1.0,0.0967741935483871,True,1,13,-2.2937965260545905,43.54615384615385,-3.444913151364765,-26.446153846153848,0.39268680445151033,METEOSWISS_SMN_DAILY_SELECTED,06:00_UTC_to_06:00_UTC_next_day,Grächen,1605.0,46.195314,7.836822
GRC,2019-02-01,28,28,28,28,28,0,1.1535714285714285,-2.439285714285714,5.675,19,16.0,3,28,1.0,1.0,1.0,1.0,0.6785714285714286,0.10714285714285714,True,2,13,-0.9607995452823039,26.615384615384617,2.1143709738537324,-10.615384615384617,0.6011560693641618,METEOSWISS_SMN_DAILY_SELECTED,06:00_UTC_to_06:00_UTC_next_day,Grächen,1605.0,46.195314,7.836822
GRC,2019-03-01,31,31,31,31,31,0,1.8451612903225807,-2.4193548387096775,7.029032258064516,25,24.6,6,31,1.0,1.0,1.0,1.0,0.8064516129032258,0.1935483870967742,True,3,13,1.448138957816377,35.16923076923077,0.39702233250620367,-10.56923076923077,0.6994750656167978,METEOSWISS_SMN_DAILY_SELECTED,06:00_UTC_to_06:00_UTC_next_day,Grächen,1605.0,46.195314,7.836822
GRC,2019-04-01,30,30,30,30,30,0,3.9566666666666666,0.053333333333333274,8.993333333333334,16,46.39999999999999,6,30,1.0,1.0,1.0,1.0,0.5333333333333333,0.2,True,4,13,5.206666666666667,49.400000000000006,-1.2500000000000004,-3.000000000000014,0.9392712550607285,METEOSWISS_SMN_DAILY_SELECTED,06:00_UTC_to_06:00_UTC_next_day,Grächen,1605.0,46.195314,7.836822
GRC,2019-05-01,31,31,31,31,31,0,6.335483870967742,1.7419354838709677,11.59032258064516,8,16.3,3,31,1.0,1.0,1.0,1.0,0.25806451612903225,0.0967741935483871,True,5,13,8.44789081885856,61.107692307692304,-2.1124069478908183,-44.80769230769231,0.26674219536757304,METEOSWISS_SMN_DAILY_SELECTED,06:00_UTC_to_06:00_UTC_next_day,Grächen,1605.0,46.195314,7.836822
GRC,2019-06-01,30,30,30,30,30,0,15.153333333333334,9.976666666666667,21.256666666666668,0,52.3,9,30,1.0,1.0,1.0,1.0,0.0,0.3,True,6,13,13.812051282051282,49.06923076923077,1.341282051282052,3.2307692307692264,1.065841040915504,METEOSWISS_SMN_DAILY_SELECTED,06:00_UTC_to_06:00_UTC_next_day,Grächen,1605.0,46.195314,7.836822
GRC,2019-07-01,31,31,31,31,31,0,16.39032258064516,11.37741935483871,22.46451612903226,0,67.4,9,31,1.0,1.0,1.0,1.0,0.0,0.2903225806451613,True,7,13,15.622332506203474,54.56153846153846,0.7679900744416877,12.838461538461544,1.2353024108275765,METEOSWISS_SMN_DAILY_SELECTED,06:00_UTC_to_06:00_UTC_next_day,Grächen,1605.0,46.195314,7.836822
GRC,2019-08-01,31,31,31,31,31,0,15.193548387096774,10.790322580645162,20.73548387096774,0,59.50000000000001,10,31,1.0,1.0,1.0,1.0,0.0,0.3225806451612903,True,8,13,15.043920595533498,57.315384615384616,0.149627791563276,2.184615384615391,1.0381156891692391,METEOSWISS_SMN_DAILY_SELECTED,06:00_UTC_to_06:00_UTC_next_day,Grächen,1605.0,46.195314,7.836822
GRC,2019-09-01,30,30,30,30,30,0,11.523333333333333,7.533333333333333,16.906666666666666,0,25.6,4,30,1.0,1.0,1.0,1.0,0.0,0.13333333333333333,True,9,13,11.056666666666668,32.01538461538461,0.466666666666665,-6.41538461538461,0.7996155694377705,METEOSWISS_SMN_DAILY_SELECTED,06:00_UTC_to_06:00_UTC_next_day,Grächen,1605.0,46.195314,7.836822
GRC,2019-10-01,31,31,31,31,31,0,8.422580645161291,5.058064516129033,12.87741935483871,1,61.60000000000001,7,31,1.0,1.0,1.0,1.0,0.03225806451612903,0.22580645161290322,True,10,13,7.3188585607940455,52.16923076923077,1.103722084367246,9.430769230769236,1.1807726334414628,METEOSWISS_SMN_DAILY_SELECTED,06:00_UTC_to_06:00_UTC_next_day,Grächen,1605.0,46.195314,7.836822
GRC,2019-11-01,30,30,30,30,30,0,0.32999999999999996,-1.6633333333333333,3.1633333333333336,20,103.89999999999998,14,30,1.0,1.0,1.0,1.0,0.6666666666666666,0.4666666666666667,True,11,13,1.851025641025641,48.93076923076922,-1.5210256410256409,54.969230769230755,2.1234082691400724,METEOSWISS_SMN_DAILY_SELECTED,06:00_UTC_to_06:00_UTC_next_day,Grächen,1605.0,46.195314,7.836822
GRC,2019-12-01,31,31,31,31,31,0,0.34516129032258064,-2.2516129032258063,3.638709677419355,24,56.5,10,31,1.0,1.0,1.0,1.0,0.7741935483870968,0.3225806451612903,True,12,13,-0.33449131513647645,43.93846153846154,0.679652605459057,12.561538461538461,1.285889355742297,METEOSWISS_SMN_DAILY_SELECTED,06:00_UTC_to_06:00_UTC_next_day,Grächen,1605.0,46.195314,7.836822
GRC,2020-01-01,31,31,31,31,31,0,0.019354838709677438,-2.8806451612903223,3.990322580645161,26,13.399999999999999,3,31,1.0,1.0,1.0,1.0,0.8387096774193549,0.0967741935483871,True,1,13,-2.2937965260545905,43.54615384615385,2.313151364764268,-30.14615384615385,0.3077194841900724,METEOSWISS_SMN_DAILY_SELECTED,06:00_UTC_to_06:00_UTC_next_day,Grächen,1605.0,46.195314,7.836822
GRC,2020-02-01,29,29,29,29,29,0,1.2620689655172415,-2.5,5.717241379310345,21,62.49999999999999,8,29,1.0,1.0,1.0,1.0,0.7241379310344828,0.27586206896551724,True,2,13,-0.9607995452823039,26.615384615384617,2.2228685107995454,35.88461538461537,2.348265895953757,METEOSWISS_SMN_DAILY_SELECTED,06:00_UTC_to_06:00_UTC_next_day,Grächen,1605.0,46.195314,7.836822
GRC,2020-03-01,31,31,31,31,31,0,1.261290322580645,-2.429032258064516,6.04516129032258,22,35.599999999999994,7,31,1.0,1.0,1.0,1.0,0.7096774193548387,0.22580645161290322,True,3,13,1.448138957816377,35.16923076923077,-0.18684863523573192,0.43076923076922213,1.012248468941382,METEOSWISS_SMN_DAILY_SELECTED,06:00_UTC_to_06:00_UTC_next_day,Grächen,1605.0,46.195314,7.836822
GRC,2020-04-01,30,30,30,30,30,0,7.659999999999999,3.0633333333333335,13.520000000000001,4,24.8,3,30,1.0,1.0,1.0,1.0,0.13333333333333333,0.1,True,4,13,5.206666666666667,49.400000000000006,2.4533333333333323,-24.600000000000005,0.5020242914979757,METEOSWISS_SMN_DAILY_SELECTED,06:00_UTC_to_06:00_UTC_next_day,Grächen,1605.0,46.195314,7.836822
GRC,2020-05-01,31,31,31,31,31,0,10.12258064516129,5.274193548387097,15.912903225806453,0,48.400000000000006,10,31,1.0,1.0,1.0,1.0,0.0,0.3225806451612903,True,5,13,8.44789081885856,61.107692307692304,1.6746898263027301,-12.707692307692298,0.7920443101711986,METEOSWISS_SMN_DAILY_SELECTED,06:00_UTC_to_06:00_UTC_next_day,Grächen,1605.0,46.195314,7.836822
GRC,2020-06-01,30,30,30,30,30,0,11.373333333333333,7.35,16.793333333333333,0,106.10000000000001,12,30,1.0,1.0,1.0,1.0,0.0,0.4,True,6,13,13.812051282051282,49.06923076923077,-2.438717948717949,57.03076923076924,2.162251136541778,METEOSWISS_SMN_DAILY_SELECTED,06:00_UTC_to_06:00_UTC_next_day,Grächen,1605.0,46.195314,7.836822
GRC,2020-07-01,31,31,31,31,31,0,15.62258064516129,10.496774193548386,21.958064516129035,0,27.3,7,31,1.0,1.0,1.0,1.0,0.0,0.22580645161290322,True,7,13,15.622332506203474,54.56153846153846,0.0002481389578168347,-27.26153846153846,0.5003524601720005,METEOSWISS_SMN_DAILY_SELECTED,06:00_UTC_to_06:00_UTC_next_day,Grächen,1605.0,46.195314,7.836822
GRC,2020-08-01,31,31,31,31,31,0,14.951612903225806,10.406451612903227,20.85483870967742,0,77.2,10,31,1.0,1.0,1.0,1.0,0.0,0.3225806451612903,True,8,13,15.043920595533498,57.315384615384616,-0.09230769230769198,19.884615384615387,1.3469332975439539,METEOSWISS_SMN_DAILY_SELECTED,06:00_UTC_to_06:00_UTC_next_day,Grächen,1605.0,46.195314,7.836822
GRC,2020-09-01,30,30,30,30,30,0,11.746666666666666,7.756666666666666,17.196666666666665,4,7.3999999999999995,3,30,1.0,1.0,1.0,1.0,0.13333333333333333,0.1,True,9,13,11.056666666666668,32.01538461538461,0.6899999999999977,-24.615384615384613,0.2311388755406055,METEOSWISS_SMN_DAILY_SELECTED,06:00_UTC_to_06:00_UTC_next_day,Grächen,1605.0,46.195314,7.836822
GRC,2020-10-01,31,31,31,31,31,0,4.425806451612903,1.4774193548387096,8.570967741935483,11,122.10000000000001,10,31,1.0,1.0,1.0,1.0,0.3548387096774194,0.3225806451612903,True,10,13,7.3188585607940455,52.16923076923077,-2.8930521091811423,69.93076923076924,2.3404600412857564,METEOSWISS_SMN_DAILY_SELECTED,06:00_UTC_to_06:00_UTC_next_day,Grächen,1605.0,46.195314,7.836822
GRC,2020-11-01,30,30,30,30,30,0,4.503333333333333,1.55,8.846666666666666,8,4.0,1,30,1.0,1.0,1.0,1.0,0.26666666666666666,0.03333333333333333,True,11,13,1.851025641025641,48.93076923076922,2.652307692307692,-44.93076923076922,0.08174815280616257,METEOSWISS_SMN_DAILY_SELECTED,06:00_UTC_to_06:00_UTC_next_day,Grächen,1605.0,46.195314,7.836822
GRC,2020-12-01,31,31,31,31,31,0,-2.2225806451612904,-4.483870967741935,0.46451612903225803,28,40.9,9,31,1.0,1.0,1.0,1.0,0.9032258064516129,0.2903225806451613,True,12,13,-0.33449131513647645,43.93846153846154,-1.888089330024814,-3.03846153846154,0.9308473389355741,METEOSWISS_SMN_DAILY_SELECTED,06:00_UTC_to_06:00_UTC_next_day,Grächen,1605.0,46.195314,7.836822
GRC,2021-01-01,31,31,31,31,31,0,-4.493548387096775,-6.996774193548387,-1.4225806451612903,31,61.0,10,31,1.0,1.0,1.0,1.0,1.0,0.3225806451612903,True,1,13,-2.2937965260545905,43.54615384615385,-2.1997518610421842,17.45384615384615,1.4008125772831654,METEOSWISS_SMN_DAILY_SELECTED,06:00_UTC_to_06:00_UTC_next_day,Grächen,1605.0,46.195314,7.836822
GRC,2021-02-01,28,28,28,28,28,0,1.0035714285714286,-1.9357142857142857,4.746428571428572,19,10.9,3,28,1.0,1.0,1.0,1.0,0.6785714285714286,0.10714285714285714,True,2,13,-0.9607995452823039,26.615384615384617,1.9643709738537325,-15.715384615384616,0.40953757225433524,METEOSWISS_SMN_DAILY_SELECTED,06:00_UTC_to_06:00_UTC_next_day,Grächen,1605.0,46.195314,7.836822
GRC,2021-03-01,31,31,31,31,31,0,0.9870967741935485,-2.761290322580645,6.019354838709678,25,12.0,3,31,1.0,1.0,1.0,1.0,0.8064516129032258,0.0967741935483871,True,3,13,1.448138957816377,35.16923076923077,-0.46104218362282856,-23.169230769230772,0.3412073490813648,METEOSWISS_SMN_DAILY_SELECTED,06:00_UTC_to_06:00_UTC_next_day,Grächen,1605.0,46.195314,7.836822
GRC,2021-04-01,30,30,30,30,30,0,3.24,-1.04,8.706666666666667,17,10.0,4,30,1.0,1.0,1.0,1.0,0.5666666666666667,0.13333333333333333,True,4,13,5.206666666666667,49.400000000000006,-1.9666666666666668,-39.400000000000006,0.20242914979757082,METEOSWISS_SMN_DAILY_SELECTED,06:00_UTC_to_06:00_UTC_next_day,Grächen,1605.0,46.195314,7.836822
GRC,2021-05-01,31,31,31,31,31,0,5.95483870967742,1.7032258064516128,10.858064516129033,7,74.4,7,31,1.0,1.0,1.0,1.0,0.22580645161290322,0.22580645161290322,True,5,13,8.44789081885856,61.107692307692304,-2.493052109181141,13.292307692307702,1.217522658610272,METEOSWISS_SMN_DAILY_SELECTED,06:00_UTC_to_06:00_UTC_next_day,Grächen,1605.0,46.195314,7.836822
GRC,2021-06-01,30,30,30,30,30,0,14.156666666666666,9.7,19.853333333333335,0,56.1,9,30,1.0,1.0,1.0,1.0,0.0,0.3,True,6,13,13.812051282051282,49.06923076923077,0.3446153846153841,7.030769230769231,1.1432826461827872,METEOSWISS_SMN_DAILY_SELECTED,06:00_UTC_to_06:00_UTC_next_day,Grächen,1605.0,46.195314,7.836822
GRC,2021-07-01,31,31,31,31,31,0,13.751612903225807,9.46774193548387,19.151612903225807,0,103.5,15,31,1.0,1.0,1.0,1.0,0.0,0.4838709677419355,True,7,13,15.622332506203474,54.56153846153846,-1.8707196029776672,48.93846153846154,1.896940645707035,METEOSWISS_SMN_DAILY_SELECTED,06:00_UTC_to_06:00_UTC_next_day,Grächen,1605.0,46.195314,7.836822
GRC,2021-08-01,31,31,31,31,31,0,13.548387096774194,9.02258064516129,19.36774193548387,0,25.700000000000003,5,31,1.0,1.0,1.0,1.0,0.0,0.16129032258064516,True,8,13,15.043920595533498,57.315384615384616,-1.495533498759304,-31.615384615384613,0.44839618843108314,METEOSWISS_SMN_DAILY_SELECTED,06:00_UTC_to_06:00_UTC_next_day,Grächen,1605.0,46.195314,7.836822
GRC,2021-09-01,30,30,30,30,30,0,11.82,8.139999999999999,17.083333333333332,0,57.69999999999999,7,30,1.0,1.0,1.0,1.0,0.0,0.23333333333333334,True,9,13,11.056666666666668,32.01538461538461,0.7633333333333319,25.684615384615377,1.8022585295530993,METEOSWISS_SMN_DAILY_SELECTED,06:00_UTC_to_06:00_UTC_next_day,Grächen,1605.0,46.195314,7.836822
GRC,2021-10-01,31,31,31,31,31,0,6.048387096774194,2.693548387096774,11.0,1,33.7,6,31,1.0,1.0,1.0,1.0,0.03225806451612903,0.1935483870967742,True,10,13,7.3188585607940455,52.16923076923077,-1.2704714640198516,-18.46923076923077,0.6459746387496313,METEOSWISS_SMN_DAILY_SELECTED,06:00_UTC_to_06:00_UTC_next_day,Grächen,1605.0,46.195314,7.836822
GRC,2021-11-01,30,30,30,30,30,0,1.28,-1.4433333333333331,5.14,19,25.2,5,30,1.0,1.0,1.0,1.0,0.6333333333333333,0.16666666666666666,True,11,13,1.851025641025641,48.93076923076922,-0.5710256410256409,-23.730769230769223,0.5150133626788241,METEOSWISS_SMN_DAILY_SELECTED,06:00_UTC_to_06:00_UTC_next_day,Grächen,1605.0,46.195314,7.836822
GRC,2021-12-01,31,31,31,31,31,0,-0.7548387096774193,-3.429032258064516,2.670967741935484,26,63.9,9,31,1.0,1.0,1.0,1.0,0.8387096774193549,0.2903225806451613,True,12,13,-0.33449131513647645,43.93846153846154,-0.42034739454094283,19.96153846153846,1.4543067226890756,METEOSWISS_SMN_DAILY_SELECTED,06:00_UTC_to_06:00_UTC_next_day,Grächen,1605.0,46.195314,7.836822
GRC,2022-01-01,31,31,31,31,31,0,-1.3064516129032258,-4.212903225806452,2.664516129032258,25,7.0,2,31,1.0,1.0,1.0,1.0,0.8064516129032258,0.06451612903225806,True,1,13,-2.2937965260545905,43.54615384615385,0.9873449131513647,-36.54615384615385,0.16074898427839604,METEOSWISS_SMN_DAILY_SELECTED,06:00_UTC_to_06:00_UTC_next_day,Grächen,1605.0,46.195314,7.836822
GRC,2022-02-01,28,28,28,28,28,0,-0.41071428571428564,-4.064285714285714,3.939285714285714,25,14.3,4,28,1.0,1.0,1.0,1.0,0.8928571428571429,0.14285714285714285,True,2,13,-0.9607995452823039,26.615384615384617,0.5500852595680183,-12.315384615384616,0.5372832369942196,METEOSWISS_SMN_DAILY_SELECTED,06:00_UTC_to_06:00_UTC_next_day,Grächen,1605.0,46.195314,7.836822
GRC,2022-03-01,31,31,31,31,31,0,2.161290322580645,-1.7645161290322582,7.216129032258064,20,2.3,1,31,1.0,1.0,1.0,1.0,0.6451612903225806,0.03225806451612903,True,3,13,1.448138957816377,35.16923076923077,0.713151364764268,-32.869230769230775,0.06539807524059492,METEOSWISS_SMN_DAILY_SELECTED,06:00_UTC_to_06:00_UTC_next_day,Grächen,1605.0,46.195314,7.836822
GRC,2022-04-01,30,30,30,30,30,0,4.696666666666667,0.043333333333333314,10.153333333333334,11,48.20000000000001,6,30,1.0,1.0,1.0,1.0,0.36666666666666664,0.2,True,4,13,5.206666666666667,49.400000000000006,-0.5099999999999998,-1.1999999999999957,0.9757085020242916,METEOSWISS_SMN_DAILY_SELECTED,06:00_UTC_to_06:00_UTC_next_day,Grächen,1605.0,46.195314,7.836822
GRC,2022-05-01,31,31,31,31,31,0,11.658064516129032,6.980645161290322,17.44193548387097,0,32.300000000000004,9,31,1.0,1.0,1.0,1.0,0.0,0.2903225806451613,True,5,13,8.44789081885856,61.107692307692304,3.2101736972704717,-28.8076923076923,0.5285750251762338,METEOSWISS_SMN_DAILY_SELECTED,06:00_UTC_to_06:00_UTC_next_day,Grächen,1605.0,46.195314,7.836822
GRC,2022-06-01,30,30,30,30,30,0,15.389999999999999,10.129999999999999,21.533333333333335,0,65.30000000000001,9,30,1.0,1.0,1.0,1.0,0.0,0.3,True,6,13,13.812051282051282,49.06923076923077,1.5779487179487166,16.23076923076924,1.3307728484088417,METEOSWISS_SMN_DAILY_SELECTED,06:00_UTC_to_06:00_UTC_next_day,Grächen,1605.0,46.195314,7.836822
GRC,2022-07-01,31,31,31,31,31,0,17.55483870967742,12.106451612903227,24.038709677419355,0,37.4,6,31,1.0,1.0,1.0,1.0,0.0,0.1935483870967742,True,7,13,15.622332506203474,54.56153846153846,1.9325062034739453,-17.161538461538463,0.6854645425066968,METEOSWISS_SMN_DAILY_SELECTED,06:00_UTC_to_06:00_UTC_next_day,Grächen,1605.0,46.195314,7.836822
GRC,2022-08-01,31,31,31,31,31,0,16.603225806451615,11.593548387096773,22.848387096774193,0,18.4,6,31,1.0,1.0,1.0,1.0,0.0,0.1935483870967742,True,8,13,15.043920595533498,57.315384615384616,1.559305210918117,-38.91538461538462,0.321030734129647,METEOSWISS_SMN_DAILY_SELECTED,06:00_UTC_to_06:00_UTC_next_day,Grächen,1605.0,46.195314,7.836822
GRC,2022-09-01,30,30,30,30,30,0,10.396666666666667,6.363333333333333,15.916666666666666,1,35.0,8,30,1.0,1.0,1.0,1.0,0.03333333333333333,0.26666666666666666,True,9,13,11.056666666666668,32.01538461538461,-0.6600000000000019,2.9846153846153882,1.0932244113407017,METEOSWISS_SMN_DAILY_SELECTED,06:00_UTC_to_06:00_UTC_next_day,Grächen,1605.0,46.195314,7.836822
GRC,2022-10-01,31,31,31,31,31,0,10.30967741935484,7.209677419354839,14.938709677419356,0,41.50000000000001,8,31,1.0,1.0,1.0,1.0,0.0,0.25806451612903225,True,10,13,7.3188585607940455,52.16923076923077,2.990818858560794,-10.669230769230765,0.7954880566204661,METEOSWISS_SMN_DAILY_SELECTED,06:00_UTC_to_06:00_UTC_next_day,Grächen,1605.0,46.195314,7.836822
GRC,2022-11-01,30,30,30,30,30,0,2.3366666666666664,-0.27333333333333343,5.7,17,29.2,10,30,1.0,1.0,1.0,1.0,0.5666666666666667,0.3333333333333333,True,11,13,1.851025641025641,48.93076923076922,0.4856410256410255,-19.730769230769223,0.5967615154849867,METEOSWISS_SMN_DAILY_SELECTED,06:00_UTC_to_06:00_UTC_next_day,Grächen,1605.0,46.195314,7.836822
GRC,2022-12-01,31,31,31,31,31,0,-0.5741935483870968,-3.012903225806452,2.4838709677419355,23,63.30000000000001,6,31,1.0,1.0,1.0,1.0,0.7419354838709677,0.1935483870967742,True,12,13,-0.33449131513647645,43.93846153846154,-0.23970223325062034,19.361538461538473,1.440651260504202,METEOSWISS_SMN_DAILY_SELECTED,06:00_UTC_to_06:00_UTC_next_day,Grächen,1605.0,46.195314,7.836822
GRC,2023-01-01,31,31,31,31,31,0,-3.303225806451613,-5.925806451612903,0.07096774193548376,27,15.599999999999998,5,31,1.0,1.0,1.0,1.0,0.8709677419354839,0.16129032258064516,True,1,13,-2.2937965260545905,43.54615384615385,-1.0094292803970224,-27.94615384615385,0.3582405935347111,METEOSWISS_SMN_DAILY_SELECTED,06:00_UTC_to_06:00_UTC_next_day,Grächen,1605.0,46.195314,7.836822
GRC,2023-02-01,28,28,28,28,28,0,0.03214285714285714,-3.1785714285714284,4.6,19,1.4,1,28,1.0,1.0,1.0,1.0,0.6785714285714286,0.03571428571428571,True,2,13,-0.9607995452823039,26.615384615384617,0.9929424024251611,-25.215384615384618,0.052601156069364156,METEOSWISS_SMN_DAILY_SELECTED,06:00_UTC_to_06:00_UTC_next_day,Grächen,1605.0,46.195314,7.836822
GRC,2023-03-01,31,31,31,31,31,0,1.929032258064516,-1.7322580645161292,6.770967741935484,23,83.3,13,31,1.0,1.0,1.0,1.0,0.7419354838709677,0.41935483870967744,True,3,13,1.448138957816377,35.16923076923077,0.48089330024813903,48.130769230769225,2.368547681539807,METEOSWISS_SMN_DAILY_SELECTED,06:00_UTC_to_06:00_UTC_next_day,Grächen,1605.0,46.195314,7.836822
GRC,2023-04-01,30,30,30,30,30,0,3.5900000000000003,-0.5,8.726666666666667,20,55.2,11,30,1.0,1.0,1.0,1.0,0.6666666666666666,0.36666666666666664,True,4,13,5.206666666666667,49.400000000000006,-1.6166666666666667,5.799999999999997,1.117408906882591,METEOSWISS_SMN_DAILY_SELECTED,06:00_UTC_to_06:00_UTC_next_day,Grächen,1605.0,46.195314,7.836822
GRC,2023-05-01,31,31,31,31,31,0,9.312903225806451,5.216129032258064,14.667741935483871,0,46.9,9,31,1.0,1.0,1.0,1.0,0.0,0.2903225806451613,True,5,13,8.44789081885856,61.107692307692304,0.8650124069478906,-14.207692307692305,0.7674974823766365,METEOSWISS_SMN_DAILY_SELECTED,06:00_UTC_to_06:00_UTC_next_day,Grächen,1605.0,46.195314,7.836822
GRC,2023-06-01,30,30,30,30,30,0,14.696666666666665,9.913333333333332,20.64333333333333,0,37.0,8,30,1.0,1.0,1.0,1.0,0.0,0.26666666666666666,True,6,13,13.812051282051282,49.06923076923077,0.8846153846153832,-12.06923076923077,0.754036682865653,METEOSWISS_SMN_DAILY_SELECTED,06:00_UTC_to_06:00_UTC_next_day,Grächen,1605.0,46.195314,7.836822
GRC,2023-07-01,31,31,31,31,31,0,16.138709677419357,11.141935483870967,22.093548387096774,0,64.30000000000001,8,31,1.0,1.0,1.0,1.0,0.0,0.25806451612903225,True,7,13,15.622332506203474,54.56153846153846,0.5163771712158827,9.73846153846155,1.1784858311010857,METEOSWISS_SMN_DAILY_SELECTED,06:00_UTC_to_06:00_UTC_next_day,Grächen,1605.0,46.195314,7.836822
GRC,2023-08-01,31,31,31,31,31,0,15.435483870967742,10.899999999999999,21.15806451612903,0,125.69999999999999,11,31,1.0,1.0,1.0,1.0,0.0,0.3548387096774194,True,8,13,15.043920595533498,57.315384615384616,0.39156327543424396,68.38461538461537,2.1931284391356862,METEOSWISS_SMN_DAILY_SELECTED,06:00_UTC_to_06:00_UTC_next_day,Grächen,1605.0,46.195314,7.836822
GRC,2023-09-01,30,30,30,30,30,0,13.873333333333333,9.923333333333334,19.136666666666667,0,28.6,5,30,1.0,1.0,1.0,1.0,0.0,0.16666666666666666,True,9,13,11.056666666666668,32.01538461538461,2.8166666666666647,-3.4153846153846104,0.8933205189812592,METEOSWISS_SMN_DAILY_SELECTED,06:00_UTC_to_06:00_UTC_next_day,Grächen,1605.0,46.195314,7.836822
GRC,2023-10-01,31,31,31,31,31,0,9.47741935483871,6.129032258064516,14.261290322580646,0,44.1,6,31,1.0,1.0,1.0,1.0,0.0,0.1935483870967742,True,10,13,7.3188585607940455,52.16923076923077,2.158560794044665,-8.06923076923077,0.8453258625774108,METEOSWISS_SMN_DAILY_SELECTED,06:00_UTC_to_06:00_UTC_next_day,Grächen,1605.0,46.195314,7.836822
GRC,2023-11-01,30,30,30,30,30,0,0.2766666666666666,-2.27,3.61,24,110.1,14,30,1.0,1.0,1.0,1.0,0.8,0.4666666666666667,True,11,13,1.851025641025641,48.93076923076922,-1.5743589743589743,61.16923076923077,2.2501179059896246,METEOSWISS_SMN_DAILY_SELECTED,06:00_UTC_to_06:00_UTC_next_day,Grächen,1605.0,46.195314,7.836822
GRC,2023-12-01,31,31,31,31,31,0,0.17741935483870966,-2.6870967741935483,3.3483870967741933,21,93.20000000000002,8,31,1.0,1.0,1.0,1.0,0.6774193548387096,0.25806451612903225,True,12,13,-0.33449131513647645,43.93846153846154,0.5119106699751861,49.26153846153848,2.121148459383754,METEOSWISS_SMN_DAILY_SELECTED,06:00_UTC_to_06:00_UTC_next_day,Grächen,1605.0,46.195314,7.836822
GRC,2024-01-01,31,31,31,31,31,0,-0.4032258064516129,-3.3580645161290326,3.225806451612903,24,39.0,9,31,1.0,1.0,1.0,1.0,0.7741935483870968,0.2903225806451613,True,1,13,-2.2937965260545905,43.54615384615385,1.8905707196029775,-4.5461538461538495,0.8956014838367778,METEOSWISS_SMN_DAILY_SELECTED,06:00_UTC_to_06:00_UTC_next_day,Grächen,1605.0,46.195314,7.836822
GRC,2024-02-01,29,29,29,29,29,0,1.9137931034482758,-0.9758620689655172,5.613793103448276,18,26.200000000000003,6,29,1.0,1.0,1.0,1.0,0.6206896551724138,0.20689655172413793,True,2,13,-0.9607995452823039,26.615384615384617,2.8745926487305797,-0.4153846153846139,0.9843930635838151,METEOSWISS_SMN_DAILY_SELECTED,06:00_UTC_to_06:00_UTC_next_day,Grächen,1605.0,46.195314,7.836822
GRC,2024-03-01,31,31,31,31,31,0,1.935483870967742,-1.3580645161290323,6.206451612903226,21,98.10000000000001,12,31,1.0,1.0,1.0,1.0,0.6774193548387096,0.3870967741935484,True,3,13,1.448138957816377,35.16923076923077,0.48734491315136497,62.930769230769236,2.7893700787401574,METEOSWISS_SMN_DAILY_SELECTED,06:00_UTC_to_06:00_UTC_next_day,Grächen,1605.0,46.195314,7.836822
GRC,2024-04-01,30,30,30,30,30,0,4.766666666666667,0.5866666666666667,9.886666666666667,15,28.200000000000003,7,30,1.0,1.0,1.0,1.0,0.5,0.23333333333333334,True,4,13,5.206666666666667,49.400000000000006,-0.4400000000000004,-21.200000000000003,0.5708502024291497,METEOSWISS_SMN_DAILY_SELECTED,06:00_UTC_to_06:00_UTC_next_day,Grächen,1605.0,46.195314,7.836822
GRC,2024-05-01,31,31,31,31,31,0,8.02258064516129,4.225806451612903,13.112903225806452,0,113.1,14,31,1.0,1.0,1.0,1.0,0.0,0.45161290322580644,True,5,13,8.44789081885856,61.107692307692304,-0.4253101736972713,51.99230769230769,1.8508308157099698,METEOSWISS_SMN_DAILY_SELECTED,06:00_UTC_to_06:00_UTC_next_day,Grächen,1605.0,46.195314,7.836822
GRC,2024-06-01,30,30,30,30,30,0,12.59,8.493333333333334,17.653333333333332,0,69.69999999999999,12,30,1.0,1.0,1.0,1.0,0.0,0.4,True,6,13,13.812051282051282,49.06923076923077,-1.2220512820512823,20.630769230769218,1.4204420755604323,METEOSWISS_SMN_DAILY_SELECTED,06:00_UTC_to_06:00_UTC_next_day,Grächen,1605.0,46.195314,7.836822
GRC,2024-07-01,31,31,31,31,31,0,16.229032258064517,11.603225806451613,22.15806451612903,0,52.3,9,31,1.0,1.0,1.0,1.0,0.0,0.2903225806451613,True,7,13,15.622332506203474,54.56153846153846,0.6066997518610435,-2.261538461538464,0.9585506837727337,METEOSWISS_SMN_DAILY_SELECTED,06:00_UTC_to_06:00_UTC_next_day,Grächen,1605.0,46.195314,7.836822
GRC,2024-08-01,31,31,31,31,31,0,16.883870967741935,12.387096774193548,22.796774193548387,0,68.30000000000001,4,31,1.0,1.0,1.0,1.0,0.0,0.12903225806451613,True,8,13,15.043920595533498,57.315384615384616,1.8399503722084365,10.984615384615395,1.1916521272312444,METEOSWISS_SMN_DAILY_SELECTED,06:00_UTC_to_06:00_UTC_next_day,Grächen,1605.0,46.195314,7.836822
GRC,2024-09-01,30,30,30,30,30,0,9.496666666666666,6.116666666666666,14.05,0,70.49999999999999,8,30,1.0,1.0,1.0,1.0,0.0,0.26666666666666666,True,9,13,11.056666666666668,32.01538461538461,-1.5600000000000023,38.484615384615374,2.2020663142719843,METEOSWISS_SMN_DAILY_SELECTED,06:00_UTC_to_06:00_UTC_next_day,Grächen,1605.0,46.195314,7.836822
GRC,2024-10-01,31,31,31,31,31,0,8.103225806451613,5.480645161290322,12.05483870967742,0,91.3,10,31,1.0,1.0,1.0,1.0,0.0,0.3225806451612903,True,10,13,7.3188585607940455,52.16923076923077,0.7843672456575677,39.130769230769225,1.7500737245650249,METEOSWISS_SMN_DAILY_SELECTED,06:00_UTC_to_06:00_UTC_next_day,Grächen,1605.0,46.195314,7.836822
GRC,2024-11-01,30,30,30,30,30,0,2.69,0.08666666666666664,6.680000000000001,15,59.9,6,30,1.0,1.0,1.0,1.0,0.5,0.2,True,11,13,1.851025641025641,48.93076923076922,0.838974358974359,10.969230769230776,1.2241785882722844,METEOSWISS_SMN_DAILY_SELECTED,06:00_UTC_to_06:00_UTC_next_day,Grächen,1605.0,46.195314,7.836822
GRC,2024-12-01,31,31,31,31,31,0,-0.7580645161290323,-3.635483870967742,2.635483870967742,25,34.7,9,31,1.0,1.0,1.0,1.0,0.8064516129032258,0.2903225806451613,True,12,13,-0.33449131513647645,43.93846153846154,-0.4235732009925558,-9.238461538461536,0.7897408963585435,METEOSWISS_SMN_DAILY_SELECTED,06:00_UTC_to_06:00_UTC_next_day,Grächen,1605.0,46.195314,7.836822
GRC,2025-01-01,31,31,31,31,31,0,-0.9483870967741935,-3.5774193548387094,2.403225806451613,29,52.0,10,31,1.0,1.0,1.0,1.0,0.9354838709677419,0.3225806451612903,True,1,13,-2.2937965260545905,43.54615384615385,1.345409429280397,8.45384615384615,1.1941353117823705,METEOSWISS_SMN_DAILY_SELECTED,06:00_UTC_to_06:00_UTC_next_day,Grächen,1605.0,46.195314,7.836822
GRC,2025-02-01,28,28,28,28,28,0,0.21071428571428577,-2.814285714285714,4.457142857142857,25,4.0,2,28,1.0,1.0,1.0,1.0,0.8928571428571429,0.07142857142857142,True,2,13,-0.9607995452823039,26.615384615384617,1.1715138309965898,-22.615384615384617,0.15028901734104044,METEOSWISS_SMN_DAILY_SELECTED,06:00_UTC_to_06:00_UTC_next_day,Grächen,1605.0,46.195314,7.836822
GRC,2025-03-01,31,31,31,31,31,0,2.42258064516129,-1.270967741935484,7.435483870967742,27,18.1,4,31,1.0,1.0,1.0,1.0,0.8709677419354839,0.12903225806451613,True,3,13,1.448138957816377,35.16923076923077,0.9744416873449131,-17.06923076923077,0.5146544181977253,METEOSWISS_SMN_DAILY_SELECTED,06:00_UTC_to_06:00_UTC_next_day,Grächen,1605.0,46.195314,7.836822
GRC,2025-04-01,30,30,30,30,30,0,6.54,2.243333333333333,12.013333333333332,4,157.6,4,30,1.0,1.0,1.0,1.0,0.13333333333333333,0.13333333333333333,True,4,13,5.206666666666667,49.400000000000006,1.333333333333333,108.19999999999999,3.190283400809716,METEOSWISS_SMN_DAILY_SELECTED,06:00_UTC_to_06:00_UTC_next_day,Grächen,1605.0,46.195314,7.836822
GRC,2025-05-01,31,31,31,31,31,0,9.151612903225805,4.835483870967742,14.693548387096774,0,44.70000000000002,9,31,1.0,1.0,1.0,1.0,0.0,0.2903225806451613,True,5,13,8.44789081885856,61.107692307692304,0.7037220843672447,-16.407692307692287,0.731495468277946,METEOSWISS_SMN_DAILY_SELECTED,06:00_UTC_to_06:00_UTC_next_day,Grächen,1605.0,46.195314,7.836822
GRC,2025-06-01,30,30,30,30,30,0,16.86,11.426666666666668,23.30666666666667,0,38.1,8,30,1.0,1.0,1.0,1.0,0.0,0.26666666666666666,True,6,13,13.812051282051282,49.06923076923077,3.0479487179487172,-10.96923076923077,0.7764539896535507,METEOSWISS_SMN_DAILY_SELECTED,06:00_UTC_to_06:00_UTC_next_day,Grächen,1605.0,46.195314,7.836822
GRC,2025-07-01,31,31,31,31,31,0,14.506451612903225,9.841935483870968,20.664516129032258,0,32.1,8,31,1.0,1.0,1.0,1.0,0.0,0.25806451612903225,True,7,13,15.622332506203474,54.56153846153846,-1.1158808933002486,-22.46153846153846,0.5883265191033413,METEOSWISS_SMN_DAILY_SELECTED,06:00_UTC_to_06:00_UTC_next_day,Grächen,1605.0,46.195314,7.836822
GRC,2025-08-01,31,31,31,31,31,0,16.177419354838708,11.274193548387096,22.58709677419355,0,27.400000000000002,7,31,1.0,1.0,1.0,1.0,0.0,0.22580645161290322,True,8,13,15.043920595533498,57.315384615384616,1.1334987593052102,-29.915384615384614,0.47805663669306137,METEOSWISS_SMN_DAILY_SELECTED,06:00_UTC_to_06:00_UTC_next_day,Grächen,1605.0,46.195314,7.836822
GRC,2025-09-01,30,30,30,30,30,0,10.72,6.846666666666667,16.273333333333333,0,56.2,8,30,1.0,1.0,1.0,1.0,0.0,0.26666666666666666,True,9,13,11.056666666666668,32.01538461538461,-0.3366666666666678,24.18461538461539,1.7554060547813555,METEOSWISS_SMN_DAILY_SELECTED,06:00_UTC_to_06:00_UTC_next_day,Grächen,1605.0,46.195314,7.836822
GRC,2025-10-01,31,31,31,31,31,0,5.864516129032259,2.5387096774193547,10.525806451612903,5,46.800000000000004,7,31,1.0,1.0,1.0,1.0,0.16129032258064516,0.22580645161290322,True,10,13,7.3188585607940455,52.16923076923077,-1.4543424317617868,-5.369230769230768,0.8970805072250074,METEOSWISS_SMN_DAILY_SELECTED,06:00_UTC_to_06:00_UTC_next_day,Grächen,1605.0,46.195314,7.836822
GRC,2025-11-01,30,30,30,30,30,0,1.5533333333333332,-1.52,5.336666666666667,16,13.399999999999999,3,30,1.0,1.0,1.0,1.0,0.5333333333333333,0.1,True,11,13,1.851025641025641,48.93076923076922,-0.2976923076923077,-35.530769230769224,0.2738563119006446,METEOSWISS_SMN_DAILY_SELECTED,06:00_UTC_to_06:00_UTC_next_day,Grächen,1605.0,46.195314,7.836822
GRC,2025-12-01,31,31,31,31,31,0,1.2064516129032257,-1.3870967741935485,4.790322580645161,17,9.299999999999999,2,31,1.0,1.0,1.0,1.0,0.5483870967741935,0.06451612903225806,True,12,13,-0.33449131513647645,43.93846153846154,1.5409429280397022,-34.63846153846154,0.2116596638655462,METEOSWISS_SMN_DAILY_SELECTED,06:00_UTC_to_06:00_UTC_next_day,Grächen,1605.0,46.195314,7.836822
GRC,2026-01-01,31,31,31,31,31,0,-3.074193548387097,-5.796774193548386,0.3709677419354839,30,19.8,5,31,1.0,1.0,1.0,1.0,0.967741935483871,0.16129032258064516,True,1,13,-2.2937965260545905,43.54615384615385,-0.7803970223325063,-23.74615384615385,0.45468998410174877,METEOSWISS_SMN_DAILY_SELECTED,06:00_UTC_to_06:00_UTC_next_day,Grächen,1605.0,46.195314,7.836822
GRC,2026-02-01,28,28,28,28,28,0,0.2785714285714286,-2.6214285714285714,4.060714285714286,22,52.4,8,28,1.0,1.0,1.0,1.0,0.7857142857142857,0.2857142857142857,True,2,13,-0.9607995452823039,26.615384615384617,1.2393709738537324,25.784615384615382,1.96878612716763,METEOSWISS_SMN_DAILY_SELECTED,06:00_UTC_to_06:00_UTC_next_day,Grächen,1605.0,46.195314,7.836822
GRC,2026-03-01,31,31,31,31,31,0,1.1516129032258065,-2.448387096774194,6.048387096774194,25,45.199999999999996,4,31,1.0,1.0,1.0,1.0,0.8064516129032258,0.12903225806451613,True,3,13,1.448138957816377,35.16923076923077,-0.2965260545905706,10.030769230769224,1.285214348206474,METEOSWISS_SMN_DAILY_SELECTED,06:00_UTC_to_06:00_UTC_next_day,Grächen,1605.0,46.195314,7.836822
INT,2013-01-01,31,31,31,31,31,0,0.3354838709677419,-2.5806451612903225,3.1161290322580646,25,63.89999999999999,6,31,1.0,1.0,1.0,1.0,0.8064516129032258,0.1935483870967742,True,1,13,0.7950372208436725,91.34615384615384,-0.45955334987593055,-27.446153846153848,0.6995368421052631,METEOSWISS_SMN_DAILY_SELECTED,06:00_UTC_to_06:00_UTC_next_day,Interlaken,578.0,46.672033,7.87045
INT,2013-02-01,28,28,28,28,28,0,-1.4035714285714285,-4.560714285714286,2.3178571428571426,26,80.0,10,28,1.0,1.0,1.0,1.0,0.9285714285714286,0.35714285714285715,True,2,13,2.4856858658582794,66.50769230769231,-3.889257294429708,13.49230769230769,1.2028683784408976,METEOSWISS_SMN_DAILY_SELECTED,06:00_UTC_to_06:00_UTC_next_day,Interlaken,578.0,46.672033,7.87045
INT,2013-03-01,31,31,31,31,31,0,3.52258064516129,-0.019354838709677403,7.735483870967743,11,55.4,10,31,1.0,1.0,1.0,1.0,0.3548387096774194,0.3225806451612903,True,3,13,5.909429280397022,75.63846153846154,-2.386848635235732,-20.238461538461543,0.7324316078511135,METEOSWISS_SMN_DAILY_SELECTED,06:00_UTC_to_06:00_UTC_next_day,Interlaken,578.0,46.672033,7.87045
INT,2013-04-01,30,30,30,30,30,0,9.323333333333332,4.316666666666666,14.76,5,79.8,10,30,1.0,1.0,1.0,1.0,0.16666666666666666,0.3333333333333333,True,4,13,9.741025641025642,74.9,-0.4176923076923096,4.8999999999999915,1.0654205607476634,METEOSWISS_SMN_DAILY_SELECTED,06:00_UTC_to_06:00_UTC_next_day,Interlaken,578.0,46.672033,7.87045
INT,2013-05-01,31,31,31,31,31,0,10.983870967741936,6.690322580645161,15.693548387096774,0,177.3,21,31,1.0,1.0,1.0,1.0,0.0,0.6774193548387096,True,5,13,13.02183622828784,136.86153846153846,-2.0379652605459047,40.43846153846155,1.2954698741007196,METEOSWISS_SMN_DAILY_SELECTED,06:00_UTC_to_06:00_UTC_next_day,Interlaken,578.0,46.672033,7.87045
INT,2013-06-01,30,30,30,30,30,0,16.033333333333335,11.103333333333333,21.526666666666664,0,82.59999999999997,10,30,1.0,1.0,1.0,1.0,0.0,0.3333333333333333,True,6,13,18.124358974358977,111.45384615384614,-2.0910256410256416,-28.853846153846177,0.7411139485126645,METEOSWISS_SMN_DAILY_SELECTED,06:00_UTC_to_06:00_UTC_next_day,Interlaken,578.0,46.672033,7.87045
INT,2013-07-01,31,31,31,31,31,0,20.393548387096775,14.780645161290321,26.86774193548387,0,105.2,7,31,1.0,1.0,1.0,1.0,0.0,0.22580645161290322,True,7,13,19.60893300248139,148.76923076923077,0.7846153846153854,-43.56923076923077,0.7071354705274043,METEOSWISS_SMN_DAILY_SELECTED,06:00_UTC_to_06:00_UTC_next_day,Interlaken,578.0,46.672033,7.87045
INT,2013-08-01,31,31,31,31,18,0,18.467741935483872,13.570967741935483,24.529032258064515,0,32.7,5,31,1.0,1.0,1.0,0.5806451612903226,0.0,0.2777777777777778,False,8,12,18.798387096774196,131.79166666666666,NA,NA,NA,METEOSWISS_SMN_DAILY_SELECTED,06:00_UTC_to_06:00_UTC_next_day,Interlaken,578.0,46.672033,7.87045
INT,2013-09-01,30,30,30,30,30,0,15.01,10.693333333333333,20.529999999999998,0,118.5,9,30,1.0,1.0,1.0,1.0,0.0,0.3,True,9,13,14.903076923076924,91.58461538461538,0.10692307692307601,26.915384615384625,1.293885435914665,METEOSWISS_SMN_DAILY_SELECTED,06:00_UTC_to_06:00_UTC_next_day,Interlaken,578.0,46.672033,7.87045
INT,2013-10-01,31,31,31,31,31,0,11.506451612903225,8.306451612903226,15.90967741935484,0,105.40000000000002,14,31,1.0,1.0,1.0,1.0,0.0,0.45161290322580644,True,10,13,10.46575682382134,78.56923076923077,1.0406947890818845,26.83076923076925,1.3414920697082438,METEOSWISS_SMN_DAILY_SELECTED,06:00_UTC_to_06:00_UTC_next_day,Interlaken,578.0,46.672033,7.87045
INT,2013-11-01,30,30,30,30,30,0,3.863333333333333,1.0633333333333332,6.836666666666667,11,99.19999999999999,16,30,1.0,1.0,1.0,1.0,0.36666666666666664,0.5333333333333333,True,11,13,4.8966666666666665,85.96923076923076,-1.0333333333333337,13.230769230769226,1.153901216893343,METEOSWISS_SMN_DAILY_SELECTED,06:00_UTC_to_06:00_UTC_next_day,Interlaken,578.0,46.672033,7.87045
INT,2013-12-01,31,31,31,31,31,0,0.3161290322580645,-2.803225806451613,4.009677419354839,26,39.300000000000004,4,31,1.0,1.0,1.0,1.0,0.8387096774193549,0.12903225806451613,True,12,13,1.5759305210918115,86.87692307692306,-1.259801488833747,-47.57692307692306,0.4523640871259077,METEOSWISS_SMN_DAILY_SELECTED,06:00_UTC_to_06:00_UTC_next_day,Interlaken,578.0,46.672033,7.87045
INT,2014-01-01,31,31,31,31,31,0,2.0451612903225804,-1.0903225806451613,5.467741935483871,21,56.50000000000001,9,31,1.0,1.0,1.0,1.0,0.6774193548387096,0.2903225806451613,True,1,13,0.7950372208436725,91.34615384615384,1.250124069478908,-34.84615384615383,0.6185263157894738,METEOSWISS_SMN_DAILY_SELECTED,06:00_UTC_to_06:00_UTC_next_day,Interlaken,578.0,46.672033,7.87045
INT,2014-02-01,28,28,28,28,28,0,3.335714285714286,0.0071428571428571175,7.8999999999999995,16,83.0,13,28,1.0,1.0,1.0,1.0,0.5714285714285714,0.4642857142857143,True,2,13,2.4856858658582794,66.50769230769231,0.8500284198560064,16.49230769230769,1.247975942632431,METEOSWISS_SMN_DAILY_SELECTED,06:00_UTC_to_06:00_UTC_next_day,Interlaken,578.0,46.672033,7.87045
INT,2014-03-01,31,31,31,31,31,0,6.570967741935483,1.2516129032258063,13.167741935483871,9,40.2,6,31,1.0,1.0,1.0,1.0,0.2903225806451613,0.1935483870967742,True,3,13,5.909429280397022,75.63846153846154,0.661538461538461,-35.43846153846154,0.5314756432421438,METEOSWISS_SMN_DAILY_SELECTED,06:00_UTC_to_06:00_UTC_next_day,Interlaken,578.0,46.672033,7.87045
INT,2014-04-01,30,30,30,30,30,0,10.776666666666667,5.6,16.186666666666667,1,96.3,10,30,1.0,1.0,1.0,1.0,0.03333333333333333,0.3333333333333333,True,4,13,9.741025641025642,74.9,1.0356410256410253,21.39999999999999,1.2857142857142856,METEOSWISS_SMN_DAILY_SELECTED,06:00_UTC_to_06:00_UTC_next_day,Interlaken,578.0,46.672033,7.87045
INT,2014-05-01,31,31,31,31,31,0,12.496774193548386,7.590322580645162,17.470967741935485,0,119.4,16,31,1.0,1.0,1.0,1.0,0.0,0.5161290322580645,True,5,13,13.02183622828784,136.86153846153846,-0.5250620347394541,-17.461538461538453,0.8724145683453238,METEOSWISS_SMN_DAILY_SELECTED,06:00_UTC_to_06:00_UTC_next_day,Interlaken,578.0,46.672033,7.87045
INT,2014-06-01,30,30,30,30,30,0,17.65,12.06,23.83,0,54.5,9,30,1.0,1.0,1.0,1.0,0.0,0.3,True,6,13,18.124358974358977,111.45384615384614,-0.474358974358978,-56.95384615384614,0.4889916488370488,METEOSWISS_SMN_DAILY_SELECTED,06:00_UTC_to_06:00_UTC_next_day,Interlaken,578.0,46.672033,7.87045
INT,2014-07-01,31,31,31,31,31,0,17.567741935483873,13.538709677419355,22.52258064516129,0,273.40000000000003,20,31,1.0,1.0,1.0,1.0,0.0,0.6451612903225806,True,7,13,19.60893300248139,148.76923076923077,-2.0411910669975164,124.63076923076926,1.8377456049638057,METEOSWISS_SMN_DAILY_SELECTED,06:00_UTC_to_06:00_UTC_next_day,Interlaken,578.0,46.672033,7.87045
INT,2014-08-01,31,31,31,31,31,0,16.483870967741936,12.383870967741935,21.451612903225808,0,166.20000000000002,18,31,1.0,1.0,1.0,1.0,0.0,0.5806451612903226,True,8,12,18.798387096774196,131.79166666666666,-2.31451612903226,34.40833333333336,1.2610812519759724,METEOSWISS_SMN_DAILY_SELECTED,06:00_UTC_to_06:00_UTC_next_day,Interlaken,578.0,46.672033,7.87045
INT,2014-09-01,30,30,30,30,30,0,15.026666666666667,10.713333333333333,20.7,0,89.9,8,30,1.0,1.0,1.0,1.0,0.0,0.26666666666666666,True,9,13,14.903076923076924,91.58461538461538,0.1235897435897435,-1.6846153846153697,0.9816059129850497,METEOSWISS_SMN_DAILY_SELECTED,06:00_UTC_to_06:00_UTC_next_day,Interlaken,578.0,46.672033,7.87045
INT,2014-10-01,31,31,31,31,31,0,11.783870967741937,7.964516129032258,16.90967741935484,0,85.19999999999999,11,31,1.0,1.0,1.0,1.0,0.0,0.3548387096774194,True,10,13,10.46575682382134,78.56923076923077,1.318114143920596,6.630769230769218,1.0843939690620714,METEOSWISS_SMN_DAILY_SELECTED,06:00_UTC_to_06:00_UTC_next_day,Interlaken,578.0,46.672033,7.87045
INT,2014-11-01,30,30,30,30,30,0,6.239999999999999,3.143333333333333,10.113333333333333,0,96.69999999999999,6,30,1.0,1.0,1.0,1.0,0.0,0.2,True,11,13,4.8966666666666665,85.96923076923076,1.3433333333333328,10.730769230769226,1.1248210450966356,METEOSWISS_SMN_DAILY_SELECTED,06:00_UTC_to_06:00_UTC_next_day,Interlaken,578.0,46.672033,7.87045
INT,2014-12-01,31,31,31,31,31,0,2.574193548387097,-0.019354838709677424,5.183870967741935,16,62.400000000000006,10,31,1.0,1.0,1.0,1.0,0.5161290322580645,0.3225806451612903,True,12,13,1.5759305210918115,86.87692307692306,0.9982630272952853,-24.476923076923057,0.7182574818487695,METEOSWISS_SMN_DAILY_SELECTED,06:00_UTC_to_06:00_UTC_next_day,Interlaken,578.0,46.672033,7.87045
INT,2015-01-01,31,31,31,31,31,0,1.3806451612903226,-1.7354838709677418,4.906451612903226,24,112.1,13,31,1.0,1.0,1.0,1.0,0.7741935483870968,0.41935483870967744,True,1,13,0.7950372208436725,91.34615384615384,0.5856079404466501,20.753846153846155,1.2272,METEOSWISS_SMN_DAILY_SELECTED,06:00_UTC_to_06:00_UTC_next_day,Interlaken,578.0,46.672033,7.87045
INT,2015-02-01,28,28,28,28,28,0,-0.35714285714285715,-3.6357142857142857,3.3464285714285715,26,34.2,6,28,1.0,1.0,1.0,1.0,0.9285714285714286,0.21428571428571427,True,2,13,2.4856858658582794,66.50769230769231,-2.8428287230011366,-32.30769230769231,0.5142262317834837,METEOSWISS_SMN_DAILY_SELECTED,06:00_UTC_to_06:00_UTC_next_day,Interlaken,578.0,46.672033,7.87045
INT,2015-03-01,31,31,31,31,31,0,6.012903225806451,1.5,11.706451612903225,8,89.80000000000001,10,31,1.0,1.0,1.0,1.0,0.25806451612903225,0.3225806451612903,True,3,13,5.909429280397022,75.63846153846154,0.10347394540942911,14.16153846153847,1.187226685650361,METEOSWISS_SMN_DAILY_SELECTED,06:00_UTC_to_06:00_UTC_next_day,Interlaken,578.0,46.672033,7.87045
INT,2015-04-01,30,30,30,30,30,0,9.91,3.8400000000000003,16.083333333333332,4,121.7,10,30,1.0,1.0,1.0,1.0,0.13333333333333333,0.3333333333333333,True,4,13,9.741025641025642,74.9,0.1689743589743582,46.8,1.6248331108144192,METEOSWISS_SMN_DAILY_SELECTED,06:00_UTC_to_06:00_UTC_next_day,Interlaken,578.0,46.672033,7.87045
INT,2015-05-01,31,31,31,31,31,0,13.629032258064516,8.525806451612903,19.070967741935487,0,207.8,14,31,1.0,1.0,1.0,1.0,0.0,0.45161290322580644,True,5,13,13.02183622828784,136.86153846153846,0.6071960297766754,70.93846153846155,1.5183228417266188,METEOSWISS_SMN_DAILY_SELECTED,06:00_UTC_to_06:00_UTC_next_day,Interlaken,578.0,46.672033,7.87045
INT,2015-06-01,30,30,30,30,30,0,18.566666666666666,13.56,24.133333333333333,0,58.39999999999999,9,30,1.0,1.0,1.0,1.0,0.0,0.3,True,6,13,18.124358974358977,111.45384615384614,0.44230769230768985,-53.05384615384615,0.5239837117813514,METEOSWISS_SMN_DAILY_SELECTED,06:00_UTC_to_06:00_UTC_next_day,Interlaken,578.0,46.672033,7.87045
INT,2015-07-01,31,31,31,31,31,0,22.216129032258067,16.177419354838708,28.787096774193547,0,59.900000000000006,7,31,1.0,1.0,1.0,1.0,0.0,0.22580645161290322,True,7,13,19.60893300248139,148.76923076923077,2.607196029776677,-88.86923076923077,0.40263702171664945,METEOSWISS_SMN_DAILY_SELECTED,06:00_UTC_to_06:00_UTC_next_day,Interlaken,578.0,46.672033,7.87045
INT,2015-08-01,31,31,31,31,31,0,19.72258064516129,14.864516129032259,25.664516129032258,0,83.6,11,31,1.0,1.0,1.0,1.0,0.0,0.3548387096774194,True,8,12,18.798387096774196,131.79166666666666,0.9241935483870947,-48.19166666666666,0.6343344925703446,METEOSWISS_SMN_DAILY_SELECTED,06:00_UTC_to_06:00_UTC_next_day,Interlaken,578.0,46.672033,7.87045
INT,2015-09-01,30,30,30,30,30,0,13.046666666666665,9.003333333333334,18.003333333333334,0,82.5,11,30,1.0,1.0,1.0,1.0,0.0,0.36666666666666664,True,9,13,14.903076923076924,91.58461538461538,-1.8564102564102587,-9.084615384615375,0.9008063161431212,METEOSWISS_SMN_DAILY_SELECTED,06:00_UTC_to_06:00_UTC_next_day,Interlaken,578.0,46.672033,7.87045
INT,2015-10-01,31,31,31,31,31,0,8.958064516129031,5.561290322580645,12.96774193548387,0,58.50000000000001,9,31,1.0,1.0,1.0,1.0,0.0,0.2903225806451613,True,10,13,10.46575682382134,78.56923076923077,-1.5076923076923094,-20.069230769230764,0.7445662815743098,METEOSWISS_SMN_DAILY_SELECTED,06:00_UTC_to_06:00_UTC_next_day,Interlaken,578.0,46.672033,7.87045
INT,2015-11-01,30,30,30,30,30,0,5.266666666666667,1.7566666666666666,10.223333333333333,7,81.9,9,30,1.0,1.0,1.0,1.0,0.23333333333333334,0.3,True,11,13,4.8966666666666665,85.96923076923076,0.3700000000000001,-4.0692307692307566,0.952666428060129,METEOSWISS_SMN_DAILY_SELECTED,06:00_UTC_to_06:00_UTC_next_day,Interlaken,578.0,46.672033,7.87045
INT,2015-12-01,31,31,31,31,31,0,1.8870967741935485,-1.1903225806451612,6.116129032258065,21,14.7,5,31,1.0,1.0,1.0,1.0,0.6774193548387096,0.16129032258064516,True,12,13,1.5759305210918115,86.87692307692306,0.31116625310173696,-72.17692307692306,0.169204887550912,METEOSWISS_SMN_DAILY_SELECTED,06:00_UTC_to_06:00_UTC_next_day,Interlaken,578.0,46.672033,7.87045
INT,2016-01-01,31,31,31,31,31,0,1.7064516129032257,-1.2225806451612902,4.870967741935484,20,97.1,18,31,1.0,1.0,1.0,1.0,0.6451612903225806,0.5806451612903226,True,1,13,0.7950372208436725,91.34615384615384,0.9114143920595532,5.753846153846155,1.0629894736842105,METEOSWISS_SMN_DAILY_SELECTED,06:00_UTC_to_06:00_UTC_next_day,Interlaken,578.0,46.672033,7.87045
INT,2016-02-01,29,29,29,29,29,0,3.279310344827586,0.12758620689655173,7.0,11,137.5,16,29,1.0,1.0,1.0,1.0,0.3793103448275862,0.5517241379310345,True,2,13,2.4856858658582794,66.50769230769231,0.7936244789693068,70.99230769230769,2.0674300254452924,METEOSWISS_SMN_DAILY_SELECTED,06:00_UTC_to_06:00_UTC_next_day,Interlaken,578.0,46.672033,7.87045
INT,2016-03-01,31,31,31,31,31,0,4.651612903225806,0.5806451612903226,9.577419354838709,14,43.199999999999996,9,31,1.0,1.0,1.0,1.0,0.45161290322580644,0.2903225806451613,True,3,13,5.909429280397022,75.63846153846154,-1.257816377171216,-32.438461538461546,0.5711380046781246,METEOSWISS_SMN_DAILY_SELECTED,06:00_UTC_to_06:00_UTC_next_day,Interlaken,578.0,46.672033,7.87045
INT,2016-04-01,30,30,30,30,30,0,9.036666666666667,4.456666666666666,14.003333333333334,2,83.5,13,30,1.0,1.0,1.0,1.0,0.06666666666666667,0.43333333333333335,True,4,13,9.741025641025642,74.9,-0.7043589743589749,8.599999999999994,1.1148197596795726,METEOSWISS_SMN_DAILY_SELECTED,06:00_UTC_to_06:00_UTC_next_day,Interlaken,578.0,46.672033,7.87045
INT,2016-05-01,31,31,31,31,31,0,12.361290322580645,7.47741935483871,17.467741935483872,0,204.8,13,31,1.0,1.0,1.0,1.0,0.0,0.41935483870967744,True,5,13,13.02183622828784,136.86153846153846,-0.6605459057071954,67.93846153846155,1.4964028776978417,METEOSWISS_SMN_DAILY_SELECTED,06:00_UTC_to_06:00_UTC_next_day,Interlaken,578.0,46.672033,7.87045
INT,2016-06-01,30,30,30,30,30,0,16.093333333333334,12.110000000000001,20.75,0,203.00000000000003,25,30,1.0,1.0,1.0,1.0,0.0,0.8333333333333334,True,6,13,18.124358974358977,111.45384615384614,-2.031025641025643,91.54615384615389,1.8213817378701087,METEOSWISS_SMN_DAILY_SELECTED,06:00_UTC_to_06:00_UTC_next_day,Interlaken,578.0,46.672033,7.87045
INT,2016-07-01,31,31,31,31,31,0,19.083870967741937,14.112903225806452,24.690322580645162,0,160.00000000000003,13,31,1.0,1.0,1.0,1.0,0.0,0.41935483870967744,True,7,13,19.60893300248139,148.76923076923077,-0.5250620347394523,11.230769230769255,1.0754912099276113,METEOSWISS_SMN_DAILY_SELECTED,06:00_UTC_to_06:00_UTC_next_day,Interlaken,578.0,46.672033,7.87045
INT,2016-08-01,31,31,31,31,31,0,18.31935483870968,13.419354838709678,24.13225806451613,0,128.3,9,31,1.0,1.0,1.0,1.0,0.0,0.2903225806451613,True,8,12,18.798387096774196,131.79166666666666,-0.47903225806451744,-3.491666666666646,0.9735061650331965,METEOSWISS_SMN_DAILY_SELECTED,06:00_UTC_to_06:00_UTC_next_day,Interlaken,578.0,46.672033,7.87045
INT,2016-09-01,30,30,30,30,30,0,16.163333333333334,11.95,21.733333333333334,0,94.8,7,30,1.0,1.0,1.0,1.0,0.0,0.23333333333333334,True,9,13,14.903076923076924,91.58461538461538,1.2602564102564102,3.2153846153846217,1.035108348731732,METEOSWISS_SMN_DAILY_SELECTED,06:00_UTC_to_06:00_UTC_next_day,Interlaken,578.0,46.672033,7.87045
INT,2016-10-01,31,31,31,31,31,0,8.558064516129033,4.964516129032258,12.77741935483871,1,60.099999999999994,8,31,1.0,1.0,1.0,1.0,0.03225806451612903,0.25806451612903225,True,10,13,10.46575682382134,78.56923076923077,-1.907692307692308,-18.469230769230776,0.7649304875660857,METEOSWISS_SMN_DAILY_SELECTED,06:00_UTC_to_06:00_UTC_next_day,Interlaken,578.0,46.672033,7.87045
INT,2016-11-01,30,30,30,30,30,0,5.1933333333333325,1.8433333333333333,8.683333333333334,8,85.30000000000001,11,30,1.0,1.0,1.0,1.0,0.26666666666666666,0.36666666666666664,True,11,13,4.8966666666666665,85.96923076923076,0.29666666666666597,-0.6692307692307509,0.9922154617036509,METEOSWISS_SMN_DAILY_SELECTED,06:00_UTC_to_06:00_UTC_next_day,Interlaken,578.0,46.672033,7.87045
INT,2016-12-01,31,31,31,31,31,0,-0.2516129032258065,-3.041935483870968,3.861290322580645,29,1.0,1,31,1.0,1.0,1.0,1.0,0.9354838709677419,0.03225806451612903,True,12,13,1.5759305210918115,86.87692307692306,-1.827543424317618,-85.87692307692306,0.011510536568089253,METEOSWISS_SMN_DAILY_SELECTED,06:00_UTC_to_06:00_UTC_next_day,Interlaken,578.0,46.672033,7.87045
INT,2017-01-01,31,31,31,31,31,0,-3.064516129032258,-6.074193548387097,-0.15806451612903225,30,54.1,10,31,1.0,1.0,1.0,1.0,0.967741935483871,0.3225806451612903,True,1,13,0.7950372208436725,91.34615384615384,-3.8595533498759305,-37.24615384615384,0.5922526315789475,METEOSWISS_SMN_DAILY_SELECTED,06:00_UTC_to_06:00_UTC_next_day,Interlaken,578.0,46.672033,7.87045
INT,2017-02-01,28,28,28,28,28,0,3.1107142857142853,-0.4642857142857143,8.157142857142857,15,72.19999999999999,12,28,1.0,1.0,1.0,1.0,0.5357142857142857,0.42857142857142855,True,2,13,2.4856858658582794,66.50769230769231,0.6250284198560059,5.692307692307679,1.08558871154291,METEOSWISS_SMN_DAILY_SELECTED,06:00_UTC_to_06:00_UTC_next_day,Interlaken,578.0,46.672033,7.87045
INT,2017-03-01,31,31,31,31,31,0,8.180645161290322,3.116129032258064,13.770967741935484,2,128.2,11,31,1.0,1.0,1.0,1.0,0.06451612903225806,0.3548387096774194,True,3,13,5.909429280397022,75.63846153846154,2.2712158808932994,52.56153846153845,1.694904912030916,METEOSWISS_SMN_DAILY_SELECTED,06:00_UTC_to_06:00_UTC_next_day,Interlaken,578.0,46.672033,7.87045
INT,2017-04-01,30,30,30,30,30,0,8.870000000000001,3.6300000000000003,14.26,4,75.2,12,30,1.0,1.0,1.0,1.0,0.13333333333333333,0.4,True,4,13,9.741025641025642,74.9,-0.871025641025641,0.29999999999999716,1.0040053404539386,METEOSWISS_SMN_DAILY_SELECTED,06:00_UTC_to_06:00_UTC_next_day,Interlaken,578.0,46.672033,7.87045
INT,2017-05-01,31,31,31,31,31,0,14.05483870967742,8.46774193548387,20.32903225806452,0,104.8,15,31,1.0,1.0,1.0,1.0,0.0,0.4838709677419355,True,5,13,13.02183622828784,136.86153846153846,1.0330024813895786,-32.06153846153846,0.7657374100719424,METEOSWISS_SMN_DAILY_SELECTED,06:00_UTC_to_06:00_UTC_next_day,Interlaken,578.0,46.672033,7.87045
INT,2017-06-01,30,30,30,30,30,0,19.63,14.17,25.753333333333334,0,110.09999999999998,12,30,1.0,1.0,1.0,1.0,0.0,0.4,True,6,13,18.124358974358977,111.45384615384614,1.5056410256410224,-1.3538461538461632,0.9878528538891572,METEOSWISS_SMN_DAILY_SELECTED,06:00_UTC_to_06:00_UTC_next_day,Interlaken,578.0,46.672033,7.87045
INT,2017-07-01,31,31,31,31,31,0,18.929032258064513,14.235483870967743,24.59032258064516,0,131.70000000000002,14,31,1.0,1.0,1.0,1.0,0.0,0.45161290322580644,True,7,13,19.60893300248139,148.76923076923077,-0.6799007444168765,-17.069230769230757,0.8852637021716651,METEOSWISS_SMN_DAILY_SELECTED,06:00_UTC_to_06:00_UTC_next_day,Interlaken,578.0,46.672033,7.87045
INT,2017-08-01,31,31,31,31,31,0,18.683870967741935,13.745161290322581,24.641935483870967,0,127.49999999999999,11,31,1.0,1.0,1.0,1.0,0.0,0.3548387096774194,True,8,12,18.798387096774196,131.79166666666666,-0.1145161290322605,-4.291666666666671,0.9674359785014227,METEOSWISS_SMN_DAILY_SELECTED,06:00_UTC_to_06:00_UTC_next_day,Interlaken,578.0,46.672033,7.87045
INT,2017-09-01,30,30,30,30,30,0,12.43,8.363333333333333,17.44333333333333,0,78.6,10,30,1.0,1.0,1.0,1.0,0.0,0.3333333333333333,True,9,13,14.903076923076924,91.58461538461538,-2.473076923076924,-12.984615384615381,0.8582227448345372,METEOSWISS_SMN_DAILY_SELECTED,06:00_UTC_to_06:00_UTC_next_day,Interlaken,578.0,46.672033,7.87045
INT,2017-10-01,31,31,31,31,31,0,10.219354838709679,5.970967741935484,15.770967741935483,0,67.1,8,31,1.0,1.0,1.0,1.0,0.0,0.25806451612903225,True,10,13,10.46575682382134,78.56923076923077,-0.24640198511166211,-11.469230769230776,0.8540238887801056,METEOSWISS_SMN_DAILY_SELECTED,06:00_UTC_to_06:00_UTC_next_day,Interlaken,578.0,46.672033,7.87045
INT,2017-11-01,30,30,30,30,30,0,3.5566666666666666,0.7166666666666667,7.113333333333333,14,120.1,12,30,1.0,1.0,1.0,1.0,0.4666666666666667,0.4,True,11,13,4.8966666666666665,85.96923076923076,-1.3399999999999999,34.13076923076923,1.3970114531138154,METEOSWISS_SMN_DAILY_SELECTED,06:00_UTC_to_06:00_UTC_next_day,Interlaken,578.0,46.672033,7.87045
INT,2017-12-01,31,31,31,31,31,0,-0.051612903225806465,-2.667741935483871,2.5677419354838706,27,122.20000000000002,16,31,1.0,1.0,1.0,1.0,0.8709677419354839,0.5161290322580645,True,12,13,1.5759305210918115,86.87692307692306,-1.627543424317618,35.323076923076954,1.406587568620507,METEOSWISS_SMN_DAILY_SELECTED,06:00_UTC_to_06:00_UTC_next_day,Interlaken,578.0,46.672033,7.87045
INT,2018-01-01,31,31,31,31,31,0,3.490322580645161,0.5064516129032258,7.5,9,195.1,12,31,1.0,1.0,1.0,1.0,0.2903225806451613,0.3870967741935484,True,1,13,0.7950372208436725,91.34615384615384,2.6952853598014888,103.75384615384615,2.1358315789473683,METEOSWISS_SMN_DAILY_SELECTED,06:00_UTC_to_06:00_UTC_next_day,Interlaken,578.0,46.672033,7.87045
INT,2018-02-01,28,28,28,28,28,0,-0.5964285714285715,-2.8000000000000003,1.9428571428571428,25,61.50000000000001,5,28,1.0,1.0,1.0,1.0,0.8928571428571429,0.17857142857142858,True,2,13,2.4856858658582794,66.50769230769231,-3.082114437286851,-5.007692307692302,0.9247050659264401,METEOSWISS_SMN_DAILY_SELECTED,06:00_UTC_to_06:00_UTC_next_day,Interlaken,578.0,46.672033,7.87045
INT,2018-03-01,31,31,31,31,31,0,3.9709677419354836,0.2709677419354839,8.235483870967743,13,99.7,15,31,1.0,1.0,1.0,1.0,0.41935483870967744,0.4838709677419355,True,3,13,5.909429280397022,75.63846153846154,-1.9384615384615387,24.06153846153846,1.3181124783890978,METEOSWISS_SMN_DAILY_SELECTED,06:00_UTC_to_06:00_UTC_next_day,Interlaken,578.0,46.672033,7.87045
INT,2018-04-01,30,30,30,30,30,0,12.263333333333332,5.680000000000001,19.013333333333332,1,27.5,5,30,1.0,1.0,1.0,1.0,0.03333333333333333,0.16666666666666666,True,4,13,9.741025641025642,74.9,2.52230769230769,-47.400000000000006,0.36715620827770357,METEOSWISS_SMN_DAILY_SELECTED,06:00_UTC_to_06:00_UTC_next_day,Interlaken,578.0,46.672033,7.87045
INT,2018-05-01,31,31,31,31,31,0,14.580645161290322,9.638709677419355,19.81935483870968,0,67.0,14,31,1.0,1.0,1.0,1.0,0.0,0.45161290322580644,True,5,13,13.02183622828784,136.86153846153846,1.5588089330024815,-69.86153846153846,0.4895458633093525,METEOSWISS_SMN_DAILY_SELECTED,06:00_UTC_to_06:00_UTC_next_day,Interlaken,578.0,46.672033,7.87045
INT,2018-06-01,30,30,30,30,30,0,18.60666666666667,13.38,23.896666666666665,0,58.0,9,30,1.0,1.0,1.0,1.0,0.0,0.3,True,6,13,18.124358974358977,111.45384615384614,0.48230769230769255,-53.45384615384614,0.5203947822486025,METEOSWISS_SMN_DAILY_SELECTED,06:00_UTC_to_06:00_UTC_next_day,Interlaken,578.0,46.672033,7.87045
INT,2018-07-01,31,31,31,31,31,0,20.293548387096774,14.861290322580645,26.55806451612903,0,123.29999999999998,9,31,1.0,1.0,1.0,1.0,0.0,0.2903225806451613,True,7,13,19.60893300248139,148.76923076923077,0.684615384615384,-25.46923076923079,0.8288004136504652,METEOSWISS_SMN_DAILY_SELECTED,06:00_UTC_to_06:00_UTC_next_day,Interlaken,578.0,46.672033,7.87045
INT,2018-08-01,31,31,31,31,31,0,19.26451612903226,14.412903225806453,25.780645161290323,0,179.2,13,31,1.0,1.0,1.0,1.0,0.0,0.41935483870967744,True,8,12,18.798387096774196,131.79166666666666,0.46612903225806335,47.40833333333333,1.3597217831172936,METEOSWISS_SMN_DAILY_SELECTED,06:00_UTC_to_06:00_UTC_next_day,Interlaken,578.0,46.672033,7.87045
INT,2018-09-01,30,30,30,30,30,0,15.913333333333332,11.213333333333333,21.62,0,95.3,8,30,1.0,1.0,1.0,1.0,0.0,0.26666666666666666,True,9,13,14.903076923076924,91.58461538461538,1.0102564102564084,3.7153846153846217,1.0405677809507812,METEOSWISS_SMN_DAILY_SELECTED,06:00_UTC_to_06:00_UTC_next_day,Interlaken,578.0,46.672033,7.87045
INT,2018-10-01,31,31,31,31,31,0,10.358064516129033,6.012903225806451,16.267741935483873,0,47.2,5,31,1.0,1.0,1.0,1.0,0.0,0.16129032258064516,True,10,13,10.46575682382134,78.56923076923077,-0.10769230769230731,-31.369230769230768,0.6007440767573918,METEOSWISS_SMN_DAILY_SELECTED,06:00_UTC_to_06:00_UTC_next_day,Interlaken,578.0,46.672033,7.87045
INT,2018-11-01,30,30,30,30,30,0,5.71,2.4200000000000004,9.05,6,6.0,2,30,1.0,1.0,1.0,1.0,0.2,0.06666666666666667,True,11,13,4.8966666666666665,85.96923076923076,0.8133333333333335,-79.96923076923076,0.06979241231209736,METEOSWISS_SMN_DAILY_SELECTED,06:00_UTC_to_06:00_UTC_next_day,Interlaken,578.0,46.672033,7.87045
INT,2018-12-01,31,31,31,31,31,0,2.8161290322580643,0.31612903225806455,5.432258064516129,14,177.29999999999998,15,31,1.0,1.0,1.0,1.0,0.45161290322580644,0.4838709677419355,True,12,13,1.5759305210918115,86.87692307692306,1.2401985111662528,90.42307692307692,2.040818133522224,METEOSWISS_SMN_DAILY_SELECTED,06:00_UTC_to_06:00_UTC_next_day,Interlaken,578.0,46.672033,7.87045
INT,2019-01-01,31,31,31,31,31,0,-0.4419354838709677,-3.358064516129032,2.5677419354838706,27,81.60000000000001,10,31,1.0,1.0,1.0,1.0,0.8709677419354839,0.3225806451612903,True,1,13,0.7950372208436725,91.34615384615384,-1.2369727047146402,-9.746153846153831,0.8933052631578949,METEOSWISS_SMN_DAILY_SELECTED,06:00_UTC_to_06:00_UTC_next_day,Interlaken,578.0,46.672033,7.87045
INT,2019-02-01,28,28,28,28,28,0,2.3249999999999997,-1.5857142857142856,8.407142857142857,23,35.5,5,28,1.0,1.0,1.0,1.0,0.8214285714285714,0.17857142857142858,True,2,13,2.4856858658582794,66.50769230769231,-0.1606858658582797,-31.00769230769231,0.5337728429331483,METEOSWISS_SMN_DAILY_SELECTED,06:00_UTC_to_06:00_UTC_next_day,Interlaken,578.0,46.672033,7.87045
INT,2019-03-01,31,31,31,31,31,0,6.141935483870968,1.058064516129032,12.422580645161291,9,75.5,12,31,1.0,1.0,1.0,1.0,0.2903225806451613,0.3870967741935484,True,3,13,5.909429280397022,75.63846153846154,0.23250620347394602,-0.13846153846154152,0.9981694294721855,METEOSWISS_SMN_DAILY_SELECTED,06:00_UTC_to_06:00_UTC_next_day,Interlaken,578.0,46.672033,7.87045
INT,2019-04-01,30,30,30,30,30,0,9.203333333333335,4.16,14.456666666666667,4,59.2,7,30,1.0,1.0,1.0,1.0,0.13333333333333333,0.23333333333333334,True,4,13,9.741025641025642,74.9,-0.537692307692307,-15.700000000000003,0.7903871829105473,METEOSWISS_SMN_DAILY_SELECTED,06:00_UTC_to_06:00_UTC_next_day,Interlaken,578.0,46.672033,7.87045
INT,2019-05-01,31,31,31,31,31,0,10.696774193548388,6.312903225806451,15.406451612903227,1,133.60000000000002,14,31,1.0,1.0,1.0,1.0,0.03225806451612903,0.45161290322580644,True,5,13,13.02183622828784,136.86153846153846,-2.325062034739453,-3.2615384615384357,0.9761690647482016,METEOSWISS_SMN_DAILY_SELECTED,06:00_UTC_to_06:00_UTC_next_day,Interlaken,578.0,46.672033,7.87045
INT,2019-06-01,30,30,30,30,30,0,19.166666666666668,13.360000000000001,25.40666666666667,0,106.19999999999999,9,30,1.0,1.0,1.0,1.0,0.0,0.3,True,6,13,18.124358974358977,111.45384615384614,1.0423076923076913,-5.253846153846155,0.9528607909448547,METEOSWISS_SMN_DAILY_SELECTED,06:00_UTC_to_06:00_UTC_next_day,Interlaken,578.0,46.672033,7.87045
INT,2019-07-01,31,31,31,31,31,0,20.312903225806455,15.35483870967742,26.364516129032257,0,122.6,12,31,1.0,1.0,1.0,1.0,0.0,0.3870967741935484,True,7,13,19.60893300248139,148.76923076923077,0.7039702233250651,-26.16923076923078,0.824095139607032,METEOSWISS_SMN_DAILY_SELECTED,06:00_UTC_to_06:00_UTC_next_day,Interlaken,578.0,46.672033,7.87045
INT,2019-08-01,31,31,31,31,31,0,18.864516129032257,14.193548387096774,24.348387096774193,0,158.8,14,31,1.0,1.0,1.0,1.0,0.0,0.45161290322580644,True,8,12,18.798387096774196,131.79166666666666,0.06612903225806122,27.008333333333354,1.2049320265570662,METEOSWISS_SMN_DAILY_SELECTED,06:00_UTC_to_06:00_UTC_next_day,Interlaken,578.0,46.672033,7.87045
INT,2019-09-01,30,30,30,30,30,0,15.08,10.743333333333334,20.283333333333335,0,74.2,9,30,1.0,1.0,1.0,1.0,0.0,0.3,True,9,13,14.903076923076924,91.58461538461538,0.1769230769230763,-17.384615384615373,0.8101797413069042,METEOSWISS_SMN_DAILY_SELECTED,06:00_UTC_to_06:00_UTC_next_day,Interlaken,578.0,46.672033,7.87045
INT,2019-10-01,31,31,31,31,31,0,11.406451612903227,7.503225806451613,15.87741935483871,0,105.1,10,31,1.0,1.0,1.0,1.0,0.0,0.3225806451612903,True,10,13,10.46575682382134,78.56923076923077,0.9406947890818866,26.530769230769224,1.3376737810847854,METEOSWISS_SMN_DAILY_SELECTED,06:00_UTC_to_06:00_UTC_next_day,Interlaken,578.0,46.672033,7.87045
INT,2019-11-01,30,30,30,30,30,0,5.116666666666666,2.256666666666667,8.24,9,99.60000000000001,13,30,1.0,1.0,1.0,1.0,0.3,0.43333333333333335,True,11,13,4.8966666666666665,85.96923076923076,0.21999999999999975,13.630769230769246,1.1585540443808162,METEOSWISS_SMN_DAILY_SELECTED,06:00_UTC_to_06:00_UTC_next_day,Interlaken,578.0,46.672033,7.87045
INT,2019-12-01,31,31,31,31,31,0,3.4161290322580644,0.46774193548387094,6.838709677419355,14,109.1,12,31,1.0,1.0,1.0,1.0,0.45161290322580644,0.3870967741935484,True,12,13,1.5759305210918115,86.87692307692306,1.8401985111662529,22.22307692307693,1.2557995395785375,METEOSWISS_SMN_DAILY_SELECTED,06:00_UTC_to_06:00_UTC_next_day,Interlaken,578.0,46.672033,7.87045
INT,2020-01-01,31,31,31,31,31,0,1.196774193548387,-1.8419354838709678,5.161290322580645,27,35.099999999999994,4,31,1.0,1.0,1.0,1.0,0.8709677419354839,0.12903225806451613,True,1,13,0.7950372208436725,91.34615384615384,0.40173697270471465,-56.246153846153845,0.38425263157894735,METEOSWISS_SMN_DAILY_SELECTED,06:00_UTC_to_06:00_UTC_next_day,Interlaken,578.0,46.672033,7.87045
INT,2020-02-01,29,29,29,29,29,0,5.213793103448276,0.5482758620689655,10.817241379310344,13,115.2,10,29,1.0,1.0,1.0,1.0,0.4482758620689655,0.3448275862068966,True,2,13,2.4856858658582794,66.50769230769231,2.728107237589996,48.69230769230769,1.7321304649548925,METEOSWISS_SMN_DAILY_SELECTED,06:00_UTC_to_06:00_UTC_next_day,Interlaken,578.0,46.672033,7.87045
INT,2020-03-01,31,31,31,31,31,0,5.696774193548387,1.164516129032258,10.741935483870968,10,66.89999999999999,10,31,1.0,1.0,1.0,1.0,0.3225806451612903,0.3225806451612903,True,3,13,5.909429280397022,75.63846153846154,-0.21265508684863565,-8.73846153846155,0.8844706600223735,METEOSWISS_SMN_DAILY_SELECTED,06:00_UTC_to_06:00_UTC_next_day,Interlaken,578.0,46.672033,7.87045
INT,2020-04-01,30,30,30,30,30,0,12.183333333333334,5.7,18.773333333333333,1,36.4,4,30,1.0,1.0,1.0,1.0,0.03333333333333333,0.13333333333333333,True,4,13,9.741025641025642,74.9,2.4423076923076916,-38.50000000000001,0.4859813084112149,METEOSWISS_SMN_DAILY_SELECTED,06:00_UTC_to_06:00_UTC_next_day,Interlaken,578.0,46.672033,7.87045
INT,2020-05-01,31,31,31,31,31,0,14.383870967741935,8.925806451612903,19.725806451612904,0,92.9,9,31,1.0,1.0,1.0,1.0,0.0,0.2903225806451613,True,5,13,13.02183622828784,136.86153846153846,1.362034739454094,-43.96153846153845,0.6787882194244604,METEOSWISS_SMN_DAILY_SELECTED,06:00_UTC_to_06:00_UTC_next_day,Interlaken,578.0,46.672033,7.87045
INT,2020-06-01,30,30,30,30,30,0,16.093333333333334,11.683333333333334,21.12,0,138.20000000000002,16,30,1.0,1.0,1.0,1.0,0.0,0.5333333333333333,True,6,13,18.124358974358977,111.45384615384614,-2.031025641025643,26.746153846153874,1.2399751535647736,METEOSWISS_SMN_DAILY_SELECTED,06:00_UTC_to_06:00_UTC_next_day,Interlaken,578.0,46.672033,7.87045
INT,2020-07-01,31,31,31,31,31,0,19.35483870967742,14.251612903225807,25.0258064516129,0,126.5,7,31,1.0,1.0,1.0,1.0,0.0,0.22580645161290322,True,7,13,19.60893300248139,148.76923076923077,-0.2540942928039698,-22.269230769230774,0.8503102378490176,METEOSWISS_SMN_DAILY_SELECTED,06:00_UTC_to_06:00_UTC_next_day,Interlaken,578.0,46.672033,7.87045
INT,2020-08-01,31,31,31,31,31,0,18.580645161290324,14.019354838709678,24.248387096774195,0,179.69999999999996,16,31,1.0,1.0,1.0,1.0,0.0,0.5161290322580645,True,8,12,18.798387096774196,131.79166666666666,-0.21774193548387188,47.9083333333333,1.363515649699652,METEOSWISS_SMN_DAILY_SELECTED,06:00_UTC_to_06:00_UTC_next_day,Interlaken,578.0,46.672033,7.87045
INT,2020-09-01,30,30,30,30,30,0,15.35,11.013333333333332,20.663333333333334,0,41.9,8,30,1.0,1.0,1.0,1.0,0.0,0.26666666666666666,True,9,13,14.903076923076924,91.58461538461538,0.44692307692307587,-49.68461538461538,0.45750041995632457,METEOSWISS_SMN_DAILY_SELECTED,06:00_UTC_to_06:00_UTC_next_day,Interlaken,578.0,46.672033,7.87045
INT,2020-10-01,31,31,31,31,31,0,8.603225806451613,5.225806451612903,12.654838709677419,0,132.6,13,31,1.0,1.0,1.0,1.0,0.0,0.41935483870967744,True,10,13,10.46575682382134,78.56923076923077,-1.8625310173697276,54.030769230769224,1.6876835715684353,METEOSWISS_SMN_DAILY_SELECTED,06:00_UTC_to_06:00_UTC_next_day,Interlaken,578.0,46.672033,7.87045
INT,2020-11-01,30,30,30,30,30,0,4.783333333333333,1.7166666666666666,9.17,10,23.200000000000003,3,30,1.0,1.0,1.0,1.0,0.3333333333333333,0.1,True,11,13,4.8966666666666665,85.96923076923076,-0.11333333333333329,-62.76923076923076,0.26986399427344315,METEOSWISS_SMN_DAILY_SELECTED,06:00_UTC_to_06:00_UTC_next_day,Interlaken,578.0,46.672033,7.87045
INT,2020-12-01,31,31,31,31,31,0,1.0483870967741935,-1.538709677419355,3.874193548387097,25,86.39999999999999,13,31,1.0,1.0,1.0,1.0,0.8064516129032258,0.41935483870967744,True,12,13,1.5759305210918115,86.87692307692306,-0.527543424317618,-0.4769230769230717,0.9945103594829113,METEOSWISS_SMN_DAILY_SELECTED,06:00_UTC_to_06:00_UTC_next_day,Interlaken,578.0,46.672033,7.87045
INT,2021-01-01,31,31,31,31,31,0,-0.5096774193548387,-2.8419354838709676,2.132258064516129,24,208.9,15,31,1.0,1.0,1.0,1.0,0.7741935483870968,0.4838709677419355,True,1,13,0.7950372208436725,91.34615384615384,-1.3047146401985112,117.55384615384617,2.286905263157895,METEOSWISS_SMN_DAILY_SELECTED,06:00_UTC_to_06:00_UTC_next_day,Interlaken,578.0,46.672033,7.87045
INT,2021-02-01,28,28,28,28,28,0,2.935714285714286,-0.5714285714285714,7.735714285714286,13,37.5,8,28,1.0,1.0,1.0,1.0,0.4642857142857143,0.2857142857142857,True,2,13,2.4856858658582794,66.50769230769231,0.4500284198560065,-29.00769230769231,0.5638445523941708,METEOSWISS_SMN_DAILY_SELECTED,06:00_UTC_to_06:00_UTC_next_day,Interlaken,578.0,46.672033,7.87045
INT,2021-03-01,31,31,31,31,31,0,4.880645161290323,0.2903225806451613,10.45483870967742,17,81.1,11,31,1.0,1.0,1.0,1.0,0.5483870967741935,0.3548387096774194,True,3,13,5.909429280397022,75.63846153846154,-1.0287841191066995,5.461538461538453,1.0722058374860164,METEOSWISS_SMN_DAILY_SELECTED,06:00_UTC_to_06:00_UTC_next_day,Interlaken,578.0,46.672033,7.87045
INT,2021-04-01,30,30,30,30,30,0,7.633333333333334,2.3133333333333335,13.29,10,38.8,6,30,1.0,1.0,1.0,1.0,0.3333333333333333,0.2,True,4,13,9.741025641025642,74.9,-2.107692307692308,-36.10000000000001,0.5180240320427235,METEOSWISS_SMN_DAILY_SELECTED,06:00_UTC_to_06:00_UTC_next_day,Interlaken,578.0,46.672033,7.87045
INT,2021-05-01,31,31,31,31,31,0,10.380645161290323,5.264516129032257,15.241935483870968,0,139.6,16,31,1.0,1.0,1.0,1.0,0.0,0.5161290322580645,True,5,13,13.02183622828784,136.86153846153846,-2.641191066997518,2.738461538461536,1.0200089928057554,METEOSWISS_SMN_DAILY_SELECTED,06:00_UTC_to_06:00_UTC_next_day,Interlaken,578.0,46.672033,7.87045
INT,2021-06-01,30,30,30,30,30,0,17.956666666666667,13.020000000000001,23.653333333333332,0,225.6,18,30,1.0,1.0,1.0,1.0,0.0,0.6,True,6,13,18.124358974358977,111.45384615384614,-0.16769230769230958,114.14615384615385,2.024156256470426,METEOSWISS_SMN_DAILY_SELECTED,06:00_UTC_to_06:00_UTC_next_day,Interlaken,578.0,46.672033,7.87045
INT,2021-07-01,31,31,31,31,31,0,17.4741935483871,13.225806451612904,22.483870967741936,0,273.3,20,31,1.0,1.0,1.0,1.0,0.0,0.6451612903225806,True,7,13,19.60893300248139,148.76923076923077,-2.134739454094291,124.53076923076924,1.837073422957601,METEOSWISS_SMN_DAILY_SELECTED,06:00_UTC_to_06:00_UTC_next_day,Interlaken,578.0,46.672033,7.87045
INT,2021-08-01,31,31,31,31,31,0,16.97741935483871,12.83548387096774,21.703225806451613,0,77.39999999999999,9,31,1.0,1.0,1.0,1.0,0.0,0.2903225806451613,True,8,12,18.798387096774196,131.79166666666666,-1.8209677419354868,-54.391666666666666,0.5872905469490989,METEOSWISS_SMN_DAILY_SELECTED,06:00_UTC_to_06:00_UTC_next_day,Interlaken,578.0,46.672033,7.87045
INT,2021-09-01,30,30,30,30,30,0,15.926666666666668,11.556666666666667,21.383333333333333,0,69.5,8,30,1.0,1.0,1.0,1.0,0.0,0.26666666666666666,True,9,13,14.903076923076924,91.58461538461538,1.0235897435897439,-22.084615384615375,0.7588610784478415,METEOSWISS_SMN_DAILY_SELECTED,06:00_UTC_to_06:00_UTC_next_day,Interlaken,578.0,46.672033,7.87045
INT,2021-10-01,31,31,31,31,31,0,8.96774193548387,4.554838709677419,14.425806451612903,0,27.1,6,31,1.0,1.0,1.0,1.0,0.0,0.1935483870967742,True,10,13,10.46575682382134,78.56923076923077,-1.4980148883374707,-51.46923076923077,0.3449187389857059,METEOSWISS_SMN_DAILY_SELECTED,06:00_UTC_to_06:00_UTC_next_day,Interlaken,578.0,46.672033,7.87045
INT,2021-11-01,30,30,30,30,30,0,3.73,0.9366666666666666,6.9366666666666665,13,41.79999999999999,7,30,1.0,1.0,1.0,1.0,0.43333333333333335,0.23333333333333334,True,11,13,4.8966666666666665,85.96923076923076,-1.1666666666666665,-44.16923076923077,0.4862204724409448,METEOSWISS_SMN_DAILY_SELECTED,06:00_UTC_to_06:00_UTC_next_day,Interlaken,578.0,46.672033,7.87045
INT,2021-12-01,31,31,31,31,31,0,0.6838709677419355,-1.3903225806451613,3.0903225806451613,21,128.79999999999998,10,31,1.0,1.0,1.0,1.0,0.6774193548387096,0.3225806451612903,True,12,13,1.5759305210918115,86.87692307692306,-0.8920595533498761,41.92307692307692,1.4825571099698955,METEOSWISS_SMN_DAILY_SELECTED,06:00_UTC_to_06:00_UTC_next_day,Interlaken,578.0,46.672033,7.87045
INT,2022-01-01,31,31,31,31,31,0,-0.08064516129032258,-2.870967741935484,3.735483870967742,28,36.7,5,31,1.0,1.0,1.0,1.0,0.9032258064516129,0.16129032258064516,True,1,13,0.7950372208436725,91.34615384615384,-0.8756823821339951,-54.64615384615384,0.40176842105263166,METEOSWISS_SMN_DAILY_SELECTED,06:00_UTC_to_06:00_UTC_next_day,Interlaken,578.0,46.672033,7.87045
INT,2022-02-01,28,28,28,28,28,0,3.0142857142857147,-1.05,7.8999999999999995,18,108.8,12,28,1.0,1.0,1.0,1.0,0.6428571428571429,0.42857142857142855,True,2,13,2.4856858658582794,66.50769230769231,0.5285998484274352,42.29230769230769,1.6359009946796206,METEOSWISS_SMN_DAILY_SELECTED,06:00_UTC_to_06:00_UTC_next_day,Interlaken,578.0,46.672033,7.87045
INT,2022-03-01,31,31,31,31,31,0,6.409677419354839,0.6064516129032257,13.264516129032257,12,13.8,1,31,1.0,1.0,1.0,1.0,0.3870967741935484,0.03225806451612903,True,3,13,5.909429280397022,75.63846153846154,0.5002481389578168,-61.838461538461544,0.18244686260551204,METEOSWISS_SMN_DAILY_SELECTED,06:00_UTC_to_06:00_UTC_next_day,Interlaken,578.0,46.672033,7.87045
INT,2022-04-01,30,30,30,30,30,0,8.966666666666667,3.896666666666667,14.433333333333334,6,60.0,11,30,1.0,1.0,1.0,1.0,0.2,0.36666666666666664,True,4,13,9.741025641025642,74.9,-0.7743589743589752,-14.900000000000006,0.8010680907877169,METEOSWISS_SMN_DAILY_SELECTED,06:00_UTC_to_06:00_UTC_next_day,Interlaken,578.0,46.672033,7.87045
INT,2022-05-01,31,31,31,31,31,0,15.87741935483871,10.725806451612904,21.27741935483871,0,79.0,6,31,1.0,1.0,1.0,1.0,0.0,0.1935483870967742,True,5,13,13.02183622828784,136.86153846153846,2.8555831265508687,-57.86153846153846,0.5772257194244604,METEOSWISS_SMN_DAILY_SELECTED,06:00_UTC_to_06:00_UTC_next_day,Interlaken,578.0,46.672033,7.87045
INT,2022-06-01,30,30,30,30,30,0,19.040000000000003,13.443333333333333,24.923333333333336,0,137.0,16,30,1.0,1.0,1.0,1.0,0.0,0.5333333333333333,True,6,13,18.124358974358977,111.45384615384614,0.9156410256410261,25.546153846153857,1.2292083649665264,METEOSWISS_SMN_DAILY_SELECTED,06:00_UTC_to_06:00_UTC_next_day,Interlaken,578.0,46.672033,7.87045
INT,2022-07-01,31,31,31,31,31,0,20.816129032258065,15.17741935483871,27.029032258064515,0,112.3,7,31,1.0,1.0,1.0,1.0,0.0,0.22580645161290322,True,7,13,19.60893300248139,148.76923076923077,1.207196029776675,-36.469230769230776,0.754860392967942,METEOSWISS_SMN_DAILY_SELECTED,06:00_UTC_to_06:00_UTC_next_day,Interlaken,578.0,46.672033,7.87045
INT,2022-08-01,31,31,31,31,31,0,19.983870967741936,14.654838709677419,26.345161290322583,0,96.70000000000002,9,31,1.0,1.0,1.0,1.0,0.0,0.2903225806451613,True,8,12,18.798387096774196,131.79166666666666,1.1854838709677402,-35.09166666666664,0.733733797028138,METEOSWISS_SMN_DAILY_SELECTED,06:00_UTC_to_06:00_UTC_next_day,Interlaken,578.0,46.672033,7.87045
INT,2022-09-01,30,30,30,30,30,0,14.206666666666667,10.133333333333333,18.89333333333333,0,126.2,14,30,1.0,1.0,1.0,1.0,0.0,0.4666666666666667,True,9,13,14.903076923076924,91.58461538461538,-0.6964102564102568,34.61538461538463,1.377960692088023,METEOSWISS_SMN_DAILY_SELECTED,06:00_UTC_to_06:00_UTC_next_day,Interlaken,578.0,46.672033,7.87045
INT,2022-10-01,31,31,31,31,31,0,12.696774193548388,9.035483870967743,17.845161290322583,0,78.3,10,31,1.0,1.0,1.0,1.0,0.0,0.3225806451612903,True,10,13,10.46575682382134,78.56923076923077,2.231017369727047,-0.2692307692307736,0.9965733307225376,METEOSWISS_SMN_DAILY_SELECTED,06:00_UTC_to_06:00_UTC_next_day,Interlaken,578.0,46.672033,7.87045
INT,2022-11-01,30,30,30,30,30,0,6.366666666666666,3.0833333333333335,9.963333333333333,3,68.89999999999999,15,30,1.0,1.0,1.0,1.0,0.1,0.5,True,11,13,4.8966666666666665,85.96923076923076,1.4699999999999998,-17.06923076923077,0.8014495347172512,METEOSWISS_SMN_DAILY_SELECTED,06:00_UTC_to_06:00_UTC_next_day,Interlaken,578.0,46.672033,7.87045
INT,2022-12-01,31,31,31,31,31,0,2.2451612903225806,-0.11290322580645164,4.712903225806452,17,104.89999999999999,13,31,1.0,1.0,1.0,1.0,0.5483870967741935,0.41935483870967744,True,12,13,1.5759305210918115,86.87692307692306,0.6692307692307691,18.02307692307693,1.2074552859925625,METEOSWISS_SMN_DAILY_SELECTED,06:00_UTC_to_06:00_UTC_next_day,Interlaken,578.0,46.672033,7.87045
INT,2023-01-01,31,31,31,31,31,0,1.1741935483870967,-1.6870967741935483,3.9096774193548387,20,44.5,6,31,1.0,1.0,1.0,1.0,0.6451612903225806,0.1935483870967742,True,1,13,0.7950372208436725,91.34615384615384,0.3791563275434242,-46.84615384615384,0.4871578947368421,METEOSWISS_SMN_DAILY_SELECTED,06:00_UTC_to_06:00_UTC_next_day,Interlaken,578.0,46.672033,7.87045
INT,2023-02-01,28,28,28,28,28,0,2.8857142857142857,-0.9178571428571428,8.489285714285716,16,17.299999999999997,3,28,1.0,1.0,1.0,1.0,0.5714285714285714,0.10714285714285714,True,2,13,2.4856858658582794,66.50769230769231,0.40002841985600623,-49.20769230769231,0.26012028683784405,METEOSWISS_SMN_DAILY_SELECTED,06:00_UTC_to_06:00_UTC_next_day,Interlaken,578.0,46.672033,7.87045
INT,2023-03-01,31,31,31,31,31,0,6.225806451612903,1.9774193548387096,11.109677419354838,9,113.6,14,31,1.0,1.0,1.0,1.0,0.2903225806451613,0.45161290322580644,True,3,13,5.909429280397022,75.63846153846154,0.3163771712158807,37.96153846153845,1.5018814197091426,METEOSWISS_SMN_DAILY_SELECTED,06:00_UTC_to_06:00_UTC_next_day,Interlaken,578.0,46.672033,7.87045
INT,2023-04-01,30,30,30,30,30,0,8.26,3.8033333333333337,12.743333333333334,4,110.19999999999999,13,30,1.0,1.0,1.0,1.0,0.13333333333333333,0.43333333333333335,True,4,13,9.741025641025642,74.9,-1.4810256410256422,35.29999999999998,1.4712950600801065,METEOSWISS_SMN_DAILY_SELECTED,06:00_UTC_to_06:00_UTC_next_day,Interlaken,578.0,46.672033,7.87045
INT,2023-05-01,31,31,31,31,31,0,13.551612903225807,9.193548387096774,18.461290322580645,0,121.39999999999999,12,31,1.0,1.0,1.0,1.0,0.0,0.3870967741935484,True,5,13,13.02183622828784,136.86153846153846,0.5297766749379669,-15.461538461538467,0.8870278776978416,METEOSWISS_SMN_DAILY_SELECTED,06:00_UTC_to_06:00_UTC_next_day,Interlaken,578.0,46.672033,7.87045
INT,2023-06-01,30,30,30,30,30,0,19.293333333333333,13.316666666666666,25.84333333333333,0,59.1,7,30,1.0,1.0,1.0,1.0,0.0,0.23333333333333334,True,6,13,18.124358974358977,111.45384615384614,1.1689743589743564,-52.35384615384614,0.5302643384636622,METEOSWISS_SMN_DAILY_SELECTED,06:00_UTC_to_06:00_UTC_next_day,Interlaken,578.0,46.672033,7.87045
INT,2023-07-01,31,31,31,31,31,0,20.061290322580643,14.970967741935485,25.774193548387096,0,124.4,14,31,1.0,1.0,1.0,1.0,0.0,0.45161290322580644,True,7,13,19.60893300248139,148.76923076923077,0.452357320099253,-24.369230769230768,0.8361944157187177,METEOSWISS_SMN_DAILY_SELECTED,06:00_UTC_to_06:00_UTC_next_day,Interlaken,578.0,46.672033,7.87045
INT,2023-08-01,31,31,31,31,31,0,19.200000000000003,14.390322580645162,25.093548387096774,0,121.19999999999999,14,31,1.0,1.0,1.0,1.0,0.0,0.45161290322580644,True,8,12,18.798387096774196,131.79166666666666,0.4016129032258071,-10.591666666666669,0.9196332595637053,METEOSWISS_SMN_DAILY_SELECTED,06:00_UTC_to_06:00_UTC_next_day,Interlaken,578.0,46.672033,7.87045
INT,2023-09-01,30,30,30,30,30,0,17.653333333333332,12.770000000000001,23.746666666666666,0,61.699999999999996,5,30,1.0,1.0,1.0,1.0,0.0,0.16666666666666666,True,9,13,14.903076923076924,91.58461538461538,2.7502564102564087,-29.88461538461538,0.6736939358306736,METEOSWISS_SMN_DAILY_SELECTED,06:00_UTC_to_06:00_UTC_next_day,Interlaken,578.0,46.672033,7.87045
INT,2023-10-01,31,31,31,31,31,0,12.193548387096774,7.858064516129032,17.990322580645163,0,66.0,8,31,1.0,1.0,1.0,1.0,0.0,0.25806451612903225,True,10,13,10.46575682382134,78.56923076923077,1.7277915632754333,-12.56923076923077,0.8400234971607597,METEOSWISS_SMN_DAILY_SELECTED,06:00_UTC_to_06:00_UTC_next_day,Interlaken,578.0,46.672033,7.87045
INT,2023-11-01,30,30,30,30,30,0,5.056666666666667,2.1599999999999997,8.536666666666667,9,213.20000000000002,20,30,1.0,1.0,1.0,1.0,0.3,0.6666666666666666,True,11,13,4.8966666666666665,85.96923076923076,0.16000000000000014,127.23076923076925,2.479957050823193,METEOSWISS_SMN_DAILY_SELECTED,06:00_UTC_to_06:00_UTC_next_day,Interlaken,578.0,46.672033,7.87045
INT,2023-12-01,31,31,31,31,31,0,2.7774193548387096,0.009677419354838769,5.719354838709678,16,151.5,13,31,1.0,1.0,1.0,1.0,0.5161290322580645,0.41935483870967744,True,12,13,1.5759305210918115,86.87692307692306,1.201488833746898,64.62307692307694,1.7438462900655218,METEOSWISS_SMN_DAILY_SELECTED,06:00_UTC_to_06:00_UTC_next_day,Interlaken,578.0,46.672033,7.87045
INT,2024-01-01,31,31,31,31,31,0,1.8193548387096774,-1.2419354838709677,5.170967741935484,21,82.69999999999999,10,31,1.0,1.0,1.0,1.0,0.6774193548387096,0.3225806451612903,True,1,13,0.7950372208436725,91.34615384615384,1.024317617866005,-8.646153846153851,0.9053473684210526,METEOSWISS_SMN_DAILY_SELECTED,06:00_UTC_to_06:00_UTC_next_day,Interlaken,578.0,46.672033,7.87045
INT,2024-02-01,29,29,29,29,29,0,5.817241379310344,2.2275862068965515,10.075862068965517,7,50.6,7,29,1.0,1.0,1.0,1.0,0.2413793103448276,0.2413793103448276,True,2,13,2.4856858658582794,66.50769230769231,3.3315555134520647,-15.907692307692308,0.7608142493638677,METEOSWISS_SMN_DAILY_SELECTED,06:00_UTC_to_06:00_UTC_next_day,Interlaken,578.0,46.672033,7.87045
INT,2024-03-01,31,31,31,31,31,0,7.412903225806452,2.9193548387096775,12.180645161290323,3,146.0,14,31,1.0,1.0,1.0,1.0,0.0967741935483871,0.45161290322580644,True,3,13,5.909429280397022,75.63846153846154,1.5034739454094295,70.36153846153846,1.930234923217736,METEOSWISS_SMN_DAILY_SELECTED,06:00_UTC_to_06:00_UTC_next_day,Interlaken,578.0,46.672033,7.87045
INT,2024-04-01,30,30,30,30,30,0,9.486666666666668,4.5,14.963333333333333,1,82.5,11,30,1.0,1.0,1.0,1.0,0.03333333333333333,0.36666666666666664,True,4,13,9.741025641025642,74.9,-0.2543589743589738,7.599999999999994,1.1014686248331107,METEOSWISS_SMN_DAILY_SELECTED,06:00_UTC_to_06:00_UTC_next_day,Interlaken,578.0,46.672033,7.87045
INT,2024-05-01,31,31,31,31,31,0,13.129032258064516,8.925806451612903,17.97741935483871,0,176.50000000000003,17,31,1.0,1.0,1.0,1.0,0.0,0.5483870967741935,True,5,13,13.02183622828784,136.86153846153846,0.10719602977667542,39.63846153846157,1.2896245503597126,METEOSWISS_SMN_DAILY_SELECTED,06:00_UTC_to_06:00_UTC_next_day,Interlaken,578.0,46.672033,7.87045
INT,2024-06-01,30,30,30,30,30,0,17.056666666666665,12.770000000000001,22.05666666666667,0,138.2,16,30,1.0,1.0,1.0,1.0,0.0,0.5333333333333333,True,6,13,18.124358974358977,111.45384615384614,-1.0676923076923117,26.746153846153845,1.2399751535647734,METEOSWISS_SMN_DAILY_SELECTED,06:00_UTC_to_06:00_UTC_next_day,Interlaken,578.0,46.672033,7.87045
INT,2024-07-01,31,31,31,31,31,0,20.05483870967742,15.548387096774194,25.41290322580645,0,123.2,13,31,1.0,1.0,1.0,1.0,0.0,0.41935483870967744,True,7,13,19.60893300248139,148.76923076923077,0.4459057071960295,-25.56923076923077,0.8281282316442606,METEOSWISS_SMN_DAILY_SELECTED,06:00_UTC_to_06:00_UTC_next_day,Interlaken,578.0,46.672033,7.87045
INT,2024-08-01,31,31,31,31,31,0,20.174193548387095,15.48709677419355,25.86451612903226,0,153.1,11,31,1.0,1.0,1.0,1.0,0.0,0.3548387096774194,True,8,12,18.798387096774196,131.79166666666666,1.375806451612899,21.308333333333337,1.161681947518179,METEOSWISS_SMN_DAILY_SELECTED,06:00_UTC_to_06:00_UTC_next_day,Interlaken,578.0,46.672033,7.87045
INT,2024-09-01,30,30,30,30,30,0,13.65,9.856666666666666,18.2,0,126.89999999999999,12,30,1.0,1.0,1.0,1.0,0.0,0.4,True,9,13,14.903076923076924,91.58461538461538,-1.2530769230769234,35.315384615384616,1.3856038971946918,METEOSWISS_SMN_DAILY_SELECTED,06:00_UTC_to_06:00_UTC_next_day,Interlaken,578.0,46.672033,7.87045
INT,2024-10-01,31,31,31,31,31,0,11.106451612903227,7.848387096774194,15.303225806451612,0,92.6,12,31,1.0,1.0,1.0,1.0,0.0,0.3870967741935484,True,10,13,10.46575682382134,78.56923076923077,0.6406947890818859,14.030769230769224,1.1785784217740356,METEOSWISS_SMN_DAILY_SELECTED,06:00_UTC_to_06:00_UTC_next_day,Interlaken,578.0,46.672033,7.87045
INT,2024-11-01,30,30,30,30,30,0,4.52,1.5899999999999999,8.633333333333333,10,89.0,7,30,1.0,1.0,1.0,1.0,0.3333333333333333,0.23333333333333334,True,11,13,4.8966666666666665,85.96923076923076,-0.3766666666666669,3.0307692307692378,1.0352541159627775,METEOSWISS_SMN_DAILY_SELECTED,06:00_UTC_to_06:00_UTC_next_day,Interlaken,578.0,46.672033,7.87045
INT,2024-12-01,31,31,31,31,31,0,1.1935483870967742,-1.1774193548387097,3.545161290322581,23,106.9,9,31,1.0,1.0,1.0,1.0,0.7419354838709677,0.2903225806451613,True,12,13,1.5759305210918115,86.87692307692306,-0.3823821339950373,20.023076923076943,1.230476359128741,METEOSWISS_SMN_DAILY_SELECTED,06:00_UTC_to_06:00_UTC_next_day,Interlaken,578.0,46.672033,7.87045
INT,2025-01-01,31,31,31,31,31,0,1.2838709677419355,-1.461290322580645,4.699999999999999,19,119.19999999999999,12,31,1.0,1.0,1.0,1.0,0.6129032258064516,0.3870967741935484,True,1,13,0.7950372208436725,91.34615384615384,0.4888337468982631,27.85384615384615,1.3049263157894737,METEOSWISS_SMN_DAILY_SELECTED,06:00_UTC_to_06:00_UTC_next_day,Interlaken,578.0,46.672033,7.87045
INT,2025-02-01,28,28,28,28,28,0,2.7535714285714286,-0.65,6.742857142857143,19,31.3,4,28,1.0,1.0,1.0,1.0,0.6785714285714286,0.14285714285714285,True,2,13,2.4856858658582794,66.50769230769231,0.2678855627131491,-35.20769230769231,0.47062225306500116,METEOSWISS_SMN_DAILY_SELECTED,06:00_UTC_to_06:00_UTC_next_day,Interlaken,578.0,46.672033,7.87045
INT,2025-03-01,31,31,31,31,31,0,7.145161290322581,2.6193548387096777,12.270967741935483,8,29.9,6,31,1.0,1.0,1.0,1.0,0.25806451612903225,0.1935483870967742,True,3,13,5.909429280397022,75.63846153846154,1.2357320099255586,-45.73846153846154,0.3953015356452761,METEOSWISS_SMN_DAILY_SELECTED,06:00_UTC_to_06:00_UTC_next_day,Interlaken,578.0,46.672033,7.87045
INT,2025-04-01,30,30,30,30,30,0,10.72,4.9,16.996666666666666,0,102.60000000000002,9,30,1.0,1.0,1.0,1.0,0.0,0.3,True,4,13,9.741025641025642,74.9,0.9789743589743587,27.700000000000017,1.3698264352469962,METEOSWISS_SMN_DAILY_SELECTED,06:00_UTC_to_06:00_UTC_next_day,Interlaken,578.0,46.672033,7.87045
INT,2025-05-01,31,31,31,31,31,0,13.158064516129032,8.551612903225806,18.183870967741935,0,155.10000000000002,15,31,1.0,1.0,1.0,1.0,0.0,0.4838709677419355,True,5,13,13.02183622828784,136.86153846153846,0.1362282878411918,18.238461538461564,1.13326214028777,METEOSWISS_SMN_DAILY_SELECTED,06:00_UTC_to_06:00_UTC_next_day,Interlaken,578.0,46.672033,7.87045
INT,2025-06-01,30,30,30,30,30,0,20.43,14.703333333333335,26.603333333333335,0,77.99999999999999,11,30,1.0,1.0,1.0,1.0,0.0,0.36666666666666664,True,6,13,18.124358974358977,111.45384615384614,2.305641025641023,-33.45384615384616,0.6998412588860514,METEOSWISS_SMN_DAILY_SELECTED,06:00_UTC_to_06:00_UTC_next_day,Interlaken,578.0,46.672033,7.87045
INT,2025-07-01,31,31,31,31,31,0,18.358064516129033,14.009677419354839,23.938709677419357,0,198.20000000000002,18,31,1.0,1.0,1.0,1.0,0.0,0.5806451612903226,True,7,13,19.60893300248139,148.76923076923077,-1.2508684863523563,49.43076923076924,1.3322647362978284,METEOSWISS_SMN_DAILY_SELECTED,06:00_UTC_to_06:00_UTC_next_day,Interlaken,578.0,46.672033,7.87045
INT,2025-08-01,31,31,31,31,31,0,19.325806451612905,14.393548387096773,25.383870967741935,0,109.79999999999998,10,31,1.0,1.0,1.0,1.0,0.0,0.3225806451612903,True,8,12,18.798387096774196,131.79166666666666,0.5274193548387096,-21.991666666666674,0.833133101485931,METEOSWISS_SMN_DAILY_SELECTED,06:00_UTC_to_06:00_UTC_next_day,Interlaken,578.0,46.672033,7.87045
INT,2025-09-01,30,30,30,30,30,0,14.283333333333333,10.370000000000001,19.15666666666667,0,130.6,14,30,1.0,1.0,1.0,1.0,0.0,0.4666666666666667,True,9,13,14.903076923076924,91.58461538461538,-0.6197435897435906,39.01538461538462,1.426003695615656,METEOSWISS_SMN_DAILY_SELECTED,06:00_UTC_to_06:00_UTC_next_day,Interlaken,578.0,46.672033,7.87045
INT,2025-10-01,31,31,31,31,31,0,9.696774193548388,6.225806451612903,13.758064516129032,0,96.2,8,31,1.0,1.0,1.0,1.0,0.0,0.25806451612903225,True,10,13,10.46575682382134,78.56923076923077,-0.7689826302729532,17.630769230769232,1.2243978852555317,METEOSWISS_SMN_DAILY_SELECTED,06:00_UTC_to_06:00_UTC_next_day,Interlaken,578.0,46.672033,7.87045
INT,2025-11-01,30,30,30,30,30,0,4.253333333333333,0.45333333333333325,8.566666666666666,8,92.7,11,30,1.0,1.0,1.0,1.0,0.26666666666666666,0.36666666666666664,True,11,13,4.8966666666666665,85.96923076923076,-0.6433333333333335,6.730769230769241,1.0782927702219043,METEOSWISS_SMN_DAILY_SELECTED,06:00_UTC_to_06:00_UTC_next_day,Interlaken,578.0,46.672033,7.87045
INT,2025-12-01,31,31,31,31,31,0,1.832258064516129,-0.45806451612903226,4.683870967741935,20,24.900000000000002,2,31,1.0,1.0,1.0,1.0,0.6451612903225806,0.06451612903225806,True,12,13,1.5759305210918115,86.87692307692306,0.2563275434243175,-61.97692307692306,0.28661236054542244,METEOSWISS_SMN_DAILY_SELECTED,06:00_UTC_to_06:00_UTC_next_day,Interlaken,578.0,46.672033,7.87045
INT,2026-01-01,31,31,31,31,31,0,-0.1387096774193549,-3.319354838709677,3.454838709677419,29,26.599999999999998,5,31,1.0,1.0,1.0,1.0,0.9354838709677419,0.16129032258064516,True,1,13,0.7950372208436725,91.34615384615384,-0.9337468982630274,-64.74615384615385,0.2912,METEOSWISS_SMN_DAILY_SELECTED,06:00_UTC_to_06:00_UTC_next_day,Interlaken,578.0,46.672033,7.87045
INT,2026-02-01,28,28,28,28,28,0,4.492857142857143,0.9178571428571428,9.057142857142857,7,85.2,12,28,1.0,1.0,1.0,1.0,0.25,0.42857142857142855,True,2,13,2.4856858658582794,66.50769230769231,2.0071712769988634,18.692307692307693,1.281054823039556,METEOSWISS_SMN_DAILY_SELECTED,06:00_UTC_to_06:00_UTC_next_day,Interlaken,578.0,46.672033,7.87045
INT,2026-03-01,31,31,31,31,31,0,5.658064516129032,0.8806451612903226,11.596774193548388,7,79.6,7,31,1.0,1.0,1.0,1.0,0.22580645161290322,0.22580645161290322,True,3,13,5.909429280397022,75.63846153846154,-0.2513647642679899,3.961538461538453,1.0523746567680259,METEOSWISS_SMN_DAILY_SELECTED,06:00_UTC_to_06:00_UTC_next_day,Interlaken,578.0,46.672033,7.87045
MER,2013-01-01,31,31,31,31,31,0,-1.4967741935483871,-5.251612903225807,1.3774193548387097,30,76.10000000000001,11,31,1.0,1.0,1.0,1.0,0.967741935483871,0.3548387096774194,True,1,13,-0.29255583126550866,91.42307692307692,-1.2042183622828784,-15.323076923076911,0.8323937736642828,METEOSWISS_SMN_DAILY_SELECTED,06:00_UTC_to_06:00_UTC_next_day,Meiringen,589.0,46.732222,8.169247
MER,2013-02-01,28,28,28,28,28,0,-2.682142857142857,-6.703571428571428,0.5214285714285714,27,77.80000000000001,12,28,1.0,1.0,1.0,1.0,0.9642857142857143,0.42857142857142855,True,2,13,1.6453012504736644,62.17692307692308,-4.327444107616522,15.62307692307693,1.25126809352963,METEOSWISS_SMN_DAILY_SELECTED,06:00_UTC_to_06:00_UTC_next_day,Meiringen,589.0,46.732222,8.169247
MER,2013-03-01,31,31,31,31,31,0,3.2870967741935484,-0.7709677419354839,7.5,17,42.0,10,31,1.0,1.0,1.0,1.0,0.5483870967741935,0.3225806451612903,True,3,13,5.711166253101737,84.65384615384616,-2.424069478908189,-42.65384615384616,0.49613811903680144,METEOSWISS_SMN_DAILY_SELECTED,06:00_UTC_to_06:00_UTC_next_day,Meiringen,589.0,46.732222,8.169247
MER,2013-04-01,30,30,30,30,30,0,8.876666666666667,3.56,14.25,6,68.39999999999999,9,30,1.0,1.0,1.0,1.0,0.2,0.3,True,4,13,9.621025641025641,79.96923076923076,-0.744358974358974,-11.56923076923077,0.8553289726818006,METEOSWISS_SMN_DAILY_SELECTED,06:00_UTC_to_06:00_UTC_next_day,Meiringen,589.0,46.732222,8.169247
MER,2013-05-01,31,31,31,31,31,0,10.66451612903226,6.377419354838709,15.36774193548387,0,193.2,20,31,1.0,1.0,1.0,1.0,0.0,0.6451612903225806,True,5,13,12.832258064516129,136.54615384615383,-2.1677419354838694,56.65384615384616,1.4149062024674668,METEOSWISS_SMN_DAILY_SELECTED,06:00_UTC_to_06:00_UTC_next_day,Meiringen,589.0,46.732222,8.169247
MER,2013-06-01,30,30,30,30,30,0,15.643333333333334,10.426666666666668,20.69,0,111.60000000000001,13,30,1.0,1.0,1.0,1.0,0.0,0.43333333333333335,True,6,13,17.716666666666665,127.0,-2.0733333333333306,-15.399999999999991,0.878740157480315,METEOSWISS_SMN_DAILY_SELECTED,06:00_UTC_to_06:00_UTC_next_day,Meiringen,589.0,46.732222,8.169247
MER,2013-07-01,31,31,31,31,31,0,19.53548387096774,13.161290322580646,25.932258064516127,0,68.7,8,31,1.0,1.0,1.0,1.0,0.0,0.25806451612903225,True,7,13,18.970223325062037,162.07692307692307,0.565260545905705,-93.37692307692306,0.4238728049359279,METEOSWISS_SMN_DAILY_SELECTED,06:00_UTC_to_06:00_UTC_next_day,Meiringen,589.0,46.732222,8.169247
MER,2013-08-01,31,31,31,31,31,0,17.56451612903226,12.070967741935483,23.23225806451613,0,110.0,11,31,1.0,1.0,1.0,1.0,0.0,0.3548387096774194,True,8,13,18.156575682382133,160.6153846153846,-0.5920595533498734,-50.61538461538461,0.6848659003831418,METEOSWISS_SMN_DAILY_SELECTED,06:00_UTC_to_06:00_UTC_next_day,Meiringen,589.0,46.732222,8.169247
MER,2013-09-01,30,30,30,30,30,0,14.103333333333333,9.256666666666666,19.216666666666665,0,108.39999999999999,13,30,1.0,1.0,1.0,1.0,0.0,0.43333333333333335,True,9,13,14.331538461538461,99.53076923076922,-0.2282051282051274,8.869230769230768,1.0891104413014916,METEOSWISS_SMN_DAILY_SELECTED,06:00_UTC_to_06:00_UTC_next_day,Meiringen,589.0,46.732222,8.169247
MER,2013-10-01,31,31,31,31,31,0,10.964516129032257,7.187096774193548,15.470967741935485,0,82.1,13,31,1.0,1.0,1.0,1.0,0.0,0.41935483870967744,True,10,13,10.110421836228287,89.6923076923077,0.8540942928039694,-7.592307692307699,0.9153516295025729,METEOSWISS_SMN_DAILY_SELECTED,06:00_UTC_to_06:00_UTC_next_day,Meiringen,589.0,46.732222,8.169247
MER,2013-11-01,30,30,30,30,30,0,3.0266666666666664,-0.0833333333333333,5.85,14,126.8,15,30,1.0,1.0,1.0,1.0,0.4666666666666667,0.5,True,11,13,4.252307692307692,94.36923076923077,-1.2256410256410257,32.43076923076923,1.3436582980110858,METEOSWISS_SMN_DAILY_SELECTED,06:00_UTC_to_06:00_UTC_next_day,Meiringen,589.0,46.732222,8.169247
MER,2013-12-01,31,31,31,31,31,0,-1.3612903225806452,-4.770967741935484,2.5935483870967744,29,43.300000000000004,4,31,1.0,1.0,1.0,1.0,0.9354838709677419,0.12903225806451613,True,12,13,0.14491315136476418,86.79230769230769,-1.5062034739454093,-43.49230769230768,0.4988921386156165,METEOSWISS_SMN_DAILY_SELECTED,06:00_UTC_to_06:00_UTC_next_day,Meiringen,589.0,46.732222,8.169247
MER,2014-01-01,31,31,31,31,31,0,1.0516129032258066,-2.519354838709677,4.467741935483871,28,65.5,13,31,1.0,1.0,1.0,1.0,0.9032258064516129,0.41935483870967744,True,1,13,-0.29255583126550866,91.42307692307692,1.3441687344913151,-25.92307692307692,0.7164493058477073,METEOSWISS_SMN_DAILY_SELECTED,06:00_UTC_to_06:00_UTC_next_day,Meiringen,589.0,46.732222,8.169247
MER,2014-02-01,28,28,28,28,28,0,3.142857142857143,-0.725,7.767857142857143,17,76.5,14,28,1.0,1.0,1.0,1.0,0.6071428571428571,0.5,True,2,13,1.6453012504736644,62.17692307692308,1.4975558923834784,14.323076923076918,1.230360014845973,METEOSWISS_SMN_DAILY_SELECTED,06:00_UTC_to_06:00_UTC_next_day,Meiringen,589.0,46.732222,8.169247
MER,2014-03-01,31,31,31,31,31,0,6.158064516129032,-0.16129032258064516,12.680645161290323,19,40.4,5,31,1.0,1.0,1.0,1.0,0.6129032258064516,0.16129032258064516,True,3,13,5.711166253101737,84.65384615384616,0.4468982630272951,-44.25384615384616,0.47723761926397085,METEOSWISS_SMN_DAILY_SELECTED,06:00_UTC_to_06:00_UTC_next_day,Meiringen,589.0,46.732222,8.169247
MER,2014-04-01,30,30,30,30,30,0,10.376666666666667,4.6,15.666666666666666,2,88.8,10,30,1.0,1.0,1.0,1.0,0.06666666666666667,0.3333333333333333,True,4,13,9.621025641025641,79.96923076923076,0.755641025641026,8.830769230769235,1.1104270873412851,METEOSWISS_SMN_DAILY_SELECTED,06:00_UTC_to_06:00_UTC_next_day,Meiringen,589.0,46.732222,8.169247
MER,2014-05-01,31,31,31,31,31,0,12.100000000000001,6.816129032258065,16.845161290322583,1,112.19999999999999,13,31,1.0,1.0,1.0,1.0,0.03225806451612903,0.41935483870967744,True,5,13,12.832258064516129,136.54615384615383,-0.7322580645161274,-24.34615384615384,0.8217001859050195,METEOSWISS_SMN_DAILY_SELECTED,06:00_UTC_to_06:00_UTC_next_day,Meiringen,589.0,46.732222,8.169247
MER,2014-06-01,30,30,30,30,30,0,16.863333333333333,10.703333333333335,22.83,0,85.9,13,30,1.0,1.0,1.0,1.0,0.0,0.43333333333333335,True,6,13,17.716666666666665,127.0,-0.8533333333333317,-41.099999999999994,0.6763779527559055,METEOSWISS_SMN_DAILY_SELECTED,06:00_UTC_to_06:00_UTC_next_day,Meiringen,589.0,46.732222,8.169247
MER,2014-07-01,31,31,31,31,31,0,16.961290322580645,12.296774193548387,21.9,0,305.20000000000005,20,31,1.0,1.0,1.0,1.0,0.0,0.6451612903225806,True,7,13,18.970223325062037,162.07692307692307,-2.008933002481392,143.12307692307698,1.883056478405316,METEOSWISS_SMN_DAILY_SELECTED,06:00_UTC_to_06:00_UTC_next_day,Meiringen,589.0,46.732222,8.169247
MER,2014-08-01,31,31,31,31,31,0,15.616129032258065,11.503225806451614,20.161290322580644,0,196.5,20,31,1.0,1.0,1.0,1.0,0.0,0.6451612903225806,True,8,13,18.156575682382133,160.6153846153846,-2.5404466501240677,35.88461538461539,1.223419540229885,METEOSWISS_SMN_DAILY_SELECTED,06:00_UTC_to_06:00_UTC_next_day,Meiringen,589.0,46.732222,8.169247
MER,2014-09-01,30,30,30,30,30,0,14.2,9.316666666666666,19.456666666666667,0,84.0,10,30,1.0,1.0,1.0,1.0,0.0,0.3333333333333333,True,9,13,14.331538461538461,99.53076923076922,-0.1315384615384616,-15.530769230769224,0.8439601205657316,METEOSWISS_SMN_DAILY_SELECTED,06:00_UTC_to_06:00_UTC_next_day,Meiringen,589.0,46.732222,8.169247
MER,2014-10-01,31,31,31,31,31,0,11.125806451612902,6.170967741935484,16.119354838709675,2,104.1,10,31,1.0,1.0,1.0,1.0,0.06451612903225806,0.3225806451612903,True,10,13,10.110421836228287,89.6923076923077,1.0153846153846153,14.407692307692301,1.1606346483704975,METEOSWISS_SMN_DAILY_SELECTED,06:00_UTC_to_06:00_UTC_next_day,Meiringen,589.0,46.732222,8.169247
MER,2014-11-01,30,30,30,30,30,0,6.136666666666667,1.93,10.629999999999999,7,91.8,6,30,1.0,1.0,1.0,1.0,0.23333333333333334,0.2,True,11,13,4.252307692307692,94.36923076923077,1.8843589743589746,-2.5692307692307708,0.9727746984023475,METEOSWISS_SMN_DAILY_SELECTED,06:00_UTC_to_06:00_UTC_next_day,Meiringen,589.0,46.732222,8.169247
MER,2014-12-01,31,31,31,31,31,0,1.3709677419354838,-1.9483870967741934,3.9129032258064513,20,52.60000000000001,11,31,1.0,1.0,1.0,1.0,0.6451612903225806,0.3548387096774194,True,12,13,0.14491315136476418,86.79230769230769,1.2260545905707196,-34.19230769230768,0.606044491713197,METEOSWISS_SMN_DAILY_SELECTED,06:00_UTC_to_06:00_UTC_next_day,Meiringen,589.0,46.732222,8.169247
MER,2015-01-01,31,31,31,31,31,0,0.16451612903225804,-3.7161290322580647,3.690322580645161,27,120.4,15,31,1.0,1.0,1.0,1.0,0.8709677419354839,0.4838709677419355,True,1,13,-0.29255583126550866,91.42307692307692,0.4570719602977667,28.976923076923086,1.316954143878839,METEOSWISS_SMN_DAILY_SELECTED,06:00_UTC_to_06:00_UTC_next_day,Meiringen,589.0,46.732222,8.169247
MER,2015-02-01,28,28,28,28,28,0,-1.6714285714285713,-6.171428571428571,2.1,27,31.7,7,28,1.0,1.0,1.0,1.0,0.9642857142857143,0.25,True,2,13,1.6453012504736644,62.17692307692308,-3.3167298219022356,-30.476923076923082,0.5098354571322529,METEOSWISS_SMN_DAILY_SELECTED,06:00_UTC_to_06:00_UTC_next_day,Meiringen,589.0,46.732222,8.169247
MER,2015-03-01,31,31,31,31,31,0,5.464516129032258,0.2096774193548387,10.77741935483871,14,98.4,11,31,1.0,1.0,1.0,1.0,0.45161290322580644,0.3548387096774194,True,3,13,5.711166253101737,84.65384615384616,-0.24665012406947895,13.746153846153845,1.1623807360290777,METEOSWISS_SMN_DAILY_SELECTED,06:00_UTC_to_06:00_UTC_next_day,Meiringen,589.0,46.732222,8.169247
MER,2015-04-01,30,30,30,30,30,0,9.436666666666667,2.69,15.506666666666666,6,91.89999999999999,10,30,1.0,1.0,1.0,1.0,0.2,0.3333333333333333,True,4,13,9.621025641025641,79.96923076923076,-0.18435897435897353,11.93076923076923,1.149191996921893,METEOSWISS_SMN_DAILY_SELECTED,06:00_UTC_to_06:00_UTC_next_day,Meiringen,589.0,46.732222,8.169247
MER,2015-05-01,31,31,31,31,31,0,13.135483870967741,7.812903225806451,18.43548387096774,0,179.70000000000002,14,31,1.0,1.0,1.0,1.0,0.0,0.45161290322580644,True,5,13,12.832258064516129,136.54615384615383,0.30322580645161246,43.15384615384619,1.3160385330403923,METEOSWISS_SMN_DAILY_SELECTED,06:00_UTC_to_06:00_UTC_next_day,Meiringen,589.0,46.732222,8.169247
MER,2015-06-01,30,30,30,30,30,0,17.863333333333333,12.463333333333333,23.186666666666667,0,103.00000000000001,8,30,1.0,1.0,1.0,1.0,0.0,0.26666666666666666,True,6,13,17.716666666666665,127.0,0.14666666666666828,-23.999999999999986,0.8110236220472442,METEOSWISS_SMN_DAILY_SELECTED,06:00_UTC_to_06:00_UTC_next_day,Meiringen,589.0,46.732222,8.169247
MER,2015-07-01,31,31,31,31,31,0,21.12258064516129,14.509677419354839,27.429032258064517,0,100.1,8,31,1.0,1.0,1.0,1.0,0.0,0.25806451612903225,True,7,13,18.970223325062037,162.07692307692307,2.1523573200992523,-61.97692307692307,0.617607973421927,METEOSWISS_SMN_DAILY_SELECTED,06:00_UTC_to_06:00_UTC_next_day,Meiringen,589.0,46.732222,8.169247
MER,2015-08-01,31,31,31,31,31,0,18.809677419354838,13.096774193548388,24.651612903225807,0,120.5,11,31,1.0,1.0,1.0,1.0,0.0,0.3548387096774194,True,8,13,18.156575682382133,160.6153846153846,0.6531017369727046,-40.11538461538461,0.7502394636015326,METEOSWISS_SMN_DAILY_SELECTED,06:00_UTC_to_06:00_UTC_next_day,Meiringen,589.0,46.732222,8.169247
MER,2015-09-01,30,30,30,30,30,0,12.776666666666667,8.056666666666667,17.653333333333332,0,83.1,11,30,1.0,1.0,1.0,1.0,0.0,0.36666666666666664,True,9,13,14.331538461538461,99.53076923076922,-1.5548717948717936,-16.43076923076923,0.8349176907025272,METEOSWISS_SMN_DAILY_SELECTED,06:00_UTC_to_06:00_UTC_next_day,Meiringen,589.0,46.732222,8.169247
MER,2015-10-01,31,31,31,31,31,0,8.583870967741936,4.338709677419355,12.890322580645162,1,71.5,9,31,1.0,1.0,1.0,1.0,0.03225806451612903,0.2903225806451613,True,10,13,10.110421836228287,89.6923076923077,-1.5265508684863516,-18.192307692307693,0.7971698113207547,METEOSWISS_SMN_DAILY_SELECTED,06:00_UTC_to_06:00_UTC_next_day,Meiringen,589.0,46.732222,8.169247
MER,2015-11-01,30,30,30,30,30,0,4.123333333333333,0.07666666666666662,8.96,11,87.9,7,30,1.0,1.0,1.0,1.0,0.36666666666666664,0.23333333333333334,True,11,13,4.252307692307692,94.36923076923077,-0.12897435897435905,-6.469230769230762,0.9314476687316596,METEOSWISS_SMN_DAILY_SELECTED,06:00_UTC_to_06:00_UTC_next_day,Meiringen,589.0,46.732222,8.169247
MER,2015-12-01,31,31,31,31,31,0,-0.6387096774193549,-3.838709677419355,3.0064516129032257,29,13.8,3,31,1.0,1.0,1.0,1.0,0.9354838709677419,0.0967741935483871,True,12,13,0.14491315136476418,86.79230769230769,-0.7836228287841192,-72.99230769230769,0.15900026588673227,METEOSWISS_SMN_DAILY_SELECTED,06:00_UTC_to_06:00_UTC_next_day,Meiringen,589.0,46.732222,8.169247
MER,2016-01-01,31,31,31,31,31,0,0.19032258064516122,-3.4387096774193546,3.325806451612903,24,109.6,18,31,1.0,1.0,1.0,1.0,0.7741935483870968,0.5806451612903226,True,1,13,-0.29255583126550866,91.42307692307692,0.4828784119106699,18.176923076923075,1.198822044594026,METEOSWISS_SMN_DAILY_SELECTED,06:00_UTC_to_06:00_UTC_next_day,Meiringen,589.0,46.732222,8.169247
MER,2016-02-01,29,29,29,29,29,0,2.737931034482759,-1.2206896551724138,6.620689655172414,19,122.89999999999999,16,29,1.0,1.0,1.0,1.0,0.6551724137931034,0.5517241379310345,True,2,13,1.6453012504736644,62.17692307692308,1.0926297840090946,60.72307692307691,1.97661759247804,METEOSWISS_SMN_DAILY_SELECTED,06:00_UTC_to_06:00_UTC_next_day,Meiringen,589.0,46.732222,8.169247
MER,2016-03-01,31,31,31,31,31,0,4.354838709677419,-0.8709677419354839,9.5,19,50.6,9,31,1.0,1.0,1.0,1.0,0.6129032258064516,0.2903225806451613,True,3,13,5.711166253101737,84.65384615384616,-1.3563275434243183,-34.05384615384616,0.5977283053157655,METEOSWISS_SMN_DAILY_SELECTED,06:00_UTC_to_06:00_UTC_next_day,Meiringen,589.0,46.732222,8.169247
MER,2016-04-01,30,30,30,30,30,0,9.173333333333334,3.6133333333333337,14.526666666666667,4,113.8,13,30,1.0,1.0,1.0,1.0,0.13333333333333333,0.43333333333333335,True,4,13,9.621025641025641,79.96923076923076,-0.44769230769230717,33.830769230769235,1.4230473258945748,METEOSWISS_SMN_DAILY_SELECTED,06:00_UTC_to_06:00_UTC_next_day,Meiringen,589.0,46.732222,8.169247
MER,2016-05-01,31,31,31,31,31,0,12.619354838709677,6.835483870967742,17.729032258064517,0,192.89999999999998,14,31,1.0,1.0,1.0,1.0,0.0,0.45161290322580644,True,5,13,12.832258064516129,136.54615384615383,-0.2129032258064516,56.35384615384615,1.412709143146865,METEOSWISS_SMN_DAILY_SELECTED,06:00_UTC_to_06:00_UTC_next_day,Meiringen,589.0,46.732222,8.169247
MER,2016-06-01,30,30,30,30,30,0,15.756666666666666,11.246666666666666,20.720000000000002,0,211.20000000000002,23,30,1.0,1.0,1.0,1.0,0.0,0.7666666666666667,True,6,13,17.716666666666665,127.0,-1.959999999999999,84.20000000000002,1.6629921259842522,METEOSWISS_SMN_DAILY_SELECTED,06:00_UTC_to_06:00_UTC_next_day,Meiringen,589.0,46.732222,8.169247
MER,2016-07-01,31,31,31,31,31,0,18.44516129032258,13.077419354838709,24.10967741935484,0,209.1,14,31,1.0,1.0,1.0,1.0,0.0,0.45161290322580644,True,7,13,18.970223325062037,162.07692307692307,-0.5250620347394559,47.02307692307693,1.2901281442809682,METEOSWISS_SMN_DAILY_SELECTED,06:00_UTC_to_06:00_UTC_next_day,Meiringen,589.0,46.732222,8.169247
MER,2016-08-01,31,31,31,31,31,0,17.458064516129035,11.893548387096773,23.638709677419353,0,185.60000000000002,11,31,1.0,1.0,1.0,1.0,0.0,0.3548387096774194,True,8,13,18.156575682382133,160.6153846153846,-0.6985111662530983,24.98461538461541,1.1555555555555557,METEOSWISS_SMN_DAILY_SELECTED,06:00_UTC_to_06:00_UTC_next_day,Meiringen,589.0,46.732222,8.169247
MER,2016-09-01,30,30,30,30,30,0,15.303333333333335,10.120000000000001,21.240000000000002,0,91.3,7,30,1.0,1.0,1.0,1.0,0.0,0.23333333333333334,True,9,13,14.331538461538461,99.53076923076922,0.9717948717948737,-8.230769230769226,0.9173042739006106,METEOSWISS_SMN_DAILY_SELECTED,06:00_UTC_to_06:00_UTC_next_day,Meiringen,589.0,46.732222,8.169247
MER,2016-10-01,31,31,31,31,31,0,8.174193548387096,3.735483870967742,12.825806451612904,1,67.19999999999999,7,31,1.0,1.0,1.0,1.0,0.03225806451612903,0.22580645161290322,True,10,13,10.110421836228287,89.6923076923077,-1.9362282878411907,-22.492307692307705,0.7492281303602057,METEOSWISS_SMN_DAILY_SELECTED,06:00_UTC_to_06:00_UTC_next_day,Meiringen,589.0,46.732222,8.169247
MER,2016-11-01,30,30,30,30,30,0,5.623333333333333,1.5,9.05,12,94.80000000000001,10,30,1.0,1.0,1.0,1.0,0.4,0.3333333333333333,True,11,13,4.252307692307692,94.36923076923077,1.371025641025641,0.43076923076924345,1.0045647212259539,METEOSWISS_SMN_DAILY_SELECTED,06:00_UTC_to_06:00_UTC_next_day,Meiringen,589.0,46.732222,8.169247
MER,2016-12-01,31,31,31,31,31,0,-2.490322580645161,-5.961290322580646,1.832258064516129,30,0.8,0,31,1.0,1.0,1.0,1.0,0.967741935483871,0.0,True,12,13,0.14491315136476418,86.79230769230769,-2.6352357320099253,-85.99230769230769,0.009217406718071437,METEOSWISS_SMN_DAILY_SELECTED,06:00_UTC_to_06:00_UTC_next_day,Meiringen,589.0,46.732222,8.169247
MER,2017-01-01,31,31,31,31,31,0,-4.125806451612903,-8.016129032258064,-0.6096774193548387,30,56.599999999999994,8,31,1.0,1.0,1.0,1.0,0.967741935483871,0.25806451612903225,True,1,13,-0.29255583126550866,91.42307692307692,-3.833250620347395,-34.823076923076925,0.6190997055111485,METEOSWISS_SMN_DAILY_SELECTED,06:00_UTC_to_06:00_UTC_next_day,Meiringen,589.0,46.732222,8.169247
MER,2017-02-01,28,28,28,28,28,0,2.4857142857142853,-1.675,7.142857142857143,23,71.0,11,28,1.0,1.0,1.0,1.0,0.8214285714285714,0.39285714285714285,True,2,13,1.6453012504736644,62.17692307692308,0.8404130352406209,8.823076923076918,1.1419027588766546,METEOSWISS_SMN_DAILY_SELECTED,06:00_UTC_to_06:00_UTC_next_day,Meiringen,589.0,46.732222,8.169247
MER,2017-03-01,31,31,31,31,31,0,8.141935483870968,2.196774193548387,13.90967741935484,5,156.1,10,31,1.0,1.0,1.0,1.0,0.16129032258064516,0.3225806451612903,True,3,13,5.711166253101737,84.65384615384616,2.430769230769231,71.44615384615383,1.8439800090867786,METEOSWISS_SMN_DAILY_SELECTED,06:00_UTC_to_06:00_UTC_next_day,Meiringen,589.0,46.732222,8.169247
MER,2017-04-01,30,30,30,30,30,0,8.556666666666667,2.533333333333333,14.2,8,83.8,12,30,1.0,1.0,1.0,1.0,0.26666666666666666,0.4,True,4,13,9.621025641025641,79.96923076923076,-1.0643589743589743,3.830769230769235,1.0479030396306273,METEOSWISS_SMN_DAILY_SELECTED,06:00_UTC_to_06:00_UTC_next_day,Meiringen,589.0,46.732222,8.169247
MER,2017-05-01,31,31,31,31,31,0,13.890322580645162,7.270967741935484,20.364516129032257,1,127.80000000000001,13,31,1.0,1.0,1.0,1.0,0.03225806451612903,0.41935483870967744,True,5,13,12.832258064516129,136.54615384615383,1.0580645161290327,-8.746153846153817,0.9359472705763058,METEOSWISS_SMN_DAILY_SELECTED,06:00_UTC_to_06:00_UTC_next_day,Meiringen,589.0,46.732222,8.169247
MER,2017-06-01,30,30,30,30,30,0,18.733333333333334,12.780000000000001,24.783333333333335,0,107.8,14,30,1.0,1.0,1.0,1.0,0.0,0.4666666666666667,True,6,13,17.716666666666665,127.0,1.0166666666666693,-19.200000000000003,0.8488188976377953,METEOSWISS_SMN_DAILY_SELECTED,06:00_UTC_to_06:00_UTC_next_day,Meiringen,589.0,46.732222,8.169247
MER,2017-07-01,31,31,31,31,31,0,18.45483870967742,13.432258064516128,24.0258064516129,0,123.70000000000002,15,31,1.0,1.0,1.0,1.0,0.0,0.4838709677419355,True,7,13,18.970223325062037,162.07692307692307,-0.5153846153846153,-38.37692307692305,0.7632178452776461,METEOSWISS_SMN_DAILY_SELECTED,06:00_UTC_to_06:00_UTC_next_day,Meiringen,589.0,46.732222,8.169247
MER,2017-08-01,31,31,31,31,31,0,18.14516129032258,12.451612903225806,24.05483870967742,0,168.8,11,31,1.0,1.0,1.0,1.0,0.0,0.3548387096774194,True,8,13,18.156575682382133,160.6153846153846,-0.01141439205955308,8.184615384615398,1.0509578544061304,METEOSWISS_SMN_DAILY_SELECTED,06:00_UTC_to_06:00_UTC_next_day,Meiringen,589.0,46.732222,8.169247
MER,2017-09-01,30,30,30,30,30,0,11.94,7.4766666666666675,16.843333333333334,0,133.6,13,30,1.0,1.0,1.0,1.0,0.0,0.43333333333333335,True,9,13,14.331538461538461,99.53076923076922,-2.3915384615384614,34.06923076923077,1.342298477471211,METEOSWISS_SMN_DAILY_SELECTED,06:00_UTC_to_06:00_UTC_next_day,Meiringen,589.0,46.732222,8.169247
MER,2017-10-01,31,31,31,31,31,0,9.332258064516129,4.577419354838709,14.738709677419354,1,83.7,11,31,1.0,1.0,1.0,1.0,0.03225806451612903,0.3548387096774194,True,10,13,10.110421836228287,89.6923076923077,-0.7781637717121583,-5.992307692307691,0.9331903945111493,METEOSWISS_SMN_DAILY_SELECTED,06:00_UTC_to_06:00_UTC_next_day,Meiringen,589.0,46.732222,8.169247
MER,2017-11-01,30,30,30,30,30,0,2.8,-0.5066666666666666,6.38,17,113.69999999999997,10,30,1.0,1.0,1.0,1.0,0.5666666666666667,0.3333333333333333,True,11,13,4.252307692307692,94.36923076923077,-1.4523076923076923,19.330769230769207,1.2048418650146722,METEOSWISS_SMN_DAILY_SELECTED,06:00_UTC_to_06:00_UTC_next_day,Meiringen,589.0,46.732222,8.169247
MER,2017-12-01,31,31,31,31,31,0,-1.3806451612903226,-4.996774193548387,1.7870967741935484,28,106.9,15,31,1.0,1.0,1.0,1.0,0.9032258064516129,0.4838709677419355,True,12,13,0.14491315136476418,86.79230769230769,-1.5255583126550867,20.107692307692318,1.2316759727022957,METEOSWISS_SMN_DAILY_SELECTED,06:00_UTC_to_06:00_UTC_next_day,Meiringen,589.0,46.732222,8.169247
MER,2018-01-01,31,31,31,31,31,0,3.361290322580645,-0.632258064516129,7.551612903225807,20,193.09999999999997,13,31,1.0,1.0,1.0,1.0,0.6451612903225806,0.41935483870967744,True,1,13,-0.29255583126550866,91.42307692307692,3.6538461538461537,101.67692307692305,2.1121581825830877,METEOSWISS_SMN_DAILY_SELECTED,06:00_UTC_to_06:00_UTC_next_day,Meiringen,589.0,46.732222,8.169247
MER,2018-02-01,28,28,28,28,28,0,-1.5714285714285714,-4.6571428571428575,1.0892857142857142,27,66.4,6,28,1.0,1.0,1.0,1.0,0.9642857142857143,0.21428571428571427,True,2,13,1.6453012504736644,62.17692307692308,-3.216729821902236,4.223076923076924,1.0679203266114066,METEOSWISS_SMN_DAILY_SELECTED,06:00_UTC_to_06:00_UTC_next_day,Meiringen,589.0,46.732222,8.169247
MER,2018-03-01,31,31,31,31,31,0,3.8129032258064517,-0.6161290322580646,8.703225806451613,18,131.4,15,31,1.0,1.0,1.0,1.0,0.5806451612903226,0.4838709677419355,True,3,13,5.711166253101737,84.65384615384616,-1.8982630272952856,46.746153846153845,1.5522035438437074,METEOSWISS_SMN_DAILY_SELECTED,06:00_UTC_to_06:00_UTC_next_day,Meiringen,589.0,46.732222,8.169247
MER,2018-04-01,30,30,30,30,30,0,12.443333333333333,4.67,19.063333333333333,3,29.200000000000003,6,30,1.0,1.0,1.0,1.0,0.1,0.2,True,4,13,9.621025641025641,79.96923076923076,2.8223076923076924,-50.76923076923076,0.3651404386302425,METEOSWISS_SMN_DAILY_SELECTED,06:00_UTC_to_06:00_UTC_next_day,Meiringen,589.0,46.732222,8.169247
MER,2018-05-01,31,31,31,31,31,0,14.283870967741937,8.687096774193549,19.98709677419355,0,80.5,13,31,1.0,1.0,1.0,1.0,0.0,0.41935483870967744,True,5,13,12.832258064516129,136.54615384615383,1.4516129032258078,-56.04615384615383,0.5895442510281111,METEOSWISS_SMN_DAILY_SELECTED,06:00_UTC_to_06:00_UTC_next_day,Meiringen,589.0,46.732222,8.169247
MER,2018-06-01,30,30,30,30,30,0,18.2,12.026666666666667,23.490000000000002,0,73.9,7,30,1.0,1.0,1.0,1.0,0.0,0.23333333333333334,True,6,13,17.716666666666665,127.0,0.4833333333333343,-53.099999999999994,0.5818897637795276,METEOSWISS_SMN_DAILY_SELECTED,06:00_UTC_to_06:00_UTC_next_day,Meiringen,589.0,46.732222,8.169247
MER,2018-07-01,31,31,31,31,31,0,19.46451612903226,13.025806451612903,25.89032258064516,0,106.4,12,31,1.0,1.0,1.0,1.0,0.0,0.3870967741935484,True,7,13,18.970223325062037,162.07692307692307,0.4942928039702217,-55.67692307692306,0.6564784053156147,METEOSWISS_SMN_DAILY_SELECTED,06:00_UTC_to_06:00_UTC_next_day,Meiringen,589.0,46.732222,8.169247
MER,2018-08-01,31,31,31,31,31,0,18.870967741935484,13.270967741935483,25.325806451612905,0,219.10000000000002,15,31,1.0,1.0,1.0,1.0,0.0,0.4838709677419355,True,8,13,18.156575682382133,160.6153846153846,0.7143920595533508,58.48461538461541,1.3641283524904215,METEOSWISS_SMN_DAILY_SELECTED,06:00_UTC_to_06:00_UTC_next_day,Meiringen,589.0,46.732222,8.169247
MER,2018-09-01,30,30,30,30,30,0,15.25,9.776666666666667,20.886666666666667,0,109.9,8,30,1.0,1.0,1.0,1.0,0.0,0.26666666666666666,True,9,13,14.331538461538461,99.53076923076922,0.9184615384615391,10.369230769230782,1.1041811577401655,METEOSWISS_SMN_DAILY_SELECTED,06:00_UTC_to_06:00_UTC_next_day,Meiringen,589.0,46.732222,8.169247
MER,2018-10-01,31,31,31,31,31,0,10.535483870967743,4.864516129032259,15.86774193548387,1,84.7,4,31,1.0,1.0,1.0,1.0,0.03225806451612903,0.12903225806451613,True,10,13,10.110421836228287,89.6923076923077,0.42506203473945625,-4.992307692307691,0.9443396226415095,METEOSWISS_SMN_DAILY_SELECTED,06:00_UTC_to_06:00_UTC_next_day,Meiringen,589.0,46.732222,8.169247
MER,2018-11-01,30,30,30,30,30,0,5.626666666666666,1.8399999999999999,9.15,13,12.2,5,30,1.0,1.0,1.0,1.0,0.43333333333333335,0.16666666666666666,True,11,13,4.252307692307692,94.36923076923077,1.374358974358974,-82.16923076923077,0.12927942614933158,METEOSWISS_SMN_DAILY_SELECTED,06:00_UTC_to_06:00_UTC_next_day,Meiringen,589.0,46.732222,8.169247
MER,2018-12-01,31,31,31,31,31,0,1.7677419354838708,-0.964516129032258,4.445161290322581,17,190.09999999999997,15,31,1.0,1.0,1.0,1.0,0.5483870967741935,0.4838709677419355,True,12,13,0.14491315136476418,86.79230769230769,1.6228287841191067,103.30769230769228,2.1902862713817246,METEOSWISS_SMN_DAILY_SELECTED,06:00_UTC_to_06:00_UTC_next_day,Meiringen,589.0,46.732222,8.169247
MER,2019-01-01,31,31,31,31,31,0,-1.5838709677419356,-5.780645161290322,1.564516129032258,30,94.1,11,31,1.0,1.0,1.0,1.0,0.967741935483871,0.3548387096774194,True,1,13,-0.29255583126550866,91.42307692307692,-1.291315136476427,2.6769230769230745,1.0292806058056374,METEOSWISS_SMN_DAILY_SELECTED,06:00_UTC_to_06:00_UTC_next_day,Meiringen,589.0,46.732222,8.169247
MER,2019-02-01,28,28,28,28,28,0,0.7071428571428571,-4.189285714285714,6.178571428571429,27,25.699999999999996,6,28,1.0,1.0,1.0,1.0,0.9642857142857143,0.21428571428571427,True,2,13,1.6453012504736644,62.17692307692308,-0.9381583933308073,-36.476923076923086,0.413336632438451,METEOSWISS_SMN_DAILY_SELECTED,06:00_UTC_to_06:00_UTC_next_day,Meiringen,589.0,46.732222,8.169247
MER,2019-03-01,31,31,31,31,31,0,5.793548387096774,-0.019354838709677434,11.970967741935485,17,70.89999999999999,12,31,1.0,1.0,1.0,1.0,0.5483870967741935,0.3870967741935484,True,3,13,5.711166253101737,84.65384615384616,0.08238213399503636,-13.753846153846169,0.8375283961835528,METEOSWISS_SMN_DAILY_SELECTED,06:00_UTC_to_06:00_UTC_next_day,Meiringen,589.0,46.732222,8.169247
MER,2019-04-01,30,30,30,30,30,0,9.306666666666667,3.48,14.336666666666668,4,104.3,7,30,1.0,1.0,1.0,1.0,0.13333333333333333,0.23333333333333334,True,4,13,9.621025641025641,79.96923076923076,-0.3143589743589743,24.330769230769235,1.3042516352443247,METEOSWISS_SMN_DAILY_SELECTED,06:00_UTC_to_06:00_UTC_next_day,Meiringen,589.0,46.732222,8.169247
MER,2019-05-01,31,31,31,31,31,0,10.438709677419356,5.27741935483871,15.53225806451613,1,132.39999999999998,13,31,1.0,1.0,1.0,1.0,0.03225806451612903,0.41935483870967744,True,5,13,12.832258064516129,136.54615384615383,-2.3935483870967733,-4.146153846153851,0.9696355134921976,METEOSWISS_SMN_DAILY_SELECTED,06:00_UTC_to_06:00_UTC_next_day,Meiringen,589.0,46.732222,8.169247
MER,2019-06-01,30,30,30,30,30,0,18.686666666666667,11.673333333333334,25.353333333333335,0,118.70000000000002,12,30,1.0,1.0,1.0,1.0,0.0,0.4,True,6,13,17.716666666666665,127.0,0.9700000000000024,-8.299999999999983,0.9346456692913387,METEOSWISS_SMN_DAILY_SELECTED,06:00_UTC_to_06:00_UTC_next_day,Meiringen,589.0,46.732222,8.169247
MER,2019-07-01,31,31,31,31,31,0,19.58709677419355,14.045161290322582,25.29032258064516,0,103.00000000000001,15,31,1.0,1.0,1.0,1.0,0.0,0.4838709677419355,True,7,13,18.970223325062037,162.07692307692307,0.6168734491315142,-59.07692307692305,0.6355007119126722,METEOSWISS_SMN_DAILY_SELECTED,06:00_UTC_to_06:00_UTC_next_day,Meiringen,589.0,46.732222,8.169247
MER,2019-08-01,31,31,31,31,31,0,18.216129032258067,12.996774193548386,23.61935483870968,0,136.5,14,31,1.0,1.0,1.0,1.0,0.0,0.45161290322580644,True,8,13,18.156575682382133,160.6153846153846,0.05955334987593375,-24.115384615384613,0.8498563218390804,METEOSWISS_SMN_DAILY_SELECTED,06:00_UTC_to_06:00_UTC_next_day,Meiringen,589.0,46.732222,8.169247
MER,2019-09-01,30,30,30,30,30,0,14.246666666666668,9.163333333333332,19.296666666666667,0,78.1,8,30,1.0,1.0,1.0,1.0,0.0,0.26666666666666666,True,9,13,14.331538461538461,99.53076923076922,-0.08487179487179297,-21.43076923076923,0.7846819692402813,METEOSWISS_SMN_DAILY_SELECTED,06:00_UTC_to_06:00_UTC_next_day,Meiringen,589.0,46.732222,8.169247
MER,2019-10-01,31,31,31,31,31,0,11.338709677419354,6.606451612903226,16.074193548387097,0,162.9,11,31,1.0,1.0,1.0,1.0,0.0,0.3548387096774194,True,10,13,10.110421836228287,89.6923076923077,1.228287841191067,73.20769230769231,1.8162092624356776,METEOSWISS_SMN_DAILY_SELECTED,06:00_UTC_to_06:00_UTC_next_day,Meiringen,589.0,46.732222,8.169247
MER,2019-11-01,30,30,30,30,30,0,4.776666666666667,0.9966666666666667,8.27,13,139.1,15,30,1.0,1.0,1.0,1.0,0.43333333333333335,0.5,True,11,13,4.252307692307692,94.36923076923077,0.5243589743589752,44.730769230769226,1.4739973915878708,METEOSWISS_SMN_DAILY_SELECTED,06:00_UTC_to_06:00_UTC_next_day,Meiringen,589.0,46.732222,8.169247
MER,2019-12-01,31,31,31,31,31,0,3.1451612903225805,-0.9838709677419355,6.693548387096774,17,87.49999999999999,10,31,1.0,1.0,1.0,1.0,0.5483870967741935,0.3225806451612903,True,12,13,0.14491315136476418,86.79230769230769,3.0002481389578164,0.7076923076922981,1.0081538597890631,METEOSWISS_SMN_DAILY_SELECTED,06:00_UTC_to_06:00_UTC_next_day,Meiringen,589.0,46.732222,8.169247
MER,2020-01-01,31,31,31,31,31,0,-0.1838709677419355,-3.9419354838709677,3.851612903225807,29,25.9,4,31,1.0,1.0,1.0,1.0,0.9354838709677419,0.12903225806451613,True,1,13,-0.29255583126550866,91.42307692307692,0.10868486352357315,-65.52307692307693,0.28329827513672695,METEOSWISS_SMN_DAILY_SELECTED,06:00_UTC_to_06:00_UTC_next_day,Meiringen,589.0,46.732222,8.169247
MER,2020-02-01,29,29,29,29,29,0,3.810344827586207,-1.0931034482758621,9.182758620689656,20,101.89999999999999,11,29,1.0,1.0,1.0,1.0,0.6896551724137931,0.3793103448275862,True,2,13,1.6453012504736644,62.17692307692308,2.1650435771125425,39.72307692307691,1.6388717060497338,METEOSWISS_SMN_DAILY_SELECTED,06:00_UTC_to_06:00_UTC_next_day,Meiringen,589.0,46.732222,8.169247
MER,2020-03-01,31,31,31,31,31,0,5.270967741935484,-0.0516129032258065,10.725806451612904,16,59.7,11,31,1.0,1.0,1.0,1.0,0.5161290322580645,0.3548387096774194,True,3,13,5.711166253101737,84.65384615384616,-0.44019851116625297,-24.953846153846158,0.7052248977737392,METEOSWISS_SMN_DAILY_SELECTED,06:00_UTC_to_06:00_UTC_next_day,Meiringen,589.0,46.732222,8.169247
MER,2020-04-01,30,30,30,30,30,0,11.68,3.6199999999999997,18.759999999999998,5,41.2,6,30,1.0,1.0,1.0,1.0,0.16666666666666666,0.2,True,4,13,9.621025641025641,79.96923076923076,2.0589743589743588,-38.76923076923076,0.5151981531358215,METEOSWISS_SMN_DAILY_SELECTED,06:00_UTC_to_06:00_UTC_next_day,Meiringen,589.0,46.732222,8.169247
MER,2020-05-01,31,31,31,31,31,0,14.048387096774194,7.761290322580645,19.54516129032258,0,97.4,8,31,1.0,1.0,1.0,1.0,0.0,0.25806451612903225,True,5,13,12.832258064516129,136.54615384615383,1.2161290322580651,-39.14615384615382,0.7133119260886712,METEOSWISS_SMN_DAILY_SELECTED,06:00_UTC_to_06:00_UTC_next_day,Meiringen,589.0,46.732222,8.169247
MER,2020-06-01,30,30,30,30,30,0,15.74,10.566666666666666,20.91,0,160.6,17,30,1.0,1.0,1.0,1.0,0.0,0.5666666666666667,True,6,13,17.716666666666665,127.0,-1.9766666666666648,33.599999999999994,1.2645669291338582,METEOSWISS_SMN_DAILY_SELECTED,06:00_UTC_to_06:00_UTC_next_day,Meiringen,589.0,46.732222,8.169247
MER,2020-07-01,31,31,31,31,31,0,18.567741935483873,12.964516129032257,24.174193548387095,0,192.8,11,31,1.0,1.0,1.0,1.0,0.0,0.3548387096774194,True,7,13,18.970223325062037,162.07692307692307,-0.4024813895781634,30.723076923076945,1.1895586141433319,METEOSWISS_SMN_DAILY_SELECTED,06:00_UTC_to_06:00_UTC_next_day,Meiringen,589.0,46.732222,8.169247
MER,2020-08-01,31,31,31,31,31,0,17.9741935483871,12.635483870967741,23.638709677419353,0,270.0,16,31,1.0,1.0,1.0,1.0,0.0,0.5161290322580645,True,8,13,18.156575682382133,160.6153846153846,-0.18238213399503422,109.38461538461539,1.6810344827586208,METEOSWISS_SMN_DAILY_SELECTED,06:00_UTC_to_06:00_UTC_next_day,Meiringen,589.0,46.732222,8.169247
MER,2020-09-01,30,30,30,30,30,0,15.043333333333333,9.853333333333333,20.456666666666667,0,52.4,8,30,1.0,1.0,1.0,1.0,0.0,0.26666666666666666,True,9,13,14.331538461538461,99.53076923076922,0.7117948717948721,-47.130769230769225,0.5264703609243373,METEOSWISS_SMN_DAILY_SELECTED,06:00_UTC_to_06:00_UTC_next_day,Meiringen,589.0,46.732222,8.169247
MER,2020-10-01,31,31,31,31,31,0,8.541935483870969,4.274193548387097,13.241935483870968,1,137.9,13,31,1.0,1.0,1.0,1.0,0.03225806451612903,0.41935483870967744,True,10,13,10.110421836228287,89.6923076923077,-1.5684863523573185,48.20769230769231,1.5374785591766724,METEOSWISS_SMN_DAILY_SELECTED,06:00_UTC_to_06:00_UTC_next_day,Meiringen,589.0,46.732222,8.169247
MER,2020-11-01,30,30,30,30,30,0,3.7866666666666666,-0.09000000000000001,8.72,16,29.299999999999997,5,30,1.0,1.0,1.0,1.0,0.5333333333333333,0.16666666666666666,True,11,13,4.252307692307692,94.36923076923077,-0.4656410256410255,-65.06923076923077,0.3104825562438865,METEOSWISS_SMN_DAILY_SELECTED,06:00_UTC_to_06:00_UTC_next_day,Meiringen,589.0,46.732222,8.169247
MER,2020-12-01,31,31,31,31,31,0,0.3032258064516129,-2.97741935483871,3.6548387096774193,29,100.0,13,31,1.0,1.0,1.0,1.0,0.9354838709677419,0.41935483870967744,True,12,13,0.14491315136476418,86.79230769230769,0.15831265508684872,13.207692307692312,1.1521758397589295,METEOSWISS_SMN_DAILY_SELECTED,06:00_UTC_to_06:00_UTC_next_day,Meiringen,589.0,46.732222,8.169247
MER,2021-01-01,31,31,31,31,31,0,-0.5548387096774194,-3.690322580645161,2.0161290322580645,26,197.1,16,31,1.0,1.0,1.0,1.0,0.8387096774193549,0.5161290322580645,True,1,13,-0.29255583126550866,91.42307692307692,-0.2622828784119108,105.67692307692307,2.1559108119478334,METEOSWISS_SMN_DAILY_SELECTED,06:00_UTC_to_06:00_UTC_next_day,Meiringen,589.0,46.732222,8.169247
MER,2021-02-01,28,28,28,28,28,0,2.6,-1.8821428571428573,7.789285714285714,20,40.9,8,28,1.0,1.0,1.0,1.0,0.7142857142857143,0.2857142857142857,True,2,13,1.6453012504736644,62.17692307692308,0.9546987495263357,-21.276923076923083,0.6578003216627489,METEOSWISS_SMN_DAILY_SELECTED,06:00_UTC_to_06:00_UTC_next_day,Meiringen,589.0,46.732222,8.169247
MER,2021-03-01,31,31,31,31,31,0,4.780645161290322,-0.667741935483871,10.419354838709678,20,86.2,11,31,1.0,1.0,1.0,1.0,0.6451612903225806,0.3548387096774194,True,3,13,5.711166253101737,84.65384615384616,-0.9305210918114151,1.5461538461538424,1.018264425261245,METEOSWISS_SMN_DAILY_SELECTED,06:00_UTC_to_06:00_UTC_next_day,Meiringen,589.0,46.732222,8.169247
MER,2021-04-01,30,30,30,30,30,0,7.8133333333333335,1.2233333333333334,13.69,13,28.7,6,30,1.0,1.0,1.0,1.0,0.43333333333333335,0.2,True,4,13,9.621025641025641,79.96923076923076,-1.8076923076923075,-51.26923076923076,0.3588880338591766,METEOSWISS_SMN_DAILY_SELECTED,06:00_UTC_to_06:00_UTC_next_day,Meiringen,589.0,46.732222,8.169247
MER,2021-05-01,31,31,31,31,31,0,10.496774193548386,4.948387096774193,15.793548387096775,0,158.7,17,31,1.0,1.0,1.0,1.0,0.0,0.5483870967741935,True,5,13,12.832258064516129,136.54615384615383,-2.3354838709677423,22.15384615384616,1.1622443805982763,METEOSWISS_SMN_DAILY_SELECTED,06:00_UTC_to_06:00_UTC_next_day,Meiringen,589.0,46.732222,8.169247
MER,2021-06-01,30,30,30,30,30,0,18.203333333333333,12.403333333333334,24.5,0,171.6,13,30,1.0,1.0,1.0,1.0,0.0,0.43333333333333335,True,6,13,17.716666666666665,127.0,0.48666666666666814,44.599999999999994,1.3511811023622047,METEOSWISS_SMN_DAILY_SELECTED,06:00_UTC_to_06:00_UTC_next_day,Meiringen,589.0,46.732222,8.169247
MER,2021-07-01,31,31,31,31,31,0,17.406451612903226,12.600000000000001,22.712903225806453,0,321.5999999999999,22,31,1.0,1.0,1.0,1.0,0.0,0.7096774193548387,True,7,13,18.970223325062037,162.07692307692307,-1.563771712158811,159.52307692307684,1.9842429995253912,METEOSWISS_SMN_DAILY_SELECTED,06:00_UTC_to_06:00_UTC_next_day,Meiringen,589.0,46.732222,8.169247
MER,2021-08-01,31,31,31,31,31,0,16.79032258064516,12.451612903225806,21.448387096774194,0,118.7,12,31,1.0,1.0,1.0,1.0,0.0,0.3870967741935484,True,8,13,18.156575682382133,160.6153846153846,-1.366253101736973,-41.91538461538461,0.7390325670498085,METEOSWISS_SMN_DAILY_SELECTED,06:00_UTC_to_06:00_UTC_next_day,Meiringen,589.0,46.732222,8.169247
MER,2021-09-01,30,30,30,30,30,0,15.563333333333334,10.41,21.026666666666664,0,76.99999999999999,6,30,1.0,1.0,1.0,1.0,0.0,0.2,True,9,13,14.331538461538461,99.53076923076922,1.2317948717948735,-22.530769230769238,0.7736301105185871,METEOSWISS_SMN_DAILY_SELECTED,06:00_UTC_to_06:00_UTC_next_day,Meiringen,589.0,46.732222,8.169247
MER,2021-10-01,31,31,31,31,31,0,8.880645161290323,3.3870967741935485,14.541935483870969,6,31.500000000000004,5,31,1.0,1.0,1.0,1.0,0.1935483870967742,0.16129032258064516,True,10,13,10.110421836228287,89.6923076923077,-1.2297766749379644,-58.19230769230769,0.3512006861063465,METEOSWISS_SMN_DAILY_SELECTED,06:00_UTC_to_06:00_UTC_next_day,Meiringen,589.0,46.732222,8.169247
MER,2021-11-01,30,30,30,30,30,0,3.066666666666667,-0.20666666666666664,6.076666666666667,19,57.79999999999999,8,30,1.0,1.0,1.0,1.0,0.6333333333333333,0.26666666666666666,True,11,13,4.252307692307692,94.36923076923077,-1.1856410256410252,-36.56923076923078,0.6124877730681447,METEOSWISS_SMN_DAILY_SELECTED,06:00_UTC_to_06:00_UTC_next_day,Meiringen,589.0,46.732222,8.169247
MER,2021-12-01,31,31,31,31,31,0,-1.5225806451612904,-5.087096774193548,1.1903225806451612,29,119.9,11,31,1.0,1.0,1.0,1.0,0.9354838709677419,0.3548387096774194,True,12,13,0.14491315136476418,86.79230769230769,-1.6674937965260546,33.10769230769232,1.3814588318709564,METEOSWISS_SMN_DAILY_SELECTED,06:00_UTC_to_06:00_UTC_next_day,Meiringen,589.0,46.732222,8.169247
MER,2022-01-01,31,31,31,31,31,0,-2.0483870967741935,-5.741935483870968,1.6838709677419355,29,35.0,7,31,1.0,1.0,1.0,1.0,0.9354838709677419,0.22580645161290322,True,1,13,-0.29255583126550866,91.42307692307692,-1.755831265508685,-56.42307692307692,0.38283550694152296,METEOSWISS_SMN_DAILY_SELECTED,06:00_UTC_to_06:00_UTC_next_day,Meiringen,589.0,46.732222,8.169247
MER,2022-02-01,28,28,28,28,28,0,2.1714285714285713,-1.8499999999999999,6.55,22,90.50000000000001,13,28,1.0,1.0,1.0,1.0,0.7857142857142857,0.4642857142857143,True,2,13,1.6453012504736644,62.17692307692308,0.5261273209549069,28.323076923076933,1.4555239391315107,METEOSWISS_SMN_DAILY_SELECTED,06:00_UTC_to_06:00_UTC_next_day,Meiringen,589.0,46.732222,8.169247
MER,2022-03-01,31,31,31,31,31,0,6.419354838709677,-0.9419354838709677,13.33548387096774,20,17.6,3,31,1.0,1.0,1.0,1.0,0.6451612903225806,0.0967741935483871,True,3,13,5.711166253101737,84.65384615384616,0.7081885856079397,-67.05384615384617,0.20790549750113585,METEOSWISS_SMN_DAILY_SELECTED,06:00_UTC_to_06:00_UTC_next_day,Meiringen,589.0,46.732222,8.169247
MER,2022-04-01,30,30,30,30,30,0,8.823333333333332,3.003333333333333,14.486666666666668,6,74.4,12,30,1.0,1.0,1.0,1.0,0.2,0.4,True,4,13,9.621025641025641,79.96923076923076,-0.7976923076923086,-5.5692307692307566,0.9303578299345904,METEOSWISS_SMN_DAILY_SELECTED,06:00_UTC_to_06:00_UTC_next_day,Meiringen,589.0,46.732222,8.169247
MER,2022-05-01,31,31,31,31,31,0,15.348387096774195,9.48709677419355,21.067741935483873,0,47.2,7,31,1.0,1.0,1.0,1.0,0.0,0.22580645161290322,True,5,13,12.832258064516129,136.54615384615383,2.516129032258066,-89.34615384615383,0.3456706664413273,METEOSWISS_SMN_DAILY_SELECTED,06:00_UTC_to_06:00_UTC_next_day,Meiringen,589.0,46.732222,8.169247
MER,2022-06-01,30,30,30,30,30,0,18.676666666666666,12.379999999999999,24.976666666666667,0,142.0,16,30,1.0,1.0,1.0,1.0,0.0,0.5333333333333333,True,6,13,17.716666666666665,127.0,0.9600000000000009,15.0,1.1181102362204725,METEOSWISS_SMN_DAILY_SELECTED,06:00_UTC_to_06:00_UTC_next_day,Meiringen,589.0,46.732222,8.169247
MER,2022-07-01,31,31,31,31,31,0,20.35483870967742,13.912903225806453,26.52258064516129,0,72.5,7,31,1.0,1.0,1.0,1.0,0.0,0.22580645161290322,True,7,13,18.970223325062037,162.07692307692307,1.3846153846153832,-89.57692307692307,0.4473184622686284,METEOSWISS_SMN_DAILY_SELECTED,06:00_UTC_to_06:00_UTC_next_day,Meiringen,589.0,46.732222,8.169247
MER,2022-08-01,31,31,31,31,31,0,19.648387096774194,13.448387096774194,25.9,0,89.7,8,31,1.0,1.0,1.0,1.0,0.0,0.25806451612903225,True,8,13,18.156575682382133,160.6153846153846,1.4918114143920604,-70.91538461538461,0.5584770114942529,METEOSWISS_SMN_DAILY_SELECTED,06:00_UTC_to_06:00_UTC_next_day,Meiringen,589.0,46.732222,8.169247
MER,2022-09-01,30,30,30,30,30,0,13.693333333333333,9.18,18.483333333333334,0,130.5,13,30,1.0,1.0,1.0,1.0,0.0,0.43333333333333335,True,9,13,14.331538461538461,99.53076923076922,-0.6382051282051275,30.969230769230776,1.3111523301646186,METEOSWISS_SMN_DAILY_SELECTED,06:00_UTC_to_06:00_UTC_next_day,Meiringen,589.0,46.732222,8.169247
MER,2022-10-01,31,31,31,31,31,0,12.019354838709678,7.161290322580645,17.664516129032258,0,75.0,10,31,1.0,1.0,1.0,1.0,0.0,0.3225806451612903,True,10,13,10.110421836228287,89.6923076923077,1.9089330024813904,-14.692307692307693,0.8361921097770154,METEOSWISS_SMN_DAILY_SELECTED,06:00_UTC_to_06:00_UTC_next_day,Meiringen,589.0,46.732222,8.169247
MER,2022-11-01,30,30,30,30,30,0,5.46,1.4166666666666667,9.526666666666667,7,80.80000000000001,14,30,1.0,1.0,1.0,1.0,0.23333333333333334,0.4666666666666667,True,11,13,4.252307692307692,94.36923076923077,1.2076923076923078,-13.569230769230757,0.8562112813824586,METEOSWISS_SMN_DAILY_SELECTED,06:00_UTC_to_06:00_UTC_next_day,Meiringen,589.0,46.732222,8.169247
MER,2022-12-01,31,31,31,31,31,0,0.8838709677419354,-2.693548387096774,3.4064516129032256,23,135.0,13,31,1.0,1.0,1.0,1.0,0.7419354838709677,0.41935483870967744,True,12,13,0.14491315136476418,86.79230769230769,0.7389578163771713,48.20769230769231,1.5554373836745548,METEOSWISS_SMN_DAILY_SELECTED,06:00_UTC_to_06:00_UTC_next_day,Meiringen,589.0,46.732222,8.169247
MER,2023-01-01,31,31,31,31,31,0,0.46451612903225803,-3.206451612903226,3.670967741935484,22,38.2,7,31,1.0,1.0,1.0,1.0,0.7096774193548387,0.22580645161290322,True,1,13,-0.29255583126550866,91.42307692307692,0.7570719602977667,-53.22307692307692,0.41783761043331935,METEOSWISS_SMN_DAILY_SELECTED,06:00_UTC_to_06:00_UTC_next_day,Meiringen,589.0,46.732222,8.169247
MER,2023-02-01,28,28,28,28,28,0,1.9642857142857142,-2.492857142857143,7.103571428571429,22,22.5,4,28,1.0,1.0,1.0,1.0,0.7857142857142857,0.14285714285714285,True,2,13,1.6453012504736644,62.17692307692308,0.3189844638120498,-39.67692307692308,0.36187059260175675,METEOSWISS_SMN_DAILY_SELECTED,06:00_UTC_to_06:00_UTC_next_day,Meiringen,589.0,46.732222,8.169247
MER,2023-03-01,31,31,31,31,31,0,5.787096774193548,1.1419354838709677,10.864516129032259,11,146.20000000000002,14,31,1.0,1.0,1.0,1.0,0.3548387096774194,0.45161290322580644,True,3,13,5.711166253101737,84.65384615384616,0.07593052109181109,61.54615384615386,1.72703316674239,METEOSWISS_SMN_DAILY_SELECTED,06:00_UTC_to_06:00_UTC_next_day,Meiringen,589.0,46.732222,8.169247
MER,2023-04-01,30,30,30,30,30,0,8.08,3.1533333333333333,12.666666666666666,4,121.19999999999999,13,30,1.0,1.0,1.0,1.0,0.13333333333333333,0.43333333333333335,True,4,13,9.621025641025641,79.96923076923076,-1.5410256410256409,41.230769230769226,1.5155829165063486,METEOSWISS_SMN_DAILY_SELECTED,06:00_UTC_to_06:00_UTC_next_day,Meiringen,589.0,46.732222,8.169247
MER,2023-05-01,31,31,31,31,31,0,13.583870967741936,8.551612903225807,18.74516129032258,0,133.7,13,31,1.0,1.0,1.0,1.0,0.0,0.41935483870967744,True,5,13,12.832258064516129,136.54615384615383,0.7516129032258068,-2.8461538461538396,0.9791561038814716,METEOSWISS_SMN_DAILY_SELECTED,06:00_UTC_to_06:00_UTC_next_day,Meiringen,589.0,46.732222,8.169247
MER,2023-06-01,30,30,30,30,30,0,19.033333333333335,11.97,26.13,0,51.2,8,30,1.0,1.0,1.0,1.0,0.0,0.26666666666666666,True,6,13,17.716666666666665,127.0,1.31666666666667,-75.8,0.40314960629921265,METEOSWISS_SMN_DAILY_SELECTED,06:00_UTC_to_06:00_UTC_next_day,Meiringen,589.0,46.732222,8.169247
MER,2023-07-01,31,31,31,31,31,0,19.364516129032257,13.493548387096775,25.37741935483871,0,174.5,13,31,1.0,1.0,1.0,1.0,0.0,0.41935483870967744,True,7,13,18.970223325062037,162.07692307692307,0.39429280397022026,12.423076923076934,1.0766492643569057,METEOSWISS_SMN_DAILY_SELECTED,06:00_UTC_to_06:00_UTC_next_day,Meiringen,589.0,46.732222,8.169247
MER,2023-08-01,31,31,31,31,31,0,18.225806451612904,13.096774193548388,24.470967741935485,0,207.0,16,31,1.0,1.0,1.0,1.0,0.0,0.5161290322580645,True,8,13,18.156575682382133,160.6153846153846,0.06923076923077076,46.38461538461539,1.2887931034482758,METEOSWISS_SMN_DAILY_SELECTED,06:00_UTC_to_06:00_UTC_next_day,Meiringen,589.0,46.732222,8.169247
MER,2023-09-01,30,30,30,30,30,0,16.966666666666665,11.133333333333333,23.790000000000003,0,54.60000000000001,5,30,1.0,1.0,1.0,1.0,0.0,0.16666666666666666,True,9,13,14.331538461538461,99.53076923076922,2.635128205128204,-44.930769230769215,0.5485740783677256,METEOSWISS_SMN_DAILY_SELECTED,06:00_UTC_to_06:00_UTC_next_day,Meiringen,589.0,46.732222,8.169247
MER,2023-10-01,31,31,31,31,31,0,11.964516129032257,6.72258064516129,17.770967741935483,0,94.60000000000001,11,31,1.0,1.0,1.0,1.0,0.0,0.3548387096774194,True,10,13,10.110421836228287,89.6923076923077,1.8540942928039694,4.907692307692315,1.0547169811320756,METEOSWISS_SMN_DAILY_SELECTED,06:00_UTC_to_06:00_UTC_next_day,Meiringen,589.0,46.732222,8.169247
MER,2023-11-01,30,30,30,30,30,0,4.52,1.1833333333333333,7.823333333333334,11,226.4,21,30,1.0,1.0,1.0,1.0,0.36666666666666664,0.7,True,11,13,4.252307692307692,94.36923076923077,0.26769230769230745,132.03076923076924,2.3990870557548094,METEOSWISS_SMN_DAILY_SELECTED,06:00_UTC_to_06:00_UTC_next_day,Meiringen,589.0,46.732222,8.169247
MER,2023-12-01,31,31,31,31,31,0,1.7967741935483872,-1.2709677419354841,4.770967741935484,21,157.3,14,31,1.0,1.0,1.0,1.0,0.6774193548387096,0.45161290322580644,True,12,13,0.14491315136476418,86.79230769230769,1.651861042183623,70.50769230769232,1.8123725959407961,METEOSWISS_SMN_DAILY_SELECTED,06:00_UTC_to_06:00_UTC_next_day,Meiringen,589.0,46.732222,8.169247
MER,2024-01-01,31,31,31,31,31,0,0.7290322580645162,-2.6258064516129034,3.990322580645161,23,76.6,11,31,1.0,1.0,1.0,1.0,0.7419354838709677,0.3548387096774194,True,1,13,-0.29255583126550866,91.42307692307692,1.0215880893300249,-14.823076923076925,0.8378628523348759,METEOSWISS_SMN_DAILY_SELECTED,06:00_UTC_to_06:00_UTC_next_day,Meiringen,589.0,46.732222,8.169247
MER,2024-02-01,29,29,29,29,29,0,5.562068965517242,1.286206896551724,9.993103448275862,14,51.400000000000006,7,29,1.0,1.0,1.0,1.0,0.4827586206896552,0.2413793103448276,True,2,13,1.6453012504736644,62.17692307692308,3.916767715043578,-10.776923076923076,0.8266732648769022,METEOSWISS_SMN_DAILY_SELECTED,06:00_UTC_to_06:00_UTC_next_day,Meiringen,589.0,46.732222,8.169247
MER,2024-03-01,31,31,31,31,31,0,7.819354838709677,2.5064516129032257,12.441935483870967,7,175.5,16,31,1.0,1.0,1.0,1.0,0.22580645161290322,0.5161290322580645,True,3,13,5.711166253101737,84.65384615384616,2.10818858560794,90.84615384615384,2.073148568832349,METEOSWISS_SMN_DAILY_SELECTED,06:00_UTC_to_06:00_UTC_next_day,Meiringen,589.0,46.732222,8.169247
MER,2024-04-01,30,30,30,30,30,0,9.653333333333334,3.746666666666667,15.08,4,92.6,12,30,1.0,1.0,1.0,1.0,0.13333333333333333,0.4,True,4,13,9.621025641025641,79.96923076923076,0.03230769230769326,12.630769230769232,1.1579453636013852,METEOSWISS_SMN_DAILY_SELECTED,06:00_UTC_to_06:00_UTC_next_day,Meiringen,589.0,46.732222,8.169247
MER,2024-05-01,31,31,31,31,31,0,13.264516129032257,8.558064516129033,18.438709677419357,0,199.5,19,31,1.0,1.0,1.0,1.0,0.0,0.6129032258064516,True,5,13,12.832258064516129,136.54615384615383,0.43225806451612847,62.95384615384617,1.4610444482001015,METEOSWISS_SMN_DAILY_SELECTED,06:00_UTC_to_06:00_UTC_next_day,Meiringen,589.0,46.732222,8.169247
MER,2024-06-01,30,30,30,30,30,0,16.86,12.09,22.3,0,169.29999999999998,19,30,1.0,1.0,1.0,1.0,0.0,0.6333333333333333,True,6,13,17.716666666666665,127.0,-0.8566666666666656,42.29999999999998,1.333070866141732,METEOSWISS_SMN_DAILY_SELECTED,06:00_UTC_to_06:00_UTC_next_day,Meiringen,589.0,46.732222,8.169247
MER,2024-07-01,31,31,31,31,31,0,19.567741935483873,14.570967741935483,25.074193548387097,0,97.89999999999999,11,31,1.0,1.0,1.0,1.0,0.0,0.3548387096774194,True,7,13,18.970223325062037,162.07692307692307,0.5975186104218366,-64.17692307692307,0.6040341718082581,METEOSWISS_SMN_DAILY_SELECTED,06:00_UTC_to_06:00_UTC_next_day,Meiringen,589.0,46.732222,8.169247
MER,2024-08-01,31,31,31,31,31,0,19.929032258064513,14.832258064516129,25.425806451612903,0,117.8,9,31,1.0,1.0,1.0,1.0,0.0,0.2903225806451613,True,8,13,18.156575682382133,160.6153846153846,1.77245657568238,-42.815384615384616,0.7334291187739463,METEOSWISS_SMN_DAILY_SELECTED,06:00_UTC_to_06:00_UTC_next_day,Meiringen,589.0,46.732222,8.169247
MER,2024-09-01,30,30,30,30,30,0,13.45,9.133333333333333,18.223333333333336,0,139.09999999999997,11,30,1.0,1.0,1.0,1.0,0.0,0.36666666666666664,True,9,13,14.331538461538461,99.53076923076922,-0.8815384615384616,39.56923076923074,1.3975577710796814,METEOSWISS_SMN_DAILY_SELECTED,06:00_UTC_to_06:00_UTC_next_day,Meiringen,589.0,46.732222,8.169247
MER,2024-10-01,31,31,31,31,31,0,10.787096774193548,6.241935483870968,15.241935483870968,0,87.0,11,31,1.0,1.0,1.0,1.0,0.0,0.3548387096774194,True,10,13,10.110421836228287,89.6923076923077,0.6766749379652612,-2.6923076923076934,0.9699828473413379,METEOSWISS_SMN_DAILY_SELECTED,06:00_UTC_to_06:00_UTC_next_day,Meiringen,589.0,46.732222,8.169247
MER,2024-11-01,30,30,30,30,30,0,3.0166666666666666,-0.6833333333333333,7.21,16,74.0,7,30,1.0,1.0,1.0,1.0,0.5333333333333333,0.23333333333333334,True,11,13,4.252307692307692,94.36923076923077,-1.2356410256410255,-20.369230769230768,0.7841538963156178,METEOSWISS_SMN_DAILY_SELECTED,06:00_UTC_to_06:00_UTC_next_day,Meiringen,589.0,46.732222,8.169247
MER,2024-12-01,31,31,31,31,31,0,-0.8258064516129032,-3.987096774193548,2.083870967741935,26,105.10000000000001,10,31,1.0,1.0,1.0,1.0,0.8387096774193549,0.3225806451612903,True,12,13,0.14491315136476418,86.79230769230769,-0.9707196029776675,18.30769230769232,1.210936807586635,METEOSWISS_SMN_DAILY_SELECTED,06:00_UTC_to_06:00_UTC_next_day,Meiringen,589.0,46.732222,8.169247
MER,2025-01-01,31,31,31,31,31,0,0.22903225806451605,-3.7709677419354835,3.883870967741936,23,100.3,12,31,1.0,1.0,1.0,1.0,0.7419354838709677,0.3870967741935484,True,1,13,-0.29255583126550866,91.42307692307692,0.5215880893300247,8.876923076923077,1.0970971813209929,METEOSWISS_SMN_DAILY_SELECTED,06:00_UTC_to_06:00_UTC_next_day,Meiringen,589.0,46.732222,8.169247
MER,2025-02-01,28,28,28,28,28,0,2.132142857142857,-2.1035714285714286,6.682142857142857,21,29.1,2,28,1.0,1.0,1.0,1.0,0.75,0.07142857142857142,True,2,13,1.6453012504736644,62.17692307692308,0.48684160666919274,-33.07692307692308,0.4680192997649387,METEOSWISS_SMN_DAILY_SELECTED,06:00_UTC_to_06:00_UTC_next_day,Meiringen,589.0,46.732222,8.169247
MER,2025-03-01,31,31,31,31,31,0,7.15483870967742,1.4451612903225808,12.180645161290323,9,25.499999999999996,5,31,1.0,1.0,1.0,1.0,0.2903225806451613,0.16129032258064516,True,3,13,5.711166253101737,84.65384615384616,1.4436724565756824,-59.15384615384616,0.3012267151294865,METEOSWISS_SMN_DAILY_SELECTED,06:00_UTC_to_06:00_UTC_next_day,Meiringen,589.0,46.732222,8.169247
MER,2025-04-01,30,30,30,30,30,0,10.853333333333333,3.46,17.34333333333333,4,101.30000000000001,9,30,1.0,1.0,1.0,1.0,0.13333333333333333,0.3,True,4,13,9.621025641025641,79.96923076923076,1.2323076923076925,21.33076923076925,1.2667372066179303,METEOSWISS_SMN_DAILY_SELECTED,06:00_UTC_to_06:00_UTC_next_day,Meiringen,589.0,46.732222,8.169247
MER,2025-05-01,31,31,31,31,31,0,12.94516129032258,7.825806451612903,18.270967741935483,0,119.90000000000002,14,31,1.0,1.0,1.0,1.0,0.0,0.45161290322580644,True,5,13,12.832258064516129,136.54615384615383,0.11290322580645196,-16.64615384615381,0.8780913751337955,METEOSWISS_SMN_DAILY_SELECTED,06:00_UTC_to_06:00_UTC_next_day,Meiringen,589.0,46.732222,8.169247
MER,2025-06-01,30,30,30,30,30,0,20.05666666666667,13.693333333333333,26.14333333333333,0,144.2,10,30,1.0,1.0,1.0,1.0,0.0,0.3333333333333333,True,6,13,17.716666666666665,127.0,2.3400000000000034,17.19999999999999,1.1354330708661415,METEOSWISS_SMN_DAILY_SELECTED,06:00_UTC_to_06:00_UTC_next_day,Meiringen,589.0,46.732222,8.169247
MER,2025-07-01,31,31,31,31,31,0,17.780645161290323,13.096774193548388,23.14516129032258,0,231.49999999999997,18,31,1.0,1.0,1.0,1.0,0.0,0.5806451612903226,True,7,13,18.970223325062037,162.07692307692307,-1.1895781637717135,69.4230769230769,1.4283341243474132,METEOSWISS_SMN_DAILY_SELECTED,06:00_UTC_to_06:00_UTC_next_day,Meiringen,589.0,46.732222,8.169247
MER,2025-08-01,31,31,31,31,31,0,18.787096774193547,13.248387096774193,24.641935483870967,0,147.8,10,31,1.0,1.0,1.0,1.0,0.0,0.3225806451612903,True,8,13,18.156575682382133,160.6153846153846,0.6305210918114135,-12.815384615384602,0.9202107279693488,METEOSWISS_SMN_DAILY_SELECTED,06:00_UTC_to_06:00_UTC_next_day,Meiringen,589.0,46.732222,8.169247
MER,2025-09-01,30,30,30,30,30,0,13.773333333333333,9.086666666666668,18.66,0,151.89999999999998,15,30,1.0,1.0,1.0,1.0,0.0,0.5,True,9,13,14.331538461538461,99.53076923076922,-0.5582051282051275,52.369230769230754,1.526161218023031,METEOSWISS_SMN_DAILY_SELECTED,06:00_UTC_to_06:00_UTC_next_day,Meiringen,589.0,46.732222,8.169247
MER,2025-10-01,31,31,31,31,31,0,9.187096774193549,5.254838709677419,13.525806451612903,1,83.8,9,31,1.0,1.0,1.0,1.0,0.03225806451612903,0.2903225806451613,True,10,13,10.110421836228287,89.6923076923077,-0.9233250620347384,-5.892307692307696,0.9343053173241852,METEOSWISS_SMN_DAILY_SELECTED,06:00_UTC_to_06:00_UTC_next_day,Meiringen,589.0,46.732222,8.169247
MER,2025-11-01,30,30,30,30,30,0,3.316666666666667,-1.3866666666666667,7.6066666666666665,22,92.2,10,30,1.0,1.0,1.0,1.0,0.7333333333333333,0.3333333333333333,True,11,13,4.252307692307692,94.36923076923077,-0.9356410256410252,-2.169230769230765,0.9770133681121618,METEOSWISS_SMN_DAILY_SELECTED,06:00_UTC_to_06:00_UTC_next_day,Meiringen,589.0,46.732222,8.169247
MER,2025-12-01,31,31,31,31,31,0,0.8354838709677419,-2.2451612903225806,4.0,24,16.0,1,31,1.0,1.0,1.0,1.0,0.7741935483870968,0.03225806451612903,True,12,13,0.14491315136476418,86.79230769230769,0.6905707196029778,-70.79230769230769,0.18434813436142872,METEOSWISS_SMN_DAILY_SELECTED,06:00_UTC_to_06:00_UTC_next_day,Meiringen,589.0,46.732222,8.169247
MER,2026-01-01,31,31,31,31,31,0,-0.41290322580645156,-4.174193548387097,4.145161290322581,29,24.6,6,31,1.0,1.0,1.0,1.0,0.9354838709677419,0.1935483870967742,True,1,13,-0.29255583126550866,91.42307692307692,-0.1203473945409429,-66.82307692307691,0.2690786705931847,METEOSWISS_SMN_DAILY_SELECTED,06:00_UTC_to_06:00_UTC_next_day,Meiringen,589.0,46.732222,8.169247
MER,2026-02-01,28,28,28,28,28,0,4.1535714285714285,-0.07142857142857142,8.760714285714286,12,74.2,11,28,1.0,1.0,1.0,1.0,0.42857142857142855,0.39285714285714285,True,2,13,1.6453012504736644,62.17692307692308,2.508270178097764,12.023076923076921,1.193368798713349,METEOSWISS_SMN_DAILY_SELECTED,06:00_UTC_to_06:00_UTC_next_day,Meiringen,589.0,46.732222,8.169247
MER,2026-03-01,31,31,31,31,31,0,5.519354838709678,-0.31935483870967746,11.600000000000001,16,65.7,7,31,1.0,1.0,1.0,1.0,0.5161290322580645,0.22580645161290322,True,3,13,5.711166253101737,84.65384615384616,-0.19181141439205973,-18.953846153846158,0.7761017719218537,METEOSWISS_SMN_DAILY_SELECTED,06:00_UTC_to_06:00_UTC_next_day,Meiringen,589.0,46.732222,8.169247
MLS,2013-01-01,31,31,31,31,31,0,-3.2838709677419353,-6.116129032258065,-0.42903225806451617,25,48.099999999999994,9,31,1.0,1.0,1.0,1.0,0.8064516129032258,0.2903225806451613,True,1,13,-2.8990074441687343,78.85384615384616,-0.38486352357320097,-30.75384615384617,0.6099892693395765,METEOSWISS_SMN_DAILY_SELECTED,06:00_UTC_to_06:00_UTC_next_day,Le Moléson,1974.0,46.546197,7.017753
MLS,2013-02-01,28,28,28,28,28,0,-8.092857142857143,-10.617857142857144,-5.321428571428571,28,105.8,13,28,1.0,1.0,1.0,1.0,1.0,0.4642857142857143,True,2,13,-2.269041303524062,60.33846153846154,-5.823815839333081,45.46153846153846,1.7534421213666496,METEOSWISS_SMN_DAILY_SELECTED,06:00_UTC_to_06:00_UTC_next_day,Le Moléson,1974.0,46.546197,7.017753
MLS,2013-03-01,31,31,31,31,31,0,-2.703225806451613,-4.67741935483871,-0.38387096774193546,27,60.00000000000001,13,31,1.0,1.0,1.0,1.0,0.8709677419354839,0.41935483870967744,True,3,13,-0.704714640198511,57.23846153846154,-1.9985111662531017,2.761538461538464,1.048246203467276,METEOSWISS_SMN_DAILY_SELECTED,06:00_UTC_to_06:00_UTC_next_day,Le Moléson,1974.0,46.546197,7.017753
MLS,2013-04-01,30,30,30,30,30,0,1.4666666666666666,-1.1533333333333333,4.3966666666666665,20,104.10000000000001,8,30,1.0,1.0,1.0,1.0,0.6666666666666666,0.26666666666666666,True,4,13,1.7943589743589745,73.58461538461539,-0.32769230769230795,30.51538461538462,1.414697888354589,METEOSWISS_SMN_DAILY_SELECTED,06:00_UTC_to_06:00_UTC_next_day,Le Moléson,1974.0,46.546197,7.017753
MLS,2013-05-01,31,31,31,31,31,0,1.1903225806451612,-1.1451612903225807,4.300000000000001,21,173.3,21,31,1.0,1.0,1.0,1.0,0.6774193548387096,0.6774193548387096,True,5,13,4.450124069478909,130.8,-3.259801488833747,42.5,1.3249235474006116,METEOSWISS_SMN_DAILY_SELECTED,06:00_UTC_to_06:00_UTC_next_day,Le Moléson,1974.0,46.546197,7.017753
MLS,2013-06-01,30,30,30,30,30,0,7.236666666666666,4.473333333333333,10.879999999999999,6,92.19999999999999,10,30,1.0,1.0,1.0,1.0,0.2,0.3333333333333333,True,6,13,9.972564102564103,111.86153846153846,-2.735897435897437,-19.66153846153847,0.824233255398157,METEOSWISS_SMN_DAILY_SELECTED,06:00_UTC_to_06:00_UTC_next_day,Le Moléson,1974.0,46.546197,7.017753
MLS,2013-07-01,31,31,31,31,31,0,12.225806451612904,9.55483870967742,15.929032258064517,0,159.8,9,31,1.0,1.0,1.0,1.0,0.0,0.2903225806451613,True,7,13,11.711414392059554,144.67692307692306,0.5143920595533498,15.123076923076951,1.1045299872394727,METEOSWISS_SMN_DAILY_SELECTED,06:00_UTC_to_06:00_UTC_next_day,Le Moléson,1974.0,46.546197,7.017753
MLS,2013-08-01,31,31,31,31,31,0,10.635483870967741,7.887096774193548,14.254838709677419,0,85.6,6,31,1.0,1.0,1.0,1.0,0.0,0.1935483870967742,True,8,13,11.670471464019851,127.27692307692307,-1.0349875930521097,-41.676923076923075,0.6725492566179136,METEOSWISS_SMN_DAILY_SELECTED,06:00_UTC_to_06:00_UTC_next_day,Le Moléson,1974.0,46.546197,7.017753
MLS,2013-09-01,30,30,30,30,30,0,8.096666666666668,5.46,11.316666666666666,4,138.7,15,30,1.0,1.0,1.0,1.0,0.13333333333333333,0.5,True,9,13,8.172564102564102,99.86153846153846,-0.07589743589743492,38.83846153846153,1.3889231243259899,METEOSWISS_SMN_DAILY_SELECTED,06:00_UTC_to_06:00_UTC_next_day,Le Moléson,1974.0,46.546197,7.017753
MLS,2013-10-01,31,31,31,31,31,0,5.658064516129032,3.2516129032258063,8.577419354838709,6,122.60000000000001,15,31,1.0,1.0,1.0,1.0,0.1935483870967742,0.4838709677419355,True,10,13,5.956327543424318,80.5923076923077,-0.29826302729528553,42.00769230769231,1.5212369953230886,METEOSWISS_SMN_DAILY_SELECTED,06:00_UTC_to_06:00_UTC_next_day,Le Moléson,1974.0,46.546197,7.017753
MLS,2013-11-01,30,30,30,30,30,0,-1.9,-4.67,1.0933333333333335,24,84.0,15,30,1.0,1.0,1.0,1.0,0.8,0.5,True,11,13,0.9802564102564102,85.86153846153846,-2.8802564102564103,-1.8615384615384585,0.9783192976169146,METEOSWISS_SMN_DAILY_SELECTED,06:00_UTC_to_06:00_UTC_next_day,Le Moléson,1974.0,46.546197,7.017753
MLS,2013-12-01,31,31,31,31,31,0,0.8290322580645161,-1.967741935483871,3.4096774193548387,21,59.1,6,31,1.0,1.0,1.0,1.0,0.6774193548387096,0.1935483870967742,True,12,13,-0.3153846153846154,79.73076923076923,1.1444168734491313,-20.630769230769225,0.7412445730824893,METEOSWISS_SMN_DAILY_SELECTED,06:00_UTC_to_06:00_UTC_next_day,Le Moléson,1974.0,46.546197,7.017753
MLS,2014-01-01,31,31,31,31,31,0,-1.6419354838709677,-4.438709677419355,0.7806451612903227,28,50.400000000000006,10,31,1.0,1.0,1.0,1.0,0.9032258064516129,0.3225806451612903,True,1,13,-2.8990074441687343,78.85384615384616,1.2570719602977667,-28.453846153846158,0.6391571553994733,METEOSWISS_SMN_DAILY_SELECTED,06:00_UTC_to_06:00_UTC_next_day,Le Moléson,1974.0,46.546197,7.017753
MLS,2014-02-01,28,28,28,28,28,0,-2.9499999999999997,-5.9678571428571425,0.4428571428571429,28,70.5,10,28,1.0,1.0,1.0,1.0,1.0,0.35714285714285715,True,2,13,-2.269041303524062,60.33846153846154,-0.6809586964759378,10.161538461538463,1.1684089750127487,METEOSWISS_SMN_DAILY_SELECTED,06:00_UTC_to_06:00_UTC_next_day,Le Moléson,1974.0,46.546197,7.017753
MLS,2014-03-01,31,31,31,31,31,0,0.4129032258064516,-2.361290322580645,3.5903225806451613,19,25.2,5,31,1.0,1.0,1.0,1.0,0.6129032258064516,0.16129032258064516,True,3,13,-0.704714640198511,57.23846153846154,1.1176178660049627,-32.03846153846155,0.4402634054562558,METEOSWISS_SMN_DAILY_SELECTED,06:00_UTC_to_06:00_UTC_next_day,Le Moléson,1974.0,46.546197,7.017753
MLS,2014-04-01,30,30,30,30,30,0,2.3699999999999997,-0.3633333333333333,6.1033333333333335,15,108.4,10,30,1.0,1.0,1.0,1.0,0.5,0.3333333333333333,True,4,13,1.7943589743589745,73.58461538461539,0.5756410256410252,34.815384615384616,1.4731340163077566,METEOSWISS_SMN_DAILY_SELECTED,06:00_UTC_to_06:00_UTC_next_day,Le Moléson,1974.0,46.546197,7.017753
MLS,2014-05-01,31,31,31,31,31,0,3.0258064516129033,0.49677419354838714,6.251612903225807,13,109.60000000000001,16,31,1.0,1.0,1.0,1.0,0.41935483870967744,0.5161290322580645,True,5,13,4.450124069478909,130.8,-1.4243176178660053,-21.200000000000003,0.8379204892966361,METEOSWISS_SMN_DAILY_SELECTED,06:00_UTC_to_06:00_UTC_next_day,Le Moléson,1974.0,46.546197,7.017753
MLS,2014-06-01,30,30,30,30,30,0,9.323333333333332,6.373333333333333,13.433333333333334,0,78.80000000000001,11,30,1.0,1.0,1.0,1.0,0.0,0.36666666666666664,True,6,13,9.972564102564103,111.86153846153846,-0.6492307692307708,-33.06153846153845,0.7044423050474489,METEOSWISS_SMN_DAILY_SELECTED,06:00_UTC_to_06:00_UTC_next_day,Le Moléson,1974.0,46.546197,7.017753
MLS,2014-07-01,31,31,31,31,31,0,9.419354838709678,6.890322580645161,12.629032258064516,0,460.70000000000005,20,31,1.0,1.0,1.0,1.0,0.0,0.6451612903225806,True,7,13,11.711414392059554,144.67692307692306,-2.292059553349876,316.023076923077,3.1843364525733735,METEOSWISS_SMN_DAILY_SELECTED,06:00_UTC_to_06:00_UTC_next_day,Le Moléson,1974.0,46.546197,7.017753
MLS,2014-08-01,31,31,31,31,31,0,7.787096774193548,5.354838709677419,11.209677419354838,0,157.20000000000002,19,31,1.0,1.0,1.0,1.0,0.0,0.6129032258064516,True,8,13,11.670471464019851,127.27692307692307,-3.8833746898263026,29.923076923076948,1.235102139489907,METEOSWISS_SMN_DAILY_SELECTED,06:00_UTC_to_06:00_UTC_next_day,Le Moléson,1974.0,46.546197,7.017753
MLS,2014-09-01,30,30,30,30,30,0,8.423333333333334,5.843333333333334,12.183333333333334,2,72.5,6,30,1.0,1.0,1.0,1.0,0.06666666666666667,0.2,True,9,13,8.172564102564102,99.86153846153846,0.2507692307692313,-27.36153846153846,0.7260052380218764,METEOSWISS_SMN_DAILY_SELECTED,06:00_UTC_to_06:00_UTC_next_day,Le Moléson,1974.0,46.546197,7.017753
MLS,2014-10-01,31,31,31,31,31,0,6.967741935483871,4.351612903225806,10.412903225806453,3,85.6,11,31,1.0,1.0,1.0,1.0,0.0967741935483871,0.3548387096774194,True,10,13,5.956327543424318,80.5923076923077,1.011414392059553,5.007692307692295,1.0621361076644076,METEOSWISS_SMN_DAILY_SELECTED,06:00_UTC_to_06:00_UTC_next_day,Le Moléson,1974.0,46.546197,7.017753
MLS,2014-11-01,30,30,30,30,30,0,3.8433333333333333,1.6700000000000002,6.53,13,80.0,8,30,1.0,1.0,1.0,1.0,0.43333333333333335,0.26666666666666666,True,11,13,0.9802564102564102,85.86153846153846,2.863076923076923,-5.8615384615384585,0.9317326643970615,METEOSWISS_SMN_DAILY_SELECTED,06:00_UTC_to_06:00_UTC_next_day,Le Moléson,1974.0,46.546197,7.017753
MLS,2014-12-01,31,31,31,31,31,0,-2.238709677419355,-5.04516129032258,0.38387096774193546,28,47.400000000000006,11,31,1.0,1.0,1.0,1.0,0.9032258064516129,0.3548387096774194,True,12,13,-0.3153846153846154,79.73076923076923,-1.9233250620347395,-32.33076923076922,0.5945007235890015,METEOSWISS_SMN_DAILY_SELECTED,06:00_UTC_to_06:00_UTC_next_day,Le Moléson,1974.0,46.546197,7.017753
MLS,2015-01-01,31,31,31,31,31,0,-3.206451612903226,-6.17741935483871,-0.46774193548387094,30,94.60000000000001,13,31,1.0,1.0,1.0,1.0,0.967741935483871,0.41935483870967744,True,1,13,-2.8990074441687343,78.85384615384616,-0.30744416873449154,15.746153846153845,1.1996878353331382,METEOSWISS_SMN_DAILY_SELECTED,06:00_UTC_to_06:00_UTC_next_day,Le Moléson,1974.0,46.546197,7.017753
MLS,2015-02-01,28,28,28,28,28,0,-4.371428571428571,-7.1000000000000005,-1.3214285714285714,27,57.6,8,28,1.0,1.0,1.0,1.0,0.9642857142857143,0.2857142857142857,True,2,13,-2.269041303524062,60.33846153846154,-2.102387267904509,-2.738461538461536,0.9546149923508415,METEOSWISS_SMN_DAILY_SELECTED,06:00_UTC_to_06:00_UTC_next_day,Le Moléson,1974.0,46.546197,7.017753
MLS,2015-03-01,31,31,31,31,31,0,-0.567741935483871,-3.009677419354839,1.9870967741935484,24,82.99999999999999,11,31,1.0,1.0,1.0,1.0,0.7741935483870968,0.3548387096774194,True,3,13,-0.704714640198511,57.23846153846154,0.13697270471464007,25.761538461538443,1.450073914796398,METEOSWISS_SMN_DAILY_SELECTED,06:00_UTC_to_06:00_UTC_next_day,Le Moléson,1974.0,46.546197,7.017753
MLS,2015-04-01,30,30,30,30,30,0,1.9933333333333332,-0.98,5.256666666666666,15,69.1,9,30,1.0,1.0,1.0,1.0,0.5,0.3,True,4,13,1.7943589743589745,73.58461538461539,0.19897435897435867,-4.484615384615395,0.9390549864102027,METEOSWISS_SMN_DAILY_SELECTED,06:00_UTC_to_06:00_UTC_next_day,Le Moléson,1974.0,46.546197,7.017753
MLS,2015-05-01,31,31,31,31,31,0,5.135483870967741,2.1,8.880645161290323,11,175.6,13,31,1.0,1.0,1.0,1.0,0.3548387096774194,0.41935483870967744,True,5,13,4.450124069478909,130.8,0.6853598014888327,44.79999999999998,1.3425076452599387,METEOSWISS_SMN_DAILY_SELECTED,06:00_UTC_to_06:00_UTC_next_day,Le Moléson,1974.0,46.546197,7.017753
MLS,2015-06-01,30,30,30,30,30,0,9.91,7.066666666666666,13.76,0,112.5,9,30,1.0,1.0,1.0,1.0,0.0,0.3,True,6,13,9.972564102564103,111.86153846153846,-0.06256410256410305,0.6384615384615415,1.0057076055563197,METEOSWISS_SMN_DAILY_SELECTED,06:00_UTC_to_06:00_UTC_next_day,Le Moléson,1974.0,46.546197,7.017753
MLS,2015-07-01,31,31,31,31,31,0,13.806451612903226,10.154838709677419,18.551612903225806,0,33.300000000000004,8,31,1.0,1.0,1.0,1.0,0.0,0.25806451612903225,True,7,13,11.711414392059554,144.67692307692306,2.095037220843672,-111.37692307692305,0.23016801361122932,METEOSWISS_SMN_DAILY_SELECTED,06:00_UTC_to_06:00_UTC_next_day,Le Moléson,1974.0,46.546197,7.017753
MLS,2015-08-01,31,31,31,31,31,0,12.13225806451613,9.316129032258065,15.62258064516129,0,147.7,11,31,1.0,1.0,1.0,1.0,0.0,0.3548387096774194,True,8,13,11.670471464019851,127.27692307692307,0.4617866004962785,20.42307692307692,1.1604617430194608,METEOSWISS_SMN_DAILY_SELECTED,06:00_UTC_to_06:00_UTC_next_day,Le Moléson,1974.0,46.546197,7.017753
MLS,2015-09-01,30,30,30,30,30,0,5.63,2.9466666666666668,9.596666666666666,6,132.9,11,30,1.0,1.0,1.0,1.0,0.2,0.36666666666666664,True,9,13,8.172564102564102,99.86153846153846,-2.5425641025641026,33.03846153846155,1.3308427052842398,METEOSWISS_SMN_DAILY_SELECTED,06:00_UTC_to_06:00_UTC_next_day,Le Moléson,1974.0,46.546197,7.017753
MLS,2015-10-01,31,31,31,31,31,0,4.232258064516128,1.2161290322580647,7.964516129032258,13,65.9,9,31,1.0,1.0,1.0,1.0,0.41935483870967744,0.2903225806451613,True,10,13,5.956327543424318,80.5923076923077,-1.7240694789081896,-14.692307692307693,0.8176959053164073,METEOSWISS_SMN_DAILY_SELECTED,06:00_UTC_to_06:00_UTC_next_day,Le Moléson,1974.0,46.546197,7.017753
MLS,2015-11-01,30,30,30,30,30,0,2.9033333333333333,0.18,5.873333333333333,11,67.1,9,30,1.0,1.0,1.0,1.0,0.36666666666666664,0.3,True,11,13,0.9802564102564102,85.86153846153846,1.9230769230769231,-18.761538461538464,0.7814907722630352,METEOSWISS_SMN_DAILY_SELECTED,06:00_UTC_to_06:00_UTC_next_day,Le Moléson,1974.0,46.546197,7.017753
MLS,2015-12-01,31,31,31,31,31,0,3.561290322580645,0.7967741935483871,6.351612903225806,14,19.7,5,31,1.0,1.0,1.0,1.0,0.45161290322580644,0.16129032258064516,True,12,13,-0.3153846153846154,79.73076923076923,3.8766749379652605,-60.030769230769224,0.24708152436082972,METEOSWISS_SMN_DAILY_SELECTED,06:00_UTC_to_06:00_UTC_next_day,Le Moléson,1974.0,46.546197,7.017753
MLS,2016-01-01,31,31,31,31,31,0,-2.561290322580645,-4.745161290322581,-0.37741935483870964,27,90.50000000000001,19,31,1.0,1.0,1.0,1.0,0.8709677419354839,0.6129032258064516,True,1,13,-2.8990074441687343,78.85384615384616,0.3377171215880894,11.646153846153851,1.1476929080089748,METEOSWISS_SMN_DAILY_SELECTED,06:00_UTC_to_06:00_UTC_next_day,Le Moléson,1974.0,46.546197,7.017753
MLS,2016-02-01,29,29,29,29,29,0,-2.927586206896552,-5.834482758620689,-0.1413793103448275,26,71.69999999999999,17,29,1.0,1.0,1.0,1.0,0.896551724137931,0.5862068965517241,True,2,13,-2.269041303524062,60.33846153846154,-0.6585449033724902,11.361538461538451,1.188296787353391,METEOSWISS_SMN_DAILY_SELECTED,06:00_UTC_to_06:00_UTC_next_day,Le Moléson,1974.0,46.546197,7.017753
MLS,2016-03-01,31,31,31,31,31,0,-3.051612903225806,-5.699999999999999,-0.2870967741935484,29,54.7,9,31,1.0,1.0,1.0,1.0,0.9354838709677419,0.2903225806451613,True,3,13,-0.704714640198511,57.23846153846154,-2.346898263027295,-2.53846153846154,0.9556511221609998,METEOSWISS_SMN_DAILY_SELECTED,06:00_UTC_to_06:00_UTC_next_day,Le Moléson,1974.0,46.546197,7.017753
MLS,2016-04-01,30,30,30,30,30,0,0.5233333333333333,-2.19,3.5900000000000003,18,126.4,11,30,1.0,1.0,1.0,1.0,0.6,0.36666666666666664,True,4,13,1.7943589743589745,73.58461538461539,-1.2710256410256413,52.815384615384616,1.7177503658791553,METEOSWISS_SMN_DAILY_SELECTED,06:00_UTC_to_06:00_UTC_next_day,Le Moléson,1974.0,46.546197,7.017753
MLS,2016-05-01,31,31,31,31,31,0,3.693548387096774,0.8935483870967743,6.690322580645161,13,184.7,15,31,1.0,1.0,1.0,1.0,0.41935483870967744,0.4838709677419355,True,5,13,4.450124069478909,130.8,-0.7565756823821346,53.89999999999998,1.4120795107033637,METEOSWISS_SMN_DAILY_SELECTED,06:00_UTC_to_06:00_UTC_next_day,Le Moléson,1974.0,46.546197,7.017753
MLS,2016-06-01,30,30,30,30,30,0,7.453333333333333,5.213333333333334,10.34,0,190.6,22,30,1.0,1.0,1.0,1.0,0.0,0.7333333333333333,True,6,13,9.972564102564103,111.86153846153846,-2.51923076923077,78.73846153846154,1.703892174391418,METEOSWISS_SMN_DAILY_SELECTED,06:00_UTC_to_06:00_UTC_next_day,Le Moléson,1974.0,46.546197,7.017753
MLS,2016-07-01,31,31,31,31,31,0,11.135483870967741,8.058064516129033,14.841935483870968,2,155.7,10,31,1.0,1.0,1.0,1.0,0.06451612903225806,0.3225806451612903,True,7,13,11.711414392059554,144.67692307692306,-0.5759305210918129,11.023076923076928,1.0761909825606126,METEOSWISS_SMN_DAILY_SELECTED,06:00_UTC_to_06:00_UTC_next_day,Le Moléson,1974.0,46.546197,7.017753
MLS,2016-08-01,31,31,31,31,31,0,11.46774193548387,8.306451612903226,15.341935483870968,0,105.19999999999999,7,31,1.0,1.0,1.0,1.0,0.0,0.22580645161290322,True,8,13,11.670471464019851,127.27692307692307,-0.20272952853598092,-22.07692307692308,0.8265441798622023,METEOSWISS_SMN_DAILY_SELECTED,06:00_UTC_to_06:00_UTC_next_day,Le Moléson,1974.0,46.546197,7.017753
MLS,2016-09-01,30,30,30,30,30,0,9.403333333333334,7.23,12.873333333333333,0,65.3,8,30,1.0,1.0,1.0,1.0,0.0,0.26666666666666666,True,9,13,8.172564102564102,99.86153846153846,1.2307692307692317,-34.56153846153846,0.6539054074872901,METEOSWISS_SMN_DAILY_SELECTED,06:00_UTC_to_06:00_UTC_next_day,Le Moléson,1974.0,46.546197,7.017753
MLS,2016-10-01,31,31,31,31,31,0,3.7903225806451615,1.038709677419355,7.245161290322581,12,82.4,10,31,1.0,1.0,1.0,1.0,0.3870967741935484,0.3225806451612903,True,10,13,5.956327543424318,80.5923076923077,-2.1660049627791564,1.8076923076923066,1.0224300849479813,METEOSWISS_SMN_DAILY_SELECTED,06:00_UTC_to_06:00_UTC_next_day,Le Moléson,1974.0,46.546197,7.017753
MLS,2016-11-01,30,30,30,30,30,0,0.3066666666666667,-2.2366666666666664,3.07,21,88.2,10,30,1.0,1.0,1.0,1.0,0.7,0.3333333333333333,True,11,13,0.9802564102564102,85.86153846153846,-0.6735897435897436,2.3384615384615444,1.0272352624977603,METEOSWISS_SMN_DAILY_SELECTED,06:00_UTC_to_06:00_UTC_next_day,Le Moléson,1974.0,46.546197,7.017753
MLS,2016-12-01,31,31,31,31,31,0,2.174193548387097,-0.31935483870967746,5.619354838709677,19,0.30000000000000004,0,31,1.0,1.0,1.0,1.0,0.6129032258064516,0.0,True,12,13,-0.3153846153846154,79.73076923076923,2.4895781637717125,-79.43076923076923,0.0037626628075253265,METEOSWISS_SMN_DAILY_SELECTED,06:00_UTC_to_06:00_UTC_next_day,Le Moléson,1974.0,46.546197,7.017753
MLS,2017-01-01,31,31,31,31,31,0,-5.119354838709677,-7.790322580645161,-2.2806451612903227,30,63.50000000000001,11,31,1.0,1.0,1.0,1.0,0.967741935483871,0.3548387096774194,True,1,13,-2.8990074441687343,78.85384615384616,-2.220347394540943,-15.353846153846156,0.8052872890449713,METEOSWISS_SMN_DAILY_SELECTED,06:00_UTC_to_06:00_UTC_next_day,Le Moléson,1974.0,46.546197,7.017753
MLS,2017-02-01,28,28,28,28,28,0,-0.9821428571428571,-3.442857142857143,1.6178571428571427,22,73.0,9,28,1.0,1.0,1.0,1.0,0.7857142857142857,0.32142857142857145,True,2,13,-2.269041303524062,60.33846153846154,1.2868984463812048,12.661538461538463,1.2098419173890873,METEOSWISS_SMN_DAILY_SELECTED,06:00_UTC_to_06:00_UTC_next_day,Le Moléson,1974.0,46.546197,7.017753
MLS,2017-03-01,31,31,31,31,31,0,1.6483870967741934,-1.3225806451612903,4.854838709677419,16,47.199999999999996,10,31,1.0,1.0,1.0,1.0,0.5161290322580645,0.3225806451612903,True,3,13,-0.704714640198511,57.23846153846154,2.3531017369727043,-10.038461538461547,0.8246203467275902,METEOSWISS_SMN_DAILY_SELECTED,06:00_UTC_to_06:00_UTC_next_day,Le Moléson,1974.0,46.546197,7.017753
MLS,2017-04-01,30,30,30,30,30,0,0.7433333333333334,-2.14,4.85,20,77.7,9,30,1.0,1.0,1.0,1.0,0.6666666666666666,0.3,True,4,13,1.7943589743589745,73.58461538461539,-1.051025641025641,4.115384615384613,1.0559272423165378,METEOSWISS_SMN_DAILY_SELECTED,06:00_UTC_to_06:00_UTC_next_day,Le Moléson,1974.0,46.546197,7.017753
MLS,2017-05-01,31,31,31,31,31,0,5.825806451612903,3.2129032258064516,9.887096774193548,12,86.7,12,31,1.0,1.0,1.0,1.0,0.3870967741935484,0.3870967741935484,True,5,13,4.450124069478909,130.8,1.375682382133994,-44.10000000000001,0.6628440366972477,METEOSWISS_SMN_DAILY_SELECTED,06:00_UTC_to_06:00_UTC_next_day,Le Moléson,1974.0,46.546197,7.017753
MLS,2017-06-01,30,30,30,30,30,0,11.126666666666667,8.136666666666667,15.076666666666666,2,111.69999999999999,13,30,1.0,1.0,1.0,1.0,0.06666666666666667,0.43333333333333335,True,6,13,9.972564102564103,111.86153846153846,1.1541025641025637,-0.16153846153846985,0.9985559070279191,METEOSWISS_SMN_DAILY_SELECTED,06:00_UTC_to_06:00_UTC_next_day,Le Moléson,1974.0,46.546197,7.017753
MLS,2017-07-01,31,31,31,31,31,0,11.058064516129033,8.170967741935485,14.758064516129032,0,121.39999999999998,12,31,1.0,1.0,1.0,1.0,0.0,0.3870967741935484,True,7,13,11.711414392059554,144.67692307692306,-0.6533498759305214,-23.276923076923083,0.8391110165886856,METEOSWISS_SMN_DAILY_SELECTED,06:00_UTC_to_06:00_UTC_next_day,Le Moléson,1974.0,46.546197,7.017753
MLS,2017-08-01,31,31,31,31,31,0,12.219354838709679,9.270967741935483,16.02258064516129,0,112.79999999999998,10,31,1.0,1.0,1.0,1.0,0.0,0.3225806451612903,True,8,13,11.670471464019851,127.27692307692307,0.5488833746898276,-14.476923076923086,0.8862564970385591,METEOSWISS_SMN_DAILY_SELECTED,06:00_UTC_to_06:00_UTC_next_day,Le Moléson,1974.0,46.546197,7.017753
MLS,2017-09-01,30,30,30,30,30,0,4.92,2.4299999999999997,8.453333333333333,7,81.4,13,30,1.0,1.0,1.0,1.0,0.23333333333333334,0.43333333333333335,True,9,13,8.172564102564102,99.86153846153846,-3.2525641025641026,-18.461538461538453,0.8151286396549069,METEOSWISS_SMN_DAILY_SELECTED,06:00_UTC_to_06:00_UTC_next_day,Le Moléson,1974.0,46.546197,7.017753
MLS,2017-10-01,31,31,31,31,31,0,6.135483870967741,2.990322580645161,9.448387096774193,10,56.8,8,31,1.0,1.0,1.0,1.0,0.3225806451612903,0.25806451612903225,True,10,13,5.956327543424318,80.5923076923077,0.17915632754342337,-23.792307692307702,0.7047819032165695,METEOSWISS_SMN_DAILY_SELECTED,06:00_UTC_to_06:00_UTC_next_day,Le Moléson,1974.0,46.546197,7.017753
MLS,2017-11-01,30,30,30,30,30,0,-1.3566666666666667,-4.056666666666667,1.59,22,110.20000000000002,12,30,1.0,1.0,1.0,1.0,0.7333333333333333,0.4,True,11,13,0.9802564102564102,85.86153846153846,-2.336923076923077,24.33846153846156,1.2834617452069523,METEOSWISS_SMN_DAILY_SELECTED,06:00_UTC_to_06:00_UTC_next_day,Le Moléson,1974.0,46.546197,7.017753
MLS,2017-12-01,31,31,31,31,31,0,-4.074193548387097,-7.106451612903226,-1.3419354838709678,29,131.6,18,31,1.0,1.0,1.0,1.0,0.9354838709677419,0.5806451612903226,True,12,13,-0.3153846153846154,79.73076923076923,-3.7588089330024816,51.86923076923077,1.650554751567776,METEOSWISS_SMN_DAILY_SELECTED,06:00_UTC_to_06:00_UTC_next_day,Le Moléson,1974.0,46.546197,7.017753
MLS,2018-01-01,31,31,31,31,31,0,-1.367741935483871,-3.490322580645161,1.2354838709677418,28,128.0,13,31,1.0,1.0,1.0,1.0,0.9032258064516129,0.41935483870967744,True,1,13,-2.8990074441687343,78.85384615384616,1.5312655086848634,49.14615384615384,1.6232562676812017,METEOSWISS_SMN_DAILY_SELECTED,06:00_UTC_to_06:00_UTC_next_day,Le Moléson,1974.0,46.546197,7.017753
MLS,2018-02-01,28,28,28,28,28,0,-7.625,-10.467857142857143,-4.7,28,33.5,5,28,1.0,1.0,1.0,1.0,1.0,0.17857142857142858,True,2,13,-2.269041303524062,60.33846153846154,-5.355958696475938,-26.838461538461537,0.5552014278429372,METEOSWISS_SMN_DAILY_SELECTED,06:00_UTC_to_06:00_UTC_next_day,Le Moléson,1974.0,46.546197,7.017753
MLS,2018-03-01,31,31,31,31,31,0,-2.8806451612903223,-4.993548387096775,-0.4741935483870967,30,61.5,17,31,1.0,1.0,1.0,1.0,0.967741935483871,0.5483870967741935,True,3,13,-0.704714640198511,57.23846153846154,-2.175930521091811,4.261538461538457,1.0744523585539578,METEOSWISS_SMN_DAILY_SELECTED,06:00_UTC_to_06:00_UTC_next_day,Le Moléson,1974.0,46.546197,7.017753
MLS,2018-04-01,30,30,30,30,30,0,4.996666666666667,1.95,8.343333333333334,10,20.0,8,30,1.0,1.0,1.0,1.0,0.3333333333333333,0.26666666666666666,True,4,13,1.7943589743589745,73.58461538461539,3.2023076923076923,-53.58461538461539,0.27179594396822077,METEOSWISS_SMN_DAILY_SELECTED,06:00_UTC_to_06:00_UTC_next_day,Le Moléson,1974.0,46.546197,7.017753
MLS,2018-05-01,31,31,31,31,31,0,6.290322580645161,3.664516129032258,9.906451612903227,5,120.0,19,31,1.0,1.0,1.0,1.0,0.16129032258064516,0.6129032258064516,True,5,13,4.450124069478909,130.8,1.8401985111662524,-10.800000000000011,0.9174311926605504,METEOSWISS_SMN_DAILY_SELECTED,06:00_UTC_to_06:00_UTC_next_day,Le Moléson,1974.0,46.546197,7.017753
MLS,2018-06-01,30,30,30,30,30,0,9.393333333333334,6.496666666666667,13.403333333333334,0,125.5,8,30,1.0,1.0,1.0,1.0,0.0,0.26666666666666666,True,6,13,9.972564102564103,111.86153846153846,-0.5792307692307688,13.638461538461542,1.1219227066428277,METEOSWISS_SMN_DAILY_SELECTED,06:00_UTC_to_06:00_UTC_next_day,Le Moléson,1974.0,46.546197,7.017753
MLS,2018-07-01,31,31,31,31,31,0,12.441935483870967,9.432258064516128,16.967741935483872,0,95.6,9,31,1.0,1.0,1.0,1.0,0.0,0.2903225806451613,True,7,13,11.711414392059554,144.67692307692306,0.7305210918114131,-49.076923076923066,0.6607826456826883,METEOSWISS_SMN_DAILY_SELECTED,06:00_UTC_to_06:00_UTC_next_day,Le Moléson,1974.0,46.546197,7.017753
MLS,2018-08-01,31,31,31,31,31,0,12.138709677419355,9.096774193548388,16.280645161290323,1,70.1,10,31,1.0,1.0,1.0,1.0,0.03225806451612903,0.3225806451612903,True,8,13,11.670471464019851,127.27692307692307,0.4682382133995038,-57.176923076923075,0.5507675571135018,METEOSWISS_SMN_DAILY_SELECTED,06:00_UTC_to_06:00_UTC_next_day,Le Moléson,1974.0,46.546197,7.017753
MLS,2018-09-01,30,30,30,30,30,0,9.753333333333334,6.58,14.163333333333332,2,60.6,5,30,1.0,1.0,1.0,1.0,0.06666666666666667,0.16666666666666666,True,9,13,8.172564102564102,99.86153846153846,1.5807692307692314,-39.26153846153846,0.6068402403327685,METEOSWISS_SMN_DAILY_SELECTED,06:00_UTC_to_06:00_UTC_next_day,Le Moléson,1974.0,46.546197,7.017753
MLS,2018-10-01,31,31,31,31,31,0,6.896774193548388,4.016129032258065,11.041935483870969,7,39.3,5,31,1.0,1.0,1.0,1.0,0.22580645161290322,0.16129032258064516,True,10,13,5.956327543424318,80.5923076923077,0.9404466501240698,-41.2923076923077,0.48763959148611236,METEOSWISS_SMN_DAILY_SELECTED,06:00_UTC_to_06:00_UTC_next_day,Le Moléson,1974.0,46.546197,7.017753
MLS,2018-11-01,30,30,30,30,30,0,1.7866666666666666,-0.7333333333333333,5.09,17,26.2,7,30,1.0,1.0,1.0,1.0,0.5666666666666667,0.23333333333333334,True,11,13,0.9802564102564102,85.86153846153846,0.8064102564102564,-59.661538461538456,0.3051424475900376,METEOSWISS_SMN_DAILY_SELECTED,06:00_UTC_to_06:00_UTC_next_day,Le Moléson,1974.0,46.546197,7.017753
MLS,2018-12-01,31,31,31,31,31,0,-1.096774193548387,-3.674193548387097,1.3451612903225807,28,133.5,15,31,1.0,1.0,1.0,1.0,0.9032258064516129,0.4838709677419355,True,12,13,-0.3153846153846154,79.73076923076923,-0.7813895781637716,53.769230769230774,1.67438494934877,METEOSWISS_SMN_DAILY_SELECTED,06:00_UTC_to_06:00_UTC_next_day,Le Moléson,1974.0,46.546197,7.017753
MLS,2019-01-01,31,31,31,31,31,0,-6.719354838709678,-9.36774193548387,-3.916129032258065,31,85.40000000000002,13,31,1.0,1.0,1.0,1.0,1.0,0.41935483870967744,True,1,13,-2.8990074441687343,78.85384615384616,-3.8203473945409434,6.546153846153857,1.083016291093552,METEOSWISS_SMN_DAILY_SELECTED,06:00_UTC_to_06:00_UTC_next_day,Le Moléson,1974.0,46.546197,7.017753
MLS,2019-02-01,28,28,28,28,28,0,0.8535714285714285,-2.05,3.6785714285714284,18,78.2,5,28,1.0,1.0,1.0,1.0,0.6428571428571429,0.17857142857142858,True,2,13,-2.269041303524062,60.33846153846154,3.1226127320954906,17.861538461538466,1.2960224375318716,METEOSWISS_SMN_DAILY_SELECTED,06:00_UTC_to_06:00_UTC_next_day,Le Moléson,1974.0,46.546197,7.017753
MLS,2019-03-01,31,31,31,31,31,0,-0.28387096774193543,-3.6516129032258067,3.2419354838709675,25,84.4,13,31,1.0,1.0,1.0,1.0,0.8064516129032258,0.41935483870967744,True,3,13,-0.704714640198511,57.23846153846154,0.4208436724565756,27.161538461538463,1.4745329928773014,METEOSWISS_SMN_DAILY_SELECTED,06:00_UTC_to_06:00_UTC_next_day,Le Moléson,1974.0,46.546197,7.017753
MLS,2019-04-01,30,30,30,30,30,0,0.8099999999999999,-2.05,4.26,23,64.3,8,30,1.0,1.0,1.0,1.0,0.7666666666666667,0.26666666666666666,True,4,13,1.7943589743589745,73.58461538461539,-0.9843589743589746,-9.284615384615392,0.8738239598578297,METEOSWISS_SMN_DAILY_SELECTED,06:00_UTC_to_06:00_UTC_next_day,Le Moléson,1974.0,46.546197,7.017753
MLS,2019-05-01,31,31,31,31,31,0,1.4483870967741934,-1.1290322580645162,4.535483870967742,17,192.70000000000002,18,31,1.0,1.0,1.0,1.0,0.5483870967741935,0.5806451612903226,True,5,13,4.450124069478909,130.8,-3.001736972704715,61.900000000000006,1.4732415902140672,METEOSWISS_SMN_DAILY_SELECTED,06:00_UTC_to_06:00_UTC_next_day,Le Moléson,1974.0,46.546197,7.017753
MLS,2019-06-01,30,30,30,30,30,0,11.99,8.22,16.14,1,82.5,8,30,1.0,1.0,1.0,1.0,0.03333333333333333,0.26666666666666666,True,6,13,9.972564102564103,111.86153846153846,2.017435897435897,-29.36153846153846,0.737518910741301,METEOSWISS_SMN_DAILY_SELECTED,06:00_UTC_to_06:00_UTC_next_day,Le Moléson,1974.0,46.546197,7.017753
MLS,2019-07-01,31,31,31,31,31,0,12.787096774193548,9.280645161290321,17.519354838709678,0,109.99999999999999,6,31,1.0,1.0,1.0,1.0,0.0,0.1935483870967742,True,7,13,11.711414392059554,144.67692307692306,1.0756823821339943,-34.676923076923075,0.7603147596767333,METEOSWISS_SMN_DAILY_SELECTED,06:00_UTC_to_06:00_UTC_next_day,Le Moléson,1974.0,46.546197,7.017753
MLS,2019-08-01,31,31,31,31,31,0,12.26774193548387,9.006451612903225,16.548387096774192,0,173.49999999999997,13,31,1.0,1.0,1.0,1.0,0.0,0.41935483870967744,True,8,13,11.670471464019851,127.27692307692307,0.5972704714640198,46.2230769230769,1.363169346065514,METEOSWISS_SMN_DAILY_SELECTED,06:00_UTC_to_06:00_UTC_next_day,Le Moléson,1974.0,46.546197,7.017753
MLS,2019-09-01,30,30,30,30,30,0,8.72,5.986666666666666,12.183333333333334,2,85.60000000000001,7,30,1.0,1.0,1.0,1.0,0.06666666666666667,0.23333333333333334,True,9,13,8.172564102564102,99.86153846153846,0.5474358974358982,-14.26153846153845,0.8571868741334157,METEOSWISS_SMN_DAILY_SELECTED,06:00_UTC_to_06:00_UTC_next_day,Le Moléson,1974.0,46.546197,7.017753
MLS,2019-10-01,31,31,31,31,31,0,6.696774193548387,3.729032258064516,9.580645161290322,7,118.30000000000001,17,31,1.0,1.0,1.0,1.0,0.22580645161290322,0.5483870967741935,True,10,13,5.956327543424318,80.5923076923077,0.7404466501240687,37.70769230769231,1.4678820272978907,METEOSWISS_SMN_DAILY_SELECTED,06:00_UTC_to_06:00_UTC_next_day,Le Moléson,1974.0,46.546197,7.017753
MLS,2019-11-01,30,30,30,30,30,0,-0.8866666666666667,-2.896666666666667,1.4466666666666668,24,97.39999999999999,14,30,1.0,1.0,1.0,1.0,0.8,0.4666666666666667,True,11,13,0.9802564102564102,85.86153846153846,-1.866923076923077,11.538461538461533,1.1343845189034223,METEOSWISS_SMN_DAILY_SELECTED,06:00_UTC_to_06:00_UTC_next_day,Le Moléson,1974.0,46.546197,7.017753
MLS,2019-12-01,31,31,31,31,31,0,0.27096774193548384,-2.47741935483871,3.141935483870968,22,104.30000000000001,14,31,1.0,1.0,1.0,1.0,0.7096774193548387,0.45161290322580644,True,12,13,-0.3153846153846154,79.73076923076923,0.5863523573200993,24.569230769230785,1.3081524360829717,METEOSWISS_SMN_DAILY_SELECTED,06:00_UTC_to_06:00_UTC_next_day,Le Moléson,1974.0,46.546197,7.017753
MLS,2020-01-01,31,31,31,31,31,0,-0.12903225806451618,-2.793548387096774,2.4129032258064513,22,52.4,5,31,1.0,1.0,1.0,1.0,0.7096774193548387,0.16129032258064516,True,1,13,-2.8990074441687343,78.85384615384616,2.7699751861042183,-26.453846153846165,0.6645205345819919,METEOSWISS_SMN_DAILY_SELECTED,06:00_UTC_to_06:00_UTC_next_day,Le Moléson,1974.0,46.546197,7.017753
MLS,2020-02-01,29,29,29,29,29,0,-0.7758620689655172,-3.6310344827586207,2.779310344827586,21,141.29999999999998,13,29,1.0,1.0,1.0,1.0,0.7241379310344828,0.4482758620689655,True,2,13,-2.269041303524062,60.33846153846154,1.4931792345585446,80.96153846153845,2.3417899031106577,METEOSWISS_SMN_DAILY_SELECTED,06:00_UTC_to_06:00_UTC_next_day,Le Moléson,1974.0,46.546197,7.017753
MLS,2020-03-01,31,31,31,31,31,0,-0.9870967741935485,-3.6870967741935483,2.4064516129032256,22,75.0,9,31,1.0,1.0,1.0,1.0,0.7096774193548387,0.2903225806451613,True,3,13,-0.704714640198511,57.23846153846154,-0.2823821339950374,17.761538461538457,1.3103077543340949,METEOSWISS_SMN_DAILY_SELECTED,06:00_UTC_to_06:00_UTC_next_day,Le Moléson,1974.0,46.546197,7.017753
MLS,2020-04-01,30,30,30,30,30,0,5.026666666666667,2.3133333333333335,9.24,8,37.5,6,30,1.0,1.0,1.0,1.0,0.26666666666666666,0.2,True,4,13,1.7943589743589745,73.58461538461539,3.2323076923076925,-36.08461538461539,0.5096173949404139,METEOSWISS_SMN_DAILY_SELECTED,06:00_UTC_to_06:00_UTC_next_day,Le Moléson,1974.0,46.546197,7.017753
MLS,2020-05-01,31,31,31,31,31,0,6.570967741935483,3.5999999999999996,10.770967741935483,5,71.5,8,31,1.0,1.0,1.0,1.0,0.16129032258064516,0.25806451612903225,True,5,13,4.450124069478909,130.8,2.1208436724565747,-59.30000000000001,0.5466360856269112,METEOSWISS_SMN_DAILY_SELECTED,06:00_UTC_to_06:00_UTC_next_day,Le Moléson,1974.0,46.546197,7.017753
MLS,2020-06-01,30,30,30,30,30,0,7.626666666666667,5.21,11.146666666666667,0,160.1,20,30,1.0,1.0,1.0,1.0,0.0,0.6666666666666666,True,6,13,9.972564102564103,111.86153846153846,-2.3458974358974363,48.238461538461536,1.431233667996149,METEOSWISS_SMN_DAILY_SELECTED,06:00_UTC_to_06:00_UTC_next_day,Le Moléson,1974.0,46.546197,7.017753
MLS,2020-07-01,31,31,31,31,31,0,11.587096774193547,8.183870967741935,15.583870967741936,0,83.4,10,31,1.0,1.0,1.0,1.0,0.0,0.3225806451612903,True,7,13,11.711414392059554,144.67692307692306,-0.12431761786600681,-61.276923076923055,0.5764568268821779,METEOSWISS_SMN_DAILY_SELECTED,06:00_UTC_to_06:00_UTC_next_day,Le Moléson,1974.0,46.546197,7.017753
MLS,2020-08-01,31,31,31,31,31,0,11.851612903225806,8.583870967741936,15.819354838709678,0,168.2,13,31,1.0,1.0,1.0,1.0,0.0,0.41935483870967744,True,8,13,11.670471464019851,127.27692307692307,0.18114143920595538,40.92307692307692,1.3215278617188444,METEOSWISS_SMN_DAILY_SELECTED,06:00_UTC_to_06:00_UTC_next_day,Le Moléson,1974.0,46.546197,7.017753
MLS,2020-09-01,30,30,30,30,30,0,9.013333333333332,6.45,12.47,4,55.7,6,30,1.0,1.0,1.0,1.0,0.13333333333333333,0.2,True,9,13,8.172564102564102,99.86153846153846,0.8407692307692294,-44.161538461538456,0.5577723001078416,METEOSWISS_SMN_DAILY_SELECTED,06:00_UTC_to_06:00_UTC_next_day,Le Moléson,1974.0,46.546197,7.017753
MLS,2020-10-01,31,31,31,31,31,0,2.803225806451613,0.29354838709677417,5.683870967741935,16,110.5,12,31,1.0,1.0,1.0,1.0,0.5161290322580645,0.3870967741935484,True,10,13,5.956327543424318,80.5923076923077,-3.153101736972705,29.9076923076923,1.371098596926601,METEOSWISS_SMN_DAILY_SELECTED,06:00_UTC_to_06:00_UTC_next_day,Le Moléson,1974.0,46.546197,7.017753
MLS,2020-11-01,30,30,30,30,30,0,4.073333333333333,1.13,7.596666666666667,10,32.5,5,30,1.0,1.0,1.0,1.0,0.3333333333333333,0.16666666666666666,True,11,13,0.9802564102564102,85.86153846153846,3.0930769230769233,-53.36153846153846,0.37851639491130623,METEOSWISS_SMN_DAILY_SELECTED,06:00_UTC_to_06:00_UTC_next_day,Le Moléson,1974.0,46.546197,7.017753
MLS,2020-12-01,31,31,31,31,31,0,-2.7225806451612904,-4.990322580645161,-0.14838709677419348,24,66.49999999999999,11,31,1.0,1.0,1.0,1.0,0.7741935483870968,0.3548387096774194,True,12,13,-0.3153846153846154,79.73076923076923,-2.4071960297766752,-13.23076923076924,0.8340569223347803,METEOSWISS_SMN_DAILY_SELECTED,06:00_UTC_to_06:00_UTC_next_day,Le Moléson,1974.0,46.546197,7.017753
MLS,2021-01-01,31,31,31,31,31,0,-5.603225806451612,-7.829032258064516,-3.293548387096774,31,128.3,17,31,1.0,1.0,1.0,1.0,1.0,0.5483870967741935,True,1,13,-2.8990074441687343,78.85384615384616,-2.704218362282878,49.44615384615385,1.6270607745585797,METEOSWISS_SMN_DAILY_SELECTED,06:00_UTC_to_06:00_UTC_next_day,Le Moléson,1974.0,46.546197,7.017753
MLS,2021-02-01,28,28,28,28,28,0,0.9464285714285714,-1.7357142857142858,3.5,18,23.9,6,28,1.0,1.0,1.0,1.0,0.6428571428571429,0.21428571428571427,True,2,13,-2.269041303524062,60.33846153846154,3.2154698749526336,-36.43846153846154,0.39609892911779704,METEOSWISS_SMN_DAILY_SELECTED,06:00_UTC_to_06:00_UTC_next_day,Le Moléson,1974.0,46.546197,7.017753
MLS,2021-03-01,31,31,31,31,31,0,-1.6064516129032258,-4.025806451612903,1.1161290322580646,26,78.3,9,31,1.0,1.0,1.0,1.0,0.8387096774193549,0.2903225806451613,True,3,13,-0.704714640198511,57.23846153846154,-0.9017369727047148,21.061538461538454,1.3679612955247948,METEOSWISS_SMN_DAILY_SELECTED,06:00_UTC_to_06:00_UTC_next_day,Le Moléson,1974.0,46.546197,7.017753
MLS,2021-04-01,30,30,30,30,30,0,-0.7899999999999999,-3.5733333333333333,2.45,22,40.2,8,30,1.0,1.0,1.0,1.0,0.7333333333333333,0.26666666666666666,True,4,13,1.7943589743589745,73.58461538461539,-2.5843589743589743,-33.38461538461539,0.5463098473761238,METEOSWISS_SMN_DAILY_SELECTED,06:00_UTC_to_06:00_UTC_next_day,Le Moléson,1974.0,46.546197,7.017753
MLS,2021-05-01,31,31,31,31,31,0,1.9225806451612903,-0.7677419354838709,4.838709677419355,24,149.79999999999998,17,31,1.0,1.0,1.0,1.0,0.7741935483870968,0.5483870967741935,True,5,13,4.450124069478909,130.8,-2.527543424317618,18.99999999999997,1.1452599388379203,METEOSWISS_SMN_DAILY_SELECTED,06:00_UTC_to_06:00_UTC_next_day,Le Moléson,1974.0,46.546197,7.017753
MLS,2021-06-01,30,30,30,30,30,0,10.486666666666668,7.746666666666667,14.296666666666665,0,168.29999999999998,14,30,1.0,1.0,1.0,1.0,0.0,0.4666666666666667,True,6,13,9.972564102564103,111.86153846153846,0.5141025641025649,56.438461538461524,1.504538577912254,METEOSWISS_SMN_DAILY_SELECTED,06:00_UTC_to_06:00_UTC_next_day,Le Moléson,1974.0,46.546197,7.017753
MLS,2021-07-01,31,31,31,31,31,0,9.861290322580645,7.148387096774194,13.387096774193548,0,276.5,15,31,1.0,1.0,1.0,1.0,0.0,0.4838709677419355,True,7,13,11.711414392059554,144.67692307692306,-1.850124069478909,131.82307692307694,1.9111548277328798,METEOSWISS_SMN_DAILY_SELECTED,06:00_UTC_to_06:00_UTC_next_day,Le Moléson,1974.0,46.546197,7.017753
MLS,2021-08-01,31,31,31,31,31,0,9.219354838709679,6.658064516129032,12.496774193548386,0,121.30000000000001,9,31,1.0,1.0,1.0,1.0,0.0,0.2903225806451613,True,8,13,11.670471464019851,127.27692307692307,-2.4511166253101724,-5.9769230769230575,0.953040009670011,METEOSWISS_SMN_DAILY_SELECTED,06:00_UTC_to_06:00_UTC_next_day,Le Moléson,1974.0,46.546197,7.017753
MLS,2021-09-01,30,30,30,30,30,0,9.313333333333333,6.9766666666666675,12.906666666666666,0,51.0,9,30,1.0,1.0,1.0,1.0,0.0,0.3,True,9,13,8.172564102564102,99.86153846153846,1.14076923076923,-48.86153846153846,0.51070713295332,METEOSWISS_SMN_DAILY_SELECTED,06:00_UTC_to_06:00_UTC_next_day,Le Moléson,1974.0,46.546197,7.017753
MLS,2021-10-01,31,31,31,31,31,0,4.854838709677419,2.032258064516129,8.419354838709678,9,44.0,8,31,1.0,1.0,1.0,1.0,0.2903225806451613,0.25806451612903225,True,10,13,5.956327543424318,80.5923076923077,-1.1014888337468989,-36.5923076923077,0.5459578123508637,METEOSWISS_SMN_DAILY_SELECTED,06:00_UTC_to_06:00_UTC_next_day,Le Moléson,1974.0,46.546197,7.017753
MLS,2021-11-01,30,30,30,30,30,0,0.26,-2.686666666666667,3.42,21,27.700000000000003,7,30,1.0,1.0,1.0,1.0,0.7,0.23333333333333334,True,11,13,0.9802564102564102,85.86153846153846,-0.7202564102564102,-58.161538461538456,0.32261243504748255,METEOSWISS_SMN_DAILY_SELECTED,06:00_UTC_to_06:00_UTC_next_day,Le Moléson,1974.0,46.546197,7.017753
MLS,2021-12-01,31,31,31,31,31,0,-0.36129032258064514,-2.7419354838709675,2.041935483870968,20,83.59999999999997,12,31,1.0,1.0,1.0,1.0,0.6451612903225806,0.3870967741935484,True,12,13,-0.3153846153846154,79.73076923076923,-0.045905707196029766,3.8692307692307395,1.0485287023637238,METEOSWISS_SMN_DAILY_SELECTED,06:00_UTC_to_06:00_UTC_next_day,Le Moléson,1974.0,46.546197,7.017753
MLS,2022-01-01,31,31,31,31,31,0,-1.564516129032258,-4.629032258064516,1.464516129032258,26,32.4,6,31,1.0,1.0,1.0,1.0,0.8387096774193549,0.1935483870967742,True,1,13,-2.8990074441687343,78.85384615384616,1.3344913151364763,-46.453846153846165,0.41088674275680415,METEOSWISS_SMN_DAILY_SELECTED,06:00_UTC_to_06:00_UTC_next_day,Le Moléson,1974.0,46.546197,7.017753
MLS,2022-02-01,28,28,28,28,28,0,-2.514285714285714,-5.196428571428571,0.43928571428571433,27,56.2,11,28,1.0,1.0,1.0,1.0,0.9642857142857143,0.39285714285714285,True,2,13,-2.269041303524062,60.33846153846154,-0.24524441076165182,-4.138461538461534,0.9314125446200918,METEOSWISS_SMN_DAILY_SELECTED,06:00_UTC_to_06:00_UTC_next_day,Le Moléson,1974.0,46.546197,7.017753
MLS,2022-03-01,31,31,31,31,31,0,0.5548387096774193,-1.932258064516129,3.870967741935484,23,13.9,1,31,1.0,1.0,1.0,1.0,0.7419354838709677,0.03225806451612903,True,3,13,-0.704714640198511,57.23846153846154,1.2595533498759304,-43.338461538461544,0.24284370380325224,METEOSWISS_SMN_DAILY_SELECTED,06:00_UTC_to_06:00_UTC_next_day,Le Moléson,1974.0,46.546197,7.017753
MLS,2022-04-01,30,30,30,30,30,0,1.2766666666666666,-1.23,4.586666666666667,15,65.5,10,30,1.0,1.0,1.0,1.0,0.5,0.3333333333333333,True,4,13,1.7943589743589745,73.58461538461539,-0.5176923076923079,-8.08461538461539,0.890131716495923,METEOSWISS_SMN_DAILY_SELECTED,06:00_UTC_to_06:00_UTC_next_day,Le Moléson,1974.0,46.546197,7.017753
MLS,2022-05-01,31,31,31,31,31,0,7.641935483870968,4.883870967741935,11.583870967741936,2,64.2,7,31,1.0,1.0,1.0,1.0,0.06451612903225806,0.22580645161290322,True,5,13,4.450124069478909,130.8,3.1918114143920597,-66.60000000000001,0.4908256880733945,METEOSWISS_SMN_DAILY_SELECTED,06:00_UTC_to_06:00_UTC_next_day,Le Moléson,1974.0,46.546197,7.017753
MLS,2022-06-01,30,30,30,30,30,0,11.78,8.476666666666667,15.889999999999999,0,92.5,13,30,1.0,1.0,1.0,1.0,0.0,0.43333333333333335,True,6,13,9.972564102564103,111.86153846153846,1.8074358974358962,-19.36153846153846,0.8269151423463073,METEOSWISS_SMN_DAILY_SELECTED,06:00_UTC_to_06:00_UTC_next_day,Le Moléson,1974.0,46.546197,7.017753
MLS,2022-07-01,31,31,31,31,31,0,13.529032258064515,10.058064516129033,18.26451612903226,0,26.900000000000002,5,31,1.0,1.0,1.0,1.0,0.0,0.16129032258064516,True,7,13,11.711414392059554,144.67692307692306,1.8176178660049604,-117.77692307692305,0.18593151850276482,METEOSWISS_SMN_DAILY_SELECTED,06:00_UTC_to_06:00_UTC_next_day,Le Moléson,1974.0,46.546197,7.017753
MLS,2022-08-01,31,31,31,31,31,0,13.37741935483871,10.17741935483871,18.65806451612903,0,123.69999999999999,8,31,1.0,1.0,1.0,1.0,0.0,0.25806451612903225,True,8,13,11.670471464019851,127.27692307692307,1.7069478908188582,-3.57692307692308,0.9718965308835972,METEOSWISS_SMN_DAILY_SELECTED,06:00_UTC_to_06:00_UTC_next_day,Le Moléson,1974.0,46.546197,7.017753
MLS,2022-09-01,30,30,30,30,30,0,6.656666666666666,3.9066666666666667,10.103333333333333,8,177.70000000000002,17,30,1.0,1.0,1.0,1.0,0.26666666666666666,0.5666666666666667,True,9,13,8.172564102564102,99.86153846153846,-1.5158974358974362,77.83846153846156,1.7794638730549994,METEOSWISS_SMN_DAILY_SELECTED,06:00_UTC_to_06:00_UTC_next_day,Le Moléson,1974.0,46.546197,7.017753
MLS,2022-10-01,31,31,31,31,31,0,9.280645161290321,6.877419354838709,12.393548387096773,0,75.3,8,31,1.0,1.0,1.0,1.0,0.0,0.25806451612903225,True,10,13,5.956327543424318,80.5923076923077,3.3243176178660034,-5.292307692307702,0.93433234704591,METEOSWISS_SMN_DAILY_SELECTED,06:00_UTC_to_06:00_UTC_next_day,Le Moléson,1974.0,46.546197,7.017753
MLS,2022-11-01,30,30,30,30,30,0,1.1766666666666665,-1.1333333333333333,3.8733333333333335,17,56.000000000000014,13,30,1.0,1.0,1.0,1.0,0.5666666666666667,0.43333333333333335,True,11,13,0.9802564102564102,85.86153846153846,0.19641025641025633,-29.861538461538444,0.6522128650779432,METEOSWISS_SMN_DAILY_SELECTED,06:00_UTC_to_06:00_UTC_next_day,Le Moléson,1974.0,46.546197,7.017753
MLS,2022-12-01,31,31,31,31,31,0,-0.7387096774193548,-3.174193548387097,1.2806451612903227,24,76.3,7,31,1.0,1.0,1.0,1.0,0.7741935483870968,0.22580645161290322,True,12,13,-0.3153846153846154,79.73076923076923,-0.4233250620347394,-3.4307692307692292,0.9569705740472745,METEOSWISS_SMN_DAILY_SELECTED,06:00_UTC_to_06:00_UTC_next_day,Le Moléson,1974.0,46.546197,7.017753
MLS,2023-01-01,31,31,31,31,31,0,-3.935483870967742,-6.603225806451612,-1.1516129032258065,27,71.10000000000001,10,31,1.0,1.0,1.0,1.0,0.8709677419354839,0.3225806451612903,True,1,13,-2.8990074441687343,78.85384615384616,-1.0364764267990076,-7.753846153846155,0.9016681299385426,METEOSWISS_SMN_DAILY_SELECTED,06:00_UTC_to_06:00_UTC_next_day,Le Moléson,1974.0,46.546197,7.017753
MLS,2023-02-01,28,28,28,28,28,0,-1.1321428571428571,-3.8249999999999997,1.875,20,15.299999999999999,3,28,1.0,1.0,1.0,1.0,0.7142857142857143,0.10714285714285714,True,2,13,-2.269041303524062,60.33846153846154,1.1368984463812049,-45.03846153846154,0.2535696073431922,METEOSWISS_SMN_DAILY_SELECTED,06:00_UTC_to_06:00_UTC_next_day,Le Moléson,1974.0,46.546197,7.017753
MLS,2023-03-01,31,31,31,31,31,0,-0.2161290322580645,-3.3774193548387097,2.935483870967742,26,85.5,13,31,1.0,1.0,1.0,1.0,0.8387096774193549,0.41935483870967744,True,3,13,-0.704714640198511,57.23846153846154,0.48858560794044653,28.261538461538457,1.493750839940868,METEOSWISS_SMN_DAILY_SELECTED,06:00_UTC_to_06:00_UTC_next_day,Le Moléson,1974.0,46.546197,7.017753
MLS,2023-04-01,30,30,30,30,30,0,-0.33999999999999997,-2.5933333333333333,2.283333333333333,23,102.30000000000001,14,30,1.0,1.0,1.0,1.0,0.7666666666666667,0.4666666666666667,True,4,13,1.7943589743589745,73.58461538461539,-2.1343589743589746,28.71538461538462,1.3902362533974493,METEOSWISS_SMN_DAILY_SELECTED,06:00_UTC_to_06:00_UTC_next_day,Le Moléson,1974.0,46.546197,7.017753
MLS,2023-05-01,31,31,31,31,31,0,5.448387096774193,3.0548387096774197,8.980645161290322,9,92.0,13,31,1.0,1.0,1.0,1.0,0.2903225806451613,0.41935483870967744,True,5,13,4.450124069478909,130.8,0.9982630272952848,-38.80000000000001,0.7033639143730887,METEOSWISS_SMN_DAILY_SELECTED,06:00_UTC_to_06:00_UTC_next_day,Le Moléson,1974.0,46.546197,7.017753
MLS,2023-06-01,30,30,30,30,30,0,11.086666666666668,8.17,15.703333333333335,0,61.699999999999996,8,30,1.0,1.0,1.0,1.0,0.0,0.26666666666666666,True,6,13,9.972564102564103,111.86153846153846,1.1141025641025646,-50.16153846153846,0.5515747490028882,METEOSWISS_SMN_DAILY_SELECTED,06:00_UTC_to_06:00_UTC_next_day,Le Moléson,1974.0,46.546197,7.017753
MLS,2023-07-01,31,31,31,31,31,0,11.890322580645162,8.380645161290323,15.754838709677419,0,96.39999999999999,12,31,1.0,1.0,1.0,1.0,0.0,0.3870967741935484,True,7,13,11.711414392059554,144.67692307692306,0.17890818858560742,-48.27692307692307,0.6663122075712463,METEOSWISS_SMN_DAILY_SELECTED,06:00_UTC_to_06:00_UTC_next_day,Le Moléson,1974.0,46.546197,7.017753
MLS,2023-08-01,31,31,31,31,31,0,12.238709677419354,9.361290322580645,16.10322580645161,1,153.1,9,31,1.0,1.0,1.0,1.0,0.03225806451612903,0.2903225806451613,True,8,13,11.670471464019851,127.27692307692307,0.5682382133995034,25.823076923076925,1.2028889157500302,METEOSWISS_SMN_DAILY_SELECTED,06:00_UTC_to_06:00_UTC_next_day,Le Moléson,1974.0,46.546197,7.017753
MLS,2023-09-01,30,30,30,30,30,0,11.983333333333333,9.233333333333333,15.83,2,62.400000000000006,6,30,1.0,1.0,1.0,1.0,0.06666666666666667,0.2,True,9,13,8.172564102564102,99.86153846153846,3.81076923076923,-37.46153846153845,0.6248651979664152,METEOSWISS_SMN_DAILY_SELECTED,06:00_UTC_to_06:00_UTC_next_day,Le Moléson,1974.0,46.546197,7.017753
MLS,2023-10-01,31,31,31,31,31,0,8.180645161290322,5.529032258064516,11.635483870967741,5,71.89999999999999,11,31,1.0,1.0,1.0,1.0,0.16129032258064516,0.3548387096774194,True,10,13,5.956327543424318,80.5923076923077,2.224317617866004,-8.692307692307708,0.8921446979097067,METEOSWISS_SMN_DAILY_SELECTED,06:00_UTC_to_06:00_UTC_next_day,Le Moléson,1974.0,46.546197,7.017753
MLS,2023-11-01,30,30,30,30,30,0,-1.2633333333333334,-3.8733333333333335,1.2666666666666666,27,165.99999999999997,21,30,1.0,1.0,1.0,1.0,0.9,0.7,True,11,13,0.9802564102564102,85.86153846153846,-2.2435897435897436,80.13846153846151,1.9333452786239023,METEOSWISS_SMN_DAILY_SELECTED,06:00_UTC_to_06:00_UTC_next_day,Le Moléson,1974.0,46.546197,7.017753
MLS,2023-12-01,31,31,31,31,31,0,-0.3806451612903226,-2.883870967741936,2.296774193548387,23,181.1,14,31,1.0,1.0,1.0,1.0,0.7419354838709677,0.45161290322580644,True,12,13,-0.3153846153846154,79.73076923076923,-0.06526054590570723,101.36923076923077,2.2713941148094547,METEOSWISS_SMN_DAILY_SELECTED,06:00_UTC_to_06:00_UTC_next_day,Le Moléson,1974.0,46.546197,7.017753
MLS,2024-01-01,31,31,31,31,31,0,-1.1290322580645162,-3.6838709677419357,1.4258064516129034,26,122.50000000000001,11,31,1.0,1.0,1.0,1.0,0.8387096774193549,0.3548387096774194,True,1,13,-2.8990074441687343,78.85384615384616,1.7699751861042181,43.64615384615385,1.5535069749292751,METEOSWISS_SMN_DAILY_SELECTED,06:00_UTC_to_06:00_UTC_next_day,Le Moléson,1974.0,46.546197,7.017753
MLS,2024-02-01,29,29,29,29,29,0,0.5344827586206896,-2.0310344827586206,3.1206896551724137,21,33.900000000000006,7,29,1.0,1.0,1.0,1.0,0.7241379310344828,0.2413793103448276,True,2,13,-2.269041303524062,60.33846153846154,2.8035240621447515,-26.43846153846153,0.5618306986231516,METEOSWISS_SMN_DAILY_SELECTED,06:00_UTC_to_06:00_UTC_next_day,Le Moléson,1974.0,46.546197,7.017753
MLS,2024-03-01,31,31,31,31,31,0,0.39999999999999997,-2.041935483870968,3.467741935483871,19,55.3,13,31,1.0,1.0,1.0,1.0,0.6129032258064516,0.41935483870967744,True,3,13,-0.704714640198511,57.23846153846154,1.104714640198511,-1.9384615384615458,0.9661335841956725,METEOSWISS_SMN_DAILY_SELECTED,06:00_UTC_to_06:00_UTC_next_day,Le Moléson,1974.0,46.546197,7.017753
MLS,2024-04-01,30,30,30,30,30,0,1.6366666666666667,-1.2266666666666668,4.95,19,74.1,12,30,1.0,1.0,1.0,1.0,0.6333333333333333,0.4,True,4,13,1.7943589743589745,73.58461538461539,-0.1576923076923078,0.5153846153846047,1.007003972402258,METEOSWISS_SMN_DAILY_SELECTED,06:00_UTC_to_06:00_UTC_next_day,Le Moléson,1974.0,46.546197,7.017753
MLS,2024-05-01,31,31,31,31,31,0,4.603225806451612,2.1129032258064515,8.112903225806452,7,138.2,19,31,1.0,1.0,1.0,1.0,0.22580645161290322,0.6129032258064516,True,5,13,4.450124069478909,130.8,0.15310173697270368,7.399999999999977,1.0565749235474005,METEOSWISS_SMN_DAILY_SELECTED,06:00_UTC_to_06:00_UTC_next_day,Le Moléson,1974.0,46.546197,7.017753
MLS,2024-06-01,30,30,30,30,30,0,9.120000000000001,6.29,12.52,1,106.3,14,30,1.0,1.0,1.0,1.0,0.03333333333333333,0.4666666666666667,True,6,13,9.972564102564103,111.86153846153846,-0.8525641025641022,-5.561538461538461,0.9502819419612157,METEOSWISS_SMN_DAILY_SELECTED,06:00_UTC_to_06:00_UTC_next_day,Le Moléson,1974.0,46.546197,7.017753
MLS,2024-07-01,31,31,31,31,31,0,12.329032258064515,9.370967741935484,16.25483870967742,0,109.00000000000001,11,31,1.0,1.0,1.0,1.0,0.0,0.3548387096774194,True,7,13,11.711414392059554,144.67692307692306,0.6176178660049612,-35.676923076923046,0.7534028073160359,METEOSWISS_SMN_DAILY_SELECTED,06:00_UTC_to_06:00_UTC_next_day,Le Moléson,1974.0,46.546197,7.017753
MLS,2024-08-01,31,31,31,31,31,0,13.83548387096774,10.941935483870967,17.603225806451615,0,92.10000000000001,11,31,1.0,1.0,1.0,1.0,0.0,0.3548387096774194,True,8,13,11.670471464019851,127.27692307692307,2.1650124069478895,-35.17692307692306,0.7236190015713769,METEOSWISS_SMN_DAILY_SELECTED,06:00_UTC_to_06:00_UTC_next_day,Le Moléson,1974.0,46.546197,7.017753
MLS,2024-09-01,30,30,30,30,30,0,6.58,3.993333333333333,9.74,7,166.7,14,30,1.0,1.0,1.0,1.0,0.23333333333333334,0.4666666666666667,True,9,13,8.172564102564102,99.86153846153846,-1.5925641025641024,66.83846153846153,1.6693113541827145,METEOSWISS_SMN_DAILY_SELECTED,06:00_UTC_to_06:00_UTC_next_day,Le Moléson,1974.0,46.546197,7.017753
MLS,2024-10-01,31,31,31,31,31,0,7.0,4.819354838709677,10.22258064516129,4,97.7,11,31,1.0,1.0,1.0,1.0,0.12903225806451613,0.3548387096774194,True,10,13,5.956327543424318,80.5923076923077,1.043672456575682,17.107692307692304,1.2122745060608953,METEOSWISS_SMN_DAILY_SELECTED,06:00_UTC_to_06:00_UTC_next_day,Le Moléson,1974.0,46.546197,7.017753
MLS,2024-11-01,30,30,30,30,30,0,2.8333333333333335,-0.17333333333333337,6.323333333333333,15,58.5,6,30,1.0,1.0,1.0,1.0,0.5,0.2,True,11,13,0.9802564102564102,85.86153846153846,1.8530769230769233,-27.36153846153846,0.6813295108403512,METEOSWISS_SMN_DAILY_SELECTED,06:00_UTC_to_06:00_UTC_next_day,Le Moléson,1974.0,46.546197,7.017753
MLS,2024-12-01,31,31,31,31,31,0,-0.8612903225806453,-3.6774193548387095,1.7354838709677418,22,107.19999999999999,10,31,1.0,1.0,1.0,1.0,0.7096774193548387,0.3225806451612903,True,12,13,-0.3153846153846154,79.73076923076923,-0.5459057071960299,27.469230769230762,1.3445248432223829,METEOSWISS_SMN_DAILY_SELECTED,06:00_UTC_to_06:00_UTC_next_day,Le Moléson,1974.0,46.546197,7.017753
MLS,2025-01-01,31,31,31,31,31,0,-1.4258064516129034,-4.658064516129032,1.6064516129032258,29,57.9,8,31,1.0,1.0,1.0,1.0,0.9354838709677419,0.25806451612903225,True,1,13,-2.8990074441687343,78.85384615384616,1.473200992555831,-20.953846153846165,0.7342698273339185,METEOSWISS_SMN_DAILY_SELECTED,06:00_UTC_to_06:00_UTC_next_day,Le Moléson,1974.0,46.546197,7.017753
MLS,2025-02-01,28,28,28,28,28,0,-0.4607142857142857,-2.7035714285714287,1.707142857142857,23,23.499999999999996,4,28,1.0,1.0,1.0,1.0,0.8214285714285714,0.14285714285714285,True,2,13,-2.269041303524062,60.33846153846154,1.8083270178097763,-36.838461538461544,0.3894696583375828,METEOSWISS_SMN_DAILY_SELECTED,06:00_UTC_to_06:00_UTC_next_day,Le Moléson,1974.0,46.546197,7.017753
MLS,2025-03-01,31,31,31,31,31,0,0.11935483870967742,-2.1838709677419357,3.4935483870967743,23,20.1,6,31,1.0,1.0,1.0,1.0,0.7419354838709677,0.1935483870967742,True,3,13,-0.704714640198511,57.23846153846154,0.8240694789081885,-37.13846153846154,0.35116247816153745,METEOSWISS_SMN_DAILY_SELECTED,06:00_UTC_to_06:00_UTC_next_day,Le Moléson,1974.0,46.546197,7.017753
MLS,2025-04-01,30,30,30,30,30,0,3.6133333333333337,0.9633333333333333,7.516666666666667,12,67.00000000000001,8,30,1.0,1.0,1.0,1.0,0.4,0.26666666666666666,True,4,13,1.7943589743589745,73.58461538461539,1.8189743589743592,-6.584615384615375,0.9105164122935397,METEOSWISS_SMN_DAILY_SELECTED,06:00_UTC_to_06:00_UTC_next_day,Le Moléson,1974.0,46.546197,7.017753
MLS,2025-05-01,31,31,31,31,31,0,5.054838709677419,2.3096774193548386,8.648387096774194,8,142.1,15,31,1.0,1.0,1.0,1.0,0.25806451612903225,0.4838709677419355,True,5,13,4.450124069478909,130.8,0.6047146401985106,11.299999999999983,1.0863914373088683,METEOSWISS_SMN_DAILY_SELECTED,06:00_UTC_to_06:00_UTC_next_day,Le Moléson,1974.0,46.546197,7.017753
MLS,2025-06-01,30,30,30,30,30,0,13.110000000000001,10.01,17.033333333333335,0,71.5,6,30,1.0,1.0,1.0,1.0,0.0,0.2,True,6,13,9.972564102564103,111.86153846153846,3.137435897435898,-40.36153846153846,0.6391830559757943,METEOSWISS_SMN_DAILY_SELECTED,06:00_UTC_to_06:00_UTC_next_day,Le Moléson,1974.0,46.546197,7.017753
MLS,2025-07-01,31,31,31,31,31,0,10.17741935483871,7.216129032258065,14.416129032258064,0,152.09999999999994,15,31,1.0,1.0,1.0,1.0,0.0,0.4838709677419355,True,7,13,11.711414392059554,144.67692307692306,-1.5339950372208442,7.423076923076877,1.0513079540621009,METEOSWISS_SMN_DAILY_SELECTED,06:00_UTC_to_06:00_UTC_next_day,Le Moléson,1974.0,46.546197,7.017753
MLS,2025-08-01,31,31,31,31,31,0,12.54516129032258,9.387096774193548,16.719354838709677,0,144.1,10,31,1.0,1.0,1.0,1.0,0.0,0.3225806451612903,True,8,13,11.670471464019851,127.27692307692307,0.8746898263027294,16.823076923076925,1.1321769611990813,METEOSWISS_SMN_DAILY_SELECTED,06:00_UTC_to_06:00_UTC_next_day,Le Moléson,1974.0,46.546197,7.017753
MLS,2025-09-01,30,30,30,30,30,0,7.75,5.23,11.023333333333333,4,147.70000000000002,15,30,1.0,1.0,1.0,1.0,0.13333333333333333,0.5,True,9,13,8.172564102564102,99.86153846153846,-0.4225641025641025,47.83846153846156,1.479047912494223,METEOSWISS_SMN_DAILY_SELECTED,06:00_UTC_to_06:00_UTC_next_day,Le Moléson,1974.0,46.546197,7.017753
MLS,2025-10-01,31,31,31,31,31,0,4.935483870967742,2.203225806451613,8.212903225806452,9,77.39999999999999,11,31,1.0,1.0,1.0,1.0,0.2903225806451613,0.3548387096774194,True,10,13,5.956327543424318,80.5923076923077,-1.020843672456576,-3.1923076923077076,0.9603894244535648,METEOSWISS_SMN_DAILY_SELECTED,06:00_UTC_to_06:00_UTC_next_day,Le Moléson,1974.0,46.546197,7.017753
MLS,2025-11-01,30,30,30,30,30,0,0.9666666666666666,-1.8299999999999998,3.8033333333333332,18,222.40000000000003,14,30,1.0,1.0,1.0,1.0,0.6,0.4666666666666667,True,11,13,0.9802564102564102,85.86153846153846,-0.01358974358974363,136.53846153846158,2.590216807023831,METEOSWISS_SMN_DAILY_SELECTED,06:00_UTC_to_06:00_UTC_next_day,Le Moléson,1974.0,46.546197,7.017753
MLS,2025-12-01,31,31,31,31,31,0,1.538709677419355,-0.7,4.158064516129032,14,25.9,3,31,1.0,1.0,1.0,1.0,0.45161290322580644,0.0967741935483871,True,12,13,-0.3153846153846154,79.73076923076923,1.8540942928039703,-53.83076923076923,0.32484322238301977,METEOSWISS_SMN_DAILY_SELECTED,06:00_UTC_to_06:00_UTC_next_day,Le Moléson,1974.0,46.546197,7.017753
MLS,2026-01-01,31,31,31,31,31,0,-3.425806451612903,-5.951612903225806,-0.8838709677419355,29,84.6,7,31,1.0,1.0,1.0,1.0,0.9354838709677419,0.22580645161290322,True,1,13,-2.8990074441687343,78.85384615384616,-0.5267990074441689,5.746153846153831,1.0728709394205442,METEOSWISS_SMN_DAILY_SELECTED,06:00_UTC_to_06:00_UTC_next_day,Le Moléson,1974.0,46.546197,7.017753
MLS,2026-02-01,28,28,28,28,28,0,-0.9642857142857143,-3.0,1.2714285714285716,23,96.69999999999999,11,28,1.0,1.0,1.0,1.0,0.8214285714285714,0.39285714285714285,True,2,13,-2.269041303524062,60.33846153846154,1.3047555892383476,36.36153846153845,1.602626211116777,METEOSWISS_SMN_DAILY_SELECTED,06:00_UTC_to_06:00_UTC_next_day,Le Moléson,1974.0,46.546197,7.017753
MLS,2026-03-01,31,31,31,31,31,0,-1.4064516129032256,-3.7580645161290325,1.5225806451612904,25,87.5,8,31,1.0,1.0,1.0,1.0,0.8064516129032258,0.25806451612903225,True,3,13,-0.704714640198511,57.23846153846154,-0.7017369727047146,30.261538461538457,1.5286923800564438,METEOSWISS_SMN_DAILY_SELECTED,06:00_UTC_to_06:00_UTC_next_day,Le Moléson,1974.0,46.546197,7.017753
MVE,2013-01-01,31,31,31,31,31,0,-2.3225806451612905,-6.445161290322581,1.0741935483870966,30,35.599999999999994,6,31,1.0,1.0,1.0,1.0,0.967741935483871,0.1935483870967742,True,1,13,-1.496774193548387,85.03076923076924,-0.8258064516129036,-49.43076923076924,0.41867197394608274,METEOSWISS_SMN_DAILY_SELECTED,06:00_UTC_to_06:00_UTC_next_day,Montana,1423.0,46.298806,7.460814
MVE,2013-02-01,28,28,28,28,28,0,-5.232142857142857,-9.417857142857143,-1.6500000000000001,27,67.9,8,28,1.0,1.0,1.0,1.0,0.9642857142857143,0.2857142857142857,True,2,13,-0.11465517241379307,51.46153846153846,-5.117487684729063,16.438461538461546,1.3194319880418537,METEOSWISS_SMN_DAILY_SELECTED,06:00_UTC_to_06:00_UTC_next_day,Montana,1423.0,46.298806,7.460814
MVE,2013-03-01,31,31,31,31,31,0,0.31612903225806455,-3.0999999999999996,3.8548387096774195,25,33.0,7,31,1.0,1.0,1.0,1.0,0.8064516129032258,0.22580645161290322,True,3,13,2.3476426799007446,61.361538461538466,-2.0315136476426803,-28.361538461538466,0.5377961639714178,METEOSWISS_SMN_DAILY_SELECTED,06:00_UTC_to_06:00_UTC_next_day,Montana,1423.0,46.298806,7.460814
MVE,2013-04-01,30,30,30,30,30,0,5.656666666666666,1.1866666666666668,10.543333333333333,12,54.8,8,30,1.0,1.0,1.0,1.0,0.4,0.26666666666666666,True,4,13,6.083333333333334,50.099999999999994,-0.42666666666666764,4.700000000000003,1.093812375249501,METEOSWISS_SMN_DAILY_SELECTED,06:00_UTC_to_06:00_UTC_next_day,Montana,1423.0,46.298806,7.460814
MVE,2013-05-01,31,31,31,31,31,0,6.364516129032259,2.551612903225806,10.687096774193549,6,83.39999999999999,11,31,1.0,1.0,1.0,1.0,0.1935483870967742,0.3548387096774194,True,5,13,9.02332506203474,83.39230769230768,-2.658808933002481,0.007692307692309441,1.0000922424130616,METEOSWISS_SMN_DAILY_SELECTED,06:00_UTC_to_06:00_UTC_next_day,Montana,1423.0,46.298806,7.460814
MVE,2013-06-01,30,30,30,30,30,0,12.043333333333333,7.386666666666667,17.006666666666668,0,40.900000000000006,5,30,1.0,1.0,1.0,1.0,0.0,0.16666666666666666,True,6,13,14.322307692307692,64.21538461538462,-2.2789743589743594,-23.315384615384616,0.6369190225203641,METEOSWISS_SMN_DAILY_SELECTED,06:00_UTC_to_06:00_UTC_next_day,Montana,1423.0,46.298806,7.460814
MVE,2013-07-01,31,31,31,31,31,0,16.496774193548386,11.258064516129032,22.403225806451612,0,52.800000000000004,7,31,1.0,1.0,1.0,1.0,0.0,0.22580645161290322,True,7,13,16.10198511166253,75.26153846153846,0.3947890818858575,-22.46153846153846,0.7015535568274734,METEOSWISS_SMN_DAILY_SELECTED,06:00_UTC_to_06:00_UTC_next_day,Montana,1423.0,46.298806,7.460814
MVE,2013-08-01,31,31,31,31,31,0,15.006451612903225,10.116129032258065,20.419354838709676,0,45.699999999999996,9,31,1.0,1.0,1.0,1.0,0.0,0.2903225806451613,True,8,13,15.586352357320099,72.9076923076923,-0.5799007444168733,-27.207692307692305,0.6268200042202996,METEOSWISS_SMN_DAILY_SELECTED,06:00_UTC_to_06:00_UTC_next_day,Montana,1423.0,46.298806,7.460814
MVE,2013-09-01,30,30,30,30,30,0,11.626666666666667,7.376666666666667,16.7,0,65.00000000000001,9,30,1.0,1.0,1.0,1.0,0.0,0.3,True,9,13,11.70948717948718,49.05384615384616,-0.08282051282051306,15.946153846153855,1.325074486435628,METEOSWISS_SMN_DAILY_SELECTED,06:00_UTC_to_06:00_UTC_next_day,Montana,1423.0,46.298806,7.460814
MVE,2013-10-01,31,31,31,31,31,0,8.790322580645162,5.261290322580645,12.812903225806451,4,59.50000000000001,11,31,1.0,1.0,1.0,1.0,0.12903225806451613,0.3548387096774194,True,10,13,8.221588089330025,64.15384615384616,0.5687344913151371,-4.653846153846153,0.9274580335731415,METEOSWISS_SMN_DAILY_SELECTED,06:00_UTC_to_06:00_UTC_next_day,Montana,1423.0,46.298806,7.460814
MVE,2013-11-01,30,30,30,30,30,0,0.1766666666666666,-3.3,3.3266666666666667,20,104.0,13,30,1.0,1.0,1.0,1.0,0.6666666666666666,0.43333333333333335,True,11,13,2.7412820512820515,78.66153846153846,-2.5646153846153847,25.338461538461544,1.3221200860551536,METEOSWISS_SMN_DAILY_SELECTED,06:00_UTC_to_06:00_UTC_next_day,Montana,1423.0,46.298806,7.460814
MVE,2013-12-01,31,31,31,31,31,0,1.0064516129032257,-2.92258064516129,5.070967741935483,25,22.8,3,31,1.0,1.0,1.0,1.0,0.8064516129032258,0.0967741935483871,True,12,13,0.45632754342431764,84.31538461538463,0.550124069478908,-61.51538461538463,0.2704132834595383,METEOSWISS_SMN_DAILY_SELECTED,06:00_UTC_to_06:00_UTC_next_day,Montana,1423.0,46.298806,7.460814
MVE,2014-01-01,31,31,31,31,31,0,0.16451612903225807,-3.5548387096774197,3.3,25,37.6,7,31,1.0,1.0,1.0,1.0,0.8064516129032258,0.22580645161290322,True,1,13,-1.496774193548387,85.03076923076924,1.661290322580645,-47.430769230769236,0.44219287135878416,METEOSWISS_SMN_DAILY_SELECTED,06:00_UTC_to_06:00_UTC_next_day,Montana,1423.0,46.298806,7.460814
MVE,2014-02-01,28,28,28,28,28,0,-0.48214285714285715,-4.0,2.807142857142857,28,85.2,13,28,1.0,1.0,1.0,1.0,1.0,0.4642857142857143,True,2,13,-0.11465517241379307,51.46153846153846,-0.36748768472906407,33.73846153846154,1.6556053811659195,METEOSWISS_SMN_DAILY_SELECTED,06:00_UTC_to_06:00_UTC_next_day,Montana,1423.0,46.298806,7.460814
MVE,2014-03-01,31,31,31,31,31,0,3.4516129032258065,-1.2451612903225806,8.406451612903227,21,12.5,3,31,1.0,1.0,1.0,1.0,0.6774193548387096,0.0967741935483871,True,3,13,2.3476426799007446,61.361538461538466,1.103970223325062,-48.861538461538466,0.2037106681709916,METEOSWISS_SMN_DAILY_SELECTED,06:00_UTC_to_06:00_UTC_next_day,Montana,1423.0,46.298806,7.460814
MVE,2014-04-01,30,30,30,30,30,0,6.763333333333334,2.3033333333333332,11.753333333333334,5,61.10000000000001,7,30,1.0,1.0,1.0,1.0,0.16666666666666666,0.23333333333333334,True,4,13,6.083333333333334,50.099999999999994,0.6799999999999997,11.000000000000014,1.2195608782435132,METEOSWISS_SMN_DAILY_SELECTED,06:00_UTC_to_06:00_UTC_next_day,Montana,1423.0,46.298806,7.460814
MVE,2014-05-01,31,31,31,31,31,0,7.961290322580646,3.435483870967742,12.654838709677419,4,45.2,9,31,1.0,1.0,1.0,1.0,0.12903225806451613,0.2903225806451613,True,5,13,9.02332506203474,83.39230769230768,-1.062034739454094,-38.19230769230768,0.542016419149525,METEOSWISS_SMN_DAILY_SELECTED,06:00_UTC_to_06:00_UTC_next_day,Montana,1423.0,46.298806,7.460814
MVE,2014-06-01,30,30,30,30,30,0,13.676666666666668,8.27,19.44,0,27.200000000000003,8,30,1.0,1.0,1.0,1.0,0.0,0.26666666666666666,True,6,13,14.322307692307692,64.21538461538462,-0.6456410256410248,-37.01538461538462,0.4235745088643987,METEOSWISS_SMN_DAILY_SELECTED,06:00_UTC_to_06:00_UTC_next_day,Montana,1423.0,46.298806,7.460814
MVE,2014-07-01,31,31,31,31,31,0,13.248387096774193,9.04516129032258,17.787096774193547,0,140.7,15,31,1.0,1.0,1.0,1.0,0.0,0.4838709677419355,True,7,13,16.10198511166253,75.26153846153846,-2.8535980148883358,65.43846153846152,1.8694807849550283,METEOSWISS_SMN_DAILY_SELECTED,06:00_UTC_to_06:00_UTC_next_day,Montana,1423.0,46.298806,7.460814
MVE,2014-08-01,31,31,31,31,31,0,12.361290322580645,8.261290322580646,17.177419354838708,0,116.39999999999999,13,31,1.0,1.0,1.0,1.0,0.0,0.41935483870967744,True,8,13,15.586352357320099,72.9076923076923,-3.2250620347394534,43.49230769230769,1.5965393542941548,METEOSWISS_SMN_DAILY_SELECTED,06:00_UTC_to_06:00_UTC_next_day,Montana,1423.0,46.298806,7.460814
MVE,2014-09-01,30,30,30,30,30,0,11.72,7.373333333333334,16.51,0,18.799999999999997,5,30,1.0,1.0,1.0,1.0,0.0,0.16666666666666666,True,9,13,11.70948717948718,49.05384615384616,0.010512820512820653,-30.253846153846162,0.3832523129998431,METEOSWISS_SMN_DAILY_SELECTED,06:00_UTC_to_06:00_UTC_next_day,Montana,1423.0,46.298806,7.460814
MVE,2014-10-01,31,31,31,31,31,0,9.170967741935485,5.174193548387097,13.716129032258063,4,43.6,7,31,1.0,1.0,1.0,1.0,0.12903225806451613,0.22580645161290322,True,10,13,8.221588089330025,64.15384615384616,0.9493796526054599,-20.55384615384616,0.6796163069544364,METEOSWISS_SMN_DAILY_SELECTED,06:00_UTC_to_06:00_UTC_next_day,Montana,1423.0,46.298806,7.460814
MVE,2014-11-01,30,30,30,30,30,0,5.77,2.7800000000000002,9.173333333333334,9,56.39999999999999,6,30,1.0,1.0,1.0,1.0,0.3,0.2,True,11,13,2.7412820512820515,78.66153846153846,3.028717948717948,-22.261538461538464,0.7169958928222179,METEOSWISS_SMN_DAILY_SELECTED,06:00_UTC_to_06:00_UTC_next_day,Montana,1423.0,46.298806,7.460814
MVE,2014-12-01,31,31,31,31,31,0,-0.27419354838709675,-3.274193548387097,2.7,26,52.4,7,31,1.0,1.0,1.0,1.0,0.8387096774193549,0.22580645161290322,True,12,13,0.45632754342431764,84.31538461538463,-0.7305210918114144,-31.91538461538463,0.6214761426877109,METEOSWISS_SMN_DAILY_SELECTED,06:00_UTC_to_06:00_UTC_next_day,Montana,1423.0,46.298806,7.460814
MVE,2015-01-01,31,31,31,31,31,0,-1.2032258064516128,-4.906451612903226,2.2483870967741937,29,66.8,14,31,1.0,1.0,1.0,1.0,0.9354838709677419,0.45161290322580644,True,1,13,-1.496774193548387,85.03076923076924,0.2935483870967741,-18.23076923076924,0.7855979735842228,METEOSWISS_SMN_DAILY_SELECTED,06:00_UTC_to_06:00_UTC_next_day,Montana,1423.0,46.298806,7.460814
MVE,2015-02-01,28,28,28,28,28,0,-2.6535714285714285,-6.432142857142857,0.9821428571428571,28,16.599999999999998,4,28,1.0,1.0,1.0,1.0,1.0,0.14285714285714285,True,2,13,-0.11465517241379307,51.46153846153846,-2.5389162561576355,-34.86153846153846,0.3225710014947683,METEOSWISS_SMN_DAILY_SELECTED,06:00_UTC_to_06:00_UTC_next_day,Montana,1423.0,46.298806,7.460814
MVE,2015-03-01,31,31,31,31,31,0,2.6322580645161286,-1.603225806451613,6.993548387096775,21,92.89999999999999,6,31,1.0,1.0,1.0,1.0,0.6774193548387096,0.1935483870967742,True,3,13,2.3476426799007446,61.361538461538466,0.28461538461538405,31.538461538461526,1.5139776858468093,METEOSWISS_SMN_DAILY_SELECTED,06:00_UTC_to_06:00_UTC_next_day,Montana,1423.0,46.298806,7.460814
MVE,2015-04-01,30,30,30,30,30,0,6.48,1.4200000000000002,11.72,10,32.8,9,30,1.0,1.0,1.0,1.0,0.3333333333333333,0.3,True,4,13,6.083333333333334,50.099999999999994,0.3966666666666665,-17.299999999999997,0.654690618762475,METEOSWISS_SMN_DAILY_SELECTED,06:00_UTC_to_06:00_UTC_next_day,Montana,1423.0,46.298806,7.460814
MVE,2015-05-01,31,31,31,31,31,0,9.712903225806452,4.641935483870968,14.832258064516129,3,163.4,11,31,1.0,1.0,1.0,1.0,0.0967741935483871,0.3548387096774194,True,5,13,9.02332506203474,83.39230769230768,0.6895781637717118,80.00769230769232,1.959413338252929,METEOSWISS_SMN_DAILY_SELECTED,06:00_UTC_to_06:00_UTC_next_day,Montana,1423.0,46.298806,7.460814
MVE,2015-06-01,30,30,30,30,30,0,14.323333333333332,9.146666666666667,19.9,0,54.0,10,30,1.0,1.0,1.0,1.0,0.0,0.3333333333333333,True,6,13,14.322307692307692,64.21538461538462,0.0010256410256399562,-10.215384615384622,0.8409199808337325,METEOSWISS_SMN_DAILY_SELECTED,06:00_UTC_to_06:00_UTC_next_day,Montana,1423.0,46.298806,7.460814
MVE,2015-07-01,31,31,31,31,31,0,18.293548387096774,12.141935483870968,24.60967741935484,0,54.699999999999996,8,31,1.0,1.0,1.0,1.0,0.0,0.25806451612903225,True,7,13,16.10198511166253,75.26153846153846,2.1915632754342447,-20.56153846153847,0.7267988552739165,METEOSWISS_SMN_DAILY_SELECTED,06:00_UTC_to_06:00_UTC_next_day,Montana,1423.0,46.298806,7.460814
MVE,2015-08-01,31,31,31,31,31,0,15.76774193548387,11.12258064516129,20.729032258064517,0,94.5,8,31,1.0,1.0,1.0,1.0,0.0,0.25806451612903225,True,8,13,15.586352357320099,72.9076923076923,0.1813895781637722,21.5923076923077,1.2961595273264404,METEOSWISS_SMN_DAILY_SELECTED,06:00_UTC_to_06:00_UTC_next_day,Montana,1423.0,46.298806,7.460814
MVE,2015-09-01,30,30,30,30,30,0,9.523333333333333,5.17,14.34,1,35.800000000000004,5,30,1.0,1.0,1.0,1.0,0.03333333333333333,0.16666666666666666,True,9,13,11.70948717948718,49.05384615384616,-2.1861538461538466,-13.253846153846155,0.7298102556060844,METEOSWISS_SMN_DAILY_SELECTED,06:00_UTC_to_06:00_UTC_next_day,Montana,1423.0,46.298806,7.460814
MVE,2015-10-01,31,31,31,31,31,0,6.619354838709677,3.103225806451613,10.980645161290324,6,38.1,8,31,1.0,1.0,1.0,1.0,0.1935483870967742,0.25806451612903225,True,10,13,8.221588089330025,64.15384615384616,-1.6022332506203476,-26.05384615384616,0.5938848920863309,METEOSWISS_SMN_DAILY_SELECTED,06:00_UTC_to_06:00_UTC_next_day,Montana,1423.0,46.298806,7.460814
MVE,2015-11-01,30,30,30,30,30,0,4.59,0.30666666666666664,9.086666666666668,10,89.3,5,30,1.0,1.0,1.0,1.0,0.3333333333333333,0.16666666666666666,True,11,13,2.7412820512820515,78.66153846153846,1.8487179487179484,10.638461538461542,1.1352434969685117,METEOSWISS_SMN_DAILY_SELECTED,06:00_UTC_to_06:00_UTC_next_day,Montana,1423.0,46.298806,7.460814
MVE,2015-12-01,31,31,31,31,31,0,3.725806451612903,-0.4096774193548387,8.316129032258065,15,5.5,2,31,1.0,1.0,1.0,1.0,0.4838709677419355,0.06451612903225806,True,12,13,0.45632754342431764,84.31538461538463,3.2694789081885856,-78.81538461538463,0.06523127451874827,METEOSWISS_SMN_DAILY_SELECTED,06:00_UTC_to_06:00_UTC_next_day,Montana,1423.0,46.298806,7.460814
MVE,2016-01-01,31,31,31,31,31,0,-1.2741935483870968,-4.800000000000001,2.019354838709677,28,161.70000000000002,14,31,1.0,1.0,1.0,1.0,0.9032258064516129,0.45161290322580644,True,1,13,-1.496774193548387,85.03076923076924,0.22258064516129017,76.66923076923078,1.901664555816899,METEOSWISS_SMN_DAILY_SELECTED,06:00_UTC_to_06:00_UTC_next_day,Montana,1423.0,46.298806,7.460814
MVE,2016-02-01,29,29,29,29,29,0,-0.41034482758620683,-4.4206896551724135,2.882758620689655,25,103.7,13,29,1.0,1.0,1.0,1.0,0.8620689655172413,0.4482758620689655,True,2,13,-0.11465517241379307,51.46153846153846,-0.29568965517241375,52.23846153846154,2.0150971599402094,METEOSWISS_SMN_DAILY_SELECTED,06:00_UTC_to_06:00_UTC_next_day,Montana,1423.0,46.298806,7.460814
MVE,2016-03-01,31,31,31,31,31,0,0.38064516129032255,-4.183870967741935,4.941935483870967,28,27.5,7,31,1.0,1.0,1.0,1.0,0.9032258064516129,0.22580645161290322,True,3,13,2.3476426799007446,61.361538461538466,-1.966997518610422,-33.861538461538466,0.4481634699761815,METEOSWISS_SMN_DAILY_SELECTED,06:00_UTC_to_06:00_UTC_next_day,Montana,1423.0,46.298806,7.460814
MVE,2016-04-01,30,30,30,30,30,0,5.383333333333334,1.4566666666666666,9.79,12,67.19999999999999,11,30,1.0,1.0,1.0,1.0,0.4,0.36666666666666664,True,4,13,6.083333333333334,50.099999999999994,-0.7000000000000002,17.099999999999994,1.341317365269461,METEOSWISS_SMN_DAILY_SELECTED,06:00_UTC_to_06:00_UTC_next_day,Montana,1423.0,46.298806,7.460814
MVE,2016-05-01,31,31,31,31,31,0,8.287096774193548,4.038709677419355,13.074193548387097,4,105.60000000000001,9,31,1.0,1.0,1.0,1.0,0.12903225806451613,0.2903225806451613,True,5,13,9.02332506203474,83.39230769230768,-0.7362282878411914,22.207692307692326,1.266303846508625,METEOSWISS_SMN_DAILY_SELECTED,06:00_UTC_to_06:00_UTC_next_day,Montana,1423.0,46.298806,7.460814
MVE,2016-06-01,30,30,30,30,30,0,12.203333333333335,7.8133333333333335,17.0,0,77.4,14,30,1.0,1.0,1.0,1.0,0.0,0.4666666666666667,True,6,13,14.322307692307692,64.21538461538462,-2.1189743589743575,13.184615384615384,1.2053186391950168,METEOSWISS_SMN_DAILY_SELECTED,06:00_UTC_to_06:00_UTC_next_day,Montana,1423.0,46.298806,7.460814
MVE,2016-07-01,31,31,31,31,31,0,15.506451612903225,9.970967741935485,21.325806451612905,0,47.3,9,31,1.0,1.0,1.0,1.0,0.0,0.2903225806451613,True,7,13,16.10198511166253,75.26153846153846,-0.5955334987593037,-27.961538461538467,0.6284750613246115,METEOSWISS_SMN_DAILY_SELECTED,06:00_UTC_to_06:00_UTC_next_day,Montana,1423.0,46.298806,7.460814
MVE,2016-08-01,31,31,31,31,31,0,15.35483870967742,10.103225806451613,21.05483870967742,0,59.5,9,31,1.0,1.0,1.0,1.0,0.0,0.2903225806451613,True,8,13,15.586352357320099,72.9076923076923,-0.23151364764267868,-13.407692307692301,0.8161004431314625,METEOSWISS_SMN_DAILY_SELECTED,06:00_UTC_to_06:00_UTC_next_day,Montana,1423.0,46.298806,7.460814
MVE,2016-09-01,30,30,30,30,30,0,13.030000000000001,8.58,18.066666666666666,0,37.5,7,30,1.0,1.0,1.0,1.0,0.0,0.23333333333333334,True,9,13,11.70948717948718,49.05384615384616,1.3205128205128212,-11.553846153846159,0.7644660498667084,METEOSWISS_SMN_DAILY_SELECTED,06:00_UTC_to_06:00_UTC_next_day,Montana,1423.0,46.298806,7.460814
MVE,2016-10-01,31,31,31,31,31,0,5.948387096774193,2.109677419354839,10.741935483870968,8,41.400000000000006,5,31,1.0,1.0,1.0,1.0,0.25806451612903225,0.16129032258064516,True,10,13,8.221588089330025,64.15384615384616,-2.2732009925558314,-22.753846153846155,0.6453237410071943,METEOSWISS_SMN_DAILY_SELECTED,06:00_UTC_to_06:00_UTC_next_day,Montana,1423.0,46.298806,7.460814
MVE,2016-11-01,30,30,30,30,30,0,2.006666666666667,-1.1400000000000001,5.206666666666667,20,97.19999999999999,9,30,1.0,1.0,1.0,1.0,0.6666666666666666,0.3,True,11,13,2.7412820512820515,78.66153846153846,-0.7346153846153847,18.538461538461533,1.2356737727361626,METEOSWISS_SMN_DAILY_SELECTED,06:00_UTC_to_06:00_UTC_next_day,Montana,1423.0,46.298806,7.460814
MVE,2016-12-01,31,31,31,31,31,0,2.109677419354839,-1.896774193548387,7.04516129032258,26,0.1,0,31,1.0,1.0,1.0,1.0,0.8387096774193549,0.0,True,12,13,0.45632754342431764,84.31538461538463,1.6533498759305212,-84.21538461538464,0.0011860231730681505,METEOSWISS_SMN_DAILY_SELECTED,06:00_UTC_to_06:00_UTC_next_day,Montana,1423.0,46.298806,7.460814
MVE,2017-01-01,31,31,31,31,31,0,-3.851612903225807,-7.641935483870968,0.0,30,44.1,6,31,1.0,1.0,1.0,1.0,0.967741935483871,0.1935483870967742,True,1,13,-1.496774193548387,85.03076923076924,-2.35483870967742,-40.930769230769236,0.5186357879500633,METEOSWISS_SMN_DAILY_SELECTED,06:00_UTC_to_06:00_UTC_next_day,Montana,1423.0,46.298806,7.460814
MVE,2017-02-01,28,28,28,28,28,0,1.5607142857142857,-2.35,5.375,21,34.6,6,28,1.0,1.0,1.0,1.0,0.75,0.21428571428571427,True,2,13,-0.11465517241379307,51.46153846153846,1.6753694581280787,-16.86153846153846,0.6723467862481316,METEOSWISS_SMN_DAILY_SELECTED,06:00_UTC_to_06:00_UTC_next_day,Montana,1423.0,46.298806,7.460814
MVE,2017-03-01,31,31,31,31,31,0,4.574193548387097,0.1290322580645161,9.170967741935485,13,108.10000000000001,10,31,1.0,1.0,1.0,1.0,0.41935483870967744,0.3225806451612903,True,3,13,2.3476426799007446,61.361538461538466,2.226550868486352,46.73846153846154,1.7616898583427354,METEOSWISS_SMN_DAILY_SELECTED,06:00_UTC_to_06:00_UTC_next_day,Montana,1423.0,46.298806,7.460814
MVE,2017-04-01,30,30,30,30,30,0,5.4766666666666675,0.14666666666666664,11.226666666666667,11,35.7,4,30,1.0,1.0,1.0,1.0,0.36666666666666664,0.13333333333333333,True,4,13,6.083333333333334,50.099999999999994,-0.6066666666666665,-14.399999999999991,0.7125748502994014,METEOSWISS_SMN_DAILY_SELECTED,06:00_UTC_to_06:00_UTC_next_day,Montana,1423.0,46.298806,7.460814
MVE,2017-05-01,31,31,31,31,31,0,10.16451612903226,4.829032258064516,15.735483870967743,5,73.5,10,31,1.0,1.0,1.0,1.0,0.16129032258064516,0.3225806451612903,True,5,13,9.02332506203474,83.39230769230768,1.1411910669975196,-9.892307692307682,0.8813762568028781,METEOSWISS_SMN_DAILY_SELECTED,06:00_UTC_to_06:00_UTC_next_day,Montana,1423.0,46.298806,7.460814
MVE,2017-06-01,30,30,30,30,30,0,15.643333333333334,10.360000000000001,21.246666666666666,0,69.8,9,30,1.0,1.0,1.0,1.0,0.0,0.3,True,6,13,14.322307692307692,64.21538461538462,1.321025641025642,5.584615384615375,1.0869669381887876,METEOSWISS_SMN_DAILY_SELECTED,06:00_UTC_to_06:00_UTC_next_day,Montana,1423.0,46.298806,7.460814
MVE,2017-07-01,31,31,31,31,31,0,15.680645161290323,10.609677419354838,21.43548387096774,0,65.2,11,31,1.0,1.0,1.0,1.0,0.0,0.3548387096774194,True,7,13,16.10198511166253,75.26153846153846,-0.4213399503722055,-10.061538461538461,0.866312346688471,METEOSWISS_SMN_DAILY_SELECTED,06:00_UTC_to_06:00_UTC_next_day,Montana,1423.0,46.298806,7.460814
MVE,2017-08-01,31,31,31,31,31,0,16.074193548387097,10.887096774193548,21.70967741935484,0,86.5,9,31,1.0,1.0,1.0,1.0,0.0,0.2903225806451613,True,8,13,15.586352357320099,72.9076923076923,0.4878411910669982,13.592307692307699,1.1864317366533026,METEOSWISS_SMN_DAILY_SELECTED,06:00_UTC_to_06:00_UTC_next_day,Montana,1423.0,46.298806,7.460814
MVE,2017-09-01,30,30,30,30,30,0,9.066666666666666,4.406666666666666,14.293333333333333,1,24.200000000000003,5,30,1.0,1.0,1.0,1.0,0.03333333333333333,0.16666666666666666,True,9,13,11.70948717948718,49.05384615384616,-2.6428205128205136,-24.853846153846156,0.49333542418064924,METEOSWISS_SMN_DAILY_SELECTED,06:00_UTC_to_06:00_UTC_next_day,Montana,1423.0,46.298806,7.460814
MVE,2017-10-01,31,31,31,31,31,0,8.364516129032259,3.512903225806452,13.44516129032258,6,22.2,5,31,1.0,1.0,1.0,1.0,0.1935483870967742,0.16129032258064516,True,10,13,8.221588089330025,64.15384615384616,0.1429280397022339,-41.95384615384616,0.34604316546762587,METEOSWISS_SMN_DAILY_SELECTED,06:00_UTC_to_06:00_UTC_next_day,Montana,1423.0,46.298806,7.460814
MVE,2017-11-01,30,30,30,30,30,0,0.6533333333333334,-2.9733333333333336,4.193333333333333,22,78.39999999999999,9,30,1.0,1.0,1.0,1.0,0.7333333333333333,0.3,True,11,13,2.7412820512820515,78.66153846153846,-2.087948717948718,-0.26153846153846416,0.9966751417954234,METEOSWISS_SMN_DAILY_SELECTED,06:00_UTC_to_06:00_UTC_next_day,Montana,1423.0,46.298806,7.460814
MVE,2017-12-01,31,31,31,31,31,0,-3.0677419354838706,-7.303225806451613,0.35806451612903223,31,140.10000000000002,12,31,1.0,1.0,1.0,1.0,1.0,0.3870967741935484,True,12,13,0.45632754342431764,84.31538461538463,-3.524069478908188,55.78461538461539,1.6616184654684791,METEOSWISS_SMN_DAILY_SELECTED,06:00_UTC_to_06:00_UTC_next_day,Montana,1423.0,46.298806,7.460814
MVE,2018-01-01,31,31,31,31,31,0,0.435483870967742,-2.7451612903225806,3.8096774193548386,24,256.3,14,31,1.0,1.0,1.0,1.0,0.7741935483870968,0.45161290322580644,True,1,13,-1.496774193548387,85.03076923076924,1.932258064516129,171.26923076923077,3.0142030034376694,METEOSWISS_SMN_DAILY_SELECTED,06:00_UTC_to_06:00_UTC_next_day,Montana,1423.0,46.298806,7.460814
MVE,2018-02-01,28,28,28,28,28,0,-4.8,-8.839285714285714,-1.0214285714285716,27,42.099999999999994,7,28,1.0,1.0,1.0,1.0,0.9642857142857143,0.25,True,2,13,-0.11465517241379307,51.46153846153846,-4.685344827586206,-9.361538461538466,0.8180866965620328,METEOSWISS_SMN_DAILY_SELECTED,06:00_UTC_to_06:00_UTC_next_day,Montana,1423.0,46.298806,7.460814
MVE,2018-03-01,31,31,31,31,31,0,0.2903225806451613,-3.541935483870968,4.083870967741936,28,46.3,11,31,1.0,1.0,1.0,1.0,0.9032258064516129,0.3548387096774194,True,3,13,2.3476426799007446,61.361538461538466,-2.057320099255583,-15.061538461538468,0.7545443149053528,METEOSWISS_SMN_DAILY_SELECTED,06:00_UTC_to_06:00_UTC_next_day,Montana,1423.0,46.298806,7.460814
MVE,2018-04-01,30,30,30,30,30,0,8.38,3.29,13.656666666666666,4,25.500000000000004,3,30,1.0,1.0,1.0,1.0,0.13333333333333333,0.1,True,4,13,6.083333333333334,50.099999999999994,2.296666666666667,-24.59999999999999,0.5089820359281438,METEOSWISS_SMN_DAILY_SELECTED,06:00_UTC_to_06:00_UTC_next_day,Montana,1423.0,46.298806,7.460814
MVE,2018-05-01,31,31,31,31,31,0,10.490322580645161,5.890322580645161,15.706451612903225,0,83.2,16,31,1.0,1.0,1.0,1.0,0.0,0.5161290322580645,True,5,13,9.02332506203474,83.39230769230768,1.4669975186104214,-0.1923076923076792,0.997693939673462,METEOSWISS_SMN_DAILY_SELECTED,06:00_UTC_to_06:00_UTC_next_day,Montana,1423.0,46.298806,7.460814
MVE,2018-06-01,30,30,30,30,30,0,14.316666666666666,8.733333333333333,20.009999999999998,0,24.400000000000002,3,30,1.0,1.0,1.0,1.0,0.0,0.1,True,6,13,14.322307692307692,64.21538461538462,-0.005641025641025976,-39.815384615384616,0.3799712505989459,METEOSWISS_SMN_DAILY_SELECTED,06:00_UTC_to_06:00_UTC_next_day,Montana,1423.0,46.298806,7.460814
MVE,2018-07-01,31,31,31,31,31,0,16.96451612903226,11.048387096774194,23.57741935483871,0,31.199999999999996,7,31,1.0,1.0,1.0,1.0,0.0,0.22580645161290322,True,7,13,16.10198511166253,75.26153846153846,0.8625310173697294,-44.06153846153847,0.4145543744889615,METEOSWISS_SMN_DAILY_SELECTED,06:00_UTC_to_06:00_UTC_next_day,Montana,1423.0,46.298806,7.460814
MVE,2018-08-01,31,31,31,31,31,0,16.135483870967743,10.929032258064517,22.43548387096774,0,54.0,10,31,1.0,1.0,1.0,1.0,0.0,0.3225806451612903,True,8,13,15.586352357320099,72.9076923076923,0.5491315136476445,-18.9076923076923,0.7406625870436802,METEOSWISS_SMN_DAILY_SELECTED,06:00_UTC_to_06:00_UTC_next_day,Montana,1423.0,46.298806,7.460814
MVE,2018-09-01,30,30,30,30,30,0,13.56,8.426666666666668,19.553333333333335,0,30.900000000000006,3,30,1.0,1.0,1.0,1.0,0.0,0.1,True,9,13,11.70948717948718,49.05384615384616,1.8505128205128205,-18.153846153846153,0.6299200250901679,METEOSWISS_SMN_DAILY_SELECTED,06:00_UTC_to_06:00_UTC_next_day,Montana,1423.0,46.298806,7.460814
MVE,2018-10-01,31,31,31,31,31,0,9.096774193548388,4.861290322580645,14.12258064516129,4,47.300000000000004,5,31,1.0,1.0,1.0,1.0,0.12903225806451613,0.16129032258064516,True,10,13,8.221588089330025,64.15384615384616,0.8751861042183631,-16.853846153846156,0.7372901678657074,METEOSWISS_SMN_DAILY_SELECTED,06:00_UTC_to_06:00_UTC_next_day,Montana,1423.0,46.298806,7.460814
MVE,2018-11-01,30,30,30,30,30,0,4.233333333333333,1.1033333333333333,7.89,14,5.7,2,30,1.0,1.0,1.0,1.0,0.4666666666666667,0.06666666666666667,True,11,13,2.7412820512820515,78.66153846153846,1.492051282051282,-72.96153846153845,0.07246235087033054,METEOSWISS_SMN_DAILY_SELECTED,06:00_UTC_to_06:00_UTC_next_day,Montana,1423.0,46.298806,7.460814
MVE,2018-12-01,31,31,31,31,31,0,0.04193548387096774,-3.5612903225806454,3.3677419354838714,27,159.3,13,31,1.0,1.0,1.0,1.0,0.8709677419354839,0.41935483870967744,True,12,13,0.45632754342431764,84.31538461538463,-0.4143920595533499,74.98461538461538,1.889334914697564,METEOSWISS_SMN_DAILY_SELECTED,06:00_UTC_to_06:00_UTC_next_day,Montana,1423.0,46.298806,7.460814
MVE,2019-01-01,31,31,31,31,31,0,-4.883870967741935,-8.46774193548387,-1.5935483870967742,31,52.099999999999994,6,31,1.0,1.0,1.0,1.0,1.0,0.1935483870967742,True,1,13,-1.496774193548387,85.03076923076924,-3.3870967741935485,-32.93076923076924,0.6127193776008684,METEOSWISS_SMN_DAILY_SELECTED,06:00_UTC_to_06:00_UTC_next_day,Montana,1423.0,46.298806,7.460814
MVE,2019-02-01,28,28,28,28,28,0,1.4785714285714284,-4.378571428571428,6.739285714285714,26,21.000000000000004,3,28,1.0,1.0,1.0,1.0,0.9285714285714286,0.10714285714285714,True,2,13,-0.11465517241379307,51.46153846153846,1.5932266009852214,-30.461538461538456,0.40807174887892383,METEOSWISS_SMN_DAILY_SELECTED,06:00_UTC_to_06:00_UTC_next_day,Montana,1423.0,46.298806,7.460814
MVE,2019-03-01,31,31,31,31,31,0,2.393548387096774,-2.52258064516129,7.422580645161291,24,61.19999999999999,10,31,1.0,1.0,1.0,1.0,0.7741935483870968,0.3225806451612903,True,3,13,2.3476426799007446,61.361538461538466,0.0459057071960296,-0.16153846153847695,0.9973674313651746,METEOSWISS_SMN_DAILY_SELECTED,06:00_UTC_to_06:00_UTC_next_day,Montana,1423.0,46.298806,7.460814
MVE,2019-04-01,30,30,30,30,30,0,5.183333333333334,1.0666666666666667,9.933333333333334,12,34.599999999999994,7,30,1.0,1.0,1.0,1.0,0.4,0.23333333333333334,True,4,13,6.083333333333334,50.099999999999994,-0.9000000000000004,-15.5,0.6906187624750498,METEOSWISS_SMN_DAILY_SELECTED,06:00_UTC_to_06:00_UTC_next_day,Montana,1423.0,46.298806,7.460814
MVE,2019-05-01,31,31,31,31,31,0,6.616129032258065,1.935483870967742,11.351612903225806,8,68.1,10,31,1.0,1.0,1.0,1.0,0.25806451612903225,0.3225806451612903,True,5,13,9.02332506203474,83.39230769230768,-2.4071960297766752,-15.292307692307688,0.816622082833687,METEOSWISS_SMN_DAILY_SELECTED,06:00_UTC_to_06:00_UTC_next_day,Montana,1423.0,46.298806,7.460814
MVE,2019-06-01,30,30,30,30,30,0,15.626666666666667,9.986666666666668,21.43,0,76.4,8,30,1.0,1.0,1.0,1.0,0.0,0.26666666666666666,True,6,13,14.322307692307692,64.21538461538462,1.3043589743589745,12.184615384615384,1.189746046957355,METEOSWISS_SMN_DAILY_SELECTED,06:00_UTC_to_06:00_UTC_next_day,Montana,1423.0,46.298806,7.460814
MVE,2019-07-01,31,31,31,31,31,0,16.76774193548387,11.138709677419355,22.416129032258063,0,79.3,9,31,1.0,1.0,1.0,1.0,0.0,0.2903225806451613,True,7,13,16.10198511166253,75.26153846153846,0.66575682382134,4.038461538461533,1.053659035159444,METEOSWISS_SMN_DAILY_SELECTED,06:00_UTC_to_06:00_UTC_next_day,Montana,1423.0,46.298806,7.460814
MVE,2019-08-01,31,31,31,31,31,0,15.741935483870968,10.603225806451613,21.251612903225805,0,109.2,11,31,1.0,1.0,1.0,1.0,0.0,0.3548387096774194,True,8,13,15.586352357320099,72.9076923076923,0.15558312655086937,36.2923076923077,1.497784342688331,METEOSWISS_SMN_DAILY_SELECTED,06:00_UTC_to_06:00_UTC_next_day,Montana,1423.0,46.298806,7.460814
MVE,2019-09-01,30,30,30,30,30,0,12.18,7.633333333333334,17.28666666666667,0,10.599999999999998,3,30,1.0,1.0,1.0,1.0,0.0,0.1,True,9,13,11.70948717948718,49.05384615384616,0.47051282051281973,-38.45384615384616,0.2160890700956562,METEOSWISS_SMN_DAILY_SELECTED,06:00_UTC_to_06:00_UTC_next_day,Montana,1423.0,46.298806,7.460814
MVE,2019-10-01,31,31,31,31,31,0,9.432258064516128,5.441935483870967,13.80967741935484,1,76.4,11,31,1.0,1.0,1.0,1.0,0.03225806451612903,0.3548387096774194,True,10,13,8.221588089330025,64.15384615384616,1.2106699751861036,12.246153846153845,1.1908872901678658,METEOSWISS_SMN_DAILY_SELECTED,06:00_UTC_to_06:00_UTC_next_day,Montana,1423.0,46.298806,7.460814
MVE,2019-11-01,30,30,30,30,30,0,1.4666666666666666,-1.3266666666666667,4.28,19,112.20000000000002,12,30,1.0,1.0,1.0,1.0,0.6333333333333333,0.4,True,11,13,2.7412820512820515,78.66153846153846,-1.274615384615385,33.53846153846156,1.4263641697633487,METEOSWISS_SMN_DAILY_SELECTED,06:00_UTC_to_06:00_UTC_next_day,Montana,1423.0,46.298806,7.460814
MVE,2019-12-01,31,31,31,31,31,0,1.0612903225806452,-2.616129032258064,4.300000000000001,26,142.90000000000003,13,31,1.0,1.0,1.0,1.0,0.8387096774193549,0.41935483870967744,True,12,13,0.45632754342431764,84.31538461538463,0.6049627791563275,58.584615384615404,1.6948271143143874,METEOSWISS_SMN_DAILY_SELECTED,06:00_UTC_to_06:00_UTC_next_day,Montana,1423.0,46.298806,7.460814
MVE,2020-01-01,31,31,31,31,31,0,0.6903225806451613,-4.1,5.145161290322581,30,40.50000000000001,5,31,1.0,1.0,1.0,1.0,0.967741935483871,0.16129032258064516,True,1,13,-1.496774193548387,85.03076923076924,2.1870967741935483,-44.53076923076923,0.47629817260720103,METEOSWISS_SMN_DAILY_SELECTED,06:00_UTC_to_06:00_UTC_next_day,Montana,1423.0,46.298806,7.460814
MVE,2020-02-01,29,29,29,29,29,0,1.6551724137931034,-2.8137931034482757,6.086206896551724,22,117.20000000000002,12,29,1.0,1.0,1.0,1.0,0.7586206896551724,0.41379310344827586,True,2,13,-0.11465517241379307,51.46153846153846,1.7698275862068964,65.73846153846156,2.2774289985052323,METEOSWISS_SMN_DAILY_SELECTED,06:00_UTC_to_06:00_UTC_next_day,Montana,1423.0,46.298806,7.460814
MVE,2020-03-01,31,31,31,31,31,0,1.961290322580645,-2.3451612903225807,6.629032258064516,22,73.39999999999999,9,31,1.0,1.0,1.0,1.0,0.7096774193548387,0.2903225806451613,True,3,13,2.3476426799007446,61.361538461538466,-0.38635235732009954,12.038461538461526,1.1961890435000624,METEOSWISS_SMN_DAILY_SELECTED,06:00_UTC_to_06:00_UTC_next_day,Montana,1423.0,46.298806,7.460814
MVE,2020-04-01,30,30,30,30,30,0,8.753333333333334,3.1666666666666665,14.370000000000001,4,33.4,4,30,1.0,1.0,1.0,1.0,0.13333333333333333,0.13333333333333333,True,4,13,6.083333333333334,50.099999999999994,2.67,-16.699999999999996,0.6666666666666667,METEOSWISS_SMN_DAILY_SELECTED,06:00_UTC_to_06:00_UTC_next_day,Montana,1423.0,46.298806,7.460814
MVE,2020-05-01,31,31,31,31,31,0,10.55483870967742,5.290322580645161,16.03548387096774,0,64.1,8,31,1.0,1.0,1.0,1.0,0.0,0.25806451612903225,True,5,13,9.02332506203474,83.39230769230768,1.5315136476426794,-19.292307692307688,0.7686560280416936,METEOSWISS_SMN_DAILY_SELECTED,06:00_UTC_to_06:00_UTC_next_day,Montana,1423.0,46.298806,7.460814
MVE,2020-06-01,30,30,30,30,30,0,12.139999999999999,7.6466666666666665,17.05,0,95.19999999999999,11,30,1.0,1.0,1.0,1.0,0.0,0.36666666666666664,True,6,13,14.322307692307692,64.21538461538462,-2.1823076923076936,30.984615384615367,1.482510781025395,METEOSWISS_SMN_DAILY_SELECTED,06:00_UTC_to_06:00_UTC_next_day,Montana,1423.0,46.298806,7.460814
MVE,2020-07-01,31,31,31,31,31,0,16.00967741935484,10.341935483870968,22.219354838709677,0,47.0,7,31,1.0,1.0,1.0,1.0,0.0,0.22580645161290322,True,7,13,16.10198511166253,75.26153846153846,-0.09230769230768843,-28.261538461538464,0.6244889615699101,METEOSWISS_SMN_DAILY_SELECTED,06:00_UTC_to_06:00_UTC_next_day,Montana,1423.0,46.298806,7.460814
MVE,2020-08-01,31,31,31,31,31,0,15.629032258064516,10.583870967741936,21.393548387096775,0,99.69999999999999,10,31,1.0,1.0,1.0,1.0,0.0,0.3225806451612903,True,8,13,15.586352357320099,72.9076923076923,0.04267990074441741,26.792307692307688,1.3674825912639796,METEOSWISS_SMN_DAILY_SELECTED,06:00_UTC_to_06:00_UTC_next_day,Montana,1423.0,46.298806,7.460814
MVE,2020-09-01,30,30,30,30,30,0,12.103333333333333,7.653333333333333,17.293333333333333,4,41.39999999999999,5,30,1.0,1.0,1.0,1.0,0.13333333333333333,0.16666666666666666,True,9,13,11.70948717948718,49.05384615384616,0.3938461538461535,-7.6538461538461675,0.8439705190528459,METEOSWISS_SMN_DAILY_SELECTED,06:00_UTC_to_06:00_UTC_next_day,Montana,1423.0,46.298806,7.460814
MVE,2020-10-01,31,31,31,31,31,0,5.441935483870967,2.0129032258064514,9.903225806451612,9,96.39999999999999,11,31,1.0,1.0,1.0,1.0,0.2903225806451613,0.3548387096774194,True,10,13,8.221588089330025,64.15384615384616,-2.7796526054590576,32.24615384615383,1.502637889688249,METEOSWISS_SMN_DAILY_SELECTED,06:00_UTC_to_06:00_UTC_next_day,Montana,1423.0,46.298806,7.460814
MVE,2020-11-01,30,30,30,30,30,0,4.926666666666667,0.3633333333333333,9.763333333333332,14,9.2,2,30,1.0,1.0,1.0,1.0,0.4666666666666667,0.06666666666666667,True,11,13,2.7412820512820515,78.66153846153846,2.1853846153846153,-69.46153846153845,0.11695677684334051,METEOSWISS_SMN_DAILY_SELECTED,06:00_UTC_to_06:00_UTC_next_day,Montana,1423.0,46.298806,7.460814
MVE,2020-12-01,31,31,31,31,31,0,-1.0935483870967742,-4.193548387096774,1.7645161290322582,27,55.79999999999999,9,31,1.0,1.0,1.0,1.0,0.8709677419354839,0.2903225806451613,True,12,13,0.45632754342431764,84.31538461538463,-1.5498759305210918,-28.51538461538464,0.6618009305720278,METEOSWISS_SMN_DAILY_SELECTED,06:00_UTC_to_06:00_UTC_next_day,Montana,1423.0,46.298806,7.460814
MVE,2021-01-01,31,31,31,31,31,0,-3.6774193548387095,-7.112903225806452,-0.6516129032258063,31,152.10000000000002,15,31,1.0,1.0,1.0,1.0,1.0,0.4838709677419355,True,1,13,-1.496774193548387,85.03076923076924,-2.1806451612903226,67.06923076923078,1.7887642482359327,METEOSWISS_SMN_DAILY_SELECTED,06:00_UTC_to_06:00_UTC_next_day,Montana,1423.0,46.298806,7.460814
MVE,2021-02-01,28,28,28,28,28,0,2.0892857142857144,-1.8142857142857143,5.939285714285715,18,39.2,7,28,1.0,1.0,1.0,1.0,0.6428571428571429,0.25,True,2,13,-0.11465517241379307,51.46153846153846,2.2039408866995074,-12.261538461538457,0.7617339312406578,METEOSWISS_SMN_DAILY_SELECTED,06:00_UTC_to_06:00_UTC_next_day,Montana,1423.0,46.298806,7.460814
MVE,2021-03-01,31,31,31,31,31,0,1.6419354838709677,-3.0999999999999996,6.45483870967742,25,50.900000000000006,5,31,1.0,1.0,1.0,1.0,0.8064516129032258,0.16129032258064516,True,3,13,2.3476426799007446,61.361538461538466,-0.7057071960297769,-10.46153846153846,0.8295098407922779,METEOSWISS_SMN_DAILY_SELECTED,06:00_UTC_to_06:00_UTC_next_day,Montana,1423.0,46.298806,7.460814
MVE,2021-04-01,30,30,30,30,30,0,4.013333333333334,-0.8833333333333332,9.446666666666665,17,26.7,6,30,1.0,1.0,1.0,1.0,0.5666666666666667,0.2,True,4,13,6.083333333333334,50.099999999999994,-2.0700000000000003,-23.399999999999995,0.532934131736527,METEOSWISS_SMN_DAILY_SELECTED,06:00_UTC_to_06:00_UTC_next_day,Montana,1423.0,46.298806,7.460814
MVE,2021-05-01,31,31,31,31,31,0,6.548387096774194,2.0,11.26774193548387,6,143.0,13,31,1.0,1.0,1.0,1.0,0.1935483870967742,0.41935483870967744,True,5,13,9.02332506203474,83.39230769230768,-2.474937965260546,59.60769230769232,1.7147864588137627,METEOSWISS_SMN_DAILY_SELECTED,06:00_UTC_to_06:00_UTC_next_day,Montana,1423.0,46.298806,7.460814
MVE,2021-06-01,30,30,30,30,30,0,14.753333333333334,9.85,20.15666666666667,0,107.80000000000001,15,30,1.0,1.0,1.0,1.0,0.0,0.5,True,6,13,14.322307692307692,64.21538461538462,0.43102564102564145,43.58461538461539,1.678725443219933,METEOSWISS_SMN_DAILY_SELECTED,06:00_UTC_to_06:00_UTC_next_day,Montana,1423.0,46.298806,7.460814
MVE,2021-07-01,31,31,31,31,31,0,14.264516129032257,9.538709677419355,19.470967741935485,0,182.1,15,31,1.0,1.0,1.0,1.0,0.0,0.4838709677419355,True,7,13,16.10198511166253,75.26153846153846,-1.8374689826302717,106.83846153846153,2.419562551103843,METEOSWISS_SMN_DAILY_SELECTED,06:00_UTC_to_06:00_UTC_next_day,Montana,1423.0,46.298806,7.460814
MVE,2021-08-01,31,31,31,31,31,0,13.693548387096774,8.745161290322581,19.070967741935487,0,60.4,8,31,1.0,1.0,1.0,1.0,0.0,0.25806451612903225,True,8,13,15.586352357320099,72.9076923076923,-1.8928039702233246,-12.507692307692302,0.8284448195821904,METEOSWISS_SMN_DAILY_SELECTED,06:00_UTC_to_06:00_UTC_next_day,Montana,1423.0,46.298806,7.460814
MVE,2021-09-01,30,30,30,30,30,0,12.34,8.12,17.373333333333335,0,70.9,9,30,1.0,1.0,1.0,1.0,0.0,0.3,True,9,13,11.70948717948718,49.05384615384616,0.6305128205128199,21.846153846153847,1.4453504782813236,METEOSWISS_SMN_DAILY_SELECTED,06:00_UTC_to_06:00_UTC_next_day,Montana,1423.0,46.298806,7.460814
MVE,2021-10-01,31,31,31,31,31,0,6.880645161290323,2.7806451612903227,11.635483870967741,3,23.700000000000003,3,31,1.0,1.0,1.0,1.0,0.0967741935483871,0.0967741935483871,True,10,13,8.221588089330025,64.15384615384616,-1.340942928039702,-40.45384615384616,0.36942446043165467,METEOSWISS_SMN_DAILY_SELECTED,06:00_UTC_to_06:00_UTC_next_day,Montana,1423.0,46.298806,7.460814
MVE,2021-11-01,30,30,30,30,30,0,1.9366666666666668,-1.4666666666666666,6.013333333333334,21,21.6,5,30,1.0,1.0,1.0,1.0,0.7,0.16666666666666666,True,11,13,2.7412820512820515,78.66153846153846,-0.8046153846153847,-57.061538461538454,0.2745941717191473,METEOSWISS_SMN_DAILY_SELECTED,06:00_UTC_to_06:00_UTC_next_day,Montana,1423.0,46.298806,7.460814
MVE,2021-12-01,31,31,31,31,31,0,-0.5516129032258065,-4.609677419354839,3.5387096774193547,29,125.30000000000001,11,31,1.0,1.0,1.0,1.0,0.9354838709677419,0.3548387096774194,True,12,13,0.45632754342431764,84.31538461538463,-1.007940446650124,40.98461538461538,1.4860870358543927,METEOSWISS_SMN_DAILY_SELECTED,06:00_UTC_to_06:00_UTC_next_day,Montana,1423.0,46.298806,7.460814
MVE,2022-01-01,31,31,31,31,31,0,-0.996774193548387,-5.696774193548387,3.883870967741936,27,26.799999999999997,5,31,1.0,1.0,1.0,1.0,0.8709677419354839,0.16129032258064516,True,1,13,-1.496774193548387,85.03076923076924,0.4999999999999999,-58.23076923076924,0.3151800253301972,METEOSWISS_SMN_DAILY_SELECTED,06:00_UTC_to_06:00_UTC_next_day,Montana,1423.0,46.298806,7.460814
MVE,2022-02-01,28,28,28,28,28,0,0.13571428571428573,-4.675,4.478571428571429,27,65.2,9,28,1.0,1.0,1.0,1.0,0.9642857142857143,0.32142857142857145,True,2,13,-0.11465517241379307,51.46153846153846,0.2503694581280788,13.738461538461543,1.266965620328849,METEOSWISS_SMN_DAILY_SELECTED,06:00_UTC_to_06:00_UTC_next_day,Montana,1423.0,46.298806,7.460814
MVE,2022-03-01,31,31,31,31,31,0,3.2903225806451615,-1.7580645161290323,8.306451612903226,17,13.0,3,31,1.0,1.0,1.0,1.0,0.5483870967741935,0.0967741935483871,True,3,13,2.3476426799007446,61.361538461538466,0.9426799007444169,-48.361538461538466,0.21185909489783125,METEOSWISS_SMN_DAILY_SELECTED,06:00_UTC_to_06:00_UTC_next_day,Montana,1423.0,46.298806,7.460814
MVE,2022-04-01,30,30,30,30,30,0,5.47,0.060000000000000046,11.073333333333332,12,52.300000000000004,9,30,1.0,1.0,1.0,1.0,0.4,0.3,True,4,13,6.083333333333334,50.099999999999994,-0.6133333333333342,2.20000000000001,1.0439121756487029,METEOSWISS_SMN_DAILY_SELECTED,06:00_UTC_to_06:00_UTC_next_day,Montana,1423.0,46.298806,7.460814
MVE,2022-05-01,31,31,31,31,31,0,12.2,6.709677419354839,17.874193548387098,0,60.2,6,31,1.0,1.0,1.0,1.0,0.0,0.1935483870967742,True,5,13,9.02332506203474,83.39230769230768,3.1766749379652595,-23.19230769230768,0.7218891246195002,METEOSWISS_SMN_DAILY_SELECTED,06:00_UTC_to_06:00_UTC_next_day,Montana,1423.0,46.298806,7.460814
MVE,2022-06-01,30,30,30,30,30,0,15.846666666666666,9.95,21.44333333333333,0,66.7,12,30,1.0,1.0,1.0,1.0,0.0,0.4,True,6,13,14.322307692307692,64.21538461538462,1.5243589743589734,2.484615384615381,1.0386919022520364,METEOSWISS_SMN_DAILY_SELECTED,06:00_UTC_to_06:00_UTC_next_day,Montana,1423.0,46.298806,7.460814
MVE,2022-07-01,31,31,31,31,31,0,17.951612903225808,11.758064516129032,24.44193548387097,0,54.6,5,31,1.0,1.0,1.0,1.0,0.0,0.16129032258064516,True,7,13,16.10198511166253,75.26153846153846,1.8496277915632788,-20.661538461538463,0.7254701553556827,METEOSWISS_SMN_DAILY_SELECTED,06:00_UTC_to_06:00_UTC_next_day,Montana,1423.0,46.298806,7.460814
MVE,2022-08-01,31,31,31,31,31,0,16.906451612903226,11.219354838709679,22.967741935483872,0,39.699999999999996,7,31,1.0,1.0,1.0,1.0,0.0,0.22580645161290322,True,8,13,15.586352357320099,72.9076923076923,1.320099255583127,-33.207692307692305,0.5445241612154463,METEOSWISS_SMN_DAILY_SELECTED,06:00_UTC_to_06:00_UTC_next_day,Montana,1423.0,46.298806,7.460814
MVE,2022-09-01,30,30,30,30,30,0,10.913333333333332,6.430000000000001,16.246666666666666,0,77.2,11,30,1.0,1.0,1.0,1.0,0.0,0.36666666666666664,True,9,13,11.70948717948718,49.05384615384616,-0.7961538461538478,28.146153846153844,1.5737807746589305,METEOSWISS_SMN_DAILY_SELECTED,06:00_UTC_to_06:00_UTC_next_day,Montana,1423.0,46.298806,7.460814
MVE,2022-10-01,31,31,31,31,31,0,11.274193548387096,7.293548387096774,15.851612903225808,0,92.1,9,31,1.0,1.0,1.0,1.0,0.0,0.2903225806451613,True,10,13,8.221588089330025,64.15384615384616,3.0526054590570713,27.946153846153834,1.4356115107913667,METEOSWISS_SMN_DAILY_SELECTED,06:00_UTC_to_06:00_UTC_next_day,Montana,1423.0,46.298806,7.460814
MVE,2022-11-01,30,30,30,30,30,0,3.3666666666666667,0.019999999999999973,6.983333333333333,16,64.7,13,30,1.0,1.0,1.0,1.0,0.5333333333333333,0.43333333333333335,True,11,13,2.7412820512820515,78.66153846153846,0.6253846153846152,-13.961538461538453,0.8225112458439273,METEOSWISS_SMN_DAILY_SELECTED,06:00_UTC_to_06:00_UTC_next_day,Montana,1423.0,46.298806,7.460814
MVE,2022-12-01,31,31,31,31,31,0,0.5032258064516129,-2.890322580645161,3.8,22,110.7,10,31,1.0,1.0,1.0,1.0,0.7096774193548387,0.3225806451612903,True,12,13,0.45632754342431764,84.31538461538463,0.04689826302729522,26.384615384615373,1.3129276525864426,METEOSWISS_SMN_DAILY_SELECTED,06:00_UTC_to_06:00_UTC_next_day,Montana,1423.0,46.298806,7.460814
MVE,2023-01-01,31,31,31,31,31,0,-2.7193548387096773,-6.606451612903226,0.8935483870967742,26,54.900000000000006,7,31,1.0,1.0,1.0,1.0,0.8387096774193549,0.22580645161290322,True,1,13,-1.496774193548387,85.03076923076924,-1.2225806451612904,-30.130769230769232,0.6456486339786502,METEOSWISS_SMN_DAILY_SELECTED,06:00_UTC_to_06:00_UTC_next_day,Montana,1423.0,46.298806,7.460814
MVE,2023-02-01,28,28,28,28,28,0,0.9857142857142858,-3.685714285714286,6.007142857142857,22,3.4000000000000004,2,28,1.0,1.0,1.0,1.0,0.7857142857142857,0.07142857142857142,True,2,13,-0.11465517241379307,51.46153846153846,1.1003694581280787,-48.06153846153846,0.06606875934230196,METEOSWISS_SMN_DAILY_SELECTED,06:00_UTC_to_06:00_UTC_next_day,Montana,1423.0,46.298806,7.460814
MVE,2023-03-01,31,31,31,31,31,0,2.6419354838709674,-1.635483870967742,7.364516129032259,19,176.80000000000004,17,31,1.0,1.0,1.0,1.0,0.6129032258064516,0.5483870967741935,True,3,13,2.3476426799007446,61.361538461538466,0.29429280397022284,115.43846153846158,2.8812836906105055,METEOSWISS_SMN_DAILY_SELECTED,06:00_UTC_to_06:00_UTC_next_day,Montana,1423.0,46.298806,7.460814
MVE,2023-04-01,30,30,30,30,30,0,4.243333333333333,-0.06333333333333331,8.853333333333333,18,93.4,12,30,1.0,1.0,1.0,1.0,0.6,0.4,True,4,13,6.083333333333334,50.099999999999994,-1.8400000000000007,43.30000000000001,1.8642714570858288,METEOSWISS_SMN_DAILY_SELECTED,06:00_UTC_to_06:00_UTC_next_day,Montana,1423.0,46.298806,7.460814
MVE,2023-05-01,31,31,31,31,31,0,9.912903225806453,5.258064516129032,14.95483870967742,0,29.099999999999998,5,31,1.0,1.0,1.0,1.0,0.0,0.16129032258064516,True,5,13,9.02332506203474,83.39230769230768,0.8895781637717128,-54.29230769230769,0.3489530486117517,METEOSWISS_SMN_DAILY_SELECTED,06:00_UTC_to_06:00_UTC_next_day,Montana,1423.0,46.298806,7.460814
MVE,2023-06-01,30,30,30,30,30,0,15.266666666666667,9.506666666666666,21.259999999999998,0,36.699999999999996,6,30,1.0,1.0,1.0,1.0,0.0,0.2,True,6,13,14.322307692307692,64.21538461538462,0.9443589743589751,-27.515384615384626,0.5715141351221849,METEOSWISS_SMN_DAILY_SELECTED,06:00_UTC_to_06:00_UTC_next_day,Montana,1423.0,46.298806,7.460814
MVE,2023-07-01,31,31,31,31,31,0,16.79032258064516,11.109677419354838,22.91290322580645,0,73.7,8,31,1.0,1.0,1.0,1.0,0.0,0.25806451612903225,True,7,13,16.10198511166253,75.26153846153846,0.6883374689826312,-1.5615384615384613,0.9792518397383483,METEOSWISS_SMN_DAILY_SELECTED,06:00_UTC_to_06:00_UTC_next_day,Montana,1423.0,46.298806,7.460814
MVE,2023-08-01,31,31,31,31,31,0,16.296774193548387,11.23225806451613,21.94193548387097,0,75.89999999999999,8,31,1.0,1.0,1.0,1.0,0.0,0.25806451612903225,True,8,13,15.586352357320099,72.9076923076923,0.7104218362282886,2.9923076923076906,1.0410424140113947,METEOSWISS_SMN_DAILY_SELECTED,06:00_UTC_to_06:00_UTC_next_day,Montana,1423.0,46.298806,7.460814
MVE,2023-09-01,30,30,30,30,30,0,14.67,9.836666666666668,19.94333333333333,0,48.3,6,30,1.0,1.0,1.0,1.0,0.0,0.2,True,9,13,11.70948717948718,49.05384615384616,2.96051282051282,-0.7538461538461618,0.9846322722283204,METEOSWISS_SMN_DAILY_SELECTED,06:00_UTC_to_06:00_UTC_next_day,Montana,1423.0,46.298806,7.460814
MVE,2023-10-01,31,31,31,31,31,0,10.280645161290321,5.72258064516129,15.161290322580646,0,67.49999999999999,8,31,1.0,1.0,1.0,1.0,0.0,0.25806451612903225,True,10,13,8.221588089330025,64.15384615384616,2.0590570719602965,3.3461538461538254,1.0521582733812946,METEOSWISS_SMN_DAILY_SELECTED,06:00_UTC_to_06:00_UTC_next_day,Montana,1423.0,46.298806,7.460814
MVE,2023-11-01,30,30,30,30,30,0,0.9733333333333333,-2.51,4.203333333333333,23,247.2,20,30,1.0,1.0,1.0,1.0,0.7666666666666667,0.6666666666666666,True,11,13,2.7412820512820515,78.66153846153846,-1.7679487179487183,168.53846153846155,3.142577743008019,METEOSWISS_SMN_DAILY_SELECTED,06:00_UTC_to_06:00_UTC_next_day,Montana,1423.0,46.298806,7.460814
MVE,2023-12-01,31,31,31,31,31,0,0.5870967741935483,-3.041935483870968,4.080645161290323,26,164.5,11,31,1.0,1.0,1.0,1.0,0.8387096774193549,0.3548387096774194,True,12,13,0.45632754342431764,84.31538461538463,0.1307692307692307,80.18461538461537,1.9510081196971076,METEOSWISS_SMN_DAILY_SELECTED,06:00_UTC_to_06:00_UTC_next_day,Montana,1423.0,46.298806,7.460814
MVE,2024-01-01,31,31,31,31,31,0,0.06774193548387099,-3.8161290322580643,3.9935483870967743,27,80.60000000000001,9,31,1.0,1.0,1.0,1.0,0.8709677419354839,0.2903225806451613,True,1,13,-1.496774193548387,85.03076923076924,1.564516129032258,-4.430769230769229,0.9478921657318617,METEOSWISS_SMN_DAILY_SELECTED,06:00_UTC_to_06:00_UTC_next_day,Montana,1423.0,46.298806,7.460814
MVE,2024-02-01,29,29,29,29,29,0,3.089655172413793,-0.8448275862068966,7.248275862068965,18,55.5,5,29,1.0,1.0,1.0,1.0,0.6206896551724138,0.1724137931034483,True,2,13,-0.11465517241379307,51.46153846153846,3.204310344827586,4.03846153846154,1.07847533632287,METEOSWISS_SMN_DAILY_SELECTED,06:00_UTC_to_06:00_UTC_next_day,Montana,1423.0,46.298806,7.460814
MVE,2024-03-01,31,31,31,31,31,0,3.2516129032258063,-0.6064516129032257,7.622580645161291,15,90.0,14,31,1.0,1.0,1.0,1.0,0.4838709677419355,0.45161290322580644,True,3,13,2.3476426799007446,61.361538461538466,0.9039702233250617,28.638461538461534,1.4667168108311395,METEOSWISS_SMN_DAILY_SELECTED,06:00_UTC_to_06:00_UTC_next_day,Montana,1423.0,46.298806,7.460814
MVE,2024-04-01,30,30,30,30,30,0,5.776666666666667,1.2933333333333334,10.520000000000001,15,30.9,6,30,1.0,1.0,1.0,1.0,0.5,0.2,True,4,13,6.083333333333334,50.099999999999994,-0.30666666666666664,-19.199999999999996,0.6167664670658684,METEOSWISS_SMN_DAILY_SELECTED,06:00_UTC_to_06:00_UTC_next_day,Montana,1423.0,46.298806,7.460814
MVE,2024-05-01,31,31,31,31,31,0,8.951612903225806,4.987096774193549,13.819354838709677,1,95.6,18,31,1.0,1.0,1.0,1.0,0.03225806451612903,0.5806451612903226,True,5,13,9.02332506203474,83.39230769230768,-0.07171215880893378,12.207692307692312,1.1463887095286414,METEOSWISS_SMN_DAILY_SELECTED,06:00_UTC_to_06:00_UTC_next_day,Montana,1423.0,46.298806,7.460814
MVE,2024-06-01,30,30,30,30,30,0,13.35,9.03,18.240000000000002,0,80.5,14,30,1.0,1.0,1.0,1.0,0.0,0.4666666666666667,True,6,13,14.322307692307692,64.21538461538462,-0.9723076923076928,16.28461538461538,1.253593675131768,METEOSWISS_SMN_DAILY_SELECTED,06:00_UTC_to_06:00_UTC_next_day,Montana,1423.0,46.298806,7.460814
MVE,2024-07-01,31,31,31,31,31,0,16.64516129032258,11.587096774193547,22.183870967741935,0,77.80000000000001,9,31,1.0,1.0,1.0,1.0,0.0,0.2903225806451613,True,7,13,16.10198511166253,75.26153846153846,0.5431761786600511,2.538461538461547,1.0337285363859363,METEOSWISS_SMN_DAILY_SELECTED,06:00_UTC_to_06:00_UTC_next_day,Montana,1423.0,46.298806,7.460814
MVE,2024-08-01,31,31,31,31,31,0,17.370967741935484,12.370967741935484,22.93548387096774,0,50.099999999999994,6,31,1.0,1.0,1.0,1.0,0.0,0.1935483870967742,True,8,13,15.586352357320099,72.9076923076923,1.7846153846153854,-22.807692307692307,0.6871702890905255,METEOSWISS_SMN_DAILY_SELECTED,06:00_UTC_to_06:00_UTC_next_day,Montana,1423.0,46.298806,7.460814
MVE,2024-09-01,30,30,30,30,30,0,10.353333333333333,6.616666666666666,14.746666666666666,1,103.4,12,30,1.0,1.0,1.0,1.0,0.03333333333333333,0.4,True,9,13,11.70948717948718,49.05384615384616,-1.3561538461538465,54.34615384615385,2.1078877214991376,METEOSWISS_SMN_DAILY_SELECTED,06:00_UTC_to_06:00_UTC_next_day,Montana,1423.0,46.298806,7.460814
MVE,2024-10-01,31,31,31,31,31,0,9.187096774193549,5.609677419354839,13.235483870967743,1,96.4,8,31,1.0,1.0,1.0,1.0,0.03225806451612903,0.25806451612903225,True,10,13,8.221588089330025,64.15384615384616,0.9655086848635239,32.246153846153845,1.5026378896882493,METEOSWISS_SMN_DAILY_SELECTED,06:00_UTC_to_06:00_UTC_next_day,Montana,1423.0,46.298806,7.460814
MVE,2024-11-01,30,30,30,30,30,0,3.2633333333333336,-0.5966666666666666,7.83,17,71.3,5,30,1.0,1.0,1.0,1.0,0.5666666666666667,0.16666666666666666,True,11,13,2.7412820512820515,78.66153846153846,0.5220512820512822,-7.3615384615384585,0.906415020535889,METEOSWISS_SMN_DAILY_SELECTED,06:00_UTC_to_06:00_UTC_next_day,Montana,1423.0,46.298806,7.460814
MVE,2024-12-01,31,31,31,31,31,0,-0.37419354838709684,-4.377419354838709,3.6258064516129034,29,95.8,8,31,1.0,1.0,1.0,1.0,0.9354838709677419,0.25806451612903225,True,12,13,0.45632754342431764,84.31538461538463,-0.8305210918114145,11.484615384615367,1.1362101997992882,METEOSWISS_SMN_DAILY_SELECTED,06:00_UTC_to_06:00_UTC_next_day,Montana,1423.0,46.298806,7.460814
MVE,2025-01-01,31,31,31,31,31,0,0.11290322580645155,-3.6774193548387095,3.6580645161290324,27,96.3,11,31,1.0,1.0,1.0,1.0,0.8709677419354839,0.3548387096774194,True,1,13,-1.496774193548387,85.03076923076924,1.6096774193548384,11.26923076923076,1.1325312104215668,METEOSWISS_SMN_DAILY_SELECTED,06:00_UTC_to_06:00_UTC_next_day,Montana,1423.0,46.298806,7.460814
MVE,2025-02-01,28,28,28,28,28,0,1.092857142857143,-3.192857142857143,5.396428571428571,24,17.4,3,28,1.0,1.0,1.0,1.0,0.8571428571428571,0.10714285714285714,True,2,13,-0.11465517241379307,51.46153846153846,1.207512315270936,-34.06153846153846,0.3381165919282511,METEOSWISS_SMN_DAILY_SELECTED,06:00_UTC_to_06:00_UTC_next_day,Montana,1423.0,46.298806,7.460814
MVE,2025-03-01,31,31,31,31,31,0,3.693548387096774,-0.5193548387096775,8.670967741935485,20,12.1,4,31,1.0,1.0,1.0,1.0,0.6451612903225806,0.12903225806451613,True,3,13,2.3476426799007446,61.361538461538466,1.3459057071960294,-49.261538461538464,0.19719192678951986,METEOSWISS_SMN_DAILY_SELECTED,06:00_UTC_to_06:00_UTC_next_day,Montana,1423.0,46.298806,7.460814
MVE,2025-04-01,30,30,30,30,30,0,7.503333333333333,2.3366666666666664,12.963333333333333,7,102.89999999999999,3,30,1.0,1.0,1.0,1.0,0.23333333333333334,0.1,True,4,13,6.083333333333334,50.099999999999994,1.419999999999999,52.8,2.053892215568862,METEOSWISS_SMN_DAILY_SELECTED,06:00_UTC_to_06:00_UTC_next_day,Montana,1423.0,46.298806,7.460814
MVE,2025-05-01,31,31,31,31,31,0,9.538709677419355,4.864516129032259,14.687096774193549,0,69.69999999999999,11,31,1.0,1.0,1.0,1.0,0.0,0.3548387096774194,True,5,13,9.02332506203474,83.39230769230768,0.5153846153846153,-13.692307692307693,0.8358085047504843,METEOSWISS_SMN_DAILY_SELECTED,06:00_UTC_to_06:00_UTC_next_day,Montana,1423.0,46.298806,7.460814
MVE,2025-06-01,30,30,30,30,30,0,17.0,11.033333333333333,22.743333333333332,0,77.80000000000001,13,30,1.0,1.0,1.0,1.0,0.0,0.43333333333333335,True,6,13,14.322307692307692,64.21538461538462,2.6776923076923076,13.58461538461539,1.2115476760900814,METEOSWISS_SMN_DAILY_SELECTED,06:00_UTC_to_06:00_UTC_next_day,Montana,1423.0,46.298806,7.460814
MVE,2025-07-01,31,31,31,31,31,0,14.706451612903225,9.964516129032257,20.59032258064516,0,72.0,10,31,1.0,1.0,1.0,1.0,0.0,0.3225806451612903,True,7,13,16.10198511166253,75.26153846153846,-1.3955334987593044,-3.261538461538464,0.9566639411283728,METEOSWISS_SMN_DAILY_SELECTED,06:00_UTC_to_06:00_UTC_next_day,Montana,1423.0,46.298806,7.460814
MVE,2025-08-01,31,31,31,31,31,0,16.283870967741937,10.748387096774193,22.306451612903224,0,56.2,10,31,1.0,1.0,1.0,1.0,0.0,0.3225806451612903,True,8,13,15.586352357320099,72.9076923076923,0.697518610421838,-16.707692307692298,0.7708377294787931,METEOSWISS_SMN_DAILY_SELECTED,06:00_UTC_to_06:00_UTC_next_day,Montana,1423.0,46.298806,7.460814
MVE,2025-09-01,30,30,30,30,30,0,11.136666666666667,6.96,16.136666666666667,0,73.7,10,30,1.0,1.0,1.0,1.0,0.0,0.3333333333333333,True,9,13,11.70948717948718,49.05384615384616,-0.5728205128205133,24.646153846153844,1.5024306100047042,METEOSWISS_SMN_DAILY_SELECTED,06:00_UTC_to_06:00_UTC_next_day,Montana,1423.0,46.298806,7.460814
MVE,2025-10-01,31,31,31,31,31,0,6.393548387096774,2.606451612903226,11.006451612903225,2,129.4,9,31,1.0,1.0,1.0,1.0,0.06451612903225806,0.2903225806451613,True,10,13,8.221588089330025,64.15384615384616,-1.8280397022332506,65.24615384615385,2.0170263788968823,METEOSWISS_SMN_DAILY_SELECTED,06:00_UTC_to_06:00_UTC_next_day,Montana,1423.0,46.298806,7.460814
MVE,2025-11-01,30,30,30,30,30,0,2.2733333333333334,-1.8766666666666667,6.343333333333334,18,65.39999999999999,7,30,1.0,1.0,1.0,1.0,0.6,0.23333333333333334,True,11,13,2.7412820512820515,78.66153846153846,-0.46794871794871806,-13.261538461538464,0.8314101310385292,METEOSWISS_SMN_DAILY_SELECTED,06:00_UTC_to_06:00_UTC_next_day,Montana,1423.0,46.298806,7.460814
MVE,2025-12-01,31,31,31,31,31,0,2.2580645161290325,-1.2064516129032257,5.864516129032259,20,20.900000000000002,2,31,1.0,1.0,1.0,1.0,0.6451612903225806,0.06451612903225806,True,12,13,0.45632754342431764,84.31538461538463,1.8017369727047148,-63.415384615384625,0.24787884317124348,METEOSWISS_SMN_DAILY_SELECTED,06:00_UTC_to_06:00_UTC_next_day,Montana,1423.0,46.298806,7.460814
MVE,2026-01-01,31,31,31,31,31,0,-1.638709677419355,-4.958064516129032,1.6064516129032258,27,38.599999999999994,6,31,1.0,1.0,1.0,1.0,0.8709677419354839,0.1935483870967742,True,1,13,-1.496774193548387,85.03076923076924,-0.1419354838709681,-46.43076923076924,0.45395332006513467,METEOSWISS_SMN_DAILY_SELECTED,06:00_UTC_to_06:00_UTC_next_day,Montana,1423.0,46.298806,7.460814
MVE,2026-02-01,28,28,28,28,28,0,1.2107142857142856,-2.5,4.928571428571429,24,153.6,11,28,1.0,1.0,1.0,1.0,0.8571428571428571,0.39285714285714285,True,2,13,-0.11465517241379307,51.46153846153846,1.3253694581280786,102.13846153846154,2.9847533632286996,METEOSWISS_SMN_DAILY_SELECTED,06:00_UTC_to_06:00_UTC_next_day,Montana,1423.0,46.298806,7.460814
MVE,2026-03-01,31,31,31,31,31,0,1.9838709677419355,-2.3483870967741933,6.693548387096774,23,36.2,6,31,1.0,1.0,1.0,1.0,0.7419354838709677,0.1935483870967742,True,3,13,2.3476426799007446,61.361538461538466,-0.3637717121588091,-25.161538461538463,0.5899460950231917,METEOSWISS_SMN_DAILY_SELECTED,06:00_UTC_to_06:00_UTC_next_day,Montana,1423.0,46.298806,7.460814
