resort_id,resort_name_canonical,latitude,longitude,altitude_top_m,snow_station_code,snow_station_label,snow_station_latitude,snow_station_longitude,snow_station_elevation_m,snow_station_active_snapshot,snow_station_type,snow_station_distance_km,snow_station_elevation_gap_to_resort_top_m,snow_station_winter_coverage_share_2013_2025,snow_station_usable_winter_seasons,snow_proxy_quality,assignment_method,relationship_type,direct_slope_representation,source_ids,limitations
balmberg,Balmberg,47.261175,7.539282,1200,SHE2,Schibe,46.748825,7.812449,1852,True,SNOW_FLAT,60.6194179443221,652,0.9868421052631579,13,low,nearest_geographic_SLF_snow_station_with_at_least_80pct_winter_coverage_2013_2025,external_mountain_station_proxy_only,False,SLF_IMIS_STATIONS|SLF_IMIS_DAILY_SNOW,"IMIS stations support avalanche monitoring and can differ from the resort in terrain, aspect, exposure, elevation, grooming, and snowmaking."
hohe_winde_beinwil,Hohe Winde Beinwil,47.346791,7.594085,1073,SHE2,Schibe,46.748825,7.812449,1852,True,SNOW_FLAT,68.51828425412083,779,0.9868421052631579,13,low,nearest_geographic_SLF_snow_station_with_at_least_80pct_winter_coverage_2013_2025,external_mountain_station_proxy_only,False,SLF_IMIS_STATIONS|SLF_IMIS_DAILY_SNOW,"IMIS stations support avalanche monitoring and can differ from the resort in terrain, aspect, exposure, elevation, grooming, and snowmaking."
bumbach_schangnau,Bumbach - Schangnau,46.806787,7.887497,1365,SHE2,Schibe,46.748825,7.812449,1852,True,SNOW_FLAT,8.613884896067514,487,0.9868421052631579,13,high,nearest_geographic_SLF_snow_station_with_at_least_80pct_winter_coverage_2013_2025,external_mountain_station_proxy_only,False,SLF_IMIS_STATIONS|SLF_IMIS_DAILY_SNOW,"IMIS stations support avalanche monitoring and can differ from the resort in terrain, aspect, exposure, elevation, grooming, and snowmaking."
chuderhusi,Chuderhüsi,46.874583,7.7209,1100,SHE2,Schibe,46.748825,7.812449,1852,True,SNOW_FLAT,15.623141314753829,752,0.9868421052631579,13,moderate,nearest_geographic_SLF_snow_station_with_at_least_80pct_winter_coverage_2013_2025,external_mountain_station_proxy_only,False,SLF_IMIS_STATIONS|SLF_IMIS_DAILY_SNOW,"IMIS stations support avalanche monitoring and can differ from the resort in terrain, aspect, exposure, elevation, grooming, and snowmaking."
gantrisch_gurnigel,Gantrisch - Gurnigel,46.724344,7.45328,1670,STH2,Vorderstocken,46.682049,7.519649,1791,True,SNOW_FLAT,6.908808670026911,121,0.9987266553480475,13,high,nearest_geographic_SLF_snow_station_with_at_least_80pct_winter_coverage_2013_2025,external_mountain_station_proxy_only,False,SLF_IMIS_STATIONS|SLF_IMIS_DAILY_SNOW,"IMIS stations support avalanche monitoring and can differ from the resort in terrain, aspect, exposure, elevation, grooming, and snowmaking."
gurten_bern,Gurten Bern,46.918543,7.440187,855,STH2,Vorderstocken,46.682049,7.519649,1791,True,SNOW_FLAT,26.983595637727824,936,0.9987266553480475,13,low,nearest_geographic_SLF_snow_station_with_at_least_80pct_winter_coverage_2013_2025,external_mountain_station_proxy_only,False,SLF_IMIS_STATIONS|SLF_IMIS_DAILY_SNOW,"IMIS stations support avalanche monitoring and can differ from the resort in terrain, aspect, exposure, elevation, grooming, and snowmaking."
heimenschwand_buchholterberg,Heimenschwand Buchholterberg,46.825759,7.681117,1180,SHE2,Schibe,46.748825,7.812449,1852,True,SNOW_FLAT,13.159217759819036,672,0.9868421052631579,13,moderate,nearest_geographic_SLF_snow_station_with_at_least_80pct_winter_coverage_2013_2025,external_mountain_station_proxy_only,False,SLF_IMIS_STATIONS|SLF_IMIS_DAILY_SNOW,"IMIS stations support avalanche monitoring and can differ from the resort in terrain, aspect, exposure, elevation, grooming, and snowmaking."
homberg_skilift_dreiligass_winteregg,Homberg Skilift Dreiligass - Winteregg,46.770492,7.677759,1100,SHE2,Schibe,46.748825,7.812449,1852,True,SNOW_FLAT,10.539128796204201,752,0.9868421052631579,13,moderate,nearest_geographic_SLF_snow_station_with_at_least_80pct_winter_coverage_2013_2025,external_mountain_station_proxy_only,False,SLF_IMIS_STATIONS|SLF_IMIS_DAILY_SNOW,"IMIS stations support avalanche monitoring and can differ from the resort in terrain, aspect, exposure, elevation, grooming, and snowmaking."
linden_skilift_linden,Linden Skilift Linden,46.838971,7.677598,1040,SHE2,Schibe,46.748825,7.812449,1852,True,SNOW_FLAT,14.347916265159485,812,0.9868421052631579,13,moderate,nearest_geographic_SLF_snow_station_with_at_least_80pct_winter_coverage_2013_2025,external_mountain_station_proxy_only,False,SLF_IMIS_STATIONS|SLF_IMIS_DAILY_SNOW,"IMIS stations support avalanche monitoring and can differ from the resort in terrain, aspect, exposure, elevation, grooming, and snowmaking."
ottenleuebad,Ottenleuebad,46.730566,7.367363,1600,STH2,Vorderstocken,46.682049,7.519649,1791,True,SNOW_FLAT,12.803943098336147,191,0.9987266553480475,13,moderate,nearest_geographic_SLF_snow_station_with_at_least_80pct_winter_coverage_2013_2025,external_mountain_station_proxy_only,False,SLF_IMIS_STATIONS|SLF_IMIS_DAILY_SNOW,"IMIS stations support avalanche monitoring and can differ from the resort in terrain, aspect, exposure, elevation, grooming, and snowmaking."
ruschegg_eywald,Rüschegg - Eywald,46.761737,7.415943,1550,STH2,Vorderstocken,46.682049,7.519649,1791,True,SNOW_FLAT,11.874791201802202,241,0.9987266553480475,13,moderate,nearest_geographic_SLF_snow_station_with_at_least_80pct_winter_coverage_2013_2025,external_mountain_station_proxy_only,False,SLF_IMIS_STATIONS|SLF_IMIS_DAILY_SNOW,"IMIS stations support avalanche monitoring and can differ from the resort in terrain, aspect, exposure, elevation, grooming, and snowmaking."
schwarzenbuhl_selital,Schwarzenbühl Selital,46.744577,7.389829,1600,STH2,Vorderstocken,46.682049,7.519649,1791,True,SNOW_FLAT,12.095602670787278,191,0.9987266553480475,13,moderate,nearest_geographic_SLF_snow_station_with_at_least_80pct_winter_coverage_2013_2025,external_mountain_station_proxy_only,False,SLF_IMIS_STATIONS|SLF_IMIS_DAILY_SNOW,"IMIS stations support avalanche monitoring and can differ from the resort in terrain, aspect, exposure, elevation, grooming, and snowmaking."
langenbruck,Langenbruck,47.34501,7.763203,950,ROA2,Rotschalp,46.774319,7.993941,1875,True,SNOW_FLAT,65.821014556872,925,0.99830220713073,13,low,nearest_geographic_SLF_snow_station_with_at_least_80pct_winter_coverage_2013_2025,external_mountain_station_proxy_only,False,SLF_IMIS_STATIONS|SLF_IMIS_DAILY_SNOW,"IMIS stations support avalanche monitoring and can differ from the resort in terrain, aspect, exposure, elevation, grooming, and snowmaking."
bulle_la_chia,Bulle - La Chia,46.618141,7.055197,1300,ALI2,Chenau,46.488632,6.993298,1708,True,SNOW_FLAT,15.158664365686066,408,1.0,13,moderate,nearest_geographic_SLF_snow_station_with_at_least_80pct_winter_coverage_2013_2025,external_mountain_station_proxy_only,False,SLF_IMIS_STATIONS|SLF_IMIS_DAILY_SNOW,"IMIS stations support avalanche monitoring and can differ from the resort in terrain, aspect, exposure, elevation, grooming, and snowmaking."
charmey,Charmey,46.626158,7.206259,1630,JAU2,Fochsen,46.633049,7.274541,1707,True,SNOW_FLAT,5.269948115452776,77,1.0,13,high,nearest_geographic_SLF_snow_station_with_at_least_80pct_winter_coverage_2013_2025,external_mountain_station_proxy_only,False,SLF_IMIS_STATIONS|SLF_IMIS_DAILY_SNOW,"IMIS stations support avalanche monitoring and can differ from the resort in terrain, aspect, exposure, elevation, grooming, and snowmaking."
hapfere_plaffeien,Hapfere Plaffeien,46.730875,7.280062,935,JAU2,Fochsen,46.633049,7.274541,1707,True,SNOW_FLAT,10.885920375436825,772,1.0,13,moderate,nearest_geographic_SLF_snow_station_with_at_least_80pct_winter_coverage_2013_2025,external_mountain_station_proxy_only,False,SLF_IMIS_STATIONS|SLF_IMIS_DAILY_SNOW,"IMIS stations support avalanche monitoring and can differ from the resort in terrain, aspect, exposure, elevation, grooming, and snowmaking."
jaun_gastlosen,Jaun Gastlosen,46.610653,7.276211,1600,JAU2,Fochsen,46.633049,7.274541,1707,True,SNOW_FLAT,2.4935886943614833,107,1.0,13,high,nearest_geographic_SLF_snow_station_with_at_least_80pct_winter_coverage_2013_2025,external_mountain_station_proxy_only,False,SLF_IMIS_STATIONS|SLF_IMIS_DAILY_SNOW,"IMIS stations support avalanche monitoring and can differ from the resort in terrain, aspect, exposure, elevation, grooming, and snowmaking."
la_berra_la_roche,La Berra - La Roche,46.676091,7.175961,1640,JAU2,Fochsen,46.633049,7.274541,1707,True,SNOW_FLAT,8.917223241929408,67,1.0,13,high,nearest_geographic_SLF_snow_station_with_at_least_80pct_winter_coverage_2013_2025,external_mountain_station_proxy_only,False,SLF_IMIS_STATIONS|SLF_IMIS_DAILY_SNOW,"IMIS stations support avalanche monitoring and can differ from the resort in terrain, aspect, exposure, elevation, grooming, and snowmaking."
les_paccots_chatel_saint_denis,Les Paccots - Châtel Saint Denis,46.521312,6.947823,1500,ALI2,Chenau,46.488632,6.993298,1708,True,SNOW_FLAT,5.0317169829983985,208,1.0,13,high,nearest_geographic_SLF_snow_station_with_at_least_80pct_winter_coverage_2013_2025,external_mountain_station_proxy_only,False,SLF_IMIS_STATIONS|SLF_IMIS_DAILY_SNOW,"IMIS stations support avalanche monitoring and can differ from the resort in terrain, aspect, exposure, elevation, grooming, and snowmaking."
moleson_la_gruyere,Moléson - La Gruyère,46.550568,7.0205,2002,ALI2,Chenau,46.488632,6.993298,1708,True,SNOW_FLAT,7.194610937642134,294,1.0,13,high,nearest_geographic_SLF_snow_station_with_at_least_80pct_winter_coverage_2013_2025,external_mountain_station_proxy_only,False,SLF_IMIS_STATIONS|SLF_IMIS_DAILY_SNOW,"IMIS stations support avalanche monitoring and can differ from the resort in terrain, aspect, exposure, elevation, grooming, and snowmaking."
mont_gibloux,Mont Gibloux,46.686425,7.037687,1200,JAU2,Fochsen,46.633049,7.274541,1707,True,SNOW_FLAT,19.025310631327407,507,1.0,13,moderate,nearest_geographic_SLF_snow_station_with_at_least_80pct_winter_coverage_2013_2025,external_mountain_station_proxy_only,False,SLF_IMIS_STATIONS|SLF_IMIS_DAILY_SNOW,"IMIS stations support avalanche monitoring and can differ from the resort in terrain, aspect, exposure, elevation, grooming, and snowmaking."
rathvel,Rathvel,46.545639,6.979065,1496,ALI2,Chenau,46.488632,6.993298,1708,True,SNOW_FLAT,6.431773349303454,212,1.0,13,high,nearest_geographic_SLF_snow_station_with_at_least_80pct_winter_coverage_2013_2025,external_mountain_station_proxy_only,False,SLF_IMIS_STATIONS|SLF_IMIS_DAILY_SNOW,"IMIS stations support avalanche monitoring and can differ from the resort in terrain, aspect, exposure, elevation, grooming, and snowmaking."
schwarzsee_kaiseregg_bahnen,Schwarzsee Kaiseregg Bahnen,46.664635,7.291059,1750,JAU2,Fochsen,46.633049,7.274541,1707,True,SNOW_FLAT,3.731667860832108,43,1.0,13,high,nearest_geographic_SLF_snow_station_with_at_least_80pct_winter_coverage_2013_2025,external_mountain_station_proxy_only,False,SLF_IMIS_STATIONS|SLF_IMIS_DAILY_SNOW,"IMIS stations support avalanche monitoring and can differ from the resort in terrain, aspect, exposure, elevation, grooming, and snowmaking."
aela_maloja,Aela Maloja,46.396348,9.704447,2159,LAG3,Materdell,46.424527,9.697772,2300,True,SNOW_FLAT,3.1748823839635034,141,0.9910865874363328,13,high,nearest_geographic_SLF_snow_station_with_at_least_80pct_winter_coverage_2013_2025,external_mountain_station_proxy_only,False,SLF_IMIS_STATIONS|SLF_IMIS_DAILY_SNOW,"IMIS stations support avalanche monitoring and can differ from the resort in terrain, aspect, exposure, elevation, grooming, and snowmaking."
andermatt_oberalp_sedrun,Andermatt - Oberalp - Sedrun,46.667286,8.711815,2600,TUJ2,Culmatsch,46.68388,8.723751,2262,True,SNOW_FLAT,2.0576524377018535,338,0.9995755517826825,13,high,nearest_geographic_SLF_snow_station_with_at_least_80pct_winter_coverage_2013_2025,external_mountain_station_proxy_only,False,SLF_IMIS_STATIONS|SLF_IMIS_DAILY_SNOW,"IMIS stations support avalanche monitoring and can differ from the resort in terrain, aspect, exposure, elevation, grooming, and snowmaking."
arosa_lenzerheide,Arosa Lenzerheide,46.764619,9.607973,2865,DAV3,Hanengretji,46.788833,9.77399,2455,True,SNOW_FLAT,12.925921477190817,410,0.9991511035653651,13,moderate,nearest_geographic_SLF_snow_station_with_at_least_80pct_winter_coverage_2013_2025,external_mountain_station_proxy_only,False,SLF_IMIS_STATIONS|SLF_IMIS_DAILY_SNOW,"IMIS stations support avalanche monitoring and can differ from the resort in terrain, aspect, exposure, elevation, grooming, and snowmaking."
avers,Avers,46.445427,9.539695,2600,JUL2,Vairana,46.478497,9.692311,2426,True,SNOW_FLAT,12.254378435235267,174,1.0,13,moderate,nearest_geographic_SLF_snow_station_with_at_least_80pct_winter_coverage_2013_2025,external_mountain_station_proxy_only,False,SLF_IMIS_STATIONS|SLF_IMIS_DAILY_SNOW,"IMIS stations support avalanche monitoring and can differ from the resort in terrain, aspect, exposure, elevation, grooming, and snowmaking."
bergun_filisur_bergun_filisur_darlux,Bergün - Filisur Bergün - Filisur / Darlux,46.623299,9.771051,2567,ELA2,Tschitta,46.591425,9.714694,2726,True,SNOW_FLAT,5.5763553864938045,159,1.0,13,high,nearest_geographic_SLF_snow_station_with_at_least_80pct_winter_coverage_2013_2025,external_mountain_station_proxy_only,False,SLF_IMIS_STATIONS|SLF_IMIS_DAILY_SNOW,"IMIS stations support avalanche monitoring and can differ from the resort in terrain, aspect, exposure, elevation, grooming, and snowmaking."
bivio,Bivio,46.46902,9.650717,2560,JUL2,Vairana,46.478497,9.692311,2426,True,SNOW_FLAT,3.3550027332139565,134,1.0,13,high,nearest_geographic_SLF_snow_station_with_at_least_80pct_winter_coverage_2013_2025,external_mountain_station_proxy_only,False,SLF_IMIS_STATIONS|SLF_IMIS_DAILY_SNOW,"IMIS stations support avalanche monitoring and can differ from the resort in terrain, aspect, exposure, elevation, grooming, and snowmaking."
brambruesch_chur_brambruesch,Brambrüesch Chur - Brambrüesch,46.82937,9.516478,2160,TAM3,Schaftäli,46.890984,9.458167,2166,True,SNOW_FLAT,8.160580673246422,6,0.9915110356536503,13,high,nearest_geographic_SLF_snow_station_with_at_least_80pct_winter_coverage_2013_2025,external_mountain_station_proxy_only,False,SLF_IMIS_STATIONS|SLF_IMIS_DAILY_SNOW,"IMIS stations support avalanche monitoring and can differ from the resort in terrain, aspect, exposure, elevation, grooming, and snowmaking."
brigels_waltensburg_andiast,Brigels Waltensburg Andiast,46.795006,9.075394,2418,TUM2,Val Miez,46.781066,9.021468,2191,True,SNOW_FLAT,4.388528290619449,227,1.0,13,high,nearest_geographic_SLF_snow_station_with_at_least_80pct_winter_coverage_2013_2025,external_mountain_station_proxy_only,False,SLF_IMIS_STATIONS|SLF_IMIS_DAILY_SNOW,"IMIS stations support avalanche monitoring and can differ from the resort in terrain, aspect, exposure, elevation, grooming, and snowmaking."
bugls_s_chanf,Bügls - S - chanf,46.613038,9.997939,1730,KES2,Porta d'Es-cha,46.621284,9.898139,2727,True,SNOW_FLAT,7.6773299417366765,997,0.9995755517826825,13,moderate,nearest_geographic_SLF_snow_station_with_at_least_80pct_winter_coverage_2013_2025,external_mountain_station_proxy_only,False,SLF_IMIS_STATIONS|SLF_IMIS_DAILY_SNOW,"IMIS stations support avalanche monitoring and can differ from the resort in terrain, aspect, exposure, elevation, grooming, and snowmaking."
corvatsch_furtschellas,Corvatsch - Furtschellas,46.432119,9.823236,3303,LAG2,Tscheppa,46.451357,9.74458,2730,True,SNOW_FLAT,6.3952843769270595,573,0.9974533106960951,13,moderate,nearest_geographic_SLF_snow_station_with_at_least_80pct_winter_coverage_2013_2025,external_mountain_station_proxy_only,False,SLF_IMIS_STATIONS|SLF_IMIS_DAILY_SNOW,"IMIS stations support avalanche monitoring and can differ from the resort in terrain, aspect, exposure, elevation, grooming, and snowmaking."
corviglia_st_moritz,Corviglia St. Moritz,46.513102,9.818344,3057,BEV2,Valetta,46.539564,9.83709,2512,True,SNOW_FLAT,3.2733434083166313,545,1.0,13,moderate,nearest_geographic_SLF_snow_station_with_at_least_80pct_winter_coverage_2013_2025,external_mountain_station_proxy_only,False,SLF_IMIS_STATIONS|SLF_IMIS_DAILY_SNOW,"IMIS stations support avalanche monitoring and can differ from the resort in terrain, aspect, exposure, elevation, grooming, and snowmaking."
diavolezza_lagalb,Diavolezza - Lagalb,46.413612,9.966389,2978,BER2,Motta Bianca,46.420571,10.029201,2447,True,SNOW_FLAT,4.876840655555957,531,1.0,13,moderate,nearest_geographic_SLF_snow_station_with_at_least_80pct_winter_coverage_2013_2025,external_mountain_station_proxy_only,False,SLF_IMIS_STATIONS|SLF_IMIS_DAILY_SNOW,"IMIS stations support avalanche monitoring and can differ from the resort in terrain, aspect, exposure, elevation, grooming, and snowmaking."
disentis,Disentis,46.704321,8.814468,2850,LUM2,Lumpegna Süd,46.73118,8.86169,2365,True,SNOW_SLOPE,4.6775352686175315,485,0.9966044142614601,13,high,nearest_geographic_SLF_snow_station_with_at_least_80pct_winter_coverage_2013_2025,external_mountain_station_proxy_only,False,SLF_IMIS_STATIONS|SLF_IMIS_DAILY_SNOW,"IMIS stations support avalanche monitoring and can differ from the resort in terrain, aspect, exposure, elevation, grooming, and snowmaking."
feldis,Feldis,46.79386,9.441891,2000,TAM3,Schaftäli,46.890984,9.458167,2166,True,SNOW_FLAT,10.870428273350702,166,0.9915110356536503,13,moderate,nearest_geographic_SLF_snow_station_with_at_least_80pct_winter_coverage_2013_2025,external_mountain_station_proxy_only,False,SLF_IMIS_STATIONS|SLF_IMIS_DAILY_SNOW,"IMIS stations support avalanche monitoring and can differ from the resort in terrain, aspect, exposure, elevation, grooming, and snowmaking."
grusch_danusa,Grüsch Danusa,46.961045,9.634493,1800,MLB2,Bärgtälli,47.088468,9.61177,1974,True,SNOW_FLAT,14.273116084198925,174,1.0,13,moderate,nearest_geographic_SLF_snow_station_with_at_least_80pct_winter_coverage_2013_2025,external_mountain_station_proxy_only,False,SLF_IMIS_STATIONS|SLF_IMIS_DAILY_SNOW,"IMIS stations support avalanche monitoring and can differ from the resort in terrain, aspect, exposure, elevation, grooming, and snowmaking."
heuberge_fideriser_heuberge,Heuberge Fideriser Heuberge,46.866294,9.724874,2360,PAR2,Kreuzweg,46.851725,9.804844,2290,True,SNOW_FLAT,6.292603995398298,70,0.9698641765704584,12,high,nearest_geographic_SLF_snow_station_with_at_least_80pct_winter_coverage_2013_2025,external_mountain_station_proxy_only,False,SLF_IMIS_STATIONS|SLF_IMIS_DAILY_SNOW,"IMIS stations support avalanche monitoring and can differ from the resort in terrain, aspect, exposure, elevation, grooming, and snowmaking."
hochwang,Hochwang,46.840557,9.648889,2284,DAV3,Hanengretji,46.788833,9.77399,2455,True,SNOW_FLAT,11.122370160001386,171,0.9991511035653651,13,moderate,nearest_geographic_SLF_snow_station_with_at_least_80pct_winter_coverage_2013_2025,external_mountain_station_proxy_only,False,SLF_IMIS_STATIONS|SLF_IMIS_DAILY_SNOW,"IMIS stations support avalanche monitoring and can differ from the resort in terrain, aspect, exposure, elevation, grooming, and snowmaking."
jakobshorn_davos_jakobshorn,Jakobshorn Davos Jakobshorn,46.774495,9.83654,2590,SLF2,Davos Stilli (SLF),46.812767,9.848265,1563,True,SNOW_FLAT,4.348257920895841,1027,0.9987266553480475,13,low,nearest_geographic_SLF_snow_station_with_at_least_80pct_winter_coverage_2013_2025,external_mountain_station_proxy_only,False,SLF_IMIS_STATIONS|SLF_IMIS_DAILY_SNOW,"IMIS stations support avalanche monitoring and can differ from the resort in terrain, aspect, exposure, elevation, grooming, and snowmaking."
junker_st_antonien,Junker - St. Antönien,46.971446,9.803253,1650,KLO2,Madrisa,46.909115,9.873859,2147,True,SNOW_FLAT,8.761907435763222,497,1.0,13,high,nearest_geographic_SLF_snow_station_with_at_least_80pct_winter_coverage_2013_2025,external_mountain_station_proxy_only,False,SLF_IMIS_STATIONS|SLF_IMIS_DAILY_SNOW,"IMIS stations support avalanche monitoring and can differ from the resort in terrain, aspect, exposure, elevation, grooming, and snowmaking."
laax_flims_laax_falera,Laax Flims Laax Falera,46.847979,9.217186,3018,CMA2,La Fuorcla,46.846872,9.183455,2325,True,SNOW_FLAT,2.56823289079682,693,1.0,13,moderate,nearest_geographic_SLF_snow_station_with_at_least_80pct_winter_coverage_2013_2025,external_mountain_station_proxy_only,False,SLF_IMIS_STATIONS|SLF_IMIS_DAILY_SNOW,"IMIS stations support avalanche monitoring and can differ from the resort in terrain, aspect, exposure, elevation, grooming, and snowmaking."
languard_pontresina,Languard Pontresina,46.491566,9.907554,2320,BER3,Puoz Bass,46.440915,9.91589,2625,True,SNOW_FLAT,5.668212972674956,305,0.9796264855687606,12,high,nearest_geographic_SLF_snow_station_with_at_least_80pct_winter_coverage_2013_2025,external_mountain_station_proxy_only,False,SLF_IMIS_STATIONS|SLF_IMIS_DAILY_SNOW,"IMIS stations support avalanche monitoring and can differ from the resort in terrain, aspect, exposure, elevation, grooming, and snowmaking."
madrisa_klosters_madrisa,Madrisa Klosters Madrisa,46.897446,9.867868,2602,KLO2,Madrisa,46.909115,9.873859,2147,True,SNOW_FLAT,1.3750484360517425,455,1.0,13,high,nearest_geographic_SLF_snow_station_with_at_least_80pct_winter_coverage_2013_2025,external_mountain_station_proxy_only,False,SLF_IMIS_STATIONS|SLF_IMIS_DAILY_SNOW,"IMIS stations support avalanche monitoring and can differ from the resort in terrain, aspect, exposure, elevation, grooming, and snowmaking."
mastrils_skilift_mastrils,Mastrils Skilift Mastrils,46.967238,9.538779,940,TAM3,Schaftäli,46.890984,9.458167,2166,True,SNOW_FLAT,10.457771424587138,1226,0.9915110356536503,13,low,nearest_geographic_SLF_snow_station_with_at_least_80pct_winter_coverage_2013_2025,external_mountain_station_proxy_only,False,SLF_IMIS_STATIONS|SLF_IMIS_DAILY_SNOW,"IMIS stations support avalanche monitoring and can differ from the resort in terrain, aspect, exposure, elevation, grooming, and snowmaking."
minschuns_val_mustair,Minschuns - Val Müstair,46.647256,10.332212,2700,OFE2,Murtaröl,46.631706,10.289051,2359,True,SNOW_FLAT,3.721237107339473,341,1.0,13,high,nearest_geographic_SLF_snow_station_with_at_least_80pct_winter_coverage_2013_2025,external_mountain_station_proxy_only,False,SLF_IMIS_STATIONS|SLF_IMIS_DAILY_SNOW,"IMIS stations support avalanche monitoring and can differ from the resort in terrain, aspect, exposure, elevation, grooming, and snowmaking."
motta_naluns_scuol_motta_naluns,Motta Naluns Scuol Motta Naluns,46.818447,10.261745,2800,NAS2,Schlivèra,46.815038,10.255321,2350,True,SNOW_FLAT,0.6185837531418712,450,1.0,13,high,nearest_geographic_SLF_snow_station_with_at_least_80pct_winter_coverage_2013_2025,external_mountain_station_proxy_only,False,SLF_IMIS_STATIONS|SLF_IMIS_DAILY_SNOW,"IMIS stations support avalanche monitoring and can differ from the resort in terrain, aspect, exposure, elevation, grooming, and snowmaking."
muottas_muragl,Muottas Muragl,46.518654,9.89705,2456,BEV2,Valetta,46.539564,9.83709,2512,True,SNOW_FLAT,5.142607885780313,56,1.0,13,high,nearest_geographic_SLF_snow_station_with_at_least_80pct_winter_coverage_2013_2025,external_mountain_station_proxy_only,False,SLF_IMIS_STATIONS|SLF_IMIS_DAILY_SNOW,"IMIS stations support avalanche monitoring and can differ from the resort in terrain, aspect, exposure, elevation, grooming, and snowmaking."
musella_la_punt_musella,Müsella La Punt - Müsella,46.571481,9.930184,1790,KES2,Porta d'Es-cha,46.621284,9.898139,2727,True,SNOW_FLAT,6.054960998566944,937,0.9995755517826825,13,moderate,nearest_geographic_SLF_snow_station_with_at_least_80pct_winter_coverage_2013_2025,external_mountain_station_proxy_only,False,SLF_IMIS_STATIONS|SLF_IMIS_DAILY_SNOW,"IMIS stations support avalanche monitoring and can differ from the resort in terrain, aspect, exposure, elevation, grooming, and snowmaking."
obermutten_mutten_obermutten,Obermutten Mutten - Obermutten,46.672336,9.487853,2000,PMA2,Colms da Parsonz,46.580076,9.537387,2429,True,SNOW_FLAT,10.933995087853482,429,0.9910865874363328,13,moderate,nearest_geographic_SLF_snow_station_with_at_least_80pct_winter_coverage_2013_2025,external_mountain_station_proxy_only,False,SLF_IMIS_STATIONS|SLF_IMIS_DAILY_SNOW,"IMIS stations support avalanche monitoring and can differ from the resort in terrain, aspect, exposure, elevation, grooming, and snowmaking."
obersaxen_mundaun,Obersaxen Mundaun,46.736331,9.119854,2310,TUM2,Val Miez,46.781066,9.021468,2191,True,SNOW_FLAT,8.995252683236112,119,1.0,13,high,nearest_geographic_SLF_snow_station_with_at_least_80pct_winter_coverage_2013_2025,external_mountain_station_proxy_only,False,SLF_IMIS_STATIONS|SLF_IMIS_DAILY_SNOW,"IMIS stations support avalanche monitoring and can differ from the resort in terrain, aspect, exposure, elevation, grooming, and snowmaking."
pany,Pany,46.933802,9.760868,1550,KLO2,Madrisa,46.909115,9.873859,2147,True,SNOW_FLAT,9.009615517078064,597,1.0,13,moderate,nearest_geographic_SLF_snow_station_with_at_least_80pct_winter_coverage_2013_2025,external_mountain_station_proxy_only,False,SLF_IMIS_STATIONS|SLF_IMIS_DAILY_SNOW,"IMIS stations support avalanche monitoring and can differ from the resort in terrain, aspect, exposure, elevation, grooming, and snowmaking."
parsenn_davos_klosters_parsenn,Parsenn Davos Klosters Parsenn,46.847571,9.820662,2844,PAR2,Kreuzweg,46.851725,9.804844,2290,True,SNOW_FLAT,1.288561124501289,554,0.9698641765704584,12,moderate,nearest_geographic_SLF_snow_station_with_at_least_80pct_winter_coverage_2013_2025,external_mountain_station_proxy_only,False,SLF_IMIS_STATIONS|SLF_IMIS_DAILY_SNOW,"IMIS stations support avalanche monitoring and can differ from the resort in terrain, aspect, exposure, elevation, grooming, and snowmaking."
pian_cales_san_bernardino,Pian Cales San Bernardino,46.462443,9.196994,2525,MES2,Pian Grand,46.414011,9.160297,2384,True,SNOW_FLAT,6.075367583151477,141,0.9978777589134126,13,high,nearest_geographic_SLF_snow_station_with_at_least_80pct_winter_coverage_2013_2025,external_mountain_station_proxy_only,False,SLF_IMIS_STATIONS|SLF_IMIS_DAILY_SNOW,"IMIS stations support avalanche monitoring and can differ from the resort in terrain, aspect, exposure, elevation, grooming, and snowmaking."
pischa_davos_pischa,Pischa Davos Pischa,46.807873,9.913616,2483,KLO3,Gatschiefer,46.841271,9.931672,2299,True,SNOW_FLAT,3.9596394130217667,184,0.9944821731748726,13,high,nearest_geographic_SLF_snow_station_with_at_least_80pct_winter_coverage_2013_2025,external_mountain_station_proxy_only,False,SLF_IMIS_STATIONS|SLF_IMIS_DAILY_SNOW,"IMIS stations support avalanche monitoring and can differ from the resort in terrain, aspect, exposure, elevation, grooming, and snowmaking."
pradaschier_churwalden,Pradaschier - Churwalden,46.782678,9.520105,2235,TAM3,Schaftäli,46.890984,9.458167,2166,True,SNOW_FLAT,12.931869212354977,69,0.9915110356536503,13,moderate,nearest_geographic_SLF_snow_station_with_at_least_80pct_winter_coverage_2013_2025,external_mountain_station_proxy_only,False,SLF_IMIS_STATIONS|SLF_IMIS_DAILY_SNOW,"IMIS stations support avalanche monitoring and can differ from the resort in terrain, aspect, exposure, elevation, grooming, and snowmaking."
rinerhorn_davos_rinerhorn,Rinerhorn Davos Rinerhorn,46.745978,9.800406,2490,DAV3,Hanengretji,46.788833,9.77399,2455,True,SNOW_FLAT,5.172593761830497,35,0.9991511035653651,13,high,nearest_geographic_SLF_snow_station_with_at_least_80pct_winter_coverage_2013_2025,external_mountain_station_proxy_only,False,SLF_IMIS_STATIONS|SLF_IMIS_DAILY_SNOW,"IMIS stations support avalanche monitoring and can differ from the resort in terrain, aspect, exposure, elevation, grooming, and snowmaking."
rossa,Rossa,46.372306,9.128048,1150,MES2,Pian Grand,46.414011,9.160297,2384,True,SNOW_FLAT,5.25569181531893,1234,0.9978777589134126,13,low,nearest_geographic_SLF_snow_station_with_at_least_80pct_winter_coverage_2013_2025,external_mountain_station_proxy_only,False,SLF_IMIS_STATIONS|SLF_IMIS_DAILY_SNOW,"IMIS stations support avalanche monitoring and can differ from the resort in terrain, aspect, exposure, elevation, grooming, and snowmaking."
samnaun_silvretta_arena_samnaun_ischgl,Samnaun Silvretta Arena Samnaun / Ischgl,46.981189,10.374098,2900,SMN2,Ravaischer Salaas,46.95638,10.33834,2512,True,SNOW_FLAT,3.869368534317143,388,0.9987266553480475,13,high,nearest_geographic_SLF_snow_station_with_at_least_80pct_winter_coverage_2013_2025,external_mountain_station_proxy_only,False,SLF_IMIS_STATIONS|SLF_IMIS_DAILY_SNOW,"IMIS stations support avalanche monitoring and can differ from the resort in terrain, aspect, exposure, elevation, grooming, and snowmaking."
sarn_heinzenberg,Sarn - Heinzenberg,46.722506,9.395306,2075,VLS2,Alp Calasa,46.674411,9.205241,2064,True,SNOW_FLAT,15.44980558880328,11,1.0,13,moderate,nearest_geographic_SLF_snow_station_with_at_least_80pct_winter_coverage_2013_2025,external_mountain_station_proxy_only,False,SLF_IMIS_STATIONS|SLF_IMIS_DAILY_SNOW,"IMIS stations support avalanche monitoring and can differ from the resort in terrain, aspect, exposure, elevation, grooming, and snowmaking."
savognin,Savognin,46.5873,9.555016,2713,PMA2,Colms da Parsonz,46.580076,9.537387,2429,True,SNOW_FLAT,1.568564908679019,284,0.9910865874363328,13,high,nearest_geographic_SLF_snow_station_with_at_least_80pct_winter_coverage_2013_2025,external_mountain_station_proxy_only,False,SLF_IMIS_STATIONS|SLF_IMIS_DAILY_SNOW,"IMIS stations support avalanche monitoring and can differ from the resort in terrain, aspect, exposure, elevation, grooming, and snowmaking."
schatzalp_davos_schatzalp_strela,Schatzalp Davos Schatzalp - Strela,46.801235,9.814396,2353,SLF2,Davos Stilli (SLF),46.812767,9.848265,1563,True,SNOW_FLAT,2.8790463671374478,790,0.9987266553480475,13,moderate,nearest_geographic_SLF_snow_station_with_at_least_80pct_winter_coverage_2013_2025,external_mountain_station_proxy_only,False,SLF_IMIS_STATIONS|SLF_IMIS_DAILY_SNOW,"IMIS stations support avalanche monitoring and can differ from the resort in terrain, aspect, exposure, elevation, grooming, and snowmaking."
splugen_rheinwald,Splügen Rheinwald,46.530701,9.314003,2215,HTR3,Unter Surettasee,46.53655,9.348527,2200,True,SNOW_FLAT,2.719795685203289,15,0.9987266553480475,13,high,nearest_geographic_SLF_snow_station_with_at_least_80pct_winter_coverage_2013_2025,external_mountain_station_proxy_only,False,SLF_IMIS_STATIONS|SLF_IMIS_DAILY_SNOW,"IMIS stations support avalanche monitoring and can differ from the resort in terrain, aspect, exposure, elevation, grooming, and snowmaking."
survih_samedan,Survih - Samedan,46.528848,9.862564,1925,BEV2,Valetta,46.539564,9.83709,2512,True,SNOW_FLAT,2.2840429588560296,587,1.0,13,moderate,nearest_geographic_SLF_snow_station_with_at_least_80pct_winter_coverage_2013_2025,external_mountain_station_proxy_only,False,SLF_IMIS_STATIONS|SLF_IMIS_DAILY_SNOW,"IMIS stations support avalanche monitoring and can differ from the resort in terrain, aspect, exposure, elevation, grooming, and snowmaking."
tenna,Tenna,46.751383,9.341305,1780,VLS2,Alp Calasa,46.674411,9.205241,2064,True,SNOW_FLAT,13.448742887676294,284,1.0,13,moderate,nearest_geographic_SLF_snow_station_with_at_least_80pct_winter_coverage_2013_2025,external_mountain_station_proxy_only,False,SLF_IMIS_STATIONS|SLF_IMIS_DAILY_SNOW,"IMIS stations support avalanche monitoring and can differ from the resort in terrain, aspect, exposure, elevation, grooming, and snowmaking."
tschappina_tschappina_urmein_heinzenberg,Tschappina Tschappina - Urmein - Heinzenberg,46.694844,9.362669,2180,VLS2,Alp Calasa,46.674411,9.205241,2064,True,SNOW_FLAT,12.221860199894396,116,1.0,13,moderate,nearest_geographic_SLF_snow_station_with_at_least_80pct_winter_coverage_2013_2025,external_mountain_station_proxy_only,False,SLF_IMIS_STATIONS|SLF_IMIS_DAILY_SNOW,"IMIS stations support avalanche monitoring and can differ from the resort in terrain, aspect, exposure, elevation, grooming, and snowmaking."
tschiertschen,Tschiertschen,46.803827,9.589434,2400,TAM3,Schaftäli,46.890984,9.458167,2166,True,SNOW_FLAT,13.913453552279226,234,0.9915110356536503,13,moderate,nearest_geographic_SLF_snow_station_with_at_least_80pct_winter_coverage_2013_2025,external_mountain_station_proxy_only,False,SLF_IMIS_STATIONS|SLF_IMIS_DAILY_SNOW,"IMIS stations support avalanche monitoring and can differ from the resort in terrain, aspect, exposure, elevation, grooming, and snowmaking."
vals,Vals,46.605229,9.144316,3000,HTR2,Alp Piänetsch,46.544379,9.204335,2147,True,SNOW_FLAT,8.174843618649794,853,1.0,13,moderate,nearest_geographic_SLF_snow_station_with_at_least_80pct_winter_coverage_2013_2025,external_mountain_station_proxy_only,False,SLF_IMIS_STATIONS|SLF_IMIS_DAILY_SNOW,"IMIS stations support avalanche monitoring and can differ from the resort in terrain, aspect, exposure, elevation, grooming, and snowmaking."
valtgeva_druni_kidsarena_sedrun,Valtgeva Druni KidsArena Sedrun,46.681679,8.766299,1550,TUJ2,Culmatsch,46.68388,8.723751,2262,True,SNOW_FLAT,3.2549433783972406,712,0.9995755517826825,13,moderate,nearest_geographic_SLF_snow_station_with_at_least_80pct_winter_coverage_2013_2025,external_mountain_station_proxy_only,False,SLF_IMIS_STATIONS|SLF_IMIS_DAILY_SNOW,"IMIS stations support avalanche monitoring and can differ from the resort in terrain, aspect, exposure, elevation, grooming, and snowmaking."
zuoz,Zuoz,46.611125,9.949408,2340,KES2,Porta d'Es-cha,46.621284,9.898139,2727,True,SNOW_FLAT,4.075499885611289,387,0.9995755517826825,13,high,nearest_geographic_SLF_snow_station_with_at_least_80pct_winter_coverage_2013_2025,external_mountain_station_proxy_only,False,SLF_IMIS_STATIONS|SLF_IMIS_DAILY_SNOW,"IMIS stations support avalanche monitoring and can differ from the resort in terrain, aspect, exposure, elevation, grooming, and snowmaking."
brot_plamboz,Brot - Plamboz,46.971794,6.742194,1272,JAU2,Fochsen,46.633049,7.274541,1707,True,SNOW_FLAT,55.32259406070119,435,1.0,13,low,nearest_geographic_SLF_snow_station_with_at_least_80pct_winter_coverage_2013_2025,external_mountain_station_proxy_only,False,SLF_IMIS_STATIONS|SLF_IMIS_DAILY_SNOW,"IMIS stations support avalanche monitoring and can differ from the resort in terrain, aspect, exposure, elevation, grooming, and snowmaking."
chapeau_rable_la_chaux_de_fonds,Chapeau Rablé La Chaux - de - Fonds,47.099517,6.803112,1250,JAU2,Fochsen,46.633049,7.274541,1707,True,SNOW_FLAT,63.04654855522282,457,1.0,13,low,nearest_geographic_SLF_snow_station_with_at_least_80pct_winter_coverage_2013_2025,external_mountain_station_proxy_only,False,SLF_IMIS_STATIONS|SLF_IMIS_DAILY_SNOW,"IMIS stations support avalanche monitoring and can differ from the resort in terrain, aspect, exposure, elevation, grooming, and snowmaking."
cret_meuron,Crêt - Meuron,47.067509,6.859999,1350,JAU2,Fochsen,46.633049,7.274541,1707,True,SNOW_FLAT,57.685551909624735,357,1.0,13,low,nearest_geographic_SLF_snow_station_with_at_least_80pct_winter_coverage_2013_2025,external_mountain_station_proxy_only,False,SLF_IMIS_STATIONS|SLF_IMIS_DAILY_SNOW,"IMIS stations support avalanche monitoring and can differ from the resort in terrain, aspect, exposure, elevation, grooming, and snowmaking."
cote_aux_fees_la_cote_aux_fees,Côte - aux - Fées La Côte - aux - Fées,46.865496,6.499678,1150,ALI2,Chenau,46.488632,6.993298,1708,True,SNOW_FLAT,56.34055085282707,558,1.0,13,low,nearest_geographic_SLF_snow_station_with_at_least_80pct_winter_coverage_2013_2025,external_mountain_station_proxy_only,False,SLF_IMIS_STATIONS|SLF_IMIS_DAILY_SNOW,"IMIS stations support avalanche monitoring and can differ from the resort in terrain, aspect, exposure, elevation, grooming, and snowmaking."
la_brevine,La Brévine,46.978921,6.604262,1308,ALI2,Chenau,46.488632,6.993298,1708,True,SNOW_FLAT,62.05828391369807,400,1.0,13,low,nearest_geographic_SLF_snow_station_with_at_least_80pct_winter_coverage_2013_2025,external_mountain_station_proxy_only,False,SLF_IMIS_STATIONS|SLF_IMIS_DAILY_SNOW,"IMIS stations support avalanche monitoring and can differ from the resort in terrain, aspect, exposure, elevation, grooming, and snowmaking."
la_corbatiere_la_roche_des_crocs,La Corbatière - La Roche - des - Crocs,47.069157,6.842594,1350,JAU2,Fochsen,46.633049,7.274541,1707,True,SNOW_FLAT,58.57073191347173,357,1.0,13,low,nearest_geographic_SLF_snow_station_with_at_least_80pct_winter_coverage_2013_2025,external_mountain_station_proxy_only,False,SLF_IMIS_STATIONS|SLF_IMIS_DAILY_SNOW,"IMIS stations support avalanche monitoring and can differ from the resort in terrain, aspect, exposure, elevation, grooming, and snowmaking."
la_robella,La Robella,46.874891,6.548667,1457,ALI2,Chenau,46.488632,6.993298,1708,True,SNOW_FLAT,54.72821156919763,251,1.0,13,low,nearest_geographic_SLF_snow_station_with_at_least_80pct_winter_coverage_2013_2025,external_mountain_station_proxy_only,False,SLF_IMIS_STATIONS|SLF_IMIS_DAILY_SNOW,"IMIS stations support avalanche monitoring and can differ from the resort in terrain, aspect, exposure, elevation, grooming, and snowmaking."
le_chaluet,Le Chaluet,47.24311,7.388745,740,STH2,Vorderstocken,46.682049,7.519649,1791,True,SNOW_FLAT,63.17315218164973,1051,0.9987266553480475,13,low,nearest_geographic_SLF_snow_station_with_at_least_80pct_winter_coverage_2013_2025,external_mountain_station_proxy_only,False,SLF_IMIS_STATIONS|SLF_IMIS_DAILY_SNOW,"IMIS stations support avalanche monitoring and can differ from the resort in terrain, aspect, exposure, elevation, grooming, and snowmaking."
le_paquier_cret_du_puy,Le Pâquier Crêt - du - Puy,47.091784,6.987315,1260,JAU2,Fochsen,46.633049,7.274541,1707,True,SNOW_FLAT,55.486955138541234,447,1.0,13,low,nearest_geographic_SLF_snow_station_with_at_least_80pct_winter_coverage_2013_2025,external_mountain_station_proxy_only,False,SLF_IMIS_STATIONS|SLF_IMIS_DAILY_SNOW,"IMIS stations support avalanche monitoring and can differ from the resort in terrain, aspect, exposure, elevation, grooming, and snowmaking."
les_breuleux,Les Breuleux,47.194437,7.015157,1250,JAU2,Fochsen,46.633049,7.274541,1707,True,SNOW_FLAT,65.45885577843434,457,1.0,13,low,nearest_geographic_SLF_snow_station_with_at_least_80pct_winter_coverage_2013_2025,external_mountain_station_proxy_only,False,SLF_IMIS_STATIONS|SLF_IMIS_DAILY_SNOW,"IMIS stations support avalanche monitoring and can differ from the resort in terrain, aspect, exposure, elevation, grooming, and snowmaking."
les_bugnenets_savagnieres,Les Bugnenets - Savagnières,47.124286,7.018976,1440,JAU2,Fochsen,46.633049,7.274541,1707,True,SNOW_FLAT,57.97409570903085,267,1.0,13,low,nearest_geographic_SLF_snow_station_with_at_least_80pct_winter_coverage_2013_2025,external_mountain_station_proxy_only,False,SLF_IMIS_STATIONS|SLF_IMIS_DAILY_SNOW,"IMIS stations support avalanche monitoring and can differ from the resort in terrain, aspect, exposure, elevation, grooming, and snowmaking."
les_genevez,Les Genevez,47.248737,7.136436,1147,JAU2,Fochsen,46.633049,7.274541,1707,True,SNOW_FLAT,69.25965003733815,560,1.0,13,low,nearest_geographic_SLF_snow_station_with_at_least_80pct_winter_coverage_2013_2025,external_mountain_station_proxy_only,False,SLF_IMIS_STATIONS|SLF_IMIS_DAILY_SNOW,"IMIS stations support avalanche monitoring and can differ from the resort in terrain, aspect, exposure, elevation, grooming, and snowmaking."
les_loges,Les Loges,47.070038,6.871577,1260,JAU2,Fochsen,46.633049,7.274541,1707,True,SNOW_FLAT,57.446422364830816,447,1.0,13,low,nearest_geographic_SLF_snow_station_with_at_least_80pct_winter_coverage_2013_2025,external_mountain_station_proxy_only,False,SLF_IMIS_STATIONS|SLF_IMIS_DAILY_SNOW,"IMIS stations support avalanche monitoring and can differ from the resort in terrain, aspect, exposure, elevation, grooming, and snowmaking."
les_verrieres,Les Verrières,46.899539,6.477439,1000,ALI2,Chenau,46.488632,6.993298,1708,True,SNOW_FLAT,60.295363575961474,708,1.0,13,low,nearest_geographic_SLF_snow_station_with_at_least_80pct_winter_coverage_2013_2025,external_mountain_station_proxy_only,False,SLF_IMIS_STATIONS|SLF_IMIS_DAILY_SNOW,"IMIS stations support avalanche monitoring and can differ from the resort in terrain, aspect, exposure, elevation, grooming, and snowmaking."
nods_chasseral,Nods - Chasseral,47.118433,7.07693,1025,JAU2,Fochsen,46.633049,7.274541,1707,True,SNOW_FLAT,56.02341911196387,682,1.0,13,low,nearest_geographic_SLF_snow_station_with_at_least_80pct_winter_coverage_2013_2025,external_mountain_station_proxy_only,False,SLF_IMIS_STATIONS|SLF_IMIS_DAILY_SNOW,"IMIS stations support avalanche monitoring and can differ from the resort in terrain, aspect, exposure, elevation, grooming, and snowmaking."
pres_d_orvin_les_pres_d_orvin,Prés - d'Orvin Les Prés - d'Orvin,47.145226,7.170349,1230,JAU2,Fochsen,46.633049,7.274541,1707,True,SNOW_FLAT,57.49930128172074,477,1.0,13,low,nearest_geographic_SLF_snow_station_with_at_least_80pct_winter_coverage_2013_2025,external_mountain_station_proxy_only,False,SLF_IMIS_STATIONS|SLF_IMIS_DAILY_SNOW,"IMIS stations support avalanche monitoring and can differ from the resort in terrain, aspect, exposure, elevation, grooming, and snowmaking."
saint_imier_mont_soleil,Saint - Imier - Mont Soleil,47.154704,6.994514,1460,JAU2,Fochsen,46.633049,7.274541,1707,True,SNOW_FLAT,61.784880259644645,247,1.0,13,low,nearest_geographic_SLF_snow_station_with_at_least_80pct_winter_coverage_2013_2025,external_mountain_station_proxy_only,False,SLF_IMIS_STATIONS|SLF_IMIS_DAILY_SNOW,"IMIS stations support avalanche monitoring and can differ from the resort in terrain, aspect, exposure, elevation, grooming, and snowmaking."
sommartel_le_locle,Sommartel Le Locle,47.033046,6.745563,1301,JAU2,Fochsen,46.633049,7.274541,1707,True,SNOW_FLAT,59.97916643386071,406,1.0,13,low,nearest_geographic_SLF_snow_station_with_at_least_80pct_winter_coverage_2013_2025,external_mountain_station_proxy_only,False,SLF_IMIS_STATIONS|SLF_IMIS_DAILY_SNOW,"IMIS stations support avalanche monitoring and can differ from the resort in terrain, aspect, exposure, elevation, grooming, and snowmaking."
sous_le_mont,Sous le Mont,47.21631,7.217651,920,STH2,Vorderstocken,46.682049,7.519649,1791,True,SNOW_FLAT,63.67649195249482,871,0.9987266553480475,13,low,nearest_geographic_SLF_snow_station_with_at_least_80pct_winter_coverage_2013_2025,external_mountain_station_proxy_only,False,SLF_IMIS_STATIONS|SLF_IMIS_DAILY_SNOW,"IMIS stations support avalanche monitoring and can differ from the resort in terrain, aspect, exposure, elevation, grooming, and snowmaking."
tramelan,Tramelan,47.20954,7.085334,1200,JAU2,Fochsen,46.633049,7.274541,1707,True,SNOW_FLAT,65.69374194251303,507,1.0,13,low,nearest_geographic_SLF_snow_station_with_at_least_80pct_winter_coverage_2013_2025,external_mountain_station_proxy_only,False,SLF_IMIS_STATIONS|SLF_IMIS_DAILY_SNOW,"IMIS stations support avalanche monitoring and can differ from the resort in terrain, aspect, exposure, elevation, grooming, and snowmaking."
attinghausen_brusti_attinghausen,Attinghausen Brüsti - Attinghausen,46.857234,8.622749,1593,SCA2,Seewli,46.812955,8.717343,2032,True,SNOW_FLAT,8.71888948549071,439,0.9987266553480475,13,high,nearest_geographic_SLF_snow_station_with_at_least_80pct_winter_coverage_2013_2025,external_mountain_station_proxy_only,False,SLF_IMIS_STATIONS|SLF_IMIS_DAILY_SNOW,"IMIS stations support avalanche monitoring and can differ from the resort in terrain, aspect, exposure, elevation, grooming, and snowmaking."
bennau_einsiedeln,Bennau Einsiedeln,47.143675,8.731658,1020,YBR2,Wanne,47.035458,8.825416,1701,True,SNOW_FLAT,13.970761783168015,681,0.9995755517826825,13,moderate,nearest_geographic_SLF_snow_station_with_at_least_80pct_winter_coverage_2013_2025,external_mountain_station_proxy_only,False,SLF_IMIS_STATIONS|SLF_IMIS_DAILY_SNOW,"IMIS stations support avalanche monitoring and can differ from the resort in terrain, aspect, exposure, elevation, grooming, and snowmaking."
biel_kinzig,Biel - Kinzig,46.901693,8.710227,1930,MUO2,Rupperslaui,46.938217,8.745621,2083,True,SNOW_FLAT,4.870322855777198,153,1.0,13,high,nearest_geographic_SLF_snow_station_with_at_least_80pct_winter_coverage_2013_2025,external_mountain_station_proxy_only,False,SLF_IMIS_STATIONS|SLF_IMIS_DAILY_SNOW,"IMIS stations support avalanche monitoring and can differ from the resort in terrain, aspect, exposure, elevation, grooming, and snowmaking."
brunni_haggenegg,Brunni - Haggenegg,47.041001,8.705914,1500,YBR2,Wanne,47.035458,8.825416,1701,True,SNOW_FLAT,9.076881060215557,201,0.9995755517826825,13,high,nearest_geographic_SLF_snow_station_with_at_least_80pct_winter_coverage_2013_2025,external_mountain_station_proxy_only,False,SLF_IMIS_STATIONS|SLF_IMIS_DAILY_SNOW,"IMIS stations support avalanche monitoring and can differ from the resort in terrain, aspect, exposure, elevation, grooming, and snowmaking."
brunni_brunni_bahnen_engelberg,Brunni Brunni - Bahnen Engelberg,46.831895,8.409519,2080,TIT2,Titlisboden,46.786009,8.409482,2149,True,SNOW_FLAT,5.102298228632242,69,1.0,13,high,nearest_geographic_SLF_snow_station_with_at_least_80pct_winter_coverage_2013_2025,external_mountain_station_proxy_only,False,SLF_IMIS_STATIONS|SLF_IMIS_DAILY_SNOW,"IMIS stations support avalanche monitoring and can differ from the resort in terrain, aspect, exposure, elevation, grooming, and snowmaking."
brunni_skilift_brunni,Brunni Skilift Brunni,47.031408,8.699369,1200,YBR2,Wanne,47.035458,8.825416,1701,True,SNOW_FLAT,9.563382043878619,501,0.9995755517826825,13,moderate,nearest_geographic_SLF_snow_station_with_at_least_80pct_winter_coverage_2013_2025,external_mountain_station_proxy_only,False,SLF_IMIS_STATIONS|SLF_IMIS_DAILY_SNOW,"IMIS stations support avalanche monitoring and can differ from the resort in terrain, aspect, exposure, elevation, grooming, and snowmaking."
dallenwil_wirzweli,Dallenwil - Wirzweli,46.914393,8.363085,1600,TIT2,Titlisboden,46.786009,8.409482,2149,True,SNOW_FLAT,14.705238927436918,549,1.0,13,moderate,nearest_geographic_SLF_snow_station_with_at_least_80pct_winter_coverage_2013_2025,external_mountain_station_proxy_only,False,SLF_IMIS_STATIONS|SLF_IMIS_DAILY_SNOW,"IMIS stations support avalanche monitoring and can differ from the resort in terrain, aspect, exposure, elevation, grooming, and snowmaking."
engelberg_titlis,Engelberg Titlis,46.787191,8.410892,3028,TIT2,Titlisboden,46.786009,8.409482,2149,True,SNOW_FLAT,0.169703552579041,879,1.0,13,moderate,nearest_geographic_SLF_snow_station_with_at_least_80pct_winter_coverage_2013_2025,external_mountain_station_proxy_only,False,SLF_IMIS_STATIONS|SLF_IMIS_DAILY_SNOW,"IMIS stations support avalanche monitoring and can differ from the resort in terrain, aspect, exposure, elevation, grooming, and snowmaking."
fluelen_eggberge_fluelen,Flüelen Eggberge / Flüelen,46.902848,8.65191,1700,MUO2,Rupperslaui,46.938217,8.745621,2083,True,SNOW_FLAT,8.131470770090212,383,1.0,13,high,nearest_geographic_SLF_snow_station_with_at_least_80pct_winter_coverage_2013_2025,external_mountain_station_proxy_only,False,SLF_IMIS_STATIONS|SLF_IMIS_DAILY_SNOW,"IMIS stations support avalanche monitoring and can differ from the resort in terrain, aspect, exposure, elevation, grooming, and snowmaking."
friherrenberg_einsiedeln,Friherrenberg Einsiedeln,47.12733,8.76194,1115,YBR2,Wanne,47.035458,8.825416,1701,True,SNOW_FLAT,11.289900466718038,586,0.9995755517826825,13,moderate,nearest_geographic_SLF_snow_station_with_at_least_80pct_winter_coverage_2013_2025,external_mountain_station_proxy_only,False,SLF_IMIS_STATIONS|SLF_IMIS_DAILY_SNOW,"IMIS stations support avalanche monitoring and can differ from the resort in terrain, aspect, exposure, elevation, grooming, and snowmaking."
gemsstock_andermatt_gemsstock,Gemsstock Andermatt - Gemsstock,46.612422,8.605814,2961,VAL2,Vallascia,46.549038,8.61379,2268,True,SNOW_FLAT,7.074301883549794,693,1.0,13,moderate,nearest_geographic_SLF_snow_station_with_at_least_80pct_winter_coverage_2013_2025,external_mountain_station_proxy_only,False,SLF_IMIS_STATIONS|SLF_IMIS_DAILY_SNOW,"IMIS stations support avalanche monitoring and can differ from the resort in terrain, aspect, exposure, elevation, grooming, and snowmaking."
gfellen_entlebuch_finsterwald,Gfellen Entlebuch - Finsterwald,46.956442,8.127464,1250,SCB2,Schönbüel,46.779375,8.103438,1777,True,SNOW_FLAT,19.773518267973255,527,1.0,13,moderate,nearest_geographic_SLF_snow_station_with_at_least_80pct_winter_coverage_2013_2025,external_mountain_station_proxy_only,False,SLF_IMIS_STATIONS|SLF_IMIS_DAILY_SNOW,"IMIS stations support avalanche monitoring and can differ from the resort in terrain, aspect, exposure, elevation, grooming, and snowmaking."
gitschenen_skilift_gitschenen,Gitschenen Skilift Gitschenen,46.900566,8.502581,1580,TIT2,Titlisboden,46.786009,8.409482,2149,True,SNOW_FLAT,14.573921640870667,569,1.0,13,moderate,nearest_geographic_SLF_snow_station_with_at_least_80pct_winter_coverage_2013_2025,external_mountain_station_proxy_only,False,SLF_IMIS_STATIONS|SLF_IMIS_DAILY_SNOW,"IMIS stations support avalanche monitoring and can differ from the resort in terrain, aspect, exposure, elevation, grooming, and snowmaking."
hoch_ybrig,Hoch - Ybrig,47.011221,8.784342,1820,YBR2,Wanne,47.035458,8.825416,1701,True,SNOW_FLAT,4.117884496794236,119,0.9995755517826825,13,high,nearest_geographic_SLF_snow_station_with_at_least_80pct_winter_coverage_2013_2025,external_mountain_station_proxy_only,False,SLF_IMIS_STATIONS|SLF_IMIS_DAILY_SNOW,"IMIS stations support avalanche monitoring and can differ from the resort in terrain, aspect, exposure, elevation, grooming, and snowmaking."
hochstuckli_sattel_hochstuckli,Hochstuckli Sattel Hochstuckli,47.064568,8.653793,1600,YBR2,Wanne,47.035458,8.825416,1701,True,SNOW_FLAT,13.399651535659931,101,0.9995755517826825,13,moderate,nearest_geographic_SLF_snow_station_with_at_least_80pct_winter_coverage_2013_2025,external_mountain_station_proxy_only,False,SLF_IMIS_STATIONS|SLF_IMIS_DAILY_SNOW,"IMIS stations support avalanche monitoring and can differ from the resort in terrain, aspect, exposure, elevation, grooming, and snowmaking."
ibergeregg_skilifte_ibergeregg,Ibergeregg Skilifte Ibergeregg,47.022003,8.728863,1600,YBR2,Wanne,47.035458,8.825416,1701,True,SNOW_FLAT,7.469514457667817,101,0.9995755517826825,13,high,nearest_geographic_SLF_snow_station_with_at_least_80pct_winter_coverage_2013_2025,external_mountain_station_proxy_only,False,SLF_IMIS_STATIONS|SLF_IMIS_DAILY_SNOW,"IMIS stations support avalanche monitoring and can differ from the resort in terrain, aspect, exposure, elevation, grooming, and snowmaking."
kellerberg_skilift_kellerberg_haldi,Kellerberg Skilift Kellerberg / Haldi,46.853117,8.688415,1390,SCA2,Seewli,46.812955,8.717343,2032,True,SNOW_FLAT,4.978568653358869,642,0.9987266553480475,13,moderate,nearest_geographic_SLF_snow_station_with_at_least_80pct_winter_coverage_2013_2025,external_mountain_station_proxy_only,False,SLF_IMIS_STATIONS|SLF_IMIS_DAILY_SNOW,"IMIS stations support avalanche monitoring and can differ from the resort in terrain, aspect, exposure, elevation, grooming, and snowmaking."
klewenalp_stockhutte,Klewenalp - Stockhütte,46.939305,8.479385,2001,TIT2,Titlisboden,46.786009,8.409482,2149,True,SNOW_FLAT,17.855080089690844,148,1.0,13,moderate,nearest_geographic_SLF_snow_station_with_at_least_80pct_winter_coverage_2013_2025,external_mountain_station_proxy_only,False,SLF_IMIS_STATIONS|SLF_IMIS_DAILY_SNOW,"IMIS stations support avalanche monitoring and can differ from the resort in terrain, aspect, exposure, elevation, grooming, and snowmaking."
langis_glaubenberg,Langis Glaubenberg,46.895185,8.118768,1600,SCB2,Schönbüel,46.779375,8.103438,1777,True,SNOW_FLAT,12.930190044336356,177,1.0,13,moderate,nearest_geographic_SLF_snow_station_with_at_least_80pct_winter_coverage_2013_2025,external_mountain_station_proxy_only,False,SLF_IMIS_STATIONS|SLF_IMIS_DAILY_SNOW,"IMIS stations support avalanche monitoring and can differ from the resort in terrain, aspect, exposure, elevation, grooming, and snowmaking."
lungern_turren_lungern_schonbuel,Lungern - Turren Lungern - Schönbüel,46.788748,8.129403,2011,SCB2,Schönbüel,46.779375,8.103438,1777,True,SNOW_FLAT,2.2348961317223077,234,1.0,13,high,nearest_geographic_SLF_snow_station_with_at_least_80pct_winter_coverage_2013_2025,external_mountain_station_proxy_only,False,SLF_IMIS_STATIONS|SLF_IMIS_DAILY_SNOW,"IMIS stations support avalanche monitoring and can differ from the resort in terrain, aspect, exposure, elevation, grooming, and snowmaking."
marchbachegg_marbach_marbachegg,Marchbachegg Marbach - Marbachegg,46.840233,7.899685,1500,ROA2,Rotschalp,46.774319,7.993941,1875,True,SNOW_FLAT,10.25572070040444,375,0.99830220713073,13,moderate,nearest_geographic_SLF_snow_station_with_at_least_80pct_winter_coverage_2013_2025,external_mountain_station_proxy_only,False,SLF_IMIS_STATIONS|SLF_IMIS_DAILY_SNOW,"IMIS stations support avalanche monitoring and can differ from the resort in terrain, aspect, exposure, elevation, grooming, and snowmaking."
melchsee_frutt,Melchsee - Frutt,46.775788,8.278284,2255,GAD2,Gschletteregg,46.744189,8.397488,2063,True,SNOW_FLAT,9.736449477697773,192,0.9995755517826825,13,high,nearest_geographic_SLF_snow_station_with_at_least_80pct_winter_coverage_2013_2025,external_mountain_station_proxy_only,False,SLF_IMIS_STATIONS|SLF_IMIS_DAILY_SNOW,"IMIS stations support avalanche monitoring and can differ from the resort in terrain, aspect, exposure, elevation, grooming, and snowmaking."
mythenregion,Mythenregion,47.022968,8.710206,1898,YBR2,Wanne,47.035458,8.825416,1701,True,SNOW_FLAT,8.841910339978154,197,0.9995755517826825,13,high,nearest_geographic_SLF_snow_station_with_at_least_80pct_winter_coverage_2013_2025,external_mountain_station_proxy_only,False,SLF_IMIS_STATIONS|SLF_IMIS_DAILY_SNOW,"IMIS stations support avalanche monitoring and can differ from the resort in terrain, aspect, exposure, elevation, grooming, and snowmaking."
morlialp,Mörlialp,46.824379,8.108318,1850,SCB2,Schönbüel,46.779375,8.103438,1777,True,SNOW_FLAT,5.017989887221777,73,1.0,13,high,nearest_geographic_SLF_snow_station_with_at_least_80pct_winter_coverage_2013_2025,external_mountain_station_proxy_only,False,SLF_IMIS_STATIONS|SLF_IMIS_DAILY_SNOW,"IMIS stations support avalanche monitoring and can differ from the resort in terrain, aspect, exposure, elevation, grooming, and snowmaking."
neusell,Neusell,47.091978,8.673921,1330,YBR2,Wanne,47.035458,8.825416,1701,True,SNOW_FLAT,13.083239070224039,371,0.9995755517826825,13,moderate,nearest_geographic_SLF_snow_station_with_at_least_80pct_winter_coverage_2013_2025,external_mountain_station_proxy_only,False,SLF_IMIS_STATIONS|SLF_IMIS_DAILY_SNOW,"IMIS stations support avalanche monitoring and can differ from the resort in terrain, aspect, exposure, elevation, grooming, and snowmaking."
nollen_unterageri,Nollen - Unterägeri,47.125504,8.557481,1050,YBR2,Wanne,47.035458,8.825416,1701,True,SNOW_FLAT,22.624397656185543,651,0.9995755517826825,13,moderate,nearest_geographic_SLF_snow_station_with_at_least_80pct_winter_coverage_2013_2025,external_mountain_station_proxy_only,False,SLF_IMIS_STATIONS|SLF_IMIS_DAILY_SNOW,"IMIS stations support avalanche monitoring and can differ from the resort in terrain, aspect, exposure, elevation, grooming, and snowmaking."
oberiberg,Oberiberg,47.038439,8.782257,1350,YBR2,Wanne,47.035458,8.825416,1701,True,SNOW_FLAT,3.2874465593895357,351,0.9995755517826825,13,high,nearest_geographic_SLF_snow_station_with_at_least_80pct_winter_coverage_2013_2025,external_mountain_station_proxy_only,False,SLF_IMIS_STATIONS|SLF_IMIS_DAILY_SNOW,"IMIS stations support avalanche monitoring and can differ from the resort in terrain, aspect, exposure, elevation, grooming, and snowmaking."
ratzi_spiringen,Ratzi Spiringen,46.88788,8.731985,1840,SCA3,Alpler Tor,46.891538,8.779539,2338,True,SNOW_FLAT,3.636508131125861,498,0.9995755517826825,13,high,nearest_geographic_SLF_snow_station_with_at_least_80pct_winter_coverage_2013_2025,external_mountain_station_proxy_only,False,SLF_IMIS_STATIONS|SLF_IMIS_DAILY_SNOW,"IMIS stations support avalanche monitoring and can differ from the resort in terrain, aspect, exposure, elevation, grooming, and snowmaking."
realp,Realp,46.602162,8.497581,1680,URS2,Giltnasen,46.586786,8.513859,2169,True,SNOW_FLAT,2.1142800121821597,489,1.0,13,high,nearest_geographic_SLF_snow_station_with_at_least_80pct_winter_coverage_2013_2025,external_mountain_station_proxy_only,False,SLF_IMIS_STATIONS|SLF_IMIS_DAILY_SNOW,"IMIS stations support avalanche monitoring and can differ from the resort in terrain, aspect, exposure, elevation, grooming, and snowmaking."
rigi,Rigi,47.044393,8.499298,1800,MUO2,Rupperslaui,46.938217,8.745621,2083,True,SNOW_FLAT,22.10063179292265,283,1.0,13,moderate,nearest_geographic_SLF_snow_station_with_at_least_80pct_winter_coverage_2013_2025,external_mountain_station_proxy_only,False,SLF_IMIS_STATIONS|SLF_IMIS_DAILY_SNOW,"IMIS stations support avalanche monitoring and can differ from the resort in terrain, aspect, exposure, elevation, grooming, and snowmaking."
sattelegg_einsiedeln,Sattelegg Einsiedeln,47.125487,8.84849,1300,YBR2,Wanne,47.035458,8.825416,1701,True,SNOW_FLAT,10.162104918223928,401,0.9995755517826825,13,moderate,nearest_geographic_SLF_snow_station_with_at_least_80pct_winter_coverage_2013_2025,external_mountain_station_proxy_only,False,SLF_IMIS_STATIONS|SLF_IMIS_DAILY_SNOW,"IMIS stations support avalanche monitoring and can differ from the resort in terrain, aspect, exposure, elevation, grooming, and snowmaking."
schnabelsberg_einsiedeln,Schnabelsberg Einsiedeln,47.141387,8.738143,1020,YBR2,Wanne,47.035458,8.825416,1701,True,SNOW_FLAT,13.505446660568555,681,0.9995755517826825,13,moderate,nearest_geographic_SLF_snow_station_with_at_least_80pct_winter_coverage_2013_2025,external_mountain_station_proxy_only,False,SLF_IMIS_STATIONS|SLF_IMIS_DAILY_SNOW,"IMIS stations support avalanche monitoring and can differ from the resort in terrain, aspect, exposure, elevation, grooming, and snowmaking."
schratten_fluhli,Schratten Flühli,46.873193,8.007549,1235,ROA2,Rotschalp,46.774319,7.993941,1875,True,SNOW_FLAT,11.042945874678903,640,0.99830220713073,13,moderate,nearest_geographic_SLF_snow_station_with_at_least_80pct_winter_coverage_2013_2025,external_mountain_station_proxy_only,False,SLF_IMIS_STATIONS|SLF_IMIS_DAILY_SNOW,"IMIS stations support avalanche monitoring and can differ from the resort in terrain, aspect, exposure, elevation, grooming, and snowmaking."
seebodenalp_kussnacht_am_rigi,Seebodenalp - Küssnacht am Rigi,47.06847,8.468099,1225,MUO2,Rupperslaui,46.938217,8.745621,2083,True,SNOW_FLAT,25.54686497552361,858,1.0,13,low,nearest_geographic_SLF_snow_station_with_at_least_80pct_winter_coverage_2013_2025,external_mountain_station_proxy_only,False,SLF_IMIS_STATIONS|SLF_IMIS_DAILY_SNOW,"IMIS stations support avalanche monitoring and can differ from the resort in terrain, aspect, exposure, elevation, grooming, and snowmaking."
stoos,Stoos,46.977851,8.658514,1935,MUO2,Rupperslaui,46.938217,8.745621,2083,True,SNOW_FLAT,7.945251331611109,148,1.0,13,high,nearest_geographic_SLF_snow_station_with_at_least_80pct_winter_coverage_2013_2025,external_mountain_station_proxy_only,False,SLF_IMIS_STATIONS|SLF_IMIS_DAILY_SNOW,"IMIS stations support avalanche monitoring and can differ from the resort in terrain, aspect, exposure, elevation, grooming, and snowmaking."
sorenberg,Sörenberg,46.809812,8.030405,2350,ROA2,Rotschalp,46.774319,7.993941,1875,True,SNOW_FLAT,4.825154804257822,475,0.99830220713073,13,high,nearest_geographic_SLF_snow_station_with_at_least_80pct_winter_coverage_2013_2025,external_mountain_station_proxy_only,False,SLF_IMIS_STATIONS|SLF_IMIS_DAILY_SNOW,"IMIS stations support avalanche monitoring and can differ from the resort in terrain, aspect, exposure, elevation, grooming, and snowmaking."
wagital_vorderthal,Wägital - Vorderthal,47.124317,8.893122,1260,YBR2,Wanne,47.035458,8.825416,1701,True,SNOW_FLAT,11.131571837154212,441,0.9995755517826825,13,moderate,nearest_geographic_SLF_snow_station_with_at_least_80pct_winter_coverage_2013_2025,external_mountain_station_proxy_only,False,SLF_IMIS_STATIONS|SLF_IMIS_DAILY_SNOW,"IMIS stations support avalanche monitoring and can differ from the resort in terrain, aspect, exposure, elevation, grooming, and snowmaking."
adelboden,Adelboden,46.493616,7.55692,2362,OTT2,Ottere,46.539702,7.561637,2017,True,SNOW_FLAT,5.137231645833328,345,0.9940577249575552,13,high,nearest_geographic_SLF_snow_station_with_at_least_80pct_winter_coverage_2013_2025,external_mountain_station_proxy_only,False,SLF_IMIS_STATIONS|SLF_IMIS_DAILY_SNOW,"IMIS stations support avalanche monitoring and can differ from the resort in terrain, aspect, exposure, elevation, grooming, and snowmaking."
aeschi,Aeschi,46.646991,7.727723,1400,SCH2,Türliboden,46.576916,7.834732,2332,True,SNOW_FLAT,11.29272167895082,932,0.99830220713073,13,moderate,nearest_geographic_SLF_snow_station_with_at_least_80pct_winter_coverage_2013_2025,external_mountain_station_proxy_only,False,SLF_IMIS_STATIONS|SLF_IMIS_DAILY_SNOW,"IMIS stations support avalanche monitoring and can differ from the resort in terrain, aspect, exposure, elevation, grooming, and snowmaking."
axalp_brienz,Axalp Brienz,46.712855,8.042511,2000,FIR2,Schmidigen-Bidmeren,46.668777,8.064403,2111,True,SNOW_FLAT,5.17787741576214,111,0.99830220713073,13,high,nearest_geographic_SLF_snow_station_with_at_least_80pct_winter_coverage_2013_2025,external_mountain_station_proxy_only,False,SLF_IMIS_STATIONS|SLF_IMIS_DAILY_SNOW,"IMIS stations support avalanche monitoring and can differ from the resort in terrain, aspect, exposure, elevation, grooming, and snowmaking."
beatenberg_niederhorn,Beatenberg - Niederhorn,46.703379,7.772655,1950,SHE2,Schibe,46.748825,7.812449,1852,True,SNOW_FLAT,5.893803050676109,98,0.9868421052631579,13,high,nearest_geographic_SLF_snow_station_with_at_least_80pct_winter_coverage_2013_2025,external_mountain_station_proxy_only,False,SLF_IMIS_STATIONS|SLF_IMIS_DAILY_SNOW,"IMIS stations support avalanche monitoring and can differ from the resort in terrain, aspect, exposure, elevation, grooming, and snowmaking."
eggiwil,Eggiwil,46.891772,7.77479,1000,SHE2,Schibe,46.748825,7.812449,1852,True,SNOW_FLAT,16.151221180547164,852,0.9868421052631579,13,moderate,nearest_geographic_SLF_snow_station_with_at_least_80pct_winter_coverage_2013_2025,external_mountain_station_proxy_only,False,SLF_IMIS_STATIONS|SLF_IMIS_DAILY_SNOW,"IMIS stations support avalanche monitoring and can differ from the resort in terrain, aspect, exposure, elevation, grooming, and snowmaking."
elsigenalp_metschalp_frutigen,Elsigenalp - Metschalp Frutigen,46.522139,7.623138,2300,ELS2,Elsige,46.529602,7.641641,2143,True,SNOW_FLAT,1.640885296715879,157,1.0,13,high,nearest_geographic_SLF_snow_station_with_at_least_80pct_winter_coverage_2013_2025,external_mountain_station_proxy_only,False,SLF_IMIS_STATIONS|SLF_IMIS_DAILY_SNOW,"IMIS stations support avalanche monitoring and can differ from the resort in terrain, aspect, exposure, elevation, grooming, and snowmaking."
engstligenalp_adelboden,Engstligenalp - Adelboden,46.437739,7.570224,2373,TRU2,Trubelboden,46.370951,7.585572,2459,True,SNOW_FLAT,7.519160674149442,86,0.9995755517826825,13,high,nearest_geographic_SLF_snow_station_with_at_least_80pct_winter_coverage_2013_2025,external_mountain_station_proxy_only,False,SLF_IMIS_STATIONS|SLF_IMIS_DAILY_SNOW,"IMIS stations support avalanche monitoring and can differ from the resort in terrain, aspect, exposure, elevation, grooming, and snowmaking."
eriz,Eriz,46.781343,7.825141,1400,SHE2,Schibe,46.748825,7.812449,1852,True,SNOW_FLAT,3.7428408685555477,452,0.9868421052631579,13,high,nearest_geographic_SLF_snow_station_with_at_least_80pct_winter_coverage_2013_2025,external_mountain_station_proxy_only,False,SLF_IMIS_STATIONS|SLF_IMIS_DAILY_SNOW,"IMIS stations support avalanche monitoring and can differ from the resort in terrain, aspect, exposure, elevation, grooming, and snowmaking."
faltschen_reichenbach_im_kandertal,Faltschen - Reichenbach im Kandertal,46.630739,7.719454,1360,SCH2,Türliboden,46.576916,7.834732,2332,True,SNOW_FLAT,10.647837917993726,972,0.99830220713073,13,moderate,nearest_geographic_SLF_snow_station_with_at_least_80pct_winter_coverage_2013_2025,external_mountain_station_proxy_only,False,SLF_IMIS_STATIONS|SLF_IMIS_DAILY_SNOW,"IMIS stations support avalanche monitoring and can differ from the resort in terrain, aspect, exposure, elevation, grooming, and snowmaking."
gadmen,Gadmen,46.738742,8.35102,1300,GAD2,Gschletteregg,46.744189,8.397488,2063,True,SNOW_FLAT,3.592337783095158,763,0.9995755517826825,13,moderate,nearest_geographic_SLF_snow_station_with_at_least_80pct_winter_coverage_2013_2025,external_mountain_station_proxy_only,False,SLF_IMIS_STATIONS|SLF_IMIS_DAILY_SNOW,"IMIS stations support avalanche monitoring and can differ from the resort in terrain, aspect, exposure, elevation, grooming, and snowmaking."
grimmialp_diemtigtal,Grimmialp Diemtigtal,46.561575,7.481089,1890,FAE2,Färmel,46.520413,7.495249,1971,True,SNOW_FLAT,4.703398037463817,81,1.0,13,high,nearest_geographic_SLF_snow_station_with_at_least_80pct_winter_coverage_2013_2025,external_mountain_station_proxy_only,False,SLF_IMIS_STATIONS|SLF_IMIS_DAILY_SNOW,"IMIS stations support avalanche monitoring and can differ from the resort in terrain, aspect, exposure, elevation, grooming, and snowmaking."
gstaad,Gstaad,46.491597,7.318869,3000,LAU2,Trüttlisbergpass,46.426029,7.379867,1970,True,SNOW_FLAT,8.659552834776559,1030,1.0,13,low,nearest_geographic_SLF_snow_station_with_at_least_80pct_winter_coverage_2013_2025,external_mountain_station_proxy_only,False,SLF_IMIS_STATIONS|SLF_IMIS_DAILY_SNOW,"IMIS stations support avalanche monitoring and can differ from the resort in terrain, aspect, exposure, elevation, grooming, and snowmaking."
habkern,Habkern,46.727154,7.863808,1485,SHE2,Schibe,46.748825,7.812449,1852,True,SNOW_FLAT,4.5961947825726215,367,0.9868421052631579,13,high,nearest_geographic_SLF_snow_station_with_at_least_80pct_winter_coverage_2013_2025,external_mountain_station_proxy_only,False,SLF_IMIS_STATIONS|SLF_IMIS_DAILY_SNOW,"IMIS stations support avalanche monitoring and can differ from the resort in terrain, aspect, exposure, elevation, grooming, and snowmaking."
heiligenschwendi_hubelweid,Heiligenschwendi - Hubelweid,46.751028,7.684973,1150,SHE2,Schibe,46.748825,7.812449,1852,True,SNOW_FLAT,9.715367015690621,702,0.9868421052631579,13,moderate,nearest_geographic_SLF_snow_station_with_at_least_80pct_winter_coverage_2013_2025,external_mountain_station_proxy_only,False,SLF_IMIS_STATIONS|SLF_IMIS_DAILY_SNOW,"IMIS stations support avalanche monitoring and can differ from the resort in terrain, aspect, exposure, elevation, grooming, and snowmaking."
jaunpass,Jaunpass,46.592276,7.338685,1700,JAU2,Fochsen,46.633049,7.274541,1707,True,SNOW_FLAT,6.675334426113314,7,1.0,13,high,nearest_geographic_SLF_snow_station_with_at_least_80pct_winter_coverage_2013_2025,external_mountain_station_proxy_only,False,SLF_IMIS_STATIONS|SLF_IMIS_DAILY_SNOW,"IMIS stations support avalanche monitoring and can differ from the resort in terrain, aspect, exposure, elevation, grooming, and snowmaking."
kiental,Kiental,46.580575,7.710857,1411,ELS2,Elsige,46.529602,7.641641,2143,True,SNOW_FLAT,7.754775938733489,732,1.0,13,moderate,nearest_geographic_SLF_snow_station_with_at_least_80pct_winter_coverage_2013_2025,external_mountain_station_proxy_only,False,SLF_IMIS_STATIONS|SLF_IMIS_DAILY_SNOW,"IMIS stations support avalanche monitoring and can differ from the resort in terrain, aspect, exposure, elevation, grooming, and snowmaking."
lenk,Lenk,46.446255,7.431993,2362,LAU2,Trüttlisbergpass,46.426029,7.379867,1970,True,SNOW_FLAT,4.584115757312947,392,1.0,13,high,nearest_geographic_SLF_snow_station_with_at_least_80pct_winter_coverage_2013_2025,external_mountain_station_proxy_only,False,SLF_IMIS_STATIONS|SLF_IMIS_DAILY_SNOW,"IMIS stations support avalanche monitoring and can differ from the resort in terrain, aspect, exposure, elevation, grooming, and snowmaking."
meiringen_hasliberg,Meiringen - Hasliberg,46.747918,8.230219,2433,GUT2,Homad,46.67931,8.289691,2115,True,SNOW_FLAT,8.874590937920539,318,1.0,13,high,nearest_geographic_SLF_snow_station_with_at_least_80pct_winter_coverage_2013_2025,external_mountain_station_proxy_only,False,SLF_IMIS_STATIONS|SLF_IMIS_DAILY_SNOW,"IMIS stations support avalanche monitoring and can differ from the resort in terrain, aspect, exposure, elevation, grooming, and snowmaking."
riffenmatt,Riffenmatt,46.76325,7.355116,1140,STH2,Vorderstocken,46.682049,7.519649,1791,True,SNOW_FLAT,15.4540023036918,651,0.9987266553480475,13,moderate,nearest_geographic_SLF_snow_station_with_at_least_80pct_winter_coverage_2013_2025,external_mountain_station_proxy_only,False,SLF_IMIS_STATIONS|SLF_IMIS_DAILY_SNOW,"IMIS stations support avalanche monitoring and can differ from the resort in terrain, aspect, exposure, elevation, grooming, and snowmaking."
rossberg_oberwil,Rossberg - Oberwil,46.639537,7.44195,1550,STH2,Vorderstocken,46.682049,7.519649,1791,True,SNOW_FLAT,7.583260244098265,241,0.9987266553480475,13,high,nearest_geographic_SLF_snow_station_with_at_least_80pct_winter_coverage_2013_2025,external_mountain_station_proxy_only,False,SLF_IMIS_STATIONS|SLF_IMIS_DAILY_SNOW,"IMIS stations support avalanche monitoring and can differ from the resort in terrain, aspect, exposure, elevation, grooming, and snowmaking."
schilthorn_jungfrau_ski_region_murren_schilthorn,Schilthorn Jungfrau Ski Region Mürren - Schilthorn,46.561752,7.856255,3000,SCH2,Türliboden,46.576916,7.834732,2332,True,SNOW_FLAT,2.355879347705687,668,0.99830220713073,13,moderate,nearest_geographic_SLF_snow_station_with_at_least_80pct_winter_coverage_2013_2025,external_mountain_station_proxy_only,False,SLF_IMIS_STATIONS|SLF_IMIS_DAILY_SNOW,"IMIS stations support avalanche monitoring and can differ from the resort in terrain, aspect, exposure, elevation, grooming, and snowmaking."
schwanden_sigriswil_thunersee,Schwanden - Sigriswil Thunersee,46.731449,7.744246,1440,SHE2,Schibe,46.748825,7.812449,1852,True,SNOW_FLAT,5.544790182056364,412,0.9868421052631579,13,high,nearest_geographic_SLF_snow_station_with_at_least_80pct_winter_coverage_2013_2025,external_mountain_station_proxy_only,False,SLF_IMIS_STATIONS|SLF_IMIS_DAILY_SNOW,"IMIS stations support avalanche monitoring and can differ from the resort in terrain, aspect, exposure, elevation, grooming, and snowmaking."
springenboden_diemtigtal,Springenboden Diemtigtal,46.617905,7.572842,1540,STH2,Vorderstocken,46.682049,7.519649,1791,True,SNOW_FLAT,8.207192994940353,251,0.9987266553480475,13,high,nearest_geographic_SLF_snow_station_with_at_least_80pct_winter_coverage_2013_2025,external_mountain_station_proxy_only,False,SLF_IMIS_STATIONS|SLF_IMIS_DAILY_SNOW,"IMIS stations support avalanche monitoring and can differ from the resort in terrain, aspect, exposure, elevation, grooming, and snowmaking."
wengen_jungfrau_ski_region_grindelwald_wengen,Wengen Jungfrau Ski Region Grindelwald - Wengen,46.612658,7.942171,2500,MAE2,Itramen,46.618649,7.943542,2162,True,SNOW_FLAT,0.6743495895506941,338,1.0,13,high,nearest_geographic_SLF_snow_station_with_at_least_80pct_winter_coverage_2013_2025,external_mountain_station_proxy_only,False,SLF_IMIS_STATIONS|SLF_IMIS_DAILY_SNOW,"IMIS stations support avalanche monitoring and can differ from the resort in terrain, aspect, exposure, elevation, grooming, and snowmaking."
wiriehorn_diemtigtal,Wiriehorn Diemtigtal,46.594923,7.530742,1725,OTT2,Ottere,46.539702,7.561637,2017,True,SNOW_FLAT,6.578870871270779,292,0.9940577249575552,13,high,nearest_geographic_SLF_snow_station_with_at_least_80pct_winter_coverage_2013_2025,external_mountain_station_proxy_only,False,SLF_IMIS_STATIONS|SLF_IMIS_DAILY_SNOW,"IMIS stations support avalanche monitoring and can differ from the resort in terrain, aspect, exposure, elevation, grooming, and snowmaking."
alpsteinblick_gonten,Alpsteinblick Gonten,47.317325,9.343958,1190,AMD2,Bärenfall,47.170837,9.146883,1610,True,SNOW_FLAT,22.059921155042538,420,1.0,13,moderate,nearest_geographic_SLF_snow_station_with_at_least_80pct_winter_coverage_2013_2025,external_mountain_station_proxy_only,False,SLF_IMIS_STATIONS|SLF_IMIS_DAILY_SNOW,"IMIS stations support avalanche monitoring and can differ from the resort in terrain, aspect, exposure, elevation, grooming, and snowmaking."
amden,Amden,47.159431,9.146032,1684,AMD2,Bärenfall,47.170837,9.146883,1610,True,SNOW_FLAT,1.2699217944466519,74,1.0,13,high,nearest_geographic_SLF_snow_station_with_at_least_80pct_winter_coverage_2013_2025,external_mountain_station_proxy_only,False,SLF_IMIS_STATIONS|SLF_IMIS_DAILY_SNOW,"IMIS stations support avalanche monitoring and can differ from the resort in terrain, aspect, exposure, elevation, grooming, and snowmaking."
atzmannig,Atzmännig,47.281732,9.003813,1200,AMD2,Bärenfall,47.170837,9.146883,1610,True,SNOW_FLAT,16.394263221566113,410,1.0,13,moderate,nearest_geographic_SLF_snow_station_with_at_least_80pct_winter_coverage_2013_2025,external_mountain_station_proxy_only,False,SLF_IMIS_STATIONS|SLF_IMIS_DAILY_SNOW,"IMIS stations support avalanche monitoring and can differ from the resort in terrain, aspect, exposure, elevation, grooming, and snowmaking."
bildhaus_am_ricken,Bildhaus am Ricken,47.24931,9.034485,860,AMD2,Bärenfall,47.170837,9.146883,1610,True,SNOW_FLAT,12.174637375246052,750,1.0,13,moderate,nearest_geographic_SLF_snow_station_with_at_least_80pct_winter_coverage_2013_2025,external_mountain_station_proxy_only,False,SLF_IMIS_STATIONS|SLF_IMIS_DAILY_SNOW,"IMIS stations support avalanche monitoring and can differ from the resort in terrain, aspect, exposure, elevation, grooming, and snowmaking."
braunwald,Braunwald,46.951258,8.990593,1901,ORT2,Ortstock Matt,46.918082,8.95855,1824,True,SNOW_FLAT,4.419050352195627,77,1.0,13,high,nearest_geographic_SLF_snow_station_with_at_least_80pct_winter_coverage_2013_2025,external_mountain_station_proxy_only,False,SLF_IMIS_STATIONS|SLF_IMIS_DAILY_SNOW,"IMIS stations support avalanche monitoring and can differ from the resort in terrain, aspect, exposure, elevation, grooming, and snowmaking."
brulisau_brulisau_leugangen,Brülisau Brülisau - Leugangen,47.296306,9.454561,1100,MLB2,Bärgtälli,47.088468,9.61177,1974,True,SNOW_FLAT,25.98473206412966,874,1.0,13,low,nearest_geographic_SLF_snow_station_with_at_least_80pct_winter_coverage_2013_2025,external_mountain_station_proxy_only,False,SLF_IMIS_STATIONS|SLF_IMIS_DAILY_SNOW,"IMIS stations support avalanche monitoring and can differ from the resort in terrain, aspect, exposure, elevation, grooming, and snowmaking."
buchserberg_skilift_buchserberg_malbun,Buchserberg Skilift Buchserberg - Malbun,47.146309,9.430776,1475,MLB2,Bärgtälli,47.088468,9.61177,1974,True,SNOW_FLAT,15.130487875908996,499,1.0,13,moderate,nearest_geographic_SLF_snow_station_with_at_least_80pct_winter_coverage_2013_2025,external_mountain_station_proxy_only,False,SLF_IMIS_STATIONS|SLF_IMIS_DAILY_SNOW,"IMIS stations support avalanche monitoring and can differ from the resort in terrain, aspect, exposure, elevation, grooming, and snowmaking."
degersheim,Degersheim,47.368843,9.197,1034,AMD2,Bärenfall,47.170837,9.146883,1610,True,SNOW_FLAT,22.33964986113985,576,1.0,13,moderate,nearest_geographic_SLF_snow_station_with_at_least_80pct_winter_coverage_2013_2025,external_mountain_station_proxy_only,False,SLF_IMIS_STATIONS|SLF_IMIS_DAILY_SNOW,"IMIS stations support avalanche monitoring and can differ from the resort in terrain, aspect, exposure, elevation, grooming, and snowmaking."
ebenalp_horn,Ebenalp - Horn,47.284877,9.413481,1726,AMD2,Bärenfall,47.170837,9.146883,1610,True,SNOW_FLAT,23.791967205700193,116,1.0,13,moderate,nearest_geographic_SLF_snow_station_with_at_least_80pct_winter_coverage_2013_2025,external_mountain_station_proxy_only,False,SLF_IMIS_STATIONS|SLF_IMIS_DAILY_SNOW,"IMIS stations support avalanche monitoring and can differ from the resort in terrain, aspect, exposure, elevation, grooming, and snowmaking."
egg_hallau,Egg Hallau,47.699047,8.438873,560,AMD2,Bärenfall,47.170837,9.146883,1610,True,SNOW_FLAT,79.28126121202943,1050,1.0,13,low,nearest_geographic_SLF_snow_station_with_at_least_80pct_winter_coverage_2013_2025,external_mountain_station_proxy_only,False,SLF_IMIS_STATIONS|SLF_IMIS_DAILY_SNOW,"IMIS stations support avalanche monitoring and can differ from the resort in terrain, aspect, exposure, elevation, grooming, and snowmaking."
elm,Elm,46.920329,9.15689,2100,ELM2,Chüebodensee,46.935609,9.136501,2058,True,SNOW_FLAT,2.2986908266600965,42,0.9961799660441426,13,high,nearest_geographic_SLF_snow_station_with_at_least_80pct_winter_coverage_2013_2025,external_mountain_station_proxy_only,False,SLF_IMIS_STATIONS|SLF_IMIS_DAILY_SNOW,"IMIS stations support avalanche monitoring and can differ from the resort in terrain, aspect, exposure, elevation, grooming, and snowmaking."
flumserberg,Flumserberg,47.078072,9.266882,2222,AMD2,Bärenfall,47.170837,9.146883,1610,True,SNOW_FLAT,13.741382504670014,612,1.0,13,moderate,nearest_geographic_SLF_snow_station_with_at_least_80pct_winter_coverage_2013_2025,external_mountain_station_proxy_only,False,SLF_IMIS_STATIONS|SLF_IMIS_DAILY_SNOW,"IMIS stations support avalanche monitoring and can differ from the resort in terrain, aspect, exposure, elevation, grooming, and snowmaking."
grub_kaien,Grub Kaien,47.441069,9.503018,1065,MLB2,Bärgtälli,47.088468,9.61177,1974,True,SNOW_FLAT,40.05707328655541,909,1.0,13,low,nearest_geographic_SLF_snow_station_with_at_least_80pct_winter_coverage_2013_2025,external_mountain_station_proxy_only,False,SLF_IMIS_STATIONS|SLF_IMIS_DAILY_SNOW,"IMIS stations support avalanche monitoring and can differ from the resort in terrain, aspect, exposure, elevation, grooming, and snowmaking."
hamberg_gahwil,Hamberg - Gähwil,47.39527,9.001708,905,AMD2,Bärenfall,47.170837,9.146883,1610,True,SNOW_FLAT,27.25279792467418,705,1.0,13,low,nearest_geographic_SLF_snow_station_with_at_least_80pct_winter_coverage_2013_2025,external_mountain_station_proxy_only,False,SLF_IMIS_STATIONS|SLF_IMIS_DAILY_SNOW,"IMIS stations support avalanche monitoring and can differ from the resort in terrain, aspect, exposure, elevation, grooming, and snowmaking."
heiden_bischofsberg,Heiden Bischofsberg,47.433732,9.533338,940,MLB2,Bärgtälli,47.088468,9.61177,1974,True,SNOW_FLAT,38.845212841742864,1034,1.0,13,low,nearest_geographic_SLF_snow_station_with_at_least_80pct_winter_coverage_2013_2025,external_mountain_station_proxy_only,False,SLF_IMIS_STATIONS|SLF_IMIS_DAILY_SNOW,"IMIS stations support avalanche monitoring and can differ from the resort in terrain, aspect, exposure, elevation, grooming, and snowmaking."
hemberg,Hemberg,47.281835,9.173477,1120,AMD2,Bärenfall,47.170837,9.146883,1610,True,SNOW_FLAT,12.504737111759374,490,1.0,13,moderate,nearest_geographic_SLF_snow_station_with_at_least_80pct_winter_coverage_2013_2025,external_mountain_station_proxy_only,False,SLF_IMIS_STATIONS|SLF_IMIS_DAILY_SNOW,"IMIS stations support avalanche monitoring and can differ from the resort in terrain, aspect, exposure, elevation, grooming, and snowmaking."
hornli_schonengrund,Hörnli - Schönengrund,47.311824,9.21129,970,AMD2,Bärenfall,47.170837,9.146883,1610,True,SNOW_FLAT,16.413746757230683,640,1.0,13,moderate,nearest_geographic_SLF_snow_station_with_at_least_80pct_winter_coverage_2013_2025,external_mountain_station_proxy_only,False,SLF_IMIS_STATIONS|SLF_IMIS_DAILY_SNOW,"IMIS stations support avalanche monitoring and can differ from the resort in terrain, aspect, exposure, elevation, grooming, and snowmaking."
jakobsbad_kronberg,Jakobsbad - Kronberg,47.320672,9.321728,1663,AMD2,Bärenfall,47.170837,9.146883,1610,True,SNOW_FLAT,21.255093814494096,53,1.0,13,moderate,nearest_geographic_SLF_snow_station_with_at_least_80pct_winter_coverage_2013_2025,external_mountain_station_proxy_only,False,SLF_IMIS_STATIONS|SLF_IMIS_DAILY_SNOW,"IMIS stations support avalanche monitoring and can differ from the resort in terrain, aspect, exposure, elevation, grooming, and snowmaking."
kerenzerberg,Kerenzerberg,47.105537,9.125776,1280,AMD2,Bärenfall,47.170837,9.146883,1610,True,SNOW_FLAT,7.4344805316667,330,1.0,13,high,nearest_geographic_SLF_snow_station_with_at_least_80pct_winter_coverage_2013_2025,external_mountain_station_proxy_only,False,SLF_IMIS_STATIONS|SLF_IMIS_DAILY_SNOW,"IMIS stations support avalanche monitoring and can differ from the resort in terrain, aspect, exposure, elevation, grooming, and snowmaking."
klausenbohl_gais_klausenbohl,Klausenböhl Gais / Klausenböhl,47.365886,9.459887,1025,AMD2,Bärenfall,47.170837,9.146883,1610,True,SNOW_FLAT,32.06487668604735,585,1.0,13,low,nearest_geographic_SLF_snow_station_with_at_least_80pct_winter_coverage_2013_2025,external_mountain_station_proxy_only,False,SLF_IMIS_STATIONS|SLF_IMIS_DAILY_SNOW,"IMIS stations support avalanche monitoring and can differ from the resort in terrain, aspect, exposure, elevation, grooming, and snowmaking."
oberegg_st_anton,Oberegg St. Anton,47.416692,9.550193,1110,MLB2,Bärgtälli,47.088468,9.61177,1974,True,SNOW_FLAT,36.79161376870794,864,1.0,13,low,nearest_geographic_SLF_snow_station_with_at_least_80pct_winter_coverage_2013_2025,external_mountain_station_proxy_only,False,SLF_IMIS_STATIONS|SLF_IMIS_DAILY_SNOW,"IMIS stations support avalanche monitoring and can differ from the resort in terrain, aspect, exposure, elevation, grooming, and snowmaking."
oberhelfenschwil,Oberhelfenschwil,47.353619,9.114499,866,AMD2,Bärenfall,47.170837,9.146883,1610,True,SNOW_FLAT,20.47084676057183,744,1.0,13,moderate,nearest_geographic_SLF_snow_station_with_at_least_80pct_winter_coverage_2013_2025,external_mountain_station_proxy_only,False,SLF_IMIS_STATIONS|SLF_IMIS_DAILY_SNOW,"IMIS stations support avalanche monitoring and can differ from the resort in terrain, aspect, exposure, elevation, grooming, and snowmaking."
opfershofen_skilift_stich_opfertshofen,Opfershofen Skilift Stich / Opfertshofen,47.773517,8.657243,665,AMD2,Bärenfall,47.170837,9.146883,1610,True,SNOW_FLAT,76.45502185548416,945,1.0,13,low,nearest_geographic_SLF_snow_station_with_at_least_80pct_winter_coverage_2013_2025,external_mountain_station_proxy_only,False,SLF_IMIS_STATIONS|SLF_IMIS_DAILY_SNOW,"IMIS stations support avalanche monitoring and can differ from the resort in terrain, aspect, exposure, elevation, grooming, and snowmaking."
osteregg_urnasch_osteregg,Osteregg Urnäsch / Osteregg,47.310331,9.285523,1080,AMD2,Bärenfall,47.170837,9.146883,1610,True,SNOW_FLAT,18.71192012264593,530,1.0,13,moderate,nearest_geographic_SLF_snow_station_with_at_least_80pct_winter_coverage_2013_2025,external_mountain_station_proxy_only,False,SLF_IMIS_STATIONS|SLF_IMIS_DAILY_SNOW,"IMIS stations support avalanche monitoring and can differ from the resort in terrain, aspect, exposure, elevation, grooming, and snowmaking."
pizol_bad_ragaz_wangs,Pizol - Bad Ragaz - Wangs,46.985464,9.437256,2250,TAM2,Wildsee,46.968364,9.390925,2468,True,SNOW_FLAT,3.9963537518200027,218,0.9932088285229203,13,high,nearest_geographic_SLF_snow_station_with_at_least_80pct_winter_coverage_2013_2025,external_mountain_station_proxy_only,False,SLF_IMIS_STATIONS|SLF_IMIS_DAILY_SNOW,"IMIS stations support avalanche monitoring and can differ from the resort in terrain, aspect, exposure, elevation, grooming, and snowmaking."
schilt_mollis,Schilt Mollis,47.078625,9.093751,1600,GLA2,Guppen,46.996629,9.037582,1632,True,SNOW_FLAT,10.062211728216987,32,1.0,13,moderate,nearest_geographic_SLF_snow_station_with_at_least_80pct_winter_coverage_2013_2025,external_mountain_station_proxy_only,False,SLF_IMIS_STATIONS|SLF_IMIS_DAILY_SNOW,"IMIS stations support avalanche monitoring and can differ from the resort in terrain, aspect, exposure, elevation, grooming, and snowmaking."
schwellbrunn,Schwellbrunn,47.344767,9.227399,1084,AMD2,Bärenfall,47.170837,9.146883,1610,True,SNOW_FLAT,20.272253484564075,526,1.0,13,moderate,nearest_geographic_SLF_snow_station_with_at_least_80pct_winter_coverage_2013_2025,external_mountain_station_proxy_only,False,SLF_IMIS_STATIONS|SLF_IMIS_DAILY_SNOW,"IMIS stations support avalanche monitoring and can differ from the resort in terrain, aspect, exposure, elevation, grooming, and snowmaking."
tannenberg_skiarena_tannenberg_waldkirch,Tannenberg Skiarena Tannenberg / Waldkirch,47.453682,9.302073,820,AMD2,Bärenfall,47.170837,9.146883,1610,True,SNOW_FLAT,33.556653755719914,790,1.0,13,low,nearest_geographic_SLF_snow_station_with_at_least_80pct_winter_coverage_2013_2025,external_mountain_station_proxy_only,False,SLF_IMIS_STATIONS|SLF_IMIS_DAILY_SNOW,"IMIS stations support avalanche monitoring and can differ from the resort in terrain, aspect, exposure, elevation, grooming, and snowmaking."
tanzboden_ebnat_kappel,Tanzboden Ebnat - Kappel,47.24695,9.109672,1181,AMD2,Bärenfall,47.170837,9.146883,1610,True,SNOW_FLAT,8.917948362086097,429,1.0,13,high,nearest_geographic_SLF_snow_station_with_at_least_80pct_winter_coverage_2013_2025,external_mountain_station_proxy_only,False,SLF_IMIS_STATIONS|SLF_IMIS_DAILY_SNOW,"IMIS stations support avalanche monitoring and can differ from the resort in terrain, aspect, exposure, elevation, grooming, and snowmaking."
toggenburg_chaserrugg_alt_st_johann_unterwasser,Toggenburg - Chäserrugg Alt St. Johann Unterwasser,47.176269,9.311752,2262,AMD2,Bärenfall,47.170837,9.146883,1610,True,SNOW_FLAT,12.476774569968388,652,1.0,13,moderate,nearest_geographic_SLF_snow_station_with_at_least_80pct_winter_coverage_2013_2025,external_mountain_station_proxy_only,False,SLF_IMIS_STATIONS|SLF_IMIS_DAILY_SNOW,"IMIS stations support avalanche monitoring and can differ from the resort in terrain, aspect, exposure, elevation, grooming, and snowmaking."
toggenburg_wildhaus,Toggenburg Wildhaus,47.179207,9.341204,2076,AMD2,Bärenfall,47.170837,9.146883,1610,True,SNOW_FLAT,14.71741839146666,466,1.0,13,moderate,nearest_geographic_SLF_snow_station_with_at_least_80pct_winter_coverage_2013_2025,external_mountain_station_proxy_only,False,SLF_IMIS_STATIONS|SLF_IMIS_DAILY_SNOW,"IMIS stations support avalanche monitoring and can differ from the resort in terrain, aspect, exposure, elevation, grooming, and snowmaking."
tristeli_st_margarethenberg,Tristeli St. Margarethenberg,46.980926,9.507916,1450,TAM2,Wildsee,46.968364,9.390925,2468,True,SNOW_FLAT,8.98544121347188,1018,0.9932088285229203,13,low,nearest_geographic_SLF_snow_station_with_at_least_80pct_winter_coverage_2013_2025,external_mountain_station_proxy_only,False,SLF_IMIS_STATIONS|SLF_IMIS_DAILY_SNOW,"IMIS stations support avalanche monitoring and can differ from the resort in terrain, aspect, exposure, elevation, grooming, and snowmaking."
vogelinsegg_speicher,Vögelinsegg Speicher,47.415607,9.43485,1030,AMD2,Bärenfall,47.170837,9.146883,1610,True,SNOW_FLAT,34.82005618895065,580,1.0,13,low,nearest_geographic_SLF_snow_station_with_at_least_80pct_winter_coverage_2013_2025,external_mountain_station_proxy_only,False,SLF_IMIS_STATIONS|SLF_IMIS_DAILY_SNOW,"IMIS stations support avalanche monitoring and can differ from the resort in terrain, aspect, exposure, elevation, grooming, and snowmaking."
wolzenalp_krummenau,Wolzenalp Krummenau,47.234402,9.161954,1500,AMD2,Bärenfall,47.170837,9.146883,1610,True,SNOW_FLAT,7.159230760239701,110,1.0,13,high,nearest_geographic_SLF_snow_station_with_at_least_80pct_winter_coverage_2013_2025,external_mountain_station_proxy_only,False,SLF_IMIS_STATIONS|SLF_IMIS_DAILY_SNOW,"IMIS stations support avalanche monitoring and can differ from the resort in terrain, aspect, exposure, elevation, grooming, and snowmaking."
airolo_luina,Airolo - Lüina,46.531174,8.607874,1280,VAL2,Vallascia,46.549038,8.61379,2268,True,SNOW_FLAT,2.0372738397184214,988,1.0,13,moderate,nearest_geographic_SLF_snow_station_with_at_least_80pct_winter_coverage_2013_2025,external_mountain_station_proxy_only,False,SLF_IMIS_STATIONS|SLF_IMIS_DAILY_SNOW,"IMIS stations support avalanche monitoring and can differ from the resort in terrain, aspect, exposure, elevation, grooming, and snowmaking."
airolo_pescium_airolo_pescium,Airolo - Pesciüm Airolo - Pesciüm,46.523792,8.60384,2250,VAL2,Vallascia,46.549038,8.61379,2268,True,SNOW_FLAT,2.908571340948204,18,1.0,13,high,nearest_geographic_SLF_snow_station_with_at_least_80pct_winter_coverage_2013_2025,external_mountain_station_proxy_only,False,SLF_IMIS_STATIONS|SLF_IMIS_DAILY_SNOW,"IMIS stations support avalanche monitoring and can differ from the resort in terrain, aspect, exposure, elevation, grooming, and snowmaking."
alpe_di_neggia,Alpe di Neggia,46.111627,8.838201,1600,FRA2,Efra,46.338237,8.853177,2100,True,SNOW_FLAT,25.22424020179861,500,0.9995755517826825,13,low,nearest_geographic_SLF_snow_station_with_at_least_80pct_winter_coverage_2013_2025,external_mountain_station_proxy_only,False,SLF_IMIS_STATIONS|SLF_IMIS_DAILY_SNOW,"IMIS stations support avalanche monitoring and can differ from the resort in terrain, aspect, exposure, elevation, grooming, and snowmaking."
bedea_novaggio,Bedea Novaggio,46.009597,8.862062,660,FRA2,Efra,46.338237,8.853177,2100,True,SNOW_FLAT,36.54955457228416,1440,0.9995755517826825,13,low,nearest_geographic_SLF_snow_station_with_at_least_80pct_winter_coverage_2013_2025,external_mountain_station_proxy_only,False,SLF_IMIS_STATIONS|SLF_IMIS_DAILY_SNOW,"IMIS stations support avalanche monitoring and can differ from the resort in terrain, aspect, exposure, elevation, grooming, and snowmaking."
bedrina_dalpe,Bedrina Dalpe,46.471723,8.775826,1250,CAM2,Fontane,46.465725,8.717472,2216,True,SNOW_FLAT,4.518571795826717,966,1.0,13,moderate,nearest_geographic_SLF_snow_station_with_at_least_80pct_winter_coverage_2013_2025,external_mountain_station_proxy_only,False,SLF_IMIS_STATIONS|SLF_IMIS_DAILY_SNOW,"IMIS stations support avalanche monitoring and can differ from the resort in terrain, aspect, exposure, elevation, grooming, and snowmaking."
bosco_gurin,Bosco Gurin,46.316644,8.467541,2400,BOG2,Hendar Furggu,46.333803,8.471618,2299,True,SNOW_FLAT,1.9335092353931196,101,0.9949066213921901,13,high,nearest_geographic_SLF_snow_station_with_at_least_80pct_winter_coverage_2013_2025,external_mountain_station_proxy_only,False,SLF_IMIS_STATIONS|SLF_IMIS_DAILY_SNOW,"IMIS stations support avalanche monitoring and can differ from the resort in terrain, aspect, exposure, elevation, grooming, and snowmaking."
campo_blenio_ghirone,Campo Blenio - Ghirone,46.556234,8.936605,1650,DTR2,Preda,46.542866,8.86906,2057,True,SNOW_FLAT,5.3749221199957455,407,0.9987266553480475,13,high,nearest_geographic_SLF_snow_station_with_at_least_80pct_winter_coverage_2013_2025,external_mountain_station_proxy_only,False,SLF_IMIS_STATIONS|SLF_IMIS_DAILY_SNOW,"IMIS stations support avalanche monitoring and can differ from the resort in terrain, aspect, exposure, elevation, grooming, and snowmaking."
cardada_cimetta_locarno,Cardada Cimetta Locarno,46.196795,8.788161,1670,FRA2,Efra,46.338237,8.853177,2100,True,SNOW_FLAT,16.502598422664413,430,0.9995755517826825,13,moderate,nearest_geographic_SLF_snow_station_with_at_least_80pct_winter_coverage_2013_2025,external_mountain_station_proxy_only,False,SLF_IMIS_STATIONS|SLF_IMIS_DAILY_SNOW,"IMIS stations support avalanche monitoring and can differ from the resort in terrain, aspect, exposure, elevation, grooming, and snowmaking."
cari,Carì,46.503709,8.818052,2280,NAR2,Bassa di Nara,46.472991,8.868636,2077,True,SNOW_FLAT,5.163725653126924,203,1.0,13,high,nearest_geographic_SLF_snow_station_with_at_least_80pct_winter_coverage_2013_2025,external_mountain_station_proxy_only,False,SLF_IMIS_STATIONS|SLF_IMIS_DAILY_SNOW,"IMIS stations support avalanche monitoring and can differ from the resort in terrain, aspect, exposure, elevation, grooming, and snowmaking."
cioss_prato_bedretto,Cioss Prato Bedretto,46.491341,8.484889,1620,BED3,Cassinello,46.491159,8.521914,2101,True,SNOW_FLAT,2.834482559086207,481,1.0,13,high,nearest_geographic_SLF_snow_station_with_at_least_80pct_winter_coverage_2013_2025,external_mountain_station_proxy_only,False,SLF_IMIS_STATIONS|SLF_IMIS_DAILY_SNOW,"IMIS stations support avalanche monitoring and can differ from the resort in terrain, aspect, exposure, elevation, grooming, and snowmaking."
mogno,Mogno,46.428061,8.661765,1275,FUS2,Alpe di Röd,46.436421,8.620446,2390,True,SNOW_FLAT,3.3001911385742977,1115,1.0,13,low,nearest_geographic_SLF_snow_station_with_at_least_80pct_winter_coverage_2013_2025,external_mountain_station_proxy_only,False,SLF_IMIS_STATIONS|SLF_IMIS_DAILY_SNOW,"IMIS stations support avalanche monitoring and can differ from the resort in terrain, aspect, exposure, elevation, grooming, and snowmaking."
nara_leontica_cancori,Nara Leontica - Cancorì,46.460122,8.898282,2153,NAR2,Bassa di Nara,46.472991,8.868636,2077,True,SNOW_FLAT,2.683852774429088,76,1.0,13,high,nearest_geographic_SLF_snow_station_with_at_least_80pct_winter_coverage_2013_2025,external_mountain_station_proxy_only,False,SLF_IMIS_STATIONS|SLF_IMIS_DAILY_SNOW,"IMIS stations support avalanche monitoring and can differ from the resort in terrain, aspect, exposure, elevation, grooming, and snowmaking."
piano_di_peccia,Piano di Peccia,46.410422,8.610607,1050,FUS2,Alpe di Röd,46.436421,8.620446,2390,True,SNOW_FLAT,2.98770847180996,1340,1.0,13,low,nearest_geographic_SLF_snow_station_with_at_least_80pct_winter_coverage_2013_2025,external_mountain_station_proxy_only,False,SLF_IMIS_STATIONS|SLF_IMIS_DAILY_SNOW,"IMIS stations support avalanche monitoring and can differ from the resort in terrain, aspect, exposure, elevation, grooming, and snowmaking."
prato_leventina,Prato Leventina,46.481156,8.757745,1300,CAM2,Fontane,46.465725,8.717472,2216,True,SNOW_FLAT,3.5292512559591867,916,1.0,13,moderate,nearest_geographic_SLF_snow_station_with_at_least_80pct_winter_coverage_2013_2025,external_mountain_station_proxy_only,False,SLF_IMIS_STATIONS|SLF_IMIS_DAILY_SNOW,"IMIS stations support avalanche monitoring and can differ from the resort in terrain, aspect, exposure, elevation, grooming, and snowmaking."
aletsch_arena_riederalp_bettmeralp_fiesch_eggishorn,Aletsch Arena Riederalp - Bettmeralp - Fiesch - Eggishorn,46.416381,8.099413,2869,EGH2,Flesch,46.416811,8.091715,2500,True,SNOW_FLAT,0.5920546389226128,369,0.9707130730050934,12,high,nearest_geographic_SLF_snow_station_with_at_least_80pct_winter_coverage_2013_2025,external_mountain_station_proxy_only,False,SLF_IMIS_STATIONS|SLF_IMIS_DAILY_SNOW,"IMIS stations support avalanche monitoring and can differ from the resort in terrain, aspect, exposure, elevation, grooming, and snowmaking."
anzere,Anzère,46.312909,7.39749,2420,VDS2,Donin du Jour,46.321511,7.367505,2385,True,SNOW_FLAT,2.4935525611799485,35,1.0,13,high,nearest_geographic_SLF_snow_station_with_at_least_80pct_winter_coverage_2013_2025,external_mountain_station_proxy_only,False,SLF_IMIS_STATIONS|SLF_IMIS_DAILY_SNOW,"IMIS stations support avalanche monitoring and can differ from the resort in terrain, aspect, exposure, elevation, grooming, and snowmaking."
arolla,Arolla,46.027482,7.469587,3000,ARO2,Les Fontanesses,46.028782,7.445855,2847,True,SNOW_FLAT,1.8378825128476861,153,1.0,13,high,nearest_geographic_SLF_snow_station_with_at_least_80pct_winter_coverage_2013_2025,external_mountain_station_proxy_only,False,SLF_IMIS_STATIONS|SLF_IMIS_DAILY_SNOW,"IMIS stations support avalanche monitoring and can differ from the resort in terrain, aspect, exposure, elevation, grooming, and snowmaking."
avoriaz_1800_portes_du_soleil,Avoriaz 1800 Portes du Soleil,46.178671,6.778607,2276,ILI2,Les Collines,46.191356,6.827797,2022,True,SNOW_FLAT,4.040999987639529,254,0.9995755517826825,13,high,nearest_geographic_SLF_snow_station_with_at_least_80pct_winter_coverage_2013_2025,external_mountain_station_proxy_only,False,SLF_IMIS_STATIONS|SLF_IMIS_DAILY_SNOW,"IMIS stations support avalanche monitoring and can differ from the resort in terrain, aspect, exposure, elevation, grooming, and snowmaking."
belalp,Belalp,46.379149,7.977705,3118,BEL2,Belalp,46.394846,7.974175,2554,True,SNOW_FLAT,1.7663041072136436,564,1.0,13,moderate,nearest_geographic_SLF_snow_station_with_at_least_80pct_winter_coverage_2013_2025,external_mountain_station_proxy_only,False,SLF_IMIS_STATIONS|SLF_IMIS_DAILY_SNOW,"IMIS stations support avalanche monitoring and can differ from the resort in terrain, aspect, exposure, elevation, grooming, and snowmaking."
bellwald,Bellwald,46.441347,8.16679,2560,GOM2,Bodmerchumma,46.420456,8.232494,2439,True,SNOW_FLAT,5.54547311830865,121,0.9995755517826825,13,high,nearest_geographic_SLF_snow_station_with_at_least_80pct_winter_coverage_2013_2025,external_mountain_station_proxy_only,False,SLF_IMIS_STATIONS|SLF_IMIS_DAILY_SNOW,"IMIS stations support avalanche monitoring and can differ from the resort in terrain, aspect, exposure, elevation, grooming, and snowmaking."
bruson_verbier,Bruson - Verbier,46.059832,7.199478,2220,ATT2,Lac des Vaux,46.105287,7.269918,2550,True,SNOW_FLAT,7.420408701110677,330,1.0,13,high,nearest_geographic_SLF_snow_station_with_at_least_80pct_winter_coverage_2013_2025,external_mountain_station_proxy_only,False,SLF_IMIS_STATIONS|SLF_IMIS_DAILY_SNOW,"IMIS stations support avalanche monitoring and can differ from the resort in terrain, aspect, exposure, elevation, grooming, and snowmaking."
champex_lac,Champex - Lac,46.027661,7.104979,2194,BOV2,Pointe de Toules,45.984792,7.237207,2687,True,SNOW_FLAT,11.270198735686147,493,0.9978777589134126,13,moderate,nearest_geographic_SLF_snow_station_with_at_least_80pct_winter_coverage_2013_2025,external_mountain_station_proxy_only,False,SLF_IMIS_STATIONS|SLF_IMIS_DAILY_SNOW,"IMIS stations support avalanche monitoring and can differ from the resort in terrain, aspect, exposure, elevation, grooming, and snowmaking."
champery_les_crosets_champoussin_morgins_portes_du_soleil,Champéry - Les Crosets - Champoussin - Morgins Portes du Soleil,46.206567,6.849031,2450,ILI2,Les Collines,46.191356,6.827797,2022,True,SNOW_FLAT,2.351936431507987,428,0.9995755517826825,13,high,nearest_geographic_SLF_snow_station_with_at_least_80pct_winter_coverage_2013_2025,external_mountain_station_proxy_only,False,SLF_IMIS_STATIONS|SLF_IMIS_DAILY_SNOW,"IMIS stations support avalanche monitoring and can differ from the resort in terrain, aspect, exposure, elevation, grooming, and snowmaking."
chapelle_abondance_la_chapelle_d_abondance_portes_du_soleil,Chapelle Abondance La Chapelle d'Abondance / Portes du Soleil,46.284582,6.776779,1800,GRA2,Loz,46.346062,6.78355,1984,True,SNOW_FLAT,6.856023456639843,184,0.9974533106960951,13,high,nearest_geographic_SLF_snow_station_with_at_least_80pct_winter_coverage_2013_2025,external_mountain_station_proxy_only,False,SLF_IMIS_STATIONS|SLF_IMIS_DAILY_SNOW,"IMIS stations support avalanche monitoring and can differ from the resort in terrain, aspect, exposure, elevation, grooming, and snowmaking."
chatel_portes_du_soleil,Châtel Portes du Soleil,46.267685,6.858344,2466,ILI2,Les Collines,46.191356,6.827797,2022,True,SNOW_FLAT,8.806662801353616,444,0.9995755517826825,13,high,nearest_geographic_SLF_snow_station_with_at_least_80pct_winter_coverage_2013_2025,external_mountain_station_proxy_only,False,SLF_IMIS_STATIONS|SLF_IMIS_DAILY_SNOW,"IMIS stations support avalanche monitoring and can differ from the resort in terrain, aspect, exposure, elevation, grooming, and snowmaking."
crans_montana_crans_montana,Crans - Montana Crans - Montana,46.336084,7.479029,3000,VDS2,Donin du Jour,46.321511,7.367505,2385,True,SNOW_FLAT,8.715044772518269,615,1.0,13,moderate,nearest_geographic_SLF_snow_station_with_at_least_80pct_winter_coverage_2013_2025,external_mountain_station_proxy_only,False,SLF_IMIS_STATIONS|SLF_IMIS_DAILY_SNOW,"IMIS stations support avalanche monitoring and can differ from the resort in terrain, aspect, exposure, elevation, grooming, and snowmaking."
eischoll_sportbahnen_eischoll,Eischoll Sportbahnen Eischoll,46.277,7.767677,2200,STN2,Oberer Stelligletscher,46.167811,7.750559,2914,True,SNOW_FLAT,12.21249076008012,714,0.9830220713073005,13,moderate,nearest_geographic_SLF_snow_station_with_at_least_80pct_winter_coverage_2013_2025,external_mountain_station_proxy_only,False,SLF_IMIS_STATIONS|SLF_IMIS_DAILY_SNOW,"IMIS stations support avalanche monitoring and can differ from the resort in terrain, aspect, exposure, elevation, grooming, and snowmaking."
evolene,Evolène,46.121738,7.465553,2600,ARO3,Bréona,46.08742,7.56206,2602,True,SNOW_FLAT,8.36185257239296,2,0.9991511035653651,13,high,nearest_geographic_SLF_snow_station_with_at_least_80pct_winter_coverage_2013_2025,external_mountain_station_proxy_only,False,SLF_IMIS_STATIONS|SLF_IMIS_DAILY_SNOW,"IMIS stations support avalanche monitoring and can differ from the resort in terrain, aspect, exposure, elevation, grooming, and snowmaking."
gampel_jeizinen_jeizinen_feselalpe_gampel,Gampel - Jeizinen Jeizinen - Feselalpe / Gampel,46.328142,7.722965,2200,TRU2,Trubelboden,46.370951,7.585572,2459,True,SNOW_FLAT,11.569934133497737,259,0.9995755517826825,13,moderate,nearest_geographic_SLF_snow_station_with_at_least_80pct_winter_coverage_2013_2025,external_mountain_station_proxy_only,False,SLF_IMIS_STATIONS|SLF_IMIS_DAILY_SNOW,"IMIS stations support avalanche monitoring and can differ from the resort in terrain, aspect, exposure, elevation, grooming, and snowmaking."
grimentz_zinal_grimentz_zinal,Grimentz/Zinal Grimentz - Zinal,46.180841,7.556791,2900,ANV2,Orzival,46.188277,7.535372,2640,True,SNOW_FLAT,1.8446277947595893,260,1.0,13,high,nearest_geographic_SLF_snow_station_with_at_least_80pct_winter_coverage_2013_2025,external_mountain_station_proxy_only,False,SLF_IMIS_STATIONS|SLF_IMIS_DAILY_SNOW,"IMIS stations support avalanche monitoring and can differ from the resort in terrain, aspect, exposure, elevation, grooming, and snowmaking."
grachen,Grächen,46.193973,7.852221,2868,SAA2,Seetal,46.171835,7.879353,2480,True,SNOW_FLAT,3.2284317449635207,388,0.9813242784380306,13,high,nearest_geographic_SLF_snow_station_with_at_least_80pct_winter_coverage_2013_2025,external_mountain_station_proxy_only,False,SLF_IMIS_STATIONS|SLF_IMIS_DAILY_SNOW,"IMIS stations support avalanche monitoring and can differ from the resort in terrain, aspect, exposure, elevation, grooming, and snowmaking."
hohsaas_saas_grund_hohsaas,Hohsaas Saas Grund - Hohsaas,46.138512,7.965088,3142,SAA4,Gibidum,46.124467,7.905531,2680,True,SNOW_FLAT,4.847838471905003,462,1.0,13,high,nearest_geographic_SLF_snow_station_with_at_least_80pct_winter_coverage_2013_2025,external_mountain_station_proxy_only,False,SLF_IMIS_STATIONS|SLF_IMIS_DAILY_SNOW,"IMIS stations support avalanche monitoring and can differ from the resort in terrain, aspect, exposure, elevation, grooming, and snowmaking."
la_forclaz,La Forclaz,46.091229,7.52618,2204,ARO3,Bréona,46.08742,7.56206,2602,True,SNOW_FLAT,2.7992146670183056,398,0.9991511035653651,13,high,nearest_geographic_SLF_snow_station_with_at_least_80pct_winter_coverage_2013_2025,external_mountain_station_proxy_only,False,SLF_IMIS_STATIONS|SLF_IMIS_DAILY_SNOW,"IMIS stations support avalanche monitoring and can differ from the resort in terrain, aspect, exposure, elevation, grooming, and snowmaking."
la_lorette_bourg_saint_pierre,La Lorette Bourg - Saint - Pierre,45.954811,7.206459,2800,BOV2,Pointe de Toules,45.984792,7.237207,2687,True,SNOW_FLAT,4.094003522611663,113,0.9978777589134126,13,high,nearest_geographic_SLF_snow_station_with_at_least_80pct_winter_coverage_2013_2025,external_mountain_station_proxy_only,False,SLF_IMIS_STATIONS|SLF_IMIS_DAILY_SNOW,"IMIS stations support avalanche monitoring and can differ from the resort in terrain, aspect, exposure, elevation, grooming, and snowmaking."
la_tzoumaz_mayens_de_riddes,La Tzoumaz - Mayens de Riddes,46.130363,7.224455,3300,ATT2,Lac des Vaux,46.105287,7.269918,2550,True,SNOW_FLAT,4.478185999170215,750,1.0,13,moderate,nearest_geographic_SLF_snow_station_with_at_least_80pct_winter_coverage_2013_2025,external_mountain_station_proxy_only,False,SLF_IMIS_STATIONS|SLF_IMIS_DAILY_SNOW,"IMIS stations support avalanche monitoring and can differ from the resort in terrain, aspect, exposure, elevation, grooming, and snowmaking."
lauchernalp_lotschental,Lauchernalp - Lötschental,46.416677,7.770939,3100,GAN2,Gandegg,46.429261,7.760606,2710,True,SNOW_FLAT,1.607881944459056,390,1.0,13,high,nearest_geographic_SLF_snow_station_with_at_least_80pct_winter_coverage_2013_2025,external_mountain_station_proxy_only,False,SLF_IMIS_STATIONS|SLF_IMIS_DAILY_SNOW,"IMIS stations support avalanche monitoring and can differ from the resort in terrain, aspect, exposure, elevation, grooming, and snowmaking."
les_marecottes,Les Marécottes,46.111683,7.004299,2220,FNH2,L'Ecreuleuse,46.100759,6.964104,2252,True,SNOW_FLAT,3.32836998050675,32,1.0,13,high,nearest_geographic_SLF_snow_station_with_at_least_80pct_winter_coverage_2013_2025,external_mountain_station_proxy_only,False,SLF_IMIS_STATIONS|SLF_IMIS_DAILY_SNOW,"IMIS stations support avalanche monitoring and can differ from the resort in terrain, aspect, exposure, elevation, grooming, and snowmaking."
leukerbad,Leukerbad,46.368653,7.649295,2610,TRU2,Trubelboden,46.370951,7.585572,2459,True,SNOW_FLAT,4.895802753037929,151,0.9995755517826825,13,high,nearest_geographic_SLF_snow_station_with_at_least_80pct_winter_coverage_2013_2025,external_mountain_station_proxy_only,False,SLF_IMIS_STATIONS|SLF_IMIS_DAILY_SNOW,"IMIS stations support avalanche monitoring and can differ from the resort in terrain, aspect, exposure, elevation, grooming, and snowmaking."
mont_noble_nax,Mont - Noble Nax,46.211817,7.474308,2640,ANV2,Orzival,46.188277,7.535372,2640,True,SNOW_FLAT,5.379430402419797,0,1.0,13,high,nearest_geographic_SLF_snow_station_with_at_least_80pct_winter_coverage_2013_2025,external_mountain_station_proxy_only,False,SLF_IMIS_STATIONS|SLF_IMIS_DAILY_SNOW,"IMIS stations support avalanche monitoring and can differ from the resort in terrain, aspect, exposure, elevation, grooming, and snowmaking."
moosalpregion,Moosalpregion,46.251225,7.826857,2550,SAA2,Seetal,46.171835,7.879353,2480,True,SNOW_FLAT,9.708057120693361,70,0.9813242784380306,13,high,nearest_geographic_SLF_snow_station_with_at_least_80pct_winter_coverage_2013_2025,external_mountain_station_proxy_only,False,SLF_IMIS_STATIONS|SLF_IMIS_DAILY_SNOW,"IMIS stations support avalanche monitoring and can differ from the resort in terrain, aspect, exposure, elevation, grooming, and snowmaking."
nendaz_4_vallees,Nendaz 4 Vallées,46.132848,7.308655,3330,NEN3,Combatzeline,46.143184,7.335297,2203,True,SNOW_FLAT,2.352601530580569,1127,0.9987266553480475,13,low,nearest_geographic_SLF_snow_station_with_at_least_80pct_winter_coverage_2013_2025,external_mountain_station_proxy_only,False,SLF_IMIS_STATIONS|SLF_IMIS_DAILY_SNOW,"IMIS stations support avalanche monitoring and can differ from the resort in terrain, aspect, exposure, elevation, grooming, and snowmaking."
obergoms_goms,Obergoms Goms,46.49144,8.267781,1568,GOM3,Treichbode,46.489142,8.22855,2427,True,SNOW_FLAT,3.014191869620531,859,0.9961799660441426,13,moderate,nearest_geographic_SLF_snow_station_with_at_least_80pct_winter_coverage_2013_2025,external_mountain_station_proxy_only,False,SLF_IMIS_STATIONS|SLF_IMIS_DAILY_SNOW,"IMIS stations support avalanche monitoring and can differ from the resort in terrain, aspect, exposure, elevation, grooming, and snowmaking."
ovronnaz,Ovronnaz,46.203537,7.139568,2500,FUL2,Grand Cor,46.194684,7.089661,2602,True,SNOW_FLAT,3.9651898867527677,102,1.0,13,high,nearest_geographic_SLF_snow_station_with_at_least_80pct_winter_coverage_2013_2025,external_mountain_station_proxy_only,False,SLF_IMIS_STATIONS|SLF_IMIS_DAILY_SNOW,"IMIS stations support avalanche monitoring and can differ from the resort in terrain, aspect, exposure, elevation, grooming, and snowmaking."
rosswald,Rosswald,46.30449,8.043537,2536,BOR2,Bortelsee,46.290531,8.109302,2517,True,SNOW_FLAT,5.285522900779994,19,0.9987266553480475,13,high,nearest_geographic_SLF_snow_station_with_at_least_80pct_winter_coverage_2013_2025,external_mountain_station_proxy_only,False,SLF_IMIS_STATIONS|SLF_IMIS_DAILY_SNOW,"IMIS stations support avalanche monitoring and can differ from the resort in terrain, aspect, exposure, elevation, grooming, and snowmaking."
rothwald_wasenalp_am_simplon,Rothwald - Wasenalp am Simplon,46.279877,8.03813,2300,BOR2,Bortelsee,46.290531,8.109302,2517,True,SNOW_FLAT,5.59594036083801,217,0.9987266553480475,13,high,nearest_geographic_SLF_snow_station_with_at_least_80pct_winter_coverage_2013_2025,external_mountain_station_proxy_only,False,SLF_IMIS_STATIONS|SLF_IMIS_DAILY_SNOW,"IMIS stations support avalanche monitoring and can differ from the resort in terrain, aspect, exposure, elevation, grooming, and snowmaking."
saas_almagell,Saas Almagell,46.092244,7.957824,2400,SAA4,Gibidum,46.124467,7.905531,2680,True,SNOW_FLAT,5.393494562300513,280,1.0,13,high,nearest_geographic_SLF_snow_station_with_at_least_80pct_winter_coverage_2013_2025,external_mountain_station_proxy_only,False,SLF_IMIS_STATIONS|SLF_IMIS_DAILY_SNOW,"IMIS stations support avalanche monitoring and can differ from the resort in terrain, aspect, exposure, elevation, grooming, and snowmaking."
saas_fee,Saas - Fee,46.089067,7.919168,3600,SAA4,Gibidum,46.124467,7.905531,2680,True,SNOW_FLAT,4.074283148076016,920,1.0,13,moderate,nearest_geographic_SLF_snow_station_with_at_least_80pct_winter_coverage_2013_2025,external_mountain_station_proxy_only,False,SLF_IMIS_STATIONS|SLF_IMIS_DAILY_SNOW,"IMIS stations support avalanche monitoring and can differ from the resort in terrain, aspect, exposure, elevation, grooming, and snowmaking."
st_luc_chandolin,St - Luc Chandolin,46.237981,7.614641,3000,ANV2,Orzival,46.188277,7.535372,2640,True,SNOW_FLAT,8.230892967640058,360,1.0,13,high,nearest_geographic_SLF_snow_station_with_at_least_80pct_winter_coverage_2013_2025,external_mountain_station_proxy_only,False,SLF_IMIS_STATIONS|SLF_IMIS_DAILY_SNOW,"IMIS stations support avalanche monitoring and can differ from the resort in terrain, aspect, exposure, elevation, grooming, and snowmaking."
staldenried_gspon,Staldenried - Gspon,46.229491,7.889643,2900,SAA2,Seetal,46.171835,7.879353,2480,True,SNOW_FLAT,6.459791227340208,420,0.9813242784380306,13,high,nearest_geographic_SLF_snow_station_with_at_least_80pct_winter_coverage_2013_2025,external_mountain_station_proxy_only,False,SLF_IMIS_STATIONS|SLF_IMIS_DAILY_SNOW,"IMIS stations support avalanche monitoring and can differ from the resort in terrain, aspect, exposure, elevation, grooming, and snowmaking."
thyon_4_vallees,Thyon 4 Vallées,46.177914,7.379164,2450,NEN3,Combatzeline,46.143184,7.335297,2203,True,SNOW_FLAT,5.13109877307251,247,0.9987266553480475,13,high,nearest_geographic_SLF_snow_station_with_at_least_80pct_winter_coverage_2013_2025,external_mountain_station_proxy_only,False,SLF_IMIS_STATIONS|SLF_IMIS_DAILY_SNOW,"IMIS stations support avalanche monitoring and can differ from the resort in terrain, aspect, exposure, elevation, grooming, and snowmaking."
torgon_portes_du_soleil,Torgon Portes du Soleil,46.313146,6.866755,1980,GRA2,Loz,46.346062,6.78355,1984,True,SNOW_FLAT,7.362759765954238,4,0.9974533106960951,13,high,nearest_geographic_SLF_snow_station_with_at_least_80pct_winter_coverage_2013_2025,external_mountain_station_proxy_only,False,SLF_IMIS_STATIONS|SLF_IMIS_DAILY_SNOW,"IMIS stations support avalanche monitoring and can differ from the resort in terrain, aspect, exposure, elevation, grooming, and snowmaking."
unterbach_brandalp,Unterbäch - Brandalp,46.26997,7.78759,2500,STN2,Oberer Stelligletscher,46.167811,7.750559,2914,True,SNOW_FLAT,11.711404728471438,414,0.9830220713073005,13,moderate,nearest_geographic_SLF_snow_station_with_at_least_80pct_winter_coverage_2013_2025,external_mountain_station_proxy_only,False,SLF_IMIS_STATIONS|SLF_IMIS_DAILY_SNOW,"IMIS stations support avalanche monitoring and can differ from the resort in terrain, aspect, exposure, elevation, grooming, and snowmaking."
val_ferret_la_fouly,Val Ferret - La Fouly,45.930617,7.103475,2200,BOV2,Pointe de Toules,45.984792,7.237207,2687,True,SNOW_FLAT,11.964801728576374,487,0.9978777589134126,13,moderate,nearest_geographic_SLF_snow_station_with_at_least_80pct_winter_coverage_2013_2025,external_mountain_station_proxy_only,False,SLF_IMIS_STATIONS|SLF_IMIS_DAILY_SNOW,"IMIS stations support avalanche monitoring and can differ from the resort in terrain, aspect, exposure, elevation, grooming, and snowmaking."
verbier_4_vallees,Verbier 4 Vallées,46.09746,7.274752,3330,ATT2,Lac des Vaux,46.105287,7.269918,2550,True,SNOW_FLAT,0.946770003138499,780,1.0,13,moderate,nearest_geographic_SLF_snow_station_with_at_least_80pct_winter_coverage_2013_2025,external_mountain_station_proxy_only,False,SLF_IMIS_STATIONS|SLF_IMIS_DAILY_SNOW,"IMIS stations support avalanche monitoring and can differ from the resort in terrain, aspect, exposure, elevation, grooming, and snowmaking."
vercorin,Vercorin,46.238277,7.528897,2300,ANV2,Orzival,46.188277,7.535372,2640,True,SNOW_FLAT,5.582032088601046,340,1.0,13,high,nearest_geographic_SLF_snow_station_with_at_least_80pct_winter_coverage_2013_2025,external_mountain_station_proxy_only,False,SLF_IMIS_STATIONS|SLF_IMIS_DAILY_SNOW,"IMIS stations support avalanche monitoring and can differ from the resort in terrain, aspect, exposure, elevation, grooming, and snowmaking."
veysonnaz_4_vallees,Veysonnaz 4 Vallées,46.188209,7.354145,2700,NEN3,Combatzeline,46.143184,7.335297,2203,True,SNOW_FLAT,5.21272354012194,497,0.9987266553480475,13,high,nearest_geographic_SLF_snow_station_with_at_least_80pct_winter_coverage_2013_2025,external_mountain_station_proxy_only,False,SLF_IMIS_STATIONS|SLF_IMIS_DAILY_SNOW,"IMIS stations support avalanche monitoring and can differ from the resort in terrain, aspect, exposure, elevation, grooming, and snowmaking."
vicheres_liddes_vicheres,Vichères Liddes - Vichères,45.989445,7.155556,2267,BOV2,Pointe de Toules,45.984792,7.237207,2687,True,SNOW_FLAT,6.329584499911033,420,0.9978777589134126,13,high,nearest_geographic_SLF_snow_station_with_at_least_80pct_winter_coverage_2013_2025,external_mountain_station_proxy_only,False,SLF_IMIS_STATIONS|SLF_IMIS_DAILY_SNOW,"IMIS stations support avalanche monitoring and can differ from the resort in terrain, aspect, exposure, elevation, grooming, and snowmaking."
visperterminen,Visperterminen,46.259111,7.902603,2338,MUN2,Chiematte,46.333068,7.925203,2205,True,SNOW_FLAT,8.404956340015104,133,0.9995755517826825,13,high,nearest_geographic_SLF_snow_station_with_at_least_80pct_winter_coverage_2013_2025,external_mountain_station_proxy_only,False,SLF_IMIS_STATIONS|SLF_IMIS_DAILY_SNOW,"IMIS stations support avalanche monitoring and can differ from the resort in terrain, aspect, exposure, elevation, grooming, and snowmaking."
zermatt,Zermatt,46.017112,7.770081,3883,GOR2,Gornergratsee,45.987192,7.783599,2953,True,SNOW_FLAT,3.486952532854285,930,1.0,13,moderate,nearest_geographic_SLF_snow_station_with_at_least_80pct_winter_coverage_2013_2025,external_mountain_station_proxy_only,False,SLF_IMIS_STATIONS|SLF_IMIS_DAILY_SNOW,"IMIS stations support avalanche monitoring and can differ from the resort in terrain, aspect, exposure, elevation, grooming, and snowmaking."
glacier_3000_les_diablerets,Glacier 3000 - Les Diablerets,46.318303,7.212782,3000,DIA2,Tsanfleuron,46.315404,7.241038,2569,True,SNOW_FLAT,2.1938465851931266,431,1.0,13,high,nearest_geographic_SLF_snow_station_with_at_least_80pct_winter_coverage_2013_2025,external_mountain_station_proxy_only,False,SLF_IMIS_STATIONS|SLF_IMIS_DAILY_SNOW,"IMIS stations support avalanche monitoring and can differ from the resort in terrain, aspect, exposure, elevation, grooming, and snowmaking."
la_dole_jura_sur_leman,La Dôle Jura sur Léman,46.43348,6.093979,1678,GRA2,Loz,46.346062,6.78355,1984,True,SNOW_FLAT,53.77347723155127,306,0.9974533106960951,13,low,nearest_geographic_SLF_snow_station_with_at_least_80pct_winter_coverage_2013_2025,external_mountain_station_proxy_only,False,SLF_IMIS_STATIONS|SLF_IMIS_DAILY_SNOW,"IMIS stations support avalanche monitoring and can differ from the resort in terrain, aspect, exposure, elevation, grooming, and snowmaking."
les_diablerets_glacier_3000,Les Diablerets - Glacier 3000,46.341773,7.14017,3200,CHA2,Pierres Fendues,46.376962,7.163986,2218,True,SNOW_FLAT,4.318629316368863,982,0.9932088285229203,13,moderate,nearest_geographic_SLF_snow_station_with_at_least_80pct_winter_coverage_2013_2025,external_mountain_station_proxy_only,False,SLF_IMIS_STATIONS|SLF_IMIS_DAILY_SNOW,"IMIS stations support avalanche monitoring and can differ from the resort in terrain, aspect, exposure, elevation, grooming, and snowmaking."
les_pleiades,Les Pléiades,46.495024,6.915979,1397,ALI2,Chenau,46.488632,6.993298,1708,True,SNOW_FLAT,5.961533886113354,311,1.0,13,high,nearest_geographic_SLF_snow_station_with_at_least_80pct_winter_coverage_2013_2025,external_mountain_station_proxy_only,False,SLF_IMIS_STATIONS|SLF_IMIS_DAILY_SNOW,"IMIS stations support avalanche monitoring and can differ from the resort in terrain, aspect, exposure, elevation, grooming, and snowmaking."
les_prevondes,Les Prévondes,46.458319,6.933703,1011,ALI2,Chenau,46.488632,6.993298,1708,True,SNOW_FLAT,5.67352608345861,697,1.0,13,moderate,nearest_geographic_SLF_snow_station_with_at_least_80pct_winter_coverage_2013_2025,external_mountain_station_proxy_only,False,SLF_IMIS_STATIONS|SLF_IMIS_DAILY_SNOW,"IMIS stations support avalanche monitoring and can differ from the resort in terrain, aspect, exposure, elevation, grooming, and snowmaking."
leysin_les_mosses_la_lecherette,Leysin - Les Mosses - La Lécherette,46.358421,7.009964,2331,CHA2,Pierres Fendues,46.376962,7.163986,2218,True,SNOW_FLAT,11.996237452897999,113,0.9932088285229203,13,moderate,nearest_geographic_SLF_snow_station_with_at_least_80pct_winter_coverage_2013_2025,external_mountain_station_proxy_only,False,SLF_IMIS_STATIONS|SLF_IMIS_DAILY_SNOW,"IMIS stations support avalanche monitoring and can differ from the resort in terrain, aspect, exposure, elevation, grooming, and snowmaking."
rochers_de_naye_haut_de_caux_dent_de_jaman,Rochers de Naye - Haut de Caux - Dent de Jaman,46.431587,6.978421,2045,ALI2,Chenau,46.488632,6.993298,1708,True,SNOW_FLAT,6.444670400833462,337,1.0,13,high,nearest_geographic_SLF_snow_station_with_at_least_80pct_winter_coverage_2013_2025,external_mountain_station_proxy_only,False,SLF_IMIS_STATIONS|SLF_IMIS_DAILY_SNOW,"IMIS stations support avalanche monitoring and can differ from the resort in terrain, aspect, exposure, elevation, grooming, and snowmaking."
rougemont_rougemont_la_videmanette,Rougemont Rougemont - La Videmanette,46.454889,7.226973,2100,PLD3,Primelod Hang,46.426301,7.251164,2042,True,SNOW_SLOPE,3.6798151441389066,58,0.8119694397283531,10,high,nearest_geographic_SLF_snow_station_with_at_least_80pct_winter_coverage_2013_2025,external_mountain_station_proxy_only,False,SLF_IMIS_STATIONS|SLF_IMIS_DAILY_SNOW,"IMIS stations support avalanche monitoring and can differ from the resort in terrain, aspect, exposure, elevation, grooming, and snowmaking."
saint_george_saint_george,Saint George Saint - George,46.515628,6.257503,1140,GRA2,Loz,46.346062,6.78355,1984,True,SNOW_FLAT,44.50674910324197,844,0.9974533106960951,13,low,nearest_geographic_SLF_snow_station_with_at_least_80pct_winter_coverage_2013_2025,external_mountain_station_proxy_only,False,SLF_IMIS_STATIONS|SLF_IMIS_DAILY_SNOW,"IMIS stations support avalanche monitoring and can differ from the resort in terrain, aspect, exposure, elevation, grooming, and snowmaking."
sainte_croix_les_rasses,Sainte Croix - Les Rasses,46.840057,6.528625,1583,ALI2,Chenau,46.488632,6.993298,1708,True,SNOW_FLAT,52.766691592155595,125,1.0,13,low,nearest_geographic_SLF_snow_station_with_at_least_80pct_winter_coverage_2013_2025,external_mountain_station_proxy_only,False,SLF_IMIS_STATIONS|SLF_IMIS_DAILY_SNOW,"IMIS stations support avalanche monitoring and can differ from the resort in terrain, aspect, exposure, elevation, grooming, and snowmaking."
st_cergue,St. Cergue,46.444289,6.150305,1220,GRA2,Loz,46.346062,6.78355,1984,True,SNOW_FLAT,49.77595380197452,764,0.9974533106960951,13,low,nearest_geographic_SLF_snow_station_with_at_least_80pct_winter_coverage_2013_2025,external_mountain_station_proxy_only,False,SLF_IMIS_STATIONS|SLF_IMIS_DAILY_SNOW,"IMIS stations support avalanche monitoring and can differ from the resort in terrain, aspect, exposure, elevation, grooming, and snowmaking."
trelasse_la_trelasse,Trelasse La Trélasse,46.451521,6.105243,1230,GRA2,Loz,46.346062,6.78355,1984,True,SNOW_FLAT,53.32056065261739,754,0.9974533106960951,13,low,nearest_geographic_SLF_snow_station_with_at_least_80pct_winter_coverage_2013_2025,external_mountain_station_proxy_only,False,SLF_IMIS_STATIONS|SLF_IMIS_DAILY_SNOW,"IMIS stations support avalanche monitoring and can differ from the resort in terrain, aspect, exposure, elevation, grooming, and snowmaking."
vallee_de_joux,Vallée de Joux,46.594702,6.247745,1445,GRA2,Loz,46.346062,6.78355,1984,True,SNOW_FLAT,49.47863984642436,539,0.9974533106960951,13,low,nearest_geographic_SLF_snow_station_with_at_least_80pct_winter_coverage_2013_2025,external_mountain_station_proxy_only,False,SLF_IMIS_STATIONS|SLF_IMIS_DAILY_SNOW,"IMIS stations support avalanche monitoring and can differ from the resort in terrain, aspect, exposure, elevation, grooming, and snowmaking."
villars_gryon_villars_gryon_les_diablerets,Villars - Gryon Villars - Gryon - Les Diablerets,46.321504,7.064209,3000,CHA2,Pierres Fendues,46.376962,7.163986,2218,True,SNOW_FLAT,9.832413624633977,782,0.9932088285229203,13,moderate,nearest_geographic_SLF_snow_station_with_at_least_80pct_winter_coverage_2013_2025,external_mountain_station_proxy_only,False,SLF_IMIS_STATIONS|SLF_IMIS_DAILY_SNOW,"IMIS stations support avalanche monitoring and can differ from the resort in terrain, aspect, exposure, elevation, grooming, and snowmaking."
dicki_weisslingen,Dicki - Weisslingen,47.434103,8.760052,620,AMD2,Bärenfall,47.170837,9.146883,1610,True,SNOW_FLAT,41.325179495930115,990,1.0,13,low,nearest_geographic_SLF_snow_station_with_at_least_80pct_winter_coverage_2013_2025,external_mountain_station_proxy_only,False,SLF_IMIS_STATIONS|SLF_IMIS_DAILY_SNOW,"IMIS stations support avalanche monitoring and can differ from the resort in terrain, aspect, exposure, elevation, grooming, and snowmaking."
ghoch,Ghöch,47.333543,8.902917,1060,AMD2,Bärenfall,47.170837,9.146883,1610,True,SNOW_FLAT,25.814424406937412,550,1.0,13,low,nearest_geographic_SLF_snow_station_with_at_least_80pct_winter_coverage_2013_2025,external_mountain_station_proxy_only,False,SLF_IMIS_STATIONS|SLF_IMIS_DAILY_SNOW,"IMIS stations support avalanche monitoring and can differ from the resort in terrain, aspect, exposure, elevation, grooming, and snowmaking."
oberholz_farner,Oberholz - Farner,47.287597,8.942528,1155,AMD2,Bärenfall,47.170837,9.146883,1610,True,SNOW_FLAT,20.16594978331494,455,1.0,13,moderate,nearest_geographic_SLF_snow_station_with_at_least_80pct_winter_coverage_2013_2025,external_mountain_station_proxy_only,False,SLF_IMIS_STATIONS|SLF_IMIS_DAILY_SNOW,"IMIS stations support avalanche monitoring and can differ from the resort in terrain, aspect, exposure, elevation, grooming, and snowmaking."
oberwangen,Oberwangen,47.420394,8.986676,765,AMD2,Bärenfall,47.170837,9.146883,1610,True,SNOW_FLAT,30.265597887499695,845,1.0,13,low,nearest_geographic_SLF_snow_station_with_at_least_80pct_winter_coverage_2013_2025,external_mountain_station_proxy_only,False,SLF_IMIS_STATIONS|SLF_IMIS_DAILY_SNOW,"IMIS stations support avalanche monitoring and can differ from the resort in terrain, aspect, exposure, elevation, grooming, and snowmaking."
regensberg_im_buck,Regensberg - Im Buck,47.473696,8.429014,666,YBR2,Wanne,47.035458,8.825416,1701,True,SNOW_FLAT,57.18079165369764,1035,0.9995755517826825,13,low,nearest_geographic_SLF_snow_station_with_at_least_80pct_winter_coverage_2013_2025,external_mountain_station_proxy_only,False,SLF_IMIS_STATIONS|SLF_IMIS_DAILY_SNOW,"IMIS stations support avalanche monitoring and can differ from the resort in terrain, aspect, exposure, elevation, grooming, and snowmaking."
rohrenmoos_dietikon,Röhrenmoos Dietikon,47.400898,8.380101,490,YBR2,Wanne,47.035458,8.825416,1701,True,SNOW_FLAT,52.74772125248665,1211,0.9995755517826825,13,low,nearest_geographic_SLF_snow_station_with_at_least_80pct_winter_coverage_2013_2025,external_mountain_station_proxy_only,False,SLF_IMIS_STATIONS|SLF_IMIS_DAILY_SNOW,"IMIS stations support avalanche monitoring and can differ from the resort in terrain, aspect, exposure, elevation, grooming, and snowmaking."
schafbuel_wildberg,Schafbüel - Wildberg,47.421584,8.81537,710,AMD2,Bärenfall,47.170837,9.146883,1610,True,SNOW_FLAT,37.44886728640277,900,1.0,13,low,nearest_geographic_SLF_snow_station_with_at_least_80pct_winter_coverage_2013_2025,external_mountain_station_proxy_only,False,SLF_IMIS_STATIONS|SLF_IMIS_DAILY_SNOW,"IMIS stations support avalanche monitoring and can differ from the resort in terrain, aspect, exposure, elevation, grooming, and snowmaking."
sitzberg,Sitzberg,47.426313,8.913517,800,AMD2,Bärenfall,47.170837,9.146883,1610,True,SNOW_FLAT,33.416882129282314,810,1.0,13,low,nearest_geographic_SLF_snow_station_with_at_least_80pct_winter_coverage_2013_2025,external_mountain_station_proxy_only,False,SLF_IMIS_STATIONS|SLF_IMIS_DAILY_SNOW,"IMIS stations support avalanche monitoring and can differ from the resort in terrain, aspect, exposure, elevation, grooming, and snowmaking."
steg_im_tosstal,Steg im Tösstal,47.343247,8.936402,1023,AMD2,Bärenfall,47.170837,9.146883,1610,True,SNOW_FLAT,24.89698977940018,587,1.0,13,moderate,nearest_geographic_SLF_snow_station_with_at_least_80pct_winter_coverage_2013_2025,external_mountain_station_proxy_only,False,SLF_IMIS_STATIONS|SLF_IMIS_DAILY_SNOW,"IMIS stations support avalanche monitoring and can differ from the resort in terrain, aspect, exposure, elevation, grooming, and snowmaking."
steig_baretswill_steig_baretswil,Steig - Bäretswill Steig - Bäretswil,47.340218,8.859047,835,AMD2,Bärenfall,47.170837,9.146883,1610,True,SNOW_FLAT,28.75127584425876,775,1.0,13,low,nearest_geographic_SLF_snow_station_with_at_least_80pct_winter_coverage_2013_2025,external_mountain_station_proxy_only,False,SLF_IMIS_STATIONS|SLF_IMIS_DAILY_SNOW,"IMIS stations support avalanche monitoring and can differ from the resort in terrain, aspect, exposure, elevation, grooming, and snowmaking."
sternenberg,Sternenberg,47.386108,8.912187,884,AMD2,Bärenfall,47.170837,9.146883,1610,True,SNOW_FLAT,29.77338721848987,726,1.0,13,low,nearest_geographic_SLF_snow_station_with_at_least_80pct_winter_coverage_2013_2025,external_mountain_station_proxy_only,False,SLF_IMIS_STATIONS|SLF_IMIS_DAILY_SNOW,"IMIS stations support avalanche monitoring and can differ from the resort in terrain, aspect, exposure, elevation, grooming, and snowmaking."
