station_code,winter_start_year,snow_depth_observed_days,snow_depth_invalid_negative_days,winter_mean_snow_depth_cm,winter_median_snow_depth_cm,winter_max_snow_depth_cm,days_snow_depth_ge_10cm,days_snow_depth_ge_20cm,days_snow_depth_ge_30cm,modeled_new_snow_observed_days,modeled_new_snow_total_cm,winter_expected_days,snow_depth_observation_coverage_share,share_observed_days_snow_depth_ge_10cm,share_observed_days_snow_depth_ge_20cm,share_observed_days_snow_depth_ge_30cm,winter_snow_proxy_usable,winter_season,source_id,label,active,lon,lat,elevation,station_type
ADE2,2013,0,0,NA,NA,NA,0,0,0,0,NA,181,0.0,NA,NA,NA,False,2013/2014,SLF_IMIS_DAILY_SNOW,Engstligenalp,True,7.582633,46.434365,2304,SNOW_FLAT
ADE2,2014,0,0,NA,NA,NA,0,0,0,0,NA,181,0.0,NA,NA,NA,False,2014/2015,SLF_IMIS_DAILY_SNOW,Engstligenalp,True,7.582633,46.434365,2304,SNOW_FLAT
ADE2,2015,0,0,NA,NA,NA,0,0,0,0,NA,182,0.0,NA,NA,NA,False,2015/2016,SLF_IMIS_DAILY_SNOW,Engstligenalp,True,7.582633,46.434365,2304,SNOW_FLAT
ADE2,2016,0,0,NA,NA,NA,0,0,0,0,NA,181,0.0,NA,NA,NA,False,2016/2017,SLF_IMIS_DAILY_SNOW,Engstligenalp,True,7.582633,46.434365,2304,SNOW_FLAT
ADE2,2017,0,0,NA,NA,NA,0,0,0,0,NA,181,0.0,NA,NA,NA,False,2017/2018,SLF_IMIS_DAILY_SNOW,Engstligenalp,True,7.582633,46.434365,2304,SNOW_FLAT
ADE2,2018,0,0,NA,NA,NA,0,0,0,0,NA,181,0.0,NA,NA,NA,False,2018/2019,SLF_IMIS_DAILY_SNOW,Engstligenalp,True,7.582633,46.434365,2304,SNOW_FLAT
ADE2,2019,0,0,NA,NA,NA,0,0,0,0,NA,182,0.0,NA,NA,NA,False,2019/2020,SLF_IMIS_DAILY_SNOW,Engstligenalp,True,7.582633,46.434365,2304,SNOW_FLAT
ADE2,2020,0,0,NA,NA,NA,0,0,0,0,NA,181,0.0,NA,NA,NA,False,2020/2021,SLF_IMIS_DAILY_SNOW,Engstligenalp,True,7.582633,46.434365,2304,SNOW_FLAT
ADE2,2021,0,0,NA,NA,NA,0,0,0,0,NA,181,0.0,NA,NA,NA,False,2021/2022,SLF_IMIS_DAILY_SNOW,Engstligenalp,True,7.582633,46.434365,2304,SNOW_FLAT
ADE2,2022,132,0,144.59848484848484,122.0,244.0,132,132,132,132,866.7,181,0.7292817679558011,1.0,1.0,1.0,False,2022/2023,SLF_IMIS_DAILY_SNOW,Engstligenalp,True,7.582633,46.434365,2304,SNOW_FLAT
ADE2,2023,182,0,172.45604395604394,200.0,267.0,180,177,171,182,1195.7,182,1.0,0.989010989010989,0.9725274725274725,0.9395604395604396,True,2023/2024,SLF_IMIS_DAILY_SNOW,Engstligenalp,True,7.582633,46.434365,2304,SNOW_FLAT
ADE2,2024,181,0,92.68508287292818,108.0,178.0,161,161,160,181,865.1,181,1.0,0.8895027624309392,0.8895027624309392,0.8839779005524862,True,2024/2025,SLF_IMIS_DAILY_SNOW,Engstligenalp,True,7.582633,46.434365,2304,SNOW_FLAT
ADE2,2025,179,0,97.16201117318435,79.0,254.0,169,160,159,181,859.2,181,0.988950276243094,0.9441340782122905,0.8938547486033519,0.888268156424581,True,2025/2026,SLF_IMIS_DAILY_SNOW,Engstligenalp,True,7.582633,46.434365,2304,SNOW_FLAT
ALB2,2013,0,0,NA,NA,NA,0,0,0,0,NA,181,0.0,NA,NA,NA,False,2013/2014,SLF_IMIS_DAILY_SNOW,Teststation Albula,True,9.836224,46.580945,2322,SNOW_FLAT
ALB2,2014,0,0,NA,NA,NA,0,0,0,0,NA,181,0.0,NA,NA,NA,False,2014/2015,SLF_IMIS_DAILY_SNOW,Teststation Albula,True,9.836224,46.580945,2322,SNOW_FLAT
ALB2,2015,0,0,NA,NA,NA,0,0,0,0,NA,182,0.0,NA,NA,NA,False,2015/2016,SLF_IMIS_DAILY_SNOW,Teststation Albula,True,9.836224,46.580945,2322,SNOW_FLAT
ALB2,2016,0,0,NA,NA,NA,0,0,0,0,NA,181,0.0,NA,NA,NA,False,2016/2017,SLF_IMIS_DAILY_SNOW,Teststation Albula,True,9.836224,46.580945,2322,SNOW_FLAT
ALB2,2017,0,0,NA,NA,NA,0,0,0,0,NA,181,0.0,NA,NA,NA,False,2017/2018,SLF_IMIS_DAILY_SNOW,Teststation Albula,True,9.836224,46.580945,2322,SNOW_FLAT
ALB2,2018,0,0,NA,NA,NA,0,0,0,0,NA,181,0.0,NA,NA,NA,False,2018/2019,SLF_IMIS_DAILY_SNOW,Teststation Albula,True,9.836224,46.580945,2322,SNOW_FLAT
ALB2,2019,182,0,70.21978021978022,75.0,110.0,176,169,159,182,460.09999999999997,182,1.0,0.967032967032967,0.9285714285714286,0.8736263736263736,True,2019/2020,SLF_IMIS_DAILY_SNOW,Teststation Albula,True,9.836224,46.580945,2322,SNOW_FLAT
ALB2,2020,181,0,98.62983425414365,114.0,161.0,169,149,147,181,446.4,181,1.0,0.9337016574585635,0.8232044198895028,0.8121546961325967,True,2020/2021,SLF_IMIS_DAILY_SNOW,Teststation Albula,True,9.836224,46.580945,2322,SNOW_FLAT
ALB2,2021,181,0,45.607734806629836,49.0,74.0,178,172,156,181,326.0,181,1.0,0.9834254143646409,0.9502762430939227,0.861878453038674,True,2021/2022,SLF_IMIS_DAILY_SNOW,Teststation Albula,True,9.836224,46.580945,2322,SNOW_FLAT
ALB2,2022,181,0,44.79558011049724,48.0,102.0,174,150,147,181,350.3,181,1.0,0.9613259668508287,0.8287292817679558,0.8121546961325967,True,2022/2023,SLF_IMIS_DAILY_SNOW,Teststation Albula,True,9.836224,46.580945,2322,SNOW_FLAT
ALB2,2023,182,0,102.01098901098901,102.0,226.0,182,171,155,182,776.4,182,1.0,1.0,0.9395604395604396,0.8516483516483516,True,2023/2024,SLF_IMIS_DAILY_SNOW,Teststation Albula,True,9.836224,46.580945,2322,SNOW_FLAT
ALB2,2024,181,0,31.12154696132597,26.0,75.0,129,111,83,181,284.0,181,1.0,0.712707182320442,0.6132596685082873,0.4585635359116022,True,2024/2025,SLF_IMIS_DAILY_SNOW,Teststation Albula,True,9.836224,46.580945,2322,SNOW_FLAT
ALB2,2025,181,0,35.87292817679558,26.0,106.0,158,147,86,181,321.4,181,1.0,0.8729281767955801,0.8121546961325967,0.47513812154696133,True,2025/2026,SLF_IMIS_DAILY_SNOW,Teststation Albula,True,9.836224,46.580945,2322,SNOW_FLAT
ALI2,2013,181,0,60.29281767955801,58.0,135.0,168,150,128,181,814.2,181,1.0,0.9281767955801105,0.8287292817679558,0.7071823204419889,True,2013/2014,SLF_IMIS_DAILY_SNOW,Chenau,True,6.993298,46.488632,1708,SNOW_FLAT
ALI2,2014,181,0,54.38121546961326,46.0,123.0,141,120,106,181,603.2,181,1.0,0.7790055248618785,0.6629834254143646,0.585635359116022,True,2014/2015,SLF_IMIS_DAILY_SNOW,Chenau,True,6.993298,46.488632,1708,SNOW_FLAT
ALI2,2015,182,0,66.24725274725274,70.5,188.0,146,139,117,182,740.8,182,1.0,0.8021978021978022,0.7637362637362637,0.6428571428571429,True,2015/2016,SLF_IMIS_DAILY_SNOW,Chenau,True,6.993298,46.488632,1708,SNOW_FLAT
ALI2,2016,181,0,47.93922651933702,46.0,146.0,161,118,101,181,567.5,181,1.0,0.8895027624309392,0.6519337016574586,0.5580110497237569,True,2016/2017,SLF_IMIS_DAILY_SNOW,Chenau,True,6.993298,46.488632,1708,SNOW_FLAT
ALI2,2017,181,0,130.20441988950276,157.0,229.0,176,156,151,181,833.3000000000001,181,1.0,0.9723756906077348,0.861878453038674,0.8342541436464088,True,2017/2018,SLF_IMIS_DAILY_SNOW,Chenau,True,6.993298,46.488632,1708,SNOW_FLAT
ALI2,2018,181,0,73.8011049723757,82.0,147.0,144,142,125,181,583.9,181,1.0,0.7955801104972375,0.7845303867403315,0.6906077348066298,True,2018/2019,SLF_IMIS_DAILY_SNOW,Chenau,True,6.993298,46.488632,1708,SNOW_FLAT
ALI2,2019,182,0,65.43956043956044,75.5,144.0,166,149,140,182,577.5,182,1.0,0.9120879120879121,0.8186813186813187,0.7692307692307693,True,2019/2020,SLF_IMIS_DAILY_SNOW,Chenau,True,6.993298,46.488632,1708,SNOW_FLAT
ALI2,2020,181,0,65.92265193370166,83.0,152.0,144,135,123,181,663.1,181,1.0,0.7955801104972375,0.7458563535911602,0.6795580110497238,True,2020/2021,SLF_IMIS_DAILY_SNOW,Chenau,True,6.993298,46.488632,1708,SNOW_FLAT
ALI2,2021,181,0,75.45303867403315,82.0,138.0,153,153,150,181,546.9,181,1.0,0.8453038674033149,0.8453038674033149,0.8287292817679558,True,2021/2022,SLF_IMIS_DAILY_SNOW,Chenau,True,6.993298,46.488632,1708,SNOW_FLAT
ALI2,2022,181,0,31.552486187845304,32.0,81.0,144,121,103,181,436.79999999999995,181,1.0,0.7955801104972375,0.6685082872928176,0.569060773480663,True,2022/2023,SLF_IMIS_DAILY_SNOW,Chenau,True,6.993298,46.488632,1708,SNOW_FLAT
ALI2,2023,182,0,60.06043956043956,69.0,108.0,166,154,149,182,690.3,182,1.0,0.9120879120879121,0.8461538461538461,0.8186813186813187,True,2023/2024,SLF_IMIS_DAILY_SNOW,Chenau,True,6.993298,46.488632,1708,SNOW_FLAT
ALI2,2024,181,0,59.40331491712707,69.0,115.0,153,142,124,181,462.2,181,1.0,0.8453038674033149,0.7845303867403315,0.6850828729281768,True,2024/2025,SLF_IMIS_DAILY_SNOW,Chenau,True,6.993298,46.488632,1708,SNOW_FLAT
ALI2,2025,181,0,77.39226519337016,72.0,167.0,164,161,158,181,817.4,181,1.0,0.9060773480662984,0.8895027624309392,0.8729281767955801,True,2025/2026,SLF_IMIS_DAILY_SNOW,Chenau,True,6.993298,46.488632,1708,SNOW_FLAT
AMD2,2013,181,0,81.03867403314918,70.0,161.0,171,166,159,181,609.3999999999999,181,1.0,0.9447513812154696,0.9171270718232044,0.8784530386740331,True,2013/2014,SLF_IMIS_DAILY_SNOW,Bärenfall,True,9.146883,47.170837,1610,SNOW_FLAT
AMD2,2014,181,0,96.22651933701657,114.0,260.0,138,128,125,181,963.1000000000001,181,1.0,0.7624309392265194,0.7071823204419889,0.6906077348066298,True,2014/2015,SLF_IMIS_DAILY_SNOW,Bärenfall,True,9.146883,47.170837,1610,SNOW_FLAT
AMD2,2015,182,0,117.08241758241758,143.5,238.0,161,161,145,182,1012.1,182,1.0,0.8846153846153846,0.8846153846153846,0.7967032967032966,True,2015/2016,SLF_IMIS_DAILY_SNOW,Bärenfall,True,9.146883,47.170837,1610,SNOW_FLAT
AMD2,2016,181,0,67.14364640883979,76.0,189.0,127,126,114,181,850.9,181,1.0,0.7016574585635359,0.6961325966850829,0.6298342541436464,True,2016/2017,SLF_IMIS_DAILY_SNOW,Bärenfall,True,9.146883,47.170837,1610,SNOW_FLAT
AMD2,2017,181,0,220.1878453038674,253.0,354.0,176,175,175,181,1225.9,181,1.0,0.9723756906077348,0.9668508287292817,0.9668508287292817,True,2017/2018,SLF_IMIS_DAILY_SNOW,Bärenfall,True,9.146883,47.170837,1610,SNOW_FLAT
AMD2,2018,181,0,169.38121546961327,227.0,310.0,147,142,141,181,1142.0,181,1.0,0.8121546961325967,0.7845303867403315,0.7790055248618785,True,2018/2019,SLF_IMIS_DAILY_SNOW,Bärenfall,True,9.146883,47.170837,1610,SNOW_FLAT
AMD2,2019,182,0,128.4945054945055,130.0,285.0,169,162,153,182,957.0,182,1.0,0.9285714285714286,0.8901098901098901,0.8406593406593407,True,2019/2020,SLF_IMIS_DAILY_SNOW,Bärenfall,True,9.146883,47.170837,1610,SNOW_FLAT
AMD2,2020,181,0,136.92265193370164,188.0,290.0,150,146,142,181,1094.5,181,1.0,0.8287292817679558,0.8066298342541437,0.7845303867403315,True,2020/2021,SLF_IMIS_DAILY_SNOW,Bärenfall,True,9.146883,47.170837,1610,SNOW_FLAT
AMD2,2021,181,0,137.79558011049724,141.0,236.0,159,153,152,181,880.7,181,1.0,0.8784530386740331,0.8453038674033149,0.8397790055248618,True,2021/2022,SLF_IMIS_DAILY_SNOW,Bärenfall,True,9.146883,47.170837,1610,SNOW_FLAT
AMD2,2022,181,0,66.54696132596685,60.0,156.0,163,159,154,181,698.6000000000001,181,1.0,0.9005524861878453,0.8784530386740331,0.850828729281768,True,2022/2023,SLF_IMIS_DAILY_SNOW,Bärenfall,True,9.146883,47.170837,1610,SNOW_FLAT
AMD2,2023,182,0,155.8021978021978,175.0,280.0,165,162,159,182,1440.7000000000003,182,1.0,0.9065934065934066,0.8901098901098901,0.8736263736263736,True,2023/2024,SLF_IMIS_DAILY_SNOW,Bärenfall,True,9.146883,47.170837,1610,SNOW_FLAT
AMD2,2024,181,0,89.4696132596685,115.0,165.0,158,154,151,181,510.6,181,1.0,0.8729281767955801,0.850828729281768,0.8342541436464088,True,2024/2025,SLF_IMIS_DAILY_SNOW,Bärenfall,True,9.146883,47.170837,1610,SNOW_FLAT
AMD2,2025,181,0,84.1767955801105,74.0,223.0,165,161,160,181,792.4,181,1.0,0.9116022099447514,0.8895027624309392,0.8839779005524862,True,2025/2026,SLF_IMIS_DAILY_SNOW,Bärenfall,True,9.146883,47.170837,1610,SNOW_FLAT
ANV2,2013,181,0,111.44198895027624,125.0,179.0,178,178,175,181,745.9999999999999,181,1.0,0.9834254143646409,0.9834254143646409,0.9668508287292817,True,2013/2014,SLF_IMIS_DAILY_SNOW,Orzival,True,7.535372,46.188277,2640,SNOW_FLAT
ANV2,2014,181,0,120.7513812154696,138.0,232.0,178,176,171,181,833.5,181,1.0,0.9834254143646409,0.9723756906077348,0.9447513812154696,True,2014/2015,SLF_IMIS_DAILY_SNOW,Orzival,True,7.535372,46.188277,2640,SNOW_FLAT
ANV2,2015,182,0,131.35164835164835,157.0,242.0,162,161,161,182,938.6999999999999,182,1.0,0.8901098901098901,0.8846153846153846,0.8846153846153846,True,2015/2016,SLF_IMIS_DAILY_SNOW,Orzival,True,7.535372,46.188277,2640,SNOW_FLAT
ANV2,2016,181,0,86.29834254143647,87.0,177.0,175,175,171,181,616.3,181,1.0,0.9668508287292817,0.9668508287292817,0.9447513812154696,True,2016/2017,SLF_IMIS_DAILY_SNOW,Orzival,True,7.535372,46.188277,2640,SNOW_FLAT
ANV2,2017,181,0,202.51933701657458,261.0,328.0,176,176,170,181,1143.6,181,1.0,0.9723756906077348,0.9723756906077348,0.9392265193370166,True,2017/2018,SLF_IMIS_DAILY_SNOW,Orzival,True,7.535372,46.188277,2640,SNOW_FLAT
ANV2,2018,181,0,153.08839779005524,179.0,262.0,181,179,156,181,847.7,181,1.0,1.0,0.988950276243094,0.861878453038674,True,2018/2019,SLF_IMIS_DAILY_SNOW,Orzival,True,7.535372,46.188277,2640,SNOW_FLAT
ANV2,2019,182,0,143.34065934065933,151.0,266.0,179,178,168,182,847.9,182,1.0,0.9835164835164835,0.978021978021978,0.9230769230769231,True,2019/2020,SLF_IMIS_DAILY_SNOW,Orzival,True,7.535372,46.188277,2640,SNOW_FLAT
ANV2,2020,181,0,123.7182320441989,165.0,239.0,181,166,150,181,725.0,181,1.0,1.0,0.9171270718232044,0.8287292817679558,True,2020/2021,SLF_IMIS_DAILY_SNOW,Orzival,True,7.535372,46.188277,2640,SNOW_FLAT
ANV2,2021,181,0,105.2817679558011,115.0,185.0,178,155,153,181,659.7,181,1.0,0.9834254143646409,0.856353591160221,0.8453038674033149,True,2021/2022,SLF_IMIS_DAILY_SNOW,Orzival,True,7.535372,46.188277,2640,SNOW_FLAT
ANV2,2022,181,0,119.74585635359117,119.0,233.0,175,167,163,181,893.7,181,1.0,0.9668508287292817,0.9226519337016574,0.9005524861878453,True,2022/2023,SLF_IMIS_DAILY_SNOW,Orzival,True,7.535372,46.188277,2640,SNOW_FLAT
ANV2,2023,182,0,183.35164835164835,207.0,256.0,181,180,179,182,980.7,182,1.0,0.9945054945054945,0.989010989010989,0.9835164835164835,True,2023/2024,SLF_IMIS_DAILY_SNOW,Orzival,True,7.535372,46.188277,2640,SNOW_FLAT
ANV2,2024,181,0,113.43093922651934,136.0,205.0,162,161,161,181,972.9,181,1.0,0.8950276243093923,0.8895027624309392,0.8895027624309392,True,2024/2025,SLF_IMIS_DAILY_SNOW,Orzival,True,7.535372,46.188277,2640,SNOW_FLAT
ANV2,2025,181,0,126.67403314917127,120.0,229.0,181,181,181,181,671.8,181,1.0,1.0,1.0,1.0,True,2025/2026,SLF_IMIS_DAILY_SNOW,Orzival,True,7.535372,46.188277,2640,SNOW_FLAT
ANV3,2013,181,0,67.68508287292818,72.0,126.0,178,171,161,181,594.5,181,1.0,0.9834254143646409,0.9447513812154696,0.8895027624309392,True,2013/2014,SLF_IMIS_DAILY_SNOW,Tracuit,True,7.656401,46.121164,2589,SNOW_FLAT
ANV3,2014,181,0,72.41988950276243,81.0,146.0,176,172,165,181,570.8,181,1.0,0.9723756906077348,0.9502762430939227,0.9116022099447514,True,2014/2015,SLF_IMIS_DAILY_SNOW,Tracuit,True,7.656401,46.121164,2589,SNOW_FLAT
ANV3,2015,182,0,73.95604395604396,82.5,134.0,161,161,161,182,616.9,182,1.0,0.8846153846153846,0.8846153846153846,0.8846153846153846,True,2015/2016,SLF_IMIS_DAILY_SNOW,Tracuit,True,7.656401,46.121164,2589,SNOW_FLAT
ANV3,2016,181,0,36.35911602209945,37.0,90.0,130,121,111,181,473.4,181,1.0,0.7182320441988951,0.6685082872928176,0.6132596685082873,True,2016/2017,SLF_IMIS_DAILY_SNOW,Tracuit,True,7.656401,46.121164,2589,SNOW_FLAT
ANV3,2017,181,0,107.70165745856353,133.0,182.0,176,176,170,181,853.9000000000001,181,1.0,0.9723756906077348,0.9723756906077348,0.9392265193370166,True,2017/2018,SLF_IMIS_DAILY_SNOW,Tracuit,True,7.656401,46.121164,2589,SNOW_FLAT
ANV3,2018,181,0,91.52486187845304,106.0,151.0,181,181,156,181,544.4000000000001,181,1.0,1.0,1.0,0.861878453038674,True,2018/2019,SLF_IMIS_DAILY_SNOW,Tracuit,True,7.656401,46.121164,2589,SNOW_FLAT
ANV3,2019,182,0,57.83516483516483,53.0,120.0,178,168,146,182,546.9,182,1.0,0.978021978021978,0.9230769230769231,0.8021978021978022,True,2019/2020,SLF_IMIS_DAILY_SNOW,Tracuit,True,7.656401,46.121164,2589,SNOW_FLAT
ANV3,2020,181,0,63.02209944751381,74.0,138.0,149,145,131,181,512.6,181,1.0,0.8232044198895028,0.8011049723756906,0.7237569060773481,True,2020/2021,SLF_IMIS_DAILY_SNOW,Tracuit,True,7.656401,46.121164,2589,SNOW_FLAT
ANV3,2021,181,0,64.27624309392266,65.0,109.0,180,156,149,181,449.5,181,1.0,0.994475138121547,0.861878453038674,0.8232044198895028,True,2021/2022,SLF_IMIS_DAILY_SNOW,Tracuit,True,7.656401,46.121164,2589,SNOW_FLAT
ANV3,2022,181,0,64.89502762430939,68.0,126.0,169,161,142,181,559.3999999999999,181,1.0,0.9337016574585635,0.8895027624309392,0.7845303867403315,True,2022/2023,SLF_IMIS_DAILY_SNOW,Tracuit,True,7.656401,46.121164,2589,SNOW_FLAT
ANV3,2023,182,0,77.18681318681318,88.5,126.0,179,161,154,182,610.0,182,1.0,0.9835164835164835,0.8846153846153846,0.8461538461538461,True,2023/2024,SLF_IMIS_DAILY_SNOW,Tracuit,True,7.656401,46.121164,2589,SNOW_FLAT
ANV3,2024,181,0,65.93370165745857,78.0,157.0,165,161,149,181,563.3,181,1.0,0.9116022099447514,0.8895027624309392,0.8232044198895028,True,2024/2025,SLF_IMIS_DAILY_SNOW,Tracuit,True,7.656401,46.121164,2589,SNOW_FLAT
ANV3,2025,181,0,65.7182320441989,57.0,139.0,181,166,160,181,487.69999999999993,181,1.0,1.0,0.9171270718232044,0.8839779005524862,True,2025/2026,SLF_IMIS_DAILY_SNOW,Tracuit,True,7.656401,46.121164,2589,SNOW_FLAT
ARO2,2013,181,0,123.33701657458563,128.0,204.0,178,178,177,181,914.5999999999999,181,1.0,0.9834254143646409,0.9834254143646409,0.9779005524861878,True,2013/2014,SLF_IMIS_DAILY_SNOW,Les Fontanesses,True,7.445855,46.028782,2847,SNOW_FLAT
ARO2,2014,181,0,116.85635359116021,128.0,242.0,176,176,174,181,933.8,181,1.0,0.9723756906077348,0.9723756906077348,0.9613259668508287,True,2014/2015,SLF_IMIS_DAILY_SNOW,Les Fontanesses,True,7.445855,46.028782,2847,SNOW_FLAT
ARO2,2015,182,0,116.97802197802197,120.0,212.0,162,161,161,182,930.0,182,1.0,0.8901098901098901,0.8846153846153846,0.8846153846153846,True,2015/2016,SLF_IMIS_DAILY_SNOW,Les Fontanesses,True,7.445855,46.028782,2847,SNOW_FLAT
ARO2,2016,181,0,121.2486187845304,110.0,225.0,176,175,172,181,858.8000000000001,181,1.0,0.9723756906077348,0.9668508287292817,0.9502762430939227,True,2016/2017,SLF_IMIS_DAILY_SNOW,Les Fontanesses,True,7.445855,46.028782,2847,SNOW_FLAT
ARO2,2017,181,0,172.67403314917127,216.0,276.0,176,171,169,181,1152.3000000000002,181,1.0,0.9723756906077348,0.9447513812154696,0.9337016574585635,True,2017/2018,SLF_IMIS_DAILY_SNOW,Les Fontanesses,True,7.445855,46.028782,2847,SNOW_FLAT
ARO2,2018,181,0,149.34806629834253,165.0,255.0,181,181,181,181,913.9000000000001,181,1.0,1.0,1.0,1.0,True,2018/2019,SLF_IMIS_DAILY_SNOW,Les Fontanesses,True,7.445855,46.028782,2847,SNOW_FLAT
ARO2,2019,182,0,128.63736263736263,139.5,224.0,178,174,168,182,849.5999999999999,182,1.0,0.978021978021978,0.9560439560439561,0.9230769230769231,True,2019/2020,SLF_IMIS_DAILY_SNOW,Les Fontanesses,True,7.445855,46.028782,2847,SNOW_FLAT
ARO2,2020,181,0,130.1878453038674,171.0,236.0,181,181,167,181,810.5,181,1.0,1.0,1.0,0.9226519337016574,True,2020/2021,SLF_IMIS_DAILY_SNOW,Les Fontanesses,True,7.445855,46.028782,2847,SNOW_FLAT
ARO2,2021,181,0,86.75690607734806,100.0,147.0,172,156,153,181,625.5,181,1.0,0.9502762430939227,0.861878453038674,0.8453038674033149,True,2021/2022,SLF_IMIS_DAILY_SNOW,Les Fontanesses,True,7.445855,46.028782,2847,SNOW_FLAT
ARO2,2022,181,0,101.29834254143647,100.0,218.0,166,163,162,181,846.5,181,1.0,0.9171270718232044,0.9005524861878453,0.8950276243093923,True,2022/2023,SLF_IMIS_DAILY_SNOW,Les Fontanesses,True,7.445855,46.028782,2847,SNOW_FLAT
ARO2,2023,182,0,163.5164835164835,165.0,276.0,180,180,179,182,1180.2000000000003,182,1.0,0.989010989010989,0.989010989010989,0.9835164835164835,True,2023/2024,SLF_IMIS_DAILY_SNOW,Les Fontanesses,True,7.445855,46.028782,2847,SNOW_FLAT
ARO2,2024,181,0,94.96685082872928,117.0,214.0,158,155,153,181,766.5,181,1.0,0.8729281767955801,0.856353591160221,0.8453038674033149,True,2024/2025,SLF_IMIS_DAILY_SNOW,Les Fontanesses,True,7.445855,46.028782,2847,SNOW_FLAT
ARO2,2025,181,0,105.61325966850829,103.0,196.0,181,181,180,181,640.7,181,1.0,1.0,1.0,0.994475138121547,True,2025/2026,SLF_IMIS_DAILY_SNOW,Les Fontanesses,True,7.445855,46.028782,2847,SNOW_FLAT
ARO3,2013,180,0,84.25555555555556,90.0,152.0,171,170,165,181,733.7,181,0.994475138121547,0.95,0.9444444444444444,0.9166666666666666,True,2013/2014,SLF_IMIS_DAILY_SNOW,Bréona,True,7.56206,46.08742,2602,SNOW_FLAT
ARO3,2014,180,0,85.60555555555555,97.5,181.0,170,167,152,181,756.7,181,0.994475138121547,0.9444444444444444,0.9277777777777778,0.8444444444444444,True,2014/2015,SLF_IMIS_DAILY_SNOW,Bréona,True,7.56206,46.08742,2602,SNOW_FLAT
ARO3,2015,182,0,77.97252747252747,92.0,153.0,161,161,125,182,761.6999999999999,182,1.0,0.8846153846153846,0.8846153846153846,0.6868131868131868,True,2015/2016,SLF_IMIS_DAILY_SNOW,Bréona,True,7.56206,46.08742,2602,SNOW_FLAT
ARO3,2016,181,0,67.29281767955801,78.0,145.0,173,171,119,181,583.6,181,1.0,0.9558011049723757,0.9447513812154696,0.6574585635359116,True,2016/2017,SLF_IMIS_DAILY_SNOW,Bréona,True,7.56206,46.08742,2602,SNOW_FLAT
ARO3,2017,181,0,133.78453038674033,179.0,236.0,170,169,157,181,860.5,181,1.0,0.9392265193370166,0.9337016574585635,0.8674033149171271,True,2017/2018,SLF_IMIS_DAILY_SNOW,Bréona,True,7.56206,46.08742,2602,SNOW_FLAT
ARO3,2018,181,0,105.61325966850829,127.0,177.0,177,157,148,181,702.5,181,1.0,0.9779005524861878,0.8674033149171271,0.8176795580110497,True,2018/2019,SLF_IMIS_DAILY_SNOW,Bréona,True,7.56206,46.08742,2602,SNOW_FLAT
ARO3,2019,182,0,80.87362637362638,80.5,172.0,170,148,142,182,663.2,182,1.0,0.9340659340659341,0.8131868131868132,0.7802197802197802,True,2019/2020,SLF_IMIS_DAILY_SNOW,Bréona,True,7.56206,46.08742,2602,SNOW_FLAT
ARO3,2020,181,0,67.70165745856353,92.0,165.0,144,127,109,181,632.4,181,1.0,0.7955801104972375,0.7016574585635359,0.6022099447513812,True,2020/2021,SLF_IMIS_DAILY_SNOW,Bréona,True,7.56206,46.08742,2602,SNOW_FLAT
ARO3,2021,181,0,71.12154696132596,74.0,145.0,155,150,147,181,569.8,181,1.0,0.856353591160221,0.8287292817679558,0.8121546961325967,True,2021/2022,SLF_IMIS_DAILY_SNOW,Bréona,True,7.56206,46.08742,2602,SNOW_FLAT
ARO3,2022,181,0,61.28176795580111,60.0,139.0,159,140,128,181,885.2,181,1.0,0.8784530386740331,0.7734806629834254,0.7071823204419889,True,2022/2023,SLF_IMIS_DAILY_SNOW,Bréona,True,7.56206,46.08742,2602,SNOW_FLAT
ARO3,2023,182,0,105.41758241758242,117.0,166.0,179,173,159,182,744.0,182,1.0,0.9835164835164835,0.9505494505494505,0.8736263736263736,True,2023/2024,SLF_IMIS_DAILY_SNOW,Bréona,True,7.56206,46.08742,2602,SNOW_FLAT
ARO3,2024,181,0,59.552486187845304,72.0,144.0,161,146,135,181,545.9000000000001,181,1.0,0.8895027624309392,0.8066298342541437,0.7458563535911602,True,2024/2025,SLF_IMIS_DAILY_SNOW,Bréona,True,7.56206,46.08742,2602,SNOW_FLAT
ARO3,2025,181,0,78.93370165745857,70.0,162.0,181,166,161,181,562.9,181,1.0,1.0,0.9171270718232044,0.8895027624309392,True,2025/2026,SLF_IMIS_DAILY_SNOW,Bréona,True,7.56206,46.08742,2602,SNOW_FLAT
ATT2,2013,181,0,122.90055248618785,130.0,197.0,178,178,176,181,818.3000000000001,181,1.0,0.9834254143646409,0.9834254143646409,0.9723756906077348,True,2013/2014,SLF_IMIS_DAILY_SNOW,Lac des Vaux,True,7.269918,46.105287,2550,SNOW_FLAT
ATT2,2014,181,0,103.00552486187846,117.0,202.0,176,176,168,181,658.6000000000001,181,1.0,0.9723756906077348,0.9723756906077348,0.9281767955801105,True,2014/2015,SLF_IMIS_DAILY_SNOW,Lac des Vaux,True,7.269918,46.105287,2550,SNOW_FLAT
ATT2,2015,182,0,126.3076923076923,150.5,224.0,161,161,161,182,866.2,182,1.0,0.8846153846153846,0.8846153846153846,0.8846153846153846,True,2015/2016,SLF_IMIS_DAILY_SNOW,Lac des Vaux,True,7.269918,46.105287,2550,SNOW_FLAT
ATT2,2016,181,0,82.01657458563535,87.0,150.0,176,175,173,181,564.2,181,1.0,0.9723756906077348,0.9668508287292817,0.9558011049723757,True,2016/2017,SLF_IMIS_DAILY_SNOW,Lac des Vaux,True,7.269918,46.105287,2550,SNOW_FLAT
ATT2,2017,181,0,195.25414364640883,249.0,304.0,176,176,170,181,1075.8000000000002,181,1.0,0.9723756906077348,0.9723756906077348,0.9392265193370166,True,2017/2018,SLF_IMIS_DAILY_SNOW,Lac des Vaux,True,7.269918,46.105287,2550,SNOW_FLAT
ATT2,2018,181,0,142.6961325966851,171.0,232.0,181,181,162,181,701.7,181,1.0,1.0,1.0,0.8950276243093923,True,2018/2019,SLF_IMIS_DAILY_SNOW,Lac des Vaux,True,7.269918,46.105287,2550,SNOW_FLAT
ATT2,2019,182,0,128.56593406593407,139.5,253.0,175,174,164,182,851.6000000000001,182,1.0,0.9615384615384616,0.9560439560439561,0.9010989010989011,True,2019/2020,SLF_IMIS_DAILY_SNOW,Lac des Vaux,True,7.269918,46.105287,2550,SNOW_FLAT
ATT2,2020,181,0,127.51381215469613,166.0,238.0,181,172,150,181,758.9000000000001,181,1.0,1.0,0.9502762430939227,0.8287292817679558,True,2020/2021,SLF_IMIS_DAILY_SNOW,Lac des Vaux,True,7.269918,46.105287,2550,SNOW_FLAT
ATT2,2021,181,0,106.0939226519337,125.0,168.0,178,160,153,181,590.0,181,1.0,0.9834254143646409,0.8839779005524862,0.8453038674033149,True,2021/2022,SLF_IMIS_DAILY_SNOW,Lac des Vaux,True,7.269918,46.105287,2550,SNOW_FLAT
ATT2,2022,181,0,111.38121546961327,111.0,216.0,172,167,163,181,732.4000000000001,181,1.0,0.9502762430939227,0.9226519337016574,0.9005524861878453,True,2022/2023,SLF_IMIS_DAILY_SNOW,Lac des Vaux,True,7.269918,46.105287,2550,SNOW_FLAT
ATT2,2023,182,0,165.76373626373626,185.0,219.0,182,182,180,182,888.0,182,1.0,1.0,1.0,0.989010989010989,True,2023/2024,SLF_IMIS_DAILY_SNOW,Lac des Vaux,True,7.269918,46.105287,2550,SNOW_FLAT
ATT2,2024,181,0,118.28729281767956,137.0,208.0,162,161,161,181,688.0,181,1.0,0.8950276243093923,0.8895027624309392,0.8895027624309392,True,2024/2025,SLF_IMIS_DAILY_SNOW,Lac des Vaux,True,7.269918,46.105287,2550,SNOW_FLAT
ATT2,2025,181,0,125.48618784530387,115.0,219.0,181,181,181,181,671.4000000000001,181,1.0,1.0,1.0,1.0,True,2025/2026,SLF_IMIS_DAILY_SNOW,Lac des Vaux,True,7.269918,46.105287,2550,SNOW_FLAT
AUE2,2013,0,0,NA,NA,NA,0,0,0,0,NA,181,0.0,NA,NA,NA,False,2013/2014,SLF_IMIS_DAILY_SNOW,Teststation Auerenalp,False,9.010238,47.056179,1920,SNOW_FLAT
AUE2,2014,0,0,NA,NA,NA,0,0,0,0,NA,181,0.0,NA,NA,NA,False,2014/2015,SLF_IMIS_DAILY_SNOW,Teststation Auerenalp,False,9.010238,47.056179,1920,SNOW_FLAT
AUE2,2015,0,0,NA,NA,NA,0,0,0,0,NA,182,0.0,NA,NA,NA,False,2015/2016,SLF_IMIS_DAILY_SNOW,Teststation Auerenalp,False,9.010238,47.056179,1920,SNOW_FLAT
AUE2,2016,0,0,NA,NA,NA,0,0,0,0,NA,181,0.0,NA,NA,NA,False,2016/2017,SLF_IMIS_DAILY_SNOW,Teststation Auerenalp,False,9.010238,47.056179,1920,SNOW_FLAT
AUE2,2017,0,0,NA,NA,NA,0,0,0,0,NA,181,0.0,NA,NA,NA,False,2017/2018,SLF_IMIS_DAILY_SNOW,Teststation Auerenalp,False,9.010238,47.056179,1920,SNOW_FLAT
AUE2,2018,177,4,135.0225988700565,174.0,238.0,147,147,147,0,NA,181,0.9779005524861878,0.8305084745762712,0.8305084745762712,0.8305084745762712,True,2018/2019,SLF_IMIS_DAILY_SNOW,Teststation Auerenalp,False,9.010238,47.056179,1920,SNOW_FLAT
AUE2,2019,0,0,NA,NA,NA,0,0,0,0,NA,182,0.0,NA,NA,NA,False,2019/2020,SLF_IMIS_DAILY_SNOW,Teststation Auerenalp,False,9.010238,47.056179,1920,SNOW_FLAT
AUE2,2020,0,0,NA,NA,NA,0,0,0,0,NA,181,0.0,NA,NA,NA,False,2020/2021,SLF_IMIS_DAILY_SNOW,Teststation Auerenalp,False,9.010238,47.056179,1920,SNOW_FLAT
AUE2,2021,0,0,NA,NA,NA,0,0,0,0,NA,181,0.0,NA,NA,NA,False,2021/2022,SLF_IMIS_DAILY_SNOW,Teststation Auerenalp,False,9.010238,47.056179,1920,SNOW_FLAT
AUE2,2022,0,0,NA,NA,NA,0,0,0,0,NA,181,0.0,NA,NA,NA,False,2022/2023,SLF_IMIS_DAILY_SNOW,Teststation Auerenalp,False,9.010238,47.056179,1920,SNOW_FLAT
AUE2,2023,0,0,NA,NA,NA,0,0,0,0,NA,182,0.0,NA,NA,NA,False,2023/2024,SLF_IMIS_DAILY_SNOW,Teststation Auerenalp,False,9.010238,47.056179,1920,SNOW_FLAT
AUE2,2024,0,0,NA,NA,NA,0,0,0,0,NA,181,0.0,NA,NA,NA,False,2024/2025,SLF_IMIS_DAILY_SNOW,Teststation Auerenalp,False,9.010238,47.056179,1920,SNOW_FLAT
AUE2,2025,0,0,NA,NA,NA,0,0,0,0,NA,181,0.0,NA,NA,NA,False,2025/2026,SLF_IMIS_DAILY_SNOW,Teststation Auerenalp,False,9.010238,47.056179,1920,SNOW_FLAT
BAR2,2013,0,0,NA,NA,NA,0,0,0,0,NA,181,0.0,NA,NA,NA,False,2013/2014,SLF_IMIS_DAILY_SNOW,Teststation La Dôle,False,6.120228,46.428822,1513,SNOW_FLAT
BAR2,2014,0,0,NA,NA,NA,0,0,0,0,NA,181,0.0,NA,NA,NA,False,2014/2015,SLF_IMIS_DAILY_SNOW,Teststation La Dôle,False,6.120228,46.428822,1513,SNOW_FLAT
BAR2,2015,0,0,NA,NA,NA,0,0,0,0,NA,182,0.0,NA,NA,NA,False,2015/2016,SLF_IMIS_DAILY_SNOW,Teststation La Dôle,False,6.120228,46.428822,1513,SNOW_FLAT
BAR2,2016,138,1,22.76086956521739,11.5,133.0,74,55,45,0,NA,181,0.7624309392265194,0.5362318840579711,0.39855072463768115,0.32608695652173914,False,2016/2017,SLF_IMIS_DAILY_SNOW,Teststation La Dôle,False,6.120228,46.428822,1513,SNOW_FLAT
BAR2,2017,0,0,NA,NA,NA,0,0,0,0,NA,181,0.0,NA,NA,NA,False,2017/2018,SLF_IMIS_DAILY_SNOW,Teststation La Dôle,False,6.120228,46.428822,1513,SNOW_FLAT
BAR2,2018,0,0,NA,NA,NA,0,0,0,0,NA,181,0.0,NA,NA,NA,False,2018/2019,SLF_IMIS_DAILY_SNOW,Teststation La Dôle,False,6.120228,46.428822,1513,SNOW_FLAT
BAR2,2019,0,0,NA,NA,NA,0,0,0,0,NA,182,0.0,NA,NA,NA,False,2019/2020,SLF_IMIS_DAILY_SNOW,Teststation La Dôle,False,6.120228,46.428822,1513,SNOW_FLAT
BAR2,2020,0,0,NA,NA,NA,0,0,0,0,NA,181,0.0,NA,NA,NA,False,2020/2021,SLF_IMIS_DAILY_SNOW,Teststation La Dôle,False,6.120228,46.428822,1513,SNOW_FLAT
BAR2,2021,0,0,NA,NA,NA,0,0,0,0,NA,181,0.0,NA,NA,NA,False,2021/2022,SLF_IMIS_DAILY_SNOW,Teststation La Dôle,False,6.120228,46.428822,1513,SNOW_FLAT
BAR2,2022,0,0,NA,NA,NA,0,0,0,0,NA,181,0.0,NA,NA,NA,False,2022/2023,SLF_IMIS_DAILY_SNOW,Teststation La Dôle,False,6.120228,46.428822,1513,SNOW_FLAT
BAR2,2023,0,0,NA,NA,NA,0,0,0,0,NA,182,0.0,NA,NA,NA,False,2023/2024,SLF_IMIS_DAILY_SNOW,Teststation La Dôle,False,6.120228,46.428822,1513,SNOW_FLAT
BAR2,2024,0,0,NA,NA,NA,0,0,0,0,NA,181,0.0,NA,NA,NA,False,2024/2025,SLF_IMIS_DAILY_SNOW,Teststation La Dôle,False,6.120228,46.428822,1513,SNOW_FLAT
BAR2,2025,0,0,NA,NA,NA,0,0,0,0,NA,181,0.0,NA,NA,NA,False,2025/2026,SLF_IMIS_DAILY_SNOW,Teststation La Dôle,False,6.120228,46.428822,1513,SNOW_FLAT
BED2,2013,181,0,240.0718232044199,292.0,397.0,178,176,175,0,NA,181,1.0,0.9834254143646409,0.9723756906077348,0.9668508287292817,True,2013/2014,SLF_IMIS_DAILY_SNOW,Cavanna,False,8.511103,46.532663,2420,SNOW_FLAT
BED2,2014,181,0,319.5524861878453,328.0,562.0,181,177,177,0,NA,181,1.0,1.0,0.9779005524861878,0.9779005524861878,True,2014/2015,SLF_IMIS_DAILY_SNOW,Cavanna,False,8.511103,46.532663,2420,SNOW_FLAT
BED2,2015,182,0,141.74725274725276,138.0,291.0,163,162,161,0,NA,182,1.0,0.8956043956043956,0.8901098901098901,0.8846153846153846,True,2015/2016,SLF_IMIS_DAILY_SNOW,Cavanna,False,8.511103,46.532663,2420,SNOW_FLAT
BED2,2016,143,0,159.73426573426573,146.0,462.0,133,133,131,0,NA,181,0.7900552486187845,0.9300699300699301,0.9300699300699301,0.916083916083916,False,2016/2017,SLF_IMIS_DAILY_SNOW,Cavanna,False,8.511103,46.532663,2420,SNOW_FLAT
BED2,2017,181,0,298.9337016574586,383.0,522.0,181,176,175,0,NA,181,1.0,1.0,0.9723756906077348,0.9668508287292817,True,2017/2018,SLF_IMIS_DAILY_SNOW,Cavanna,False,8.511103,46.532663,2420,SNOW_FLAT
BED2,2018,178,0,418.0,467.0,618.0,178,178,178,0,NA,181,0.9834254143646409,1.0,1.0,1.0,True,2018/2019,SLF_IMIS_DAILY_SNOW,Cavanna,False,8.511103,46.532663,2420,SNOW_FLAT
BED2,2019,182,0,282.3626373626374,283.5,451.0,179,179,179,0,NA,182,1.0,0.9835164835164835,0.9835164835164835,0.9835164835164835,True,2019/2020,SLF_IMIS_DAILY_SNOW,Cavanna,False,8.511103,46.532663,2420,SNOW_FLAT
BED2,2020,181,0,234.17127071823205,290.0,394.0,181,181,181,0,NA,181,1.0,1.0,1.0,1.0,True,2020/2021,SLF_IMIS_DAILY_SNOW,Cavanna,False,8.511103,46.532663,2420,SNOW_FLAT
BED2,2021,0,0,NA,NA,NA,0,0,0,0,NA,181,0.0,NA,NA,NA,False,2021/2022,SLF_IMIS_DAILY_SNOW,Cavanna,False,8.511103,46.532663,2420,SNOW_FLAT
BED2,2022,0,0,NA,NA,NA,0,0,0,0,NA,181,0.0,NA,NA,NA,False,2022/2023,SLF_IMIS_DAILY_SNOW,Cavanna,False,8.511103,46.532663,2420,SNOW_FLAT
BED2,2023,0,0,NA,NA,NA,0,0,0,0,NA,182,0.0,NA,NA,NA,False,2023/2024,SLF_IMIS_DAILY_SNOW,Cavanna,False,8.511103,46.532663,2420,SNOW_FLAT
BED2,2024,0,0,NA,NA,NA,0,0,0,0,NA,181,0.0,NA,NA,NA,False,2024/2025,SLF_IMIS_DAILY_SNOW,Cavanna,False,8.511103,46.532663,2420,SNOW_FLAT
BED2,2025,0,0,NA,NA,NA,0,0,0,0,NA,181,0.0,NA,NA,NA,False,2025/2026,SLF_IMIS_DAILY_SNOW,Cavanna,False,8.511103,46.532663,2420,SNOW_FLAT
BED3,2013,181,0,212.06629834254144,241.0,369.0,175,171,169,181,1375.9,181,1.0,0.9668508287292817,0.9447513812154696,0.9337016574585635,True,2013/2014,SLF_IMIS_DAILY_SNOW,Cassinello,True,8.521914,46.491159,2101,SNOW_FLAT
BED3,2014,181,0,243.77900552486187,261.0,353.0,177,177,177,181,1238.4,181,1.0,0.9779005524861878,0.9779005524861878,0.9779005524861878,True,2014/2015,SLF_IMIS_DAILY_SNOW,Cassinello,True,8.521914,46.491159,2101,SNOW_FLAT
BED3,2015,182,0,95.49450549450549,91.0,228.0,161,133,117,182,869.0000000000002,182,1.0,0.8846153846153846,0.7307692307692307,0.6428571428571429,True,2015/2016,SLF_IMIS_DAILY_SNOW,Cassinello,True,8.521914,46.491159,2101,SNOW_FLAT
BED3,2016,181,0,127.58563535911603,119.0,260.0,175,171,171,181,941.1000000000001,181,1.0,0.9668508287292817,0.9447513812154696,0.9447513812154696,True,2016/2017,SLF_IMIS_DAILY_SNOW,Cassinello,True,8.521914,46.491159,2101,SNOW_FLAT
BED3,2017,181,0,196.96132596685084,247.0,356.0,176,176,176,181,1255.3,181,1.0,0.9723756906077348,0.9723756906077348,0.9723756906077348,True,2017/2018,SLF_IMIS_DAILY_SNOW,Cassinello,True,8.521914,46.491159,2101,SNOW_FLAT
BED3,2018,181,0,235.07734806629836,231.0,461.0,181,181,181,181,1271.4,181,1.0,1.0,1.0,1.0,True,2018/2019,SLF_IMIS_DAILY_SNOW,Cassinello,True,8.521914,46.491159,2101,SNOW_FLAT
BED3,2019,182,0,197.9945054945055,213.0,270.0,179,179,179,182,1075.8,182,1.0,0.9835164835164835,0.9835164835164835,0.9835164835164835,True,2019/2020,SLF_IMIS_DAILY_SNOW,Cassinello,True,8.521914,46.491159,2101,SNOW_FLAT
BED3,2020,181,0,157.44198895027625,181.0,253.0,177,177,150,181,970.3999999999999,181,1.0,0.9779005524861878,0.9779005524861878,0.8287292817679558,True,2020/2021,SLF_IMIS_DAILY_SNOW,Cassinello,True,8.521914,46.491159,2101,SNOW_FLAT
BED3,2021,181,0,86.40331491712708,88.0,130.0,180,178,178,181,559.6,181,1.0,0.994475138121547,0.9834254143646409,0.9834254143646409,True,2021/2022,SLF_IMIS_DAILY_SNOW,Cassinello,True,8.521914,46.491159,2101,SNOW_FLAT
BED3,2022,181,0,81.7513812154696,85.0,139.0,173,165,151,181,544.5999999999999,181,1.0,0.9558011049723757,0.9116022099447514,0.8342541436464088,True,2022/2023,SLF_IMIS_DAILY_SNOW,Cassinello,True,8.521914,46.491159,2101,SNOW_FLAT
BED3,2023,182,0,190.4945054945055,139.5,591.0,180,180,180,182,1720.3999999999999,182,1.0,0.989010989010989,0.989010989010989,0.989010989010989,True,2023/2024,SLF_IMIS_DAILY_SNOW,Cassinello,True,8.521914,46.491159,2101,SNOW_FLAT
BED3,2024,181,0,105.7292817679558,127.0,193.0,169,161,161,181,769.2,181,1.0,0.9337016574585635,0.8895027624309392,0.8895027624309392,True,2024/2025,SLF_IMIS_DAILY_SNOW,Cassinello,True,8.521914,46.491159,2101,SNOW_FLAT
BED3,2025,181,0,121.76243093922652,120.0,264.0,181,181,161,181,804.4000000000001,181,1.0,1.0,1.0,0.8895027624309392,True,2025/2026,SLF_IMIS_DAILY_SNOW,Cassinello,True,8.521914,46.491159,2101,SNOW_FLAT
BED4,2013,0,0,NA,NA,NA,0,0,0,0,NA,181,0.0,NA,NA,NA,False,2013/2014,SLF_IMIS_DAILY_SNOW,Sabbioni,True,8.496418,46.52563,2305,SNOW_FLAT
BED4,2014,0,0,NA,NA,NA,0,0,0,0,NA,181,0.0,NA,NA,NA,False,2014/2015,SLF_IMIS_DAILY_SNOW,Sabbioni,True,8.496418,46.52563,2305,SNOW_FLAT
BED4,2015,0,0,NA,NA,NA,0,0,0,0,NA,182,0.0,NA,NA,NA,False,2015/2016,SLF_IMIS_DAILY_SNOW,Sabbioni,True,8.496418,46.52563,2305,SNOW_FLAT
BED4,2016,0,0,NA,NA,NA,0,0,0,0,NA,181,0.0,NA,NA,NA,False,2016/2017,SLF_IMIS_DAILY_SNOW,Sabbioni,True,8.496418,46.52563,2305,SNOW_FLAT
BED4,2017,0,0,NA,NA,NA,0,0,0,0,NA,181,0.0,NA,NA,NA,False,2017/2018,SLF_IMIS_DAILY_SNOW,Sabbioni,True,8.496418,46.52563,2305,SNOW_FLAT
BED4,2018,0,0,NA,NA,NA,0,0,0,0,NA,181,0.0,NA,NA,NA,False,2018/2019,SLF_IMIS_DAILY_SNOW,Sabbioni,True,8.496418,46.52563,2305,SNOW_FLAT
BED4,2019,0,0,NA,NA,NA,0,0,0,0,NA,182,0.0,NA,NA,NA,False,2019/2020,SLF_IMIS_DAILY_SNOW,Sabbioni,True,8.496418,46.52563,2305,SNOW_FLAT
BED4,2020,0,0,NA,NA,NA,0,0,0,0,NA,181,0.0,NA,NA,NA,False,2020/2021,SLF_IMIS_DAILY_SNOW,Sabbioni,True,8.496418,46.52563,2305,SNOW_FLAT
BED4,2021,181,0,84.84530386740332,86.0,150.0,180,178,168,181,717.8,181,1.0,0.994475138121547,0.9834254143646409,0.9281767955801105,True,2021/2022,SLF_IMIS_DAILY_SNOW,Sabbioni,True,8.496418,46.52563,2305,SNOW_FLAT
BED4,2022,181,0,91.32596685082873,84.0,187.0,170,161,148,181,782.0,181,1.0,0.9392265193370166,0.8895027624309392,0.8176795580110497,True,2022/2023,SLF_IMIS_DAILY_SNOW,Sabbioni,True,8.496418,46.52563,2305,SNOW_FLAT
BED4,2023,182,0,175.41758241758242,147.0,399.0,180,180,180,182,1660.3999999999999,182,1.0,0.989010989010989,0.989010989010989,0.989010989010989,True,2023/2024,SLF_IMIS_DAILY_SNOW,Sabbioni,True,8.496418,46.52563,2305,SNOW_FLAT
BED4,2024,181,0,101.88397790055248,121.0,170.0,164,161,161,181,787.0,181,1.0,0.9060773480662984,0.8895027624309392,0.8895027624309392,True,2024/2025,SLF_IMIS_DAILY_SNOW,Sabbioni,True,8.496418,46.52563,2305,SNOW_FLAT
BED4,2025,181,0,119.91160220994475,124.0,229.0,181,181,170,181,806.9000000000001,181,1.0,1.0,1.0,0.9392265193370166,True,2025/2026,SLF_IMIS_DAILY_SNOW,Sabbioni,True,8.496418,46.52563,2305,SNOW_FLAT
BEL2,2013,181,0,121.74585635359117,127.0,198.0,178,176,175,181,837.8,181,1.0,0.9834254143646409,0.9723756906077348,0.9668508287292817,True,2013/2014,SLF_IMIS_DAILY_SNOW,Belalp,True,7.974175,46.394846,2554,SNOW_FLAT
BEL2,2014,181,0,135.14917127071823,152.0,251.0,177,177,176,181,925.9000000000001,181,1.0,0.9779005524861878,0.9779005524861878,0.9723756906077348,True,2014/2015,SLF_IMIS_DAILY_SNOW,Belalp,True,7.974175,46.394846,2554,SNOW_FLAT
BEL2,2015,182,0,120.08791208791209,152.0,226.0,162,162,162,182,891.5,182,1.0,0.8901098901098901,0.8901098901098901,0.8901098901098901,True,2015/2016,SLF_IMIS_DAILY_SNOW,Belalp,True,7.974175,46.394846,2554,SNOW_FLAT
BEL2,2016,181,0,93.86187845303867,102.0,201.0,176,175,171,181,714.7,181,1.0,0.9723756906077348,0.9668508287292817,0.9447513812154696,True,2016/2017,SLF_IMIS_DAILY_SNOW,Belalp,True,7.974175,46.394846,2554,SNOW_FLAT
BEL2,2017,181,0,198.1657458563536,258.0,362.0,176,171,170,181,1246.6,181,1.0,0.9723756906077348,0.9447513812154696,0.9392265193370166,True,2017/2018,SLF_IMIS_DAILY_SNOW,Belalp,True,7.974175,46.394846,2554,SNOW_FLAT
BEL2,2018,181,0,178.12154696132598,197.0,282.0,181,181,181,181,998.9000000000001,181,1.0,1.0,1.0,1.0,True,2018/2019,SLF_IMIS_DAILY_SNOW,Belalp,True,7.974175,46.394846,2554,SNOW_FLAT
BEL2,2019,182,0,149.75274725274724,154.0,257.0,178,177,174,182,962.0999999999999,182,1.0,0.978021978021978,0.9725274725274725,0.9560439560439561,True,2019/2020,SLF_IMIS_DAILY_SNOW,Belalp,True,7.974175,46.394846,2554,SNOW_FLAT
BEL2,2020,181,0,136.14917127071823,175.0,259.0,181,164,150,181,829.0,181,1.0,1.0,0.9060773480662984,0.8287292817679558,True,2020/2021,SLF_IMIS_DAILY_SNOW,Belalp,True,7.974175,46.394846,2554,SNOW_FLAT
BEL2,2021,181,0,106.58011049723757,118.0,180.0,180,161,153,181,706.9000000000001,181,1.0,0.994475138121547,0.8895027624309392,0.8453038674033149,True,2021/2022,SLF_IMIS_DAILY_SNOW,Belalp,True,7.974175,46.394846,2554,SNOW_FLAT
BEL2,2022,181,0,102.58011049723757,100.0,205.0,177,167,166,181,760.3,181,1.0,0.9779005524861878,0.9226519337016574,0.9171270718232044,True,2022/2023,SLF_IMIS_DAILY_SNOW,Belalp,True,7.974175,46.394846,2554,SNOW_FLAT
BEL2,2023,182,0,179.9945054945055,184.0,288.0,182,180,178,182,1157.3,182,1.0,1.0,0.989010989010989,0.978021978021978,True,2023/2024,SLF_IMIS_DAILY_SNOW,Belalp,True,7.974175,46.394846,2554,SNOW_FLAT
BEL2,2024,181,0,109.08839779005525,130.0,207.0,167,162,161,181,721.6999999999999,181,1.0,0.9226519337016574,0.8950276243093923,0.8895027624309392,True,2024/2025,SLF_IMIS_DAILY_SNOW,Belalp,True,7.974175,46.394846,2554,SNOW_FLAT
BEL2,2025,181,0,122.96685082872928,109.0,225.0,181,181,181,181,661.7,181,1.0,1.0,1.0,1.0,True,2025/2026,SLF_IMIS_DAILY_SNOW,Belalp,True,7.974175,46.394846,2554,SNOW_FLAT
BER2,2013,181,0,161.7292817679558,204.0,304.0,145,139,134,181,1213.6,181,1.0,0.8011049723756906,0.7679558011049724,0.7403314917127072,True,2013/2014,SLF_IMIS_DAILY_SNOW,Motta Bianca,True,10.029201,46.420571,2447,SNOW_FLAT
BER2,2014,181,0,162.21546961325967,154.0,228.0,177,176,176,181,918.1,181,1.0,0.9779005524861878,0.9723756906077348,0.9723756906077348,True,2014/2015,SLF_IMIS_DAILY_SNOW,Motta Bianca,True,10.029201,46.420571,2447,SNOW_FLAT
BER2,2015,182,0,45.42857142857143,23.5,138.0,112,96,89,182,599.3000000000001,182,1.0,0.6153846153846154,0.5274725274725275,0.489010989010989,True,2015/2016,SLF_IMIS_DAILY_SNOW,Motta Bianca,True,10.029201,46.420571,2447,SNOW_FLAT
BER2,2016,181,0,74.61325966850829,70.0,158.0,176,176,169,181,604.8999999999999,181,1.0,0.9723756906077348,0.9723756906077348,0.9337016574585635,True,2016/2017,SLF_IMIS_DAILY_SNOW,Motta Bianca,True,10.029201,46.420571,2447,SNOW_FLAT
BER2,2017,181,0,136.83977900552486,162.0,278.0,176,147,140,181,978.5,181,1.0,0.9723756906077348,0.8121546961325967,0.7734806629834254,True,2017/2018,SLF_IMIS_DAILY_SNOW,Motta Bianca,True,10.029201,46.420571,2447,SNOW_FLAT
BER2,2018,181,0,183.19337016574585,169.0,327.0,181,181,181,181,1003.4000000000002,181,1.0,1.0,1.0,1.0,True,2018/2019,SLF_IMIS_DAILY_SNOW,Motta Bianca,True,10.029201,46.420571,2447,SNOW_FLAT
BER2,2019,182,0,142.47252747252747,143.0,204.0,179,179,179,182,795.5,182,1.0,0.9835164835164835,0.9835164835164835,0.9835164835164835,True,2019/2020,SLF_IMIS_DAILY_SNOW,Motta Bianca,True,10.029201,46.420571,2447,SNOW_FLAT
BER2,2020,181,0,152.1049723756906,184.0,244.0,181,181,149,181,846.4000000000001,181,1.0,1.0,1.0,0.8232044198895028,True,2020/2021,SLF_IMIS_DAILY_SNOW,Motta Bianca,True,10.029201,46.420571,2447,SNOW_FLAT
BER2,2021,181,0,75.353591160221,59.0,132.0,180,180,177,181,507.70000000000005,181,1.0,0.994475138121547,0.994475138121547,0.9779005524861878,True,2021/2022,SLF_IMIS_DAILY_SNOW,Motta Bianca,True,10.029201,46.420571,2447,SNOW_FLAT
BER2,2022,181,0,61.469613259668506,57.0,144.0,170,149,147,181,560.2,181,1.0,0.9392265193370166,0.8232044198895028,0.8121546961325967,True,2022/2023,SLF_IMIS_DAILY_SNOW,Motta Bianca,True,10.029201,46.420571,2447,SNOW_FLAT
BER2,2023,182,0,150.35714285714286,122.5,338.0,180,180,173,182,1100.6,182,1.0,0.989010989010989,0.989010989010989,0.9505494505494505,True,2023/2024,SLF_IMIS_DAILY_SNOW,Motta Bianca,True,10.029201,46.420571,2447,SNOW_FLAT
BER2,2024,181,0,59.48618784530387,81.0,149.0,114,114,108,181,613.9,181,1.0,0.6298342541436464,0.6298342541436464,0.5966850828729282,True,2024/2025,SLF_IMIS_DAILY_SNOW,Motta Bianca,True,10.029201,46.420571,2447,SNOW_FLAT
BER2,2025,181,0,78.45303867403315,78.0,156.0,166,165,163,181,541.5,181,1.0,0.9171270718232044,0.9116022099447514,0.9005524861878453,True,2025/2026,SLF_IMIS_DAILY_SNOW,Motta Bianca,True,10.029201,46.420571,2447,SNOW_FLAT
BER3,2013,133,0,119.24812030075188,126.0,190.0,133,126,126,133,679.3999999999999,181,0.7348066298342542,1.0,0.9473684210526315,0.9473684210526315,False,2013/2014,SLF_IMIS_DAILY_SNOW,Puoz Bass,True,9.91589,46.440915,2625,SNOW_FLAT
BER3,2014,181,0,87.9060773480663,94.0,136.0,176,176,176,181,505.29999999999995,181,1.0,0.9723756906077348,0.9723756906077348,0.9723756906077348,True,2014/2015,SLF_IMIS_DAILY_SNOW,Puoz Bass,True,9.91589,46.440915,2625,SNOW_FLAT
BER3,2015,182,0,25.423076923076923,11.0,91.0,93,83,78,182,393.00000000000006,182,1.0,0.510989010989011,0.45604395604395603,0.42857142857142855,True,2015/2016,SLF_IMIS_DAILY_SNOW,Puoz Bass,True,9.91589,46.440915,2625,SNOW_FLAT
BER3,2016,181,0,21.60220994475138,12.0,70.0,100,76,68,181,303.4,181,1.0,0.5524861878453039,0.4198895027624309,0.3756906077348066,True,2016/2017,SLF_IMIS_DAILY_SNOW,Puoz Bass,True,9.91589,46.440915,2625,SNOW_FLAT
BER3,2017,181,0,77.57458563535911,94.0,153.0,176,145,142,181,564.6,181,1.0,0.9723756906077348,0.8011049723756906,0.7845303867403315,True,2017/2018,SLF_IMIS_DAILY_SNOW,Puoz Bass,True,9.91589,46.440915,2625,SNOW_FLAT
BER3,2018,181,0,101.32596685082873,101.0,188.0,181,181,181,181,531.9000000000001,181,1.0,1.0,1.0,1.0,True,2018/2019,SLF_IMIS_DAILY_SNOW,Puoz Bass,True,9.91589,46.440915,2625,SNOW_FLAT
BER3,2019,182,0,74.06593406593407,74.5,119.0,179,177,174,182,461.29999999999995,182,1.0,0.9835164835164835,0.9725274725274725,0.9560439560439561,True,2019/2020,SLF_IMIS_DAILY_SNOW,Puoz Bass,True,9.91589,46.440915,2625,SNOW_FLAT
BER3,2020,181,0,80.25966850828729,91.0,140.0,181,150,147,181,419.0,181,1.0,1.0,0.8287292817679558,0.8121546961325967,True,2020/2021,SLF_IMIS_DAILY_SNOW,Puoz Bass,True,9.91589,46.440915,2625,SNOW_FLAT
BER3,2021,181,0,41.005524861878456,41.0,72.0,180,178,163,181,307.70000000000005,181,1.0,0.994475138121547,0.9834254143646409,0.9005524861878453,True,2021/2022,SLF_IMIS_DAILY_SNOW,Puoz Bass,True,9.91589,46.440915,2625,SNOW_FLAT
BER3,2022,181,0,35.07734806629834,35.0,88.0,163,147,110,181,329.7,181,1.0,0.9005524861878453,0.8121546961325967,0.6077348066298343,True,2022/2023,SLF_IMIS_DAILY_SNOW,Puoz Bass,True,9.91589,46.440915,2625,SNOW_FLAT
BER3,2023,182,0,90.14285714285714,81.5,191.0,182,178,155,182,759.3,182,1.0,1.0,0.978021978021978,0.8516483516483516,True,2023/2024,SLF_IMIS_DAILY_SNOW,Puoz Bass,True,9.91589,46.440915,2625,SNOW_FLAT
BER3,2024,181,0,37.972375690607734,52.0,90.0,132,110,94,181,337.0,181,1.0,0.7292817679558011,0.6077348066298343,0.5193370165745856,True,2024/2025,SLF_IMIS_DAILY_SNOW,Puoz Bass,True,9.91589,46.440915,2625,SNOW_FLAT
BER3,2025,181,0,43.58563535911602,31.0,98.0,165,150,108,181,350.0,181,1.0,0.9116022099447514,0.8287292817679558,0.5966850828729282,True,2025/2026,SLF_IMIS_DAILY_SNOW,Puoz Bass,True,9.91589,46.440915,2625,SNOW_FLAT
BEV2,2013,181,0,131.12154696132598,158.0,222.0,178,175,170,181,754.6000000000001,181,1.0,0.9834254143646409,0.9668508287292817,0.9392265193370166,True,2013/2014,SLF_IMIS_DAILY_SNOW,Valetta,True,9.83709,46.539564,2512,SNOW_FLAT
BEV2,2014,181,0,120.41436464088397,134.0,166.0,176,176,176,181,604.9000000000001,181,1.0,0.9723756906077348,0.9723756906077348,0.9723756906077348,True,2014/2015,SLF_IMIS_DAILY_SNOW,Valetta,True,9.83709,46.539564,2512,SNOW_FLAT
BEV2,2015,182,0,51.505494505494504,40.0,126.0,123,114,111,182,452.59999999999997,182,1.0,0.6758241758241759,0.6263736263736264,0.6098901098901099,True,2015/2016,SLF_IMIS_DAILY_SNOW,Valetta,True,9.83709,46.539564,2512,SNOW_FLAT
BEV2,2016,181,0,58.331491712707184,46.0,127.0,175,175,158,181,489.2,181,1.0,0.9668508287292817,0.9668508287292817,0.8729281767955801,True,2016/2017,SLF_IMIS_DAILY_SNOW,Valetta,True,9.83709,46.539564,2512,SNOW_FLAT
BEV2,2017,181,0,116.01657458563535,141.0,210.0,176,176,171,181,762.1,181,1.0,0.9723756906077348,0.9723756906077348,0.9447513812154696,True,2017/2018,SLF_IMIS_DAILY_SNOW,Valetta,True,9.83709,46.539564,2512,SNOW_FLAT
BEV2,2018,181,0,129.8950276243094,126.0,205.0,181,181,181,181,551.3,181,1.0,1.0,1.0,1.0,True,2018/2019,SLF_IMIS_DAILY_SNOW,Valetta,True,9.83709,46.539564,2512,SNOW_FLAT
BEV2,2019,182,0,106.22527472527473,105.5,161.0,179,179,177,182,596.5999999999999,182,1.0,0.9835164835164835,0.9835164835164835,0.9725274725274725,True,2019/2020,SLF_IMIS_DAILY_SNOW,Valetta,True,9.83709,46.539564,2512,SNOW_FLAT
BEV2,2020,181,0,120.45303867403315,144.0,195.0,181,181,147,181,599.8,181,1.0,1.0,1.0,0.8121546961325967,True,2020/2021,SLF_IMIS_DAILY_SNOW,Valetta,True,9.83709,46.539564,2512,SNOW_FLAT
BEV2,2021,181,0,66.23756906077348,72.0,90.0,180,180,178,181,339.59999999999997,181,1.0,0.994475138121547,0.994475138121547,0.9834254143646409,True,2021/2022,SLF_IMIS_DAILY_SNOW,Valetta,True,9.83709,46.539564,2512,SNOW_FLAT
BEV2,2022,181,0,59.0939226519337,60.0,116.0,177,167,147,181,423.70000000000005,181,1.0,0.9779005524861878,0.9226519337016574,0.8121546961325967,True,2022/2023,SLF_IMIS_DAILY_SNOW,Valetta,True,9.83709,46.539564,2512,SNOW_FLAT
BEV2,2023,182,0,122.56593406593407,115.0,241.0,182,181,180,182,844.3,182,1.0,1.0,0.9945054945054945,0.989010989010989,True,2023/2024,SLF_IMIS_DAILY_SNOW,Valetta,True,9.83709,46.539564,2512,SNOW_FLAT
BEV2,2024,181,0,59.790055248618785,79.0,113.0,160,145,130,181,418.5,181,1.0,0.8839779005524862,0.8011049723756906,0.7182320441988951,True,2024/2025,SLF_IMIS_DAILY_SNOW,Valetta,True,9.83709,46.539564,2512,SNOW_FLAT
BEV2,2025,181,0,70.52486187845304,66.0,130.0,181,166,164,181,462.6,181,1.0,1.0,0.9171270718232044,0.9060773480662984,True,2025/2026,SLF_IMIS_DAILY_SNOW,Valetta,True,9.83709,46.539564,2512,SNOW_FLAT
BIN2,2013,0,0,NA,NA,NA,0,0,0,0,NA,181,0.0,NA,NA,NA,False,2013/2014,SLF_IMIS_DAILY_SNOW,Teststation1 Binntal,False,8.267822,46.373469,2250,SNOW_FLAT
BIN2,2014,0,0,NA,NA,NA,0,0,0,0,NA,181,0.0,NA,NA,NA,False,2014/2015,SLF_IMIS_DAILY_SNOW,Teststation1 Binntal,False,8.267822,46.373469,2250,SNOW_FLAT
BIN2,2015,0,0,NA,NA,NA,0,0,0,0,NA,182,0.0,NA,NA,NA,False,2015/2016,SLF_IMIS_DAILY_SNOW,Teststation1 Binntal,False,8.267822,46.373469,2250,SNOW_FLAT
BIN2,2016,0,0,NA,NA,NA,0,0,0,0,NA,181,0.0,NA,NA,NA,False,2016/2017,SLF_IMIS_DAILY_SNOW,Teststation1 Binntal,False,8.267822,46.373469,2250,SNOW_FLAT
BIN2,2017,0,0,NA,NA,NA,0,0,0,0,NA,181,0.0,NA,NA,NA,False,2017/2018,SLF_IMIS_DAILY_SNOW,Teststation1 Binntal,False,8.267822,46.373469,2250,SNOW_FLAT
BIN2,2018,130,5,228.34615384615384,303.0,346.0,130,130,130,0,NA,181,0.7182320441988951,1.0,1.0,1.0,False,2018/2019,SLF_IMIS_DAILY_SNOW,Teststation1 Binntal,False,8.267822,46.373469,2250,SNOW_FLAT
BIN2,2019,182,0,129.80769230769232,114.0,286.0,175,171,168,0,NA,182,1.0,0.9615384615384616,0.9395604395604396,0.9230769230769231,True,2019/2020,SLF_IMIS_DAILY_SNOW,Teststation1 Binntal,False,8.267822,46.373469,2250,SNOW_FLAT
BIN2,2020,0,0,NA,NA,NA,0,0,0,0,NA,181,0.0,NA,NA,NA,False,2020/2021,SLF_IMIS_DAILY_SNOW,Teststation1 Binntal,False,8.267822,46.373469,2250,SNOW_FLAT
BIN2,2021,0,0,NA,NA,NA,0,0,0,0,NA,181,0.0,NA,NA,NA,False,2021/2022,SLF_IMIS_DAILY_SNOW,Teststation1 Binntal,False,8.267822,46.373469,2250,SNOW_FLAT
BIN2,2022,0,0,NA,NA,NA,0,0,0,0,NA,181,0.0,NA,NA,NA,False,2022/2023,SLF_IMIS_DAILY_SNOW,Teststation1 Binntal,False,8.267822,46.373469,2250,SNOW_FLAT
BIN2,2023,0,0,NA,NA,NA,0,0,0,0,NA,182,0.0,NA,NA,NA,False,2023/2024,SLF_IMIS_DAILY_SNOW,Teststation1 Binntal,False,8.267822,46.373469,2250,SNOW_FLAT
BIN2,2024,0,0,NA,NA,NA,0,0,0,0,NA,181,0.0,NA,NA,NA,False,2024/2025,SLF_IMIS_DAILY_SNOW,Teststation1 Binntal,False,8.267822,46.373469,2250,SNOW_FLAT
BIN2,2025,0,0,NA,NA,NA,0,0,0,0,NA,181,0.0,NA,NA,NA,False,2025/2026,SLF_IMIS_DAILY_SNOW,Teststation1 Binntal,False,8.267822,46.373469,2250,SNOW_FLAT
BIN3,2013,0,0,NA,NA,NA,0,0,0,0,NA,181,0.0,NA,NA,NA,False,2013/2014,SLF_IMIS_DAILY_SNOW,Teststation2 Binntal,False,8.207829,46.347848,2355,SNOW_FLAT
BIN3,2014,0,0,NA,NA,NA,0,0,0,0,NA,181,0.0,NA,NA,NA,False,2014/2015,SLF_IMIS_DAILY_SNOW,Teststation2 Binntal,False,8.207829,46.347848,2355,SNOW_FLAT
BIN3,2015,0,0,NA,NA,NA,0,0,0,0,NA,182,0.0,NA,NA,NA,False,2015/2016,SLF_IMIS_DAILY_SNOW,Teststation2 Binntal,False,8.207829,46.347848,2355,SNOW_FLAT
BIN3,2016,0,0,NA,NA,NA,0,0,0,0,NA,181,0.0,NA,NA,NA,False,2016/2017,SLF_IMIS_DAILY_SNOW,Teststation2 Binntal,False,8.207829,46.347848,2355,SNOW_FLAT
BIN3,2017,0,0,NA,NA,NA,0,0,0,0,NA,181,0.0,NA,NA,NA,False,2017/2018,SLF_IMIS_DAILY_SNOW,Teststation2 Binntal,False,8.207829,46.347848,2355,SNOW_FLAT
BIN3,2018,0,0,NA,NA,NA,0,0,0,0,NA,181,0.0,NA,NA,NA,False,2018/2019,SLF_IMIS_DAILY_SNOW,Teststation2 Binntal,False,8.207829,46.347848,2355,SNOW_FLAT
BIN3,2019,0,0,NA,NA,NA,0,0,0,0,NA,182,0.0,NA,NA,NA,False,2019/2020,SLF_IMIS_DAILY_SNOW,Teststation2 Binntal,False,8.207829,46.347848,2355,SNOW_FLAT
BIN3,2020,181,0,123.646408839779,144.0,211.0,176,150,147,0,NA,181,1.0,0.9723756906077348,0.8287292817679558,0.8121546961325967,True,2020/2021,SLF_IMIS_DAILY_SNOW,Teststation2 Binntal,False,8.207829,46.347848,2355,SNOW_FLAT
BIN3,2021,0,0,NA,NA,NA,0,0,0,0,NA,181,0.0,NA,NA,NA,False,2021/2022,SLF_IMIS_DAILY_SNOW,Teststation2 Binntal,False,8.207829,46.347848,2355,SNOW_FLAT
BIN3,2022,0,0,NA,NA,NA,0,0,0,0,NA,181,0.0,NA,NA,NA,False,2022/2023,SLF_IMIS_DAILY_SNOW,Teststation2 Binntal,False,8.207829,46.347848,2355,SNOW_FLAT
BIN3,2023,0,0,NA,NA,NA,0,0,0,0,NA,182,0.0,NA,NA,NA,False,2023/2024,SLF_IMIS_DAILY_SNOW,Teststation2 Binntal,False,8.207829,46.347848,2355,SNOW_FLAT
BIN3,2024,0,0,NA,NA,NA,0,0,0,0,NA,181,0.0,NA,NA,NA,False,2024/2025,SLF_IMIS_DAILY_SNOW,Teststation2 Binntal,False,8.207829,46.347848,2355,SNOW_FLAT
BIN3,2025,0,0,NA,NA,NA,0,0,0,0,NA,181,0.0,NA,NA,NA,False,2025/2026,SLF_IMIS_DAILY_SNOW,Teststation2 Binntal,False,8.207829,46.347848,2355,SNOW_FLAT
BIN4,2013,0,0,NA,NA,NA,0,0,0,0,NA,181,0.0,NA,NA,NA,False,2013/2014,SLF_IMIS_DAILY_SNOW,Schapleralpa,True,8.208991,46.348227,2354,SNOW_FLAT
BIN4,2014,0,0,NA,NA,NA,0,0,0,0,NA,181,0.0,NA,NA,NA,False,2014/2015,SLF_IMIS_DAILY_SNOW,Schapleralpa,True,8.208991,46.348227,2354,SNOW_FLAT
BIN4,2015,0,0,NA,NA,NA,0,0,0,0,NA,182,0.0,NA,NA,NA,False,2015/2016,SLF_IMIS_DAILY_SNOW,Schapleralpa,True,8.208991,46.348227,2354,SNOW_FLAT
BIN4,2016,0,0,NA,NA,NA,0,0,0,0,NA,181,0.0,NA,NA,NA,False,2016/2017,SLF_IMIS_DAILY_SNOW,Schapleralpa,True,8.208991,46.348227,2354,SNOW_FLAT
BIN4,2017,0,0,NA,NA,NA,0,0,0,0,NA,181,0.0,NA,NA,NA,False,2017/2018,SLF_IMIS_DAILY_SNOW,Schapleralpa,True,8.208991,46.348227,2354,SNOW_FLAT
BIN4,2018,0,0,NA,NA,NA,0,0,0,0,NA,181,0.0,NA,NA,NA,False,2018/2019,SLF_IMIS_DAILY_SNOW,Schapleralpa,True,8.208991,46.348227,2354,SNOW_FLAT
BIN4,2019,0,0,NA,NA,NA,0,0,0,0,NA,182,0.0,NA,NA,NA,False,2019/2020,SLF_IMIS_DAILY_SNOW,Schapleralpa,True,8.208991,46.348227,2354,SNOW_FLAT
BIN4,2020,0,0,NA,NA,NA,0,0,0,0,NA,181,0.0,NA,NA,NA,False,2020/2021,SLF_IMIS_DAILY_SNOW,Schapleralpa,True,8.208991,46.348227,2354,SNOW_FLAT
BIN4,2021,181,0,134.9889502762431,154.0,215.0,178,173,166,181,652.2,181,1.0,0.9834254143646409,0.9558011049723757,0.9171270718232044,True,2021/2022,SLF_IMIS_DAILY_SNOW,Schapleralpa,True,8.208991,46.348227,2354,SNOW_FLAT
BIN4,2022,181,0,111.07182320441989,117.0,215.0,167,148,148,181,666.9,181,1.0,0.9226519337016574,0.8176795580110497,0.8176795580110497,True,2022/2023,SLF_IMIS_DAILY_SNOW,Schapleralpa,True,8.208991,46.348227,2354,SNOW_FLAT
BIN4,2023,182,0,195.85714285714286,170.0,398.0,180,173,171,182,1334.4,182,1.0,0.989010989010989,0.9505494505494505,0.9395604395604396,True,2023/2024,SLF_IMIS_DAILY_SNOW,Schapleralpa,True,8.208991,46.348227,2354,SNOW_FLAT
BIN4,2024,181,0,147.45303867403314,178.0,298.0,163,161,160,181,925.2,181,1.0,0.9005524861878453,0.8895027624309392,0.8839779005524862,True,2024/2025,SLF_IMIS_DAILY_SNOW,Schapleralpa,True,8.208991,46.348227,2354,SNOW_FLAT
BIN4,2025,181,0,143.3314917127072,149.0,292.0,181,164,159,181,842.2,181,1.0,1.0,0.9060773480662984,0.8784530386740331,True,2025/2026,SLF_IMIS_DAILY_SNOW,Schapleralpa,True,8.208991,46.348227,2354,SNOW_FLAT
BOG2,2013,177,0,127.28248587570621,142.0,267.0,171,149,139,176,1187.3000000000002,181,0.9779005524861878,0.9661016949152542,0.8418079096045198,0.7853107344632768,True,2013/2014,SLF_IMIS_DAILY_SNOW,Hendar Furggu,True,8.471618,46.333803,2299,SNOW_FLAT
BOG2,2014,181,0,193.49171270718233,192.0,280.0,177,177,177,181,1220.4,181,1.0,0.9779005524861878,0.9779005524861878,0.9779005524861878,True,2014/2015,SLF_IMIS_DAILY_SNOW,Hendar Furggu,True,8.471618,46.333803,2299,SNOW_FLAT
BOG2,2015,182,0,36.642857142857146,25.5,113.0,109,98,89,182,615.9,182,1.0,0.5989010989010989,0.5384615384615384,0.489010989010989,True,2015/2016,SLF_IMIS_DAILY_SNOW,Hendar Furggu,True,8.471618,46.333803,2299,SNOW_FLAT
BOG2,2016,181,0,88.07182320441989,87.0,178.0,164,162,160,181,815.9000000000001,181,1.0,0.9060773480662984,0.8950276243093923,0.8839779005524862,True,2016/2017,SLF_IMIS_DAILY_SNOW,Hendar Furggu,True,8.471618,46.333803,2299,SNOW_FLAT
BOG2,2017,173,0,129.43930635838151,160.0,259.0,168,142,133,181,1016.3000000000001,181,0.9558011049723757,0.9710982658959537,0.8208092485549133,0.7687861271676301,True,2017/2018,SLF_IMIS_DAILY_SNOW,Hendar Furggu,True,8.471618,46.333803,2299,SNOW_FLAT
BOG2,2018,181,0,164.21546961325967,152.0,286.0,181,181,181,181,856.6,181,1.0,1.0,1.0,1.0,True,2018/2019,SLF_IMIS_DAILY_SNOW,Hendar Furggu,True,8.471618,46.333803,2299,SNOW_FLAT
BOG2,2019,182,0,131.42307692307693,144.0,206.0,179,178,172,182,935.5,182,1.0,0.9835164835164835,0.978021978021978,0.945054945054945,True,2019/2020,SLF_IMIS_DAILY_SNOW,Hendar Furggu,True,8.471618,46.333803,2299,SNOW_FLAT
BOG2,2020,181,0,80.95580110497238,88.0,144.0,150,147,147,181,680.8999999999999,181,1.0,0.8287292817679558,0.8121546961325967,0.8121546961325967,True,2020/2021,SLF_IMIS_DAILY_SNOW,Hendar Furggu,True,8.471618,46.333803,2299,SNOW_FLAT
BOG2,2021,181,0,21.806629834254142,22.0,81.0,167,108,27,181,440.3,181,1.0,0.9226519337016574,0.5966850828729282,0.14917127071823205,True,2021/2022,SLF_IMIS_DAILY_SNOW,Hendar Furggu,True,8.471618,46.333803,2299,SNOW_FLAT
BOG2,2022,181,0,26.5414364640884,22.0,83.0,157,105,62,181,439.9,181,1.0,0.8674033149171271,0.580110497237569,0.3425414364640884,True,2022/2023,SLF_IMIS_DAILY_SNOW,Hendar Furggu,True,8.471618,46.333803,2299,SNOW_FLAT
BOG2,2023,182,0,94.32417582417582,51.0,303.0,180,166,146,182,1178.1,182,1.0,0.989010989010989,0.9120879120879121,0.8021978021978022,True,2023/2024,SLF_IMIS_DAILY_SNOW,Hendar Furggu,True,8.471618,46.333803,2299,SNOW_FLAT
BOG2,2024,181,0,53.05524861878453,63.0,130.0,163,123,106,181,637.3,181,1.0,0.9005524861878453,0.6795580110497238,0.585635359116022,True,2024/2025,SLF_IMIS_DAILY_SNOW,Hendar Furggu,True,8.471618,46.333803,2299,SNOW_FLAT
BOG2,2025,181,0,59.41988950276243,58.0,157.0,180,151,135,181,596.5,181,1.0,0.994475138121547,0.8342541436464088,0.7458563535911602,True,2025/2026,SLF_IMIS_DAILY_SNOW,Hendar Furggu,True,8.471618,46.333803,2299,SNOW_FLAT
BOG4,2013,168,3,109.92857142857143,128.0,204.0,147,144,139,0,NA,181,0.9281767955801105,0.875,0.8571428571428571,0.8273809523809523,True,2013/2014,SLF_IMIS_DAILY_SNOW,Bombögn Schnee,True,8.490197,46.307255,2031,SNOW_SLOPE
BOG4,2014,176,5,72.52272727272727,76.0,122.0,173,169,168,0,NA,181,0.9723756906077348,0.9829545454545454,0.9602272727272727,0.9545454545454546,True,2014/2015,SLF_IMIS_DAILY_SNOW,Bombögn Schnee,True,8.490197,46.307255,2031,SNOW_SLOPE
BOG4,2015,141,0,34.326241134751776,19.0,100.0,102,70,65,0,NA,182,0.7747252747252747,0.723404255319149,0.49645390070921985,0.46099290780141844,False,2015/2016,SLF_IMIS_DAILY_SNOW,Bombögn Schnee,True,8.490197,46.307255,2031,SNOW_SLOPE
BOG4,2016,181,0,67.72375690607734,67.0,124.0,180,164,162,0,NA,181,1.0,0.994475138121547,0.9060773480662984,0.8950276243093923,True,2016/2017,SLF_IMIS_DAILY_SNOW,Bombögn Schnee,True,8.490197,46.307255,2031,SNOW_SLOPE
BOG4,2017,159,0,86.1006289308176,113.0,184.0,128,125,120,0,NA,181,0.8784530386740331,0.8050314465408805,0.7861635220125787,0.7547169811320755,True,2017/2018,SLF_IMIS_DAILY_SNOW,Bombögn Schnee,True,8.490197,46.307255,2031,SNOW_SLOPE
BOG4,2018,181,0,71.33149171270718,62.0,137.0,181,181,181,0,NA,181,1.0,1.0,1.0,1.0,True,2018/2019,SLF_IMIS_DAILY_SNOW,Bombögn Schnee,True,8.490197,46.307255,2031,SNOW_SLOPE
BOG4,2019,182,0,119.45604395604396,125.0,175.0,182,179,174,0,NA,182,1.0,1.0,0.9835164835164835,0.9560439560439561,True,2019/2020,SLF_IMIS_DAILY_SNOW,Bombögn Schnee,True,8.490197,46.307255,2031,SNOW_SLOPE
BOG4,2020,181,0,87.33701657458563,98.0,133.0,181,180,149,0,NA,181,1.0,1.0,0.994475138121547,0.8232044198895028,True,2020/2021,SLF_IMIS_DAILY_SNOW,Bombögn Schnee,True,8.490197,46.307255,2031,SNOW_SLOPE
BOG4,2021,180,0,43.07222222222222,40.5,108.0,180,180,180,0,NA,181,0.994475138121547,1.0,1.0,1.0,True,2021/2022,SLF_IMIS_DAILY_SNOW,Bombögn Schnee,True,8.490197,46.307255,2031,SNOW_SLOPE
BOG4,2022,181,0,44.50276243093923,47.0,90.0,169,148,147,0,NA,181,1.0,0.9337016574585635,0.8176795580110497,0.8121546961325967,True,2022/2023,SLF_IMIS_DAILY_SNOW,Bombögn Schnee,True,8.490197,46.307255,2031,SNOW_SLOPE
BOG4,2023,169,0,86.98224852071006,56.0,240.0,166,154,133,0,NA,182,0.9285714285714286,0.9822485207100592,0.9112426035502958,0.7869822485207101,True,2023/2024,SLF_IMIS_DAILY_SNOW,Bombögn Schnee,True,8.490197,46.307255,2031,SNOW_SLOPE
BOG4,2024,118,0,46.44915254237288,39.0,142.0,118,112,68,0,NA,181,0.6519337016574586,1.0,0.9491525423728814,0.576271186440678,False,2024/2025,SLF_IMIS_DAILY_SNOW,Bombögn Schnee,True,8.490197,46.307255,2031,SNOW_SLOPE
BOG4,2025,178,3,56.264044943820224,63.5,152.0,154,137,134,0,NA,181,0.9834254143646409,0.8651685393258427,0.7696629213483146,0.7528089887640449,True,2025/2026,SLF_IMIS_DAILY_SNOW,Bombögn Schnee,True,8.490197,46.307255,2031,SNOW_SLOPE
BOR2,2013,181,0,202.4585635359116,210.0,362.0,176,175,171,181,1656.3,181,1.0,0.9723756906077348,0.9668508287292817,0.9447513812154696,True,2013/2014,SLF_IMIS_DAILY_SNOW,Bortelsee,True,8.109302,46.290531,2517,SNOW_FLAT
BOR2,2014,181,0,319.02762430939225,308.0,509.0,177,177,177,181,1880.6000000000004,181,1.0,0.9779005524861878,0.9779005524861878,0.9779005524861878,True,2014/2015,SLF_IMIS_DAILY_SNOW,Bortelsee,True,8.109302,46.290531,2517,SNOW_FLAT
BOR2,2015,182,0,177.51098901098902,151.5,366.0,182,182,165,182,1154.3,182,1.0,1.0,1.0,0.9065934065934066,True,2015/2016,SLF_IMIS_DAILY_SNOW,Bortelsee,True,8.109302,46.290531,2517,SNOW_FLAT
BOR2,2016,181,0,208.7403314917127,194.0,401.0,181,171,171,181,1314.3999999999999,181,1.0,1.0,0.9447513812154696,0.9447513812154696,True,2016/2017,SLF_IMIS_DAILY_SNOW,Bortelsee,True,8.109302,46.290531,2517,SNOW_FLAT
BOR2,2017,181,0,302.4585635359116,386.0,536.0,176,176,176,181,1847.5,181,1.0,0.9723756906077348,0.9723756906077348,0.9723756906077348,True,2017/2018,SLF_IMIS_DAILY_SNOW,Bortelsee,True,8.109302,46.290531,2517,SNOW_FLAT
BOR2,2018,178,0,408.6573033707865,420.0,621.0,178,178,178,181,1784.9,181,0.9834254143646409,1.0,1.0,1.0,True,2018/2019,SLF_IMIS_DAILY_SNOW,Bortelsee,True,8.109302,46.290531,2517,SNOW_FLAT
BOR2,2019,182,0,258.85714285714283,286.0,337.0,178,173,171,182,1251.9,182,1.0,0.978021978021978,0.9505494505494505,0.9395604395604396,True,2019/2020,SLF_IMIS_DAILY_SNOW,Bortelsee,True,8.109302,46.290531,2517,SNOW_FLAT
BOR2,2020,181,0,239.1657458563536,317.0,384.0,181,181,181,181,1221.6,181,1.0,1.0,1.0,1.0,True,2020/2021,SLF_IMIS_DAILY_SNOW,Bortelsee,True,8.109302,46.290531,2517,SNOW_FLAT
BOR2,2021,181,0,141.0110497237569,158.0,252.0,180,178,178,181,829.6,181,1.0,0.994475138121547,0.9834254143646409,0.9834254143646409,True,2021/2022,SLF_IMIS_DAILY_SNOW,Bortelsee,True,8.109302,46.290531,2517,SNOW_FLAT
BOR2,2022,181,0,115.54696132596685,103.0,280.0,161,147,135,181,1010.7,181,1.0,0.8895027624309392,0.8121546961325967,0.7458563535911602,True,2022/2023,SLF_IMIS_DAILY_SNOW,Bortelsee,True,8.109302,46.290531,2517,SNOW_FLAT
BOR2,2023,182,0,283.88461538461536,239.5,559.0,182,180,179,182,1986.0000000000002,182,1.0,1.0,0.989010989010989,0.9835164835164835,True,2023/2024,SLF_IMIS_DAILY_SNOW,Bortelsee,True,8.109302,46.290531,2517,SNOW_FLAT
BOR2,2024,181,0,136.0110497237569,158.0,335.0,162,154,149,181,1429.1999999999998,181,1.0,0.8950276243093923,0.850828729281768,0.8232044198895028,True,2024/2025,SLF_IMIS_DAILY_SNOW,Bortelsee,True,8.109302,46.290531,2517,SNOW_FLAT
BOR2,2025,181,0,177.00552486187846,145.0,355.0,181,181,181,181,1066.9,181,1.0,1.0,1.0,1.0,True,2025/2026,SLF_IMIS_DAILY_SNOW,Bortelsee,True,8.109302,46.290531,2517,SNOW_FLAT
BOV2,2013,181,0,69.8121546961326,76.0,121.0,172,171,170,181,646.4000000000001,181,1.0,0.9502762430939227,0.9447513812154696,0.9392265193370166,True,2013/2014,SLF_IMIS_DAILY_SNOW,Pointe de Toules,True,7.237207,45.984792,2687,SNOW_FLAT
BOV2,2014,176,0,73.48863636363636,77.0,164.0,168,145,131,176,620.4,181,0.9723756906077348,0.9545454545454546,0.8238636363636364,0.7443181818181818,True,2014/2015,SLF_IMIS_DAILY_SNOW,Pointe de Toules,True,7.237207,45.984792,2687,SNOW_FLAT
BOV2,2015,182,0,68.82417582417582,80.0,149.0,128,121,118,182,682.3,182,1.0,0.7032967032967034,0.6648351648351648,0.6483516483516484,True,2015/2016,SLF_IMIS_DAILY_SNOW,Pointe de Toules,True,7.237207,45.984792,2687,SNOW_FLAT
BOV2,2016,181,0,30.701657458563535,33.0,102.0,114,109,97,181,483.0,181,1.0,0.6298342541436464,0.6022099447513812,0.5359116022099447,True,2016/2017,SLF_IMIS_DAILY_SNOW,Pointe de Toules,True,7.237207,45.984792,2687,SNOW_FLAT
BOV2,2017,181,0,154.5414364640884,220.0,288.0,168,163,146,181,969.1999999999999,181,1.0,0.9281767955801105,0.9005524861878453,0.8066298342541437,True,2017/2018,SLF_IMIS_DAILY_SNOW,Pointe de Toules,True,7.237207,45.984792,2687,SNOW_FLAT
BOV2,2018,181,0,114.21546961325967,128.0,204.0,181,160,150,181,751.9000000000001,181,1.0,1.0,0.8839779005524862,0.8287292817679558,True,2018/2019,SLF_IMIS_DAILY_SNOW,Pointe de Toules,True,7.237207,45.984792,2687,SNOW_FLAT
BOV2,2019,182,0,117.56593406593407,134.5,217.0,162,154,146,182,725.8,182,1.0,0.8901098901098901,0.8461538461538461,0.8021978021978022,True,2019/2020,SLF_IMIS_DAILY_SNOW,Pointe de Toules,True,7.237207,45.984792,2687,SNOW_FLAT
BOV2,2020,181,0,52.84530386740332,55.0,172.0,110,110,109,181,633.0000000000001,181,1.0,0.6077348066298343,0.6077348066298343,0.6022099447513812,True,2020/2021,SLF_IMIS_DAILY_SNOW,Pointe de Toules,True,7.237207,45.984792,2687,SNOW_FLAT
BOV2,2021,181,0,55.59668508287293,56.0,114.0,150,147,140,181,430.3,181,1.0,0.8287292817679558,0.8121546961325967,0.7734806629834254,True,2021/2022,SLF_IMIS_DAILY_SNOW,Pointe de Toules,True,7.237207,45.984792,2687,SNOW_FLAT
BOV2,2022,181,0,81.38674033149171,75.0,161.0,167,163,163,181,595.0,181,1.0,0.9226519337016574,0.9005524861878453,0.9005524861878453,True,2022/2023,SLF_IMIS_DAILY_SNOW,Pointe de Toules,True,7.237207,45.984792,2687,SNOW_FLAT
BOV2,2023,182,0,76.98901098901099,84.0,120.0,177,162,155,182,654.8,182,1.0,0.9725274725274725,0.8901098901098901,0.8516483516483516,True,2023/2024,SLF_IMIS_DAILY_SNOW,Pointe de Toules,True,7.237207,45.984792,2687,SNOW_FLAT
BOV2,2024,181,0,107.87292817679558,130.0,206.0,172,171,171,181,661.2,181,1.0,0.9502762430939227,0.9447513812154696,0.9447513812154696,True,2024/2025,SLF_IMIS_DAILY_SNOW,Pointe de Toules,True,7.237207,45.984792,2687,SNOW_FLAT
BOV2,2025,181,0,76.28729281767956,59.0,207.0,160,157,129,181,677.9,181,1.0,0.8839779005524862,0.8674033149171271,0.712707182320442,True,2025/2026,SLF_IMIS_DAILY_SNOW,Pointe de Toules,True,7.237207,45.984792,2687,SNOW_FLAT
CAM2,2013,181,0,184.34806629834253,210.0,324.0,175,171,171,181,1215.6,181,1.0,0.9668508287292817,0.9447513812154696,0.9447513812154696,True,2013/2014,SLF_IMIS_DAILY_SNOW,Fontane,True,8.717472,46.465725,2216,SNOW_FLAT
CAM2,2014,181,0,227.1878453038674,240.0,312.0,177,177,177,181,1134.4,181,1.0,0.9779005524861878,0.9779005524861878,0.9779005524861878,True,2014/2015,SLF_IMIS_DAILY_SNOW,Fontane,True,8.717472,46.465725,2216,SNOW_FLAT
CAM2,2015,182,0,68.75274725274726,51.5,174.0,117,114,110,182,702.9,182,1.0,0.6428571428571429,0.6263736263736264,0.6043956043956044,True,2015/2016,SLF_IMIS_DAILY_SNOW,Fontane,True,8.717472,46.465725,2216,SNOW_FLAT
CAM2,2016,181,0,105.98895027624309,103.0,213.0,173,162,162,181,792.4000000000001,181,1.0,0.9558011049723757,0.8950276243093923,0.8950276243093923,True,2016/2017,SLF_IMIS_DAILY_SNOW,Fontane,True,8.717472,46.465725,2216,SNOW_FLAT
CAM2,2017,181,0,176.62983425414365,214.0,330.0,176,176,175,181,1159.0,181,1.0,0.9723756906077348,0.9723756906077348,0.9668508287292817,True,2017/2018,SLF_IMIS_DAILY_SNOW,Fontane,True,8.717472,46.465725,2216,SNOW_FLAT
CAM2,2018,181,0,201.3646408839779,201.0,366.0,181,181,181,181,1054.0,181,1.0,1.0,1.0,1.0,True,2018/2019,SLF_IMIS_DAILY_SNOW,Fontane,True,8.717472,46.465725,2216,SNOW_FLAT
CAM2,2019,182,0,149.9120879120879,160.5,213.0,179,174,174,182,914.9000000000001,182,1.0,0.9835164835164835,0.9560439560439561,0.9560439560439561,True,2019/2020,SLF_IMIS_DAILY_SNOW,Fontane,True,8.717472,46.465725,2216,SNOW_FLAT
CAM2,2020,181,0,138.84530386740332,170.0,220.0,181,149,147,181,832.2,181,1.0,1.0,0.8232044198895028,0.8121546961325967,True,2020/2021,SLF_IMIS_DAILY_SNOW,Fontane,True,8.717472,46.465725,2216,SNOW_FLAT
CAM2,2021,181,0,69.18232044198895,67.0,106.0,180,178,174,181,460.6,181,1.0,0.994475138121547,0.9834254143646409,0.9613259668508287,True,2021/2022,SLF_IMIS_DAILY_SNOW,Fontane,True,8.717472,46.465725,2216,SNOW_FLAT
CAM2,2022,181,0,55.07182320441989,53.0,119.0,167,148,147,181,468.1,181,1.0,0.9226519337016574,0.8176795580110497,0.8121546961325967,True,2022/2023,SLF_IMIS_DAILY_SNOW,Fontane,True,8.717472,46.465725,2216,SNOW_FLAT
CAM2,2023,182,0,150.54395604395606,122.0,362.0,182,180,180,182,1243.9,182,1.0,1.0,0.989010989010989,0.989010989010989,True,2023/2024,SLF_IMIS_DAILY_SNOW,Fontane,True,8.717472,46.465725,2216,SNOW_FLAT
CAM2,2024,181,0,103.6353591160221,130.0,190.0,173,161,160,181,777.1,181,1.0,0.9558011049723757,0.8895027624309392,0.8839779005524862,True,2024/2025,SLF_IMIS_DAILY_SNOW,Fontane,True,8.717472,46.465725,2216,SNOW_FLAT
CAM2,2025,181,0,92.72375690607734,92.0,209.0,181,165,157,181,625.9,181,1.0,1.0,0.9116022099447514,0.8674033149171271,True,2025/2026,SLF_IMIS_DAILY_SNOW,Fontane,True,8.717472,46.465725,2216,SNOW_FLAT
CAM3,2013,0,0,NA,NA,NA,0,0,0,0,NA,181,0.0,NA,NA,NA,False,2013/2014,SLF_IMIS_DAILY_SNOW,Solco,True,8.708883,46.487575,2257,SNOW_SLOPE
CAM3,2014,129,0,35.14728682170543,34.0,72.0,129,121,91,129,491.2,181,0.712707182320442,1.0,0.937984496124031,0.7054263565891473,False,2014/2015,SLF_IMIS_DAILY_SNOW,Solco,True,8.708883,46.487575,2257,SNOW_SLOPE
CAM3,2015,182,0,5.923076923076923,2.0,34.0,49,8,1,182,341.09999999999997,182,1.0,0.2692307692307692,0.04395604395604396,0.005494505494505495,True,2015/2016,SLF_IMIS_DAILY_SNOW,Solco,True,8.708883,46.487575,2257,SNOW_SLOPE
CAM3,2016,181,0,16.226519337016576,13.0,58.0,139,60,17,181,468.5,181,1.0,0.7679558011049724,0.3314917127071823,0.09392265193370165,True,2016/2017,SLF_IMIS_DAILY_SNOW,Solco,True,8.708883,46.487575,2257,SNOW_SLOPE
CAM3,2017,157,0,14.21656050955414,10.0,42.0,84,43,21,12,47.099999999999994,181,0.8674033149171271,0.535031847133758,0.27388535031847133,0.1337579617834395,True,2017/2018,SLF_IMIS_DAILY_SNOW,Solco,True,8.708883,46.487575,2257,SNOW_SLOPE
CAM3,2018,181,0,45.651933701657455,44.0,94.0,181,181,177,181,512.9,181,1.0,1.0,1.0,0.9779005524861878,True,2018/2019,SLF_IMIS_DAILY_SNOW,Solco,True,8.708883,46.487575,2257,SNOW_SLOPE
CAM3,2019,182,0,32.87362637362637,29.0,86.0,162,155,79,182,662.5999999999999,182,1.0,0.8901098901098901,0.8516483516483516,0.4340659340659341,True,2019/2020,SLF_IMIS_DAILY_SNOW,Solco,True,8.708883,46.487575,2257,SNOW_SLOPE
CAM3,2020,181,0,4.795580110497237,2.0,39.0,27,8,3,181,408.4,181,1.0,0.14917127071823205,0.04419889502762431,0.016574585635359115,True,2020/2021,SLF_IMIS_DAILY_SNOW,Solco,True,8.708883,46.487575,2257,SNOW_SLOPE
CAM3,2021,181,0,3.9502762430939224,3.0,36.0,11,4,1,181,326.29999999999995,181,1.0,0.06077348066298342,0.022099447513812154,0.0055248618784530384,True,2021/2022,SLF_IMIS_DAILY_SNOW,Solco,True,8.708883,46.487575,2257,SNOW_SLOPE
CAM3,2022,181,0,7.12707182320442,5.0,39.0,38,16,6,181,383.6,181,1.0,0.20994475138121546,0.08839779005524862,0.03314917127071823,True,2022/2023,SLF_IMIS_DAILY_SNOW,Solco,True,8.708883,46.487575,2257,SNOW_SLOPE
CAM3,2023,101,0,8.821782178217822,4.0,41.0,31,20,4,100,244.39999999999998,182,0.554945054945055,0.3069306930693069,0.19801980198019803,0.039603960396039604,False,2023/2024,SLF_IMIS_DAILY_SNOW,Solco,True,8.708883,46.487575,2257,SNOW_SLOPE
CAM3,2024,176,1,10.988636363636363,6.0,47.0,63,43,24,177,468.5,181,0.9723756906077348,0.35795454545454547,0.24431818181818182,0.13636363636363635,True,2024/2025,SLF_IMIS_DAILY_SNOW,Solco,True,8.708883,46.487575,2257,SNOW_SLOPE
CAM3,2025,181,0,5.43646408839779,2.0,32.0,41,9,1,181,316.8,181,1.0,0.2265193370165746,0.049723756906077346,0.0055248618784530384,True,2025/2026,SLF_IMIS_DAILY_SNOW,Solco,True,8.708883,46.487575,2257,SNOW_SLOPE
CHA2,2013,181,0,82.32596685082873,86.0,167.0,178,175,129,181,775.1,181,1.0,0.9834254143646409,0.9668508287292817,0.712707182320442,True,2013/2014,SLF_IMIS_DAILY_SNOW,Pierres Fendues,True,7.163986,46.376962,2218,SNOW_FLAT
CHA2,2014,181,0,90.06629834254143,84.0,225.0,159,145,139,181,913.4000000000001,181,1.0,0.8784530386740331,0.8011049723756906,0.7679558011049724,True,2014/2015,SLF_IMIS_DAILY_SNOW,Pierres Fendues,True,7.163986,46.376962,2218,SNOW_FLAT
CHA2,2015,182,0,131.42857142857142,158.5,275.0,163,161,161,182,1016.6000000000001,182,1.0,0.8956043956043956,0.8846153846153846,0.8846153846153846,True,2015/2016,SLF_IMIS_DAILY_SNOW,Pierres Fendues,True,7.163986,46.376962,2218,SNOW_FLAT
CHA2,2016,181,0,87.22099447513813,84.0,201.0,175,174,171,181,784.0,181,1.0,0.9668508287292817,0.9613259668508287,0.9447513812154696,True,2016/2017,SLF_IMIS_DAILY_SNOW,Pierres Fendues,True,7.163986,46.376962,2218,SNOW_FLAT
CHA2,2017,181,0,201.28176795580112,273.0,358.0,181,171,171,181,1318.2,181,1.0,1.0,0.9447513812154696,0.9447513812154696,True,2017/2018,SLF_IMIS_DAILY_SNOW,Pierres Fendues,True,7.163986,46.376962,2218,SNOW_FLAT
CHA2,2018,181,0,136.91712707182322,162.0,250.0,157,147,147,181,933.8,181,1.0,0.8674033149171271,0.8121546961325967,0.8121546961325967,True,2018/2019,SLF_IMIS_DAILY_SNOW,Pierres Fendues,True,7.163986,46.376962,2218,SNOW_FLAT
CHA2,2019,182,0,118.0989010989011,127.0,220.0,177,169,154,182,838.5,182,1.0,0.9725274725274725,0.9285714285714286,0.8461538461538461,True,2019/2020,SLF_IMIS_DAILY_SNOW,Pierres Fendues,True,7.163986,46.376962,2218,SNOW_FLAT
CHA2,2020,181,0,122.93370165745857,182.0,272.0,148,144,137,181,992.0000000000001,181,1.0,0.8176795580110497,0.7955801104972375,0.7569060773480663,True,2020/2021,SLF_IMIS_DAILY_SNOW,Pierres Fendues,True,7.163986,46.376962,2218,SNOW_FLAT
CHA2,2021,181,0,112.56353591160222,119.0,209.0,180,157,153,181,812.7,181,1.0,0.994475138121547,0.8674033149171271,0.8453038674033149,True,2021/2022,SLF_IMIS_DAILY_SNOW,Pierres Fendues,True,7.163986,46.376962,2218,SNOW_FLAT
CHA2,2022,181,0,83.01104972375691,60.0,219.0,172,163,159,181,949.9,181,1.0,0.9502762430939227,0.9005524861878453,0.8784530386740331,True,2022/2023,SLF_IMIS_DAILY_SNOW,Pierres Fendues,True,7.163986,46.376962,2218,SNOW_FLAT
CHA2,2023,182,0,146.47252747252747,157.0,228.0,182,179,175,182,953.2,182,1.0,1.0,0.9835164835164835,0.9615384615384616,True,2023/2024,SLF_IMIS_DAILY_SNOW,Pierres Fendues,True,7.163986,46.376962,2218,SNOW_FLAT
CHA2,2024,165,0,80.81212121212121,98.0,147.0,143,136,130,168,720.8,181,0.9116022099447514,0.8666666666666667,0.8242424242424242,0.7878787878787878,True,2024/2025,SLF_IMIS_DAILY_SNOW,Pierres Fendues,True,7.163986,46.376962,2218,SNOW_FLAT
CHA2,2025,181,0,137.90055248618785,124.0,277.0,181,181,181,181,902.6,181,1.0,1.0,1.0,1.0,True,2025/2026,SLF_IMIS_DAILY_SNOW,Pierres Fendues,True,7.163986,46.376962,2218,SNOW_FLAT
CHA3,2013,0,0,NA,NA,NA,0,0,0,0,NA,181,0.0,NA,NA,NA,False,2013/2014,SLF_IMIS_DAILY_SNOW,Col de Bretaye,True,7.073748,46.325197,1780,SNOW_FLAT
CHA3,2014,0,0,NA,NA,NA,0,0,0,0,NA,181,0.0,NA,NA,NA,False,2014/2015,SLF_IMIS_DAILY_SNOW,Col de Bretaye,True,7.073748,46.325197,1780,SNOW_FLAT
CHA3,2015,0,0,NA,NA,NA,0,0,0,0,NA,182,0.0,NA,NA,NA,False,2015/2016,SLF_IMIS_DAILY_SNOW,Col de Bretaye,True,7.073748,46.325197,1780,SNOW_FLAT
CHA3,2016,0,0,NA,NA,NA,0,0,0,0,NA,181,0.0,NA,NA,NA,False,2016/2017,SLF_IMIS_DAILY_SNOW,Col de Bretaye,True,7.073748,46.325197,1780,SNOW_FLAT
CHA3,2017,0,0,NA,NA,NA,0,0,0,0,NA,181,0.0,NA,NA,NA,False,2017/2018,SLF_IMIS_DAILY_SNOW,Col de Bretaye,True,7.073748,46.325197,1780,SNOW_FLAT
CHA3,2018,0,0,NA,NA,NA,0,0,0,0,NA,181,0.0,NA,NA,NA,False,2018/2019,SLF_IMIS_DAILY_SNOW,Col de Bretaye,True,7.073748,46.325197,1780,SNOW_FLAT
CHA3,2019,0,0,NA,NA,NA,0,0,0,0,NA,182,0.0,NA,NA,NA,False,2019/2020,SLF_IMIS_DAILY_SNOW,Col de Bretaye,True,7.073748,46.325197,1780,SNOW_FLAT
CHA3,2020,0,0,NA,NA,NA,0,0,0,0,NA,181,0.0,NA,NA,NA,False,2020/2021,SLF_IMIS_DAILY_SNOW,Col de Bretaye,True,7.073748,46.325197,1780,SNOW_FLAT
CHA3,2021,0,0,NA,NA,NA,0,0,0,0,NA,181,0.0,NA,NA,NA,False,2021/2022,SLF_IMIS_DAILY_SNOW,Col de Bretaye,True,7.073748,46.325197,1780,SNOW_FLAT
CHA3,2022,0,0,NA,NA,NA,0,0,0,0,NA,181,0.0,NA,NA,NA,False,2022/2023,SLF_IMIS_DAILY_SNOW,Col de Bretaye,True,7.073748,46.325197,1780,SNOW_FLAT
CHA3,2023,0,0,NA,NA,NA,0,0,0,0,NA,182,0.0,NA,NA,NA,False,2023/2024,SLF_IMIS_DAILY_SNOW,Col de Bretaye,True,7.073748,46.325197,1780,SNOW_FLAT
CHA3,2024,153,0,86.28104575163398,90.0,138.0,153,141,133,153,458.4,181,0.8453038674033149,1.0,0.9215686274509803,0.869281045751634,True,2024/2025,SLF_IMIS_DAILY_SNOW,Col de Bretaye,True,7.073748,46.325197,1780,SNOW_FLAT
CHA3,2025,181,0,84.09944751381215,77.0,184.0,162,160,157,181,603.3,181,1.0,0.8950276243093923,0.8839779005524862,0.8674033149171271,True,2025/2026,SLF_IMIS_DAILY_SNOW,Col de Bretaye,True,7.073748,46.325197,1780,SNOW_FLAT
CMA2,2013,181,0,105.8342541436464,132.0,188.0,178,172,171,181,821.8,181,1.0,0.9834254143646409,0.9502762430939227,0.9447513812154696,True,2013/2014,SLF_IMIS_DAILY_SNOW,La Fuorcla,True,9.183455,46.846872,2325,SNOW_FLAT
CMA2,2014,181,0,143.15469613259668,155.0,255.0,176,176,176,181,868.4,181,1.0,0.9723756906077348,0.9723756906077348,0.9723756906077348,True,2014/2015,SLF_IMIS_DAILY_SNOW,La Fuorcla,True,9.183455,46.846872,2325,SNOW_FLAT
CMA2,2015,182,0,87.87362637362638,102.5,180.0,151,130,120,182,768.9000000000001,182,1.0,0.8296703296703297,0.7142857142857143,0.6593406593406593,True,2015/2016,SLF_IMIS_DAILY_SNOW,La Fuorcla,True,9.183455,46.846872,2325,SNOW_FLAT
CMA2,2016,181,0,95.17127071823204,110.0,216.0,175,175,132,181,840.1999999999999,181,1.0,0.9668508287292817,0.9668508287292817,0.7292817679558011,True,2016/2017,SLF_IMIS_DAILY_SNOW,La Fuorcla,True,9.183455,46.846872,2325,SNOW_FLAT
CMA2,2017,181,0,176.79558011049724,211.0,279.0,176,176,174,181,987.4999999999999,181,1.0,0.9723756906077348,0.9723756906077348,0.9613259668508287,True,2017/2018,SLF_IMIS_DAILY_SNOW,La Fuorcla,True,9.183455,46.846872,2325,SNOW_FLAT
CMA2,2018,181,0,177.35911602209944,216.0,283.0,181,181,164,181,1008.6000000000001,181,1.0,1.0,1.0,0.9060773480662984,True,2018/2019,SLF_IMIS_DAILY_SNOW,La Fuorcla,True,9.183455,46.846872,2325,SNOW_FLAT
CMA2,2019,182,0,103.42857142857143,109.0,184.0,177,176,170,182,738.5,182,1.0,0.9725274725274725,0.967032967032967,0.9340659340659341,True,2019/2020,SLF_IMIS_DAILY_SNOW,La Fuorcla,True,9.183455,46.846872,2325,SNOW_FLAT
CMA2,2020,181,0,113.7182320441989,144.0,248.0,153,146,146,181,823.3000000000001,181,1.0,0.8453038674033149,0.8066298342541437,0.8066298342541437,True,2020/2021,SLF_IMIS_DAILY_SNOW,La Fuorcla,True,9.183455,46.846872,2325,SNOW_FLAT
CMA2,2021,181,0,114.48066298342542,118.0,197.0,180,173,154,181,697.5,181,1.0,0.994475138121547,0.9558011049723757,0.850828729281768,True,2021/2022,SLF_IMIS_DAILY_SNOW,La Fuorcla,True,9.183455,46.846872,2325,SNOW_FLAT
CMA2,2022,181,0,70.16022099447514,64.0,185.0,158,146,140,181,700.9,181,1.0,0.8729281767955801,0.8066298342541437,0.7734806629834254,True,2022/2023,SLF_IMIS_DAILY_SNOW,La Fuorcla,True,9.183455,46.846872,2325,SNOW_FLAT
CMA2,2023,182,0,129.3021978021978,124.0,213.0,182,179,168,182,989.7,182,1.0,1.0,0.9835164835164835,0.9230769230769231,True,2023/2024,SLF_IMIS_DAILY_SNOW,La Fuorcla,True,9.183455,46.846872,2325,SNOW_FLAT
CMA2,2024,181,0,101.68508287292818,123.0,167.0,161,160,160,181,576.7,181,1.0,0.8895027624309392,0.8839779005524862,0.8839779005524862,True,2024/2025,SLF_IMIS_DAILY_SNOW,La Fuorcla,True,9.183455,46.846872,2325,SNOW_FLAT
CMA2,2025,181,0,100.05524861878453,77.0,245.0,181,181,164,181,584.4,181,1.0,1.0,1.0,0.9060773480662984,True,2025/2026,SLF_IMIS_DAILY_SNOW,La Fuorcla,True,9.183455,46.846872,2325,SNOW_FLAT
CON2,2013,181,0,123.38121546961327,132.0,215.0,178,177,176,181,777.4,181,1.0,0.9834254143646409,0.9779005524861878,0.9723756906077348,True,2013/2014,SLF_IMIS_DAILY_SNOW,Etang de Trente Pas,True,7.274208,46.289739,2229,SNOW_FLAT
CON2,2014,181,0,130.4364640883978,155.0,286.0,176,168,144,181,960.6999999999999,181,1.0,0.9723756906077348,0.9281767955801105,0.7955801104972375,True,2014/2015,SLF_IMIS_DAILY_SNOW,Etang de Trente Pas,True,7.274208,46.289739,2229,SNOW_FLAT
CON2,2015,182,0,185.9010989010989,221.5,357.0,161,161,161,182,1313.4,182,1.0,0.8846153846153846,0.8846153846153846,0.8846153846153846,True,2015/2016,SLF_IMIS_DAILY_SNOW,Etang de Trente Pas,True,7.274208,46.289739,2229,SNOW_FLAT
CON2,2016,180,0,141.12777777777777,140.0,304.0,175,175,173,181,1010.9000000000002,181,0.994475138121547,0.9722222222222222,0.9722222222222222,0.9611111111111111,True,2016/2017,SLF_IMIS_DAILY_SNOW,Etang de Trente Pas,True,7.274208,46.289739,2229,SNOW_FLAT
CON2,2017,181,0,275.34806629834253,352.0,428.0,181,176,170,181,1522.1999999999998,181,1.0,1.0,0.9723756906077348,0.9392265193370166,True,2017/2018,SLF_IMIS_DAILY_SNOW,Etang de Trente Pas,True,7.274208,46.289739,2229,SNOW_FLAT
CON2,2018,181,0,199.13812154696132,243.0,360.0,175,158,149,181,1159.1,181,1.0,0.9668508287292817,0.8729281767955801,0.8232044198895028,True,2018/2019,SLF_IMIS_DAILY_SNOW,Etang de Trente Pas,True,7.274208,46.289739,2229,SNOW_FLAT
CON2,2019,182,0,184.43406593406593,195.0,350.0,179,178,178,182,1160.1,182,1.0,0.9835164835164835,0.978021978021978,0.978021978021978,True,2019/2020,SLF_IMIS_DAILY_SNOW,Etang de Trente Pas,True,7.274208,46.289739,2229,SNOW_FLAT
CON2,2020,181,0,177.56906077348066,250.0,354.0,181,152,150,181,1168.1999999999998,181,1.0,1.0,0.8397790055248618,0.8287292817679558,True,2020/2021,SLF_IMIS_DAILY_SNOW,Etang de Trente Pas,True,7.274208,46.289739,2229,SNOW_FLAT
CON2,2021,181,0,142.7403314917127,159.0,245.0,179,155,153,181,890.0,181,1.0,0.988950276243094,0.856353591160221,0.8453038674033149,True,2021/2022,SLF_IMIS_DAILY_SNOW,Etang de Trente Pas,True,7.274208,46.289739,2229,SNOW_FLAT
CON2,2022,181,0,159.84530386740332,165.0,308.0,177,167,163,181,1143.5,181,1.0,0.9779005524861878,0.9226519337016574,0.9005524861878453,True,2022/2023,SLF_IMIS_DAILY_SNOW,Etang de Trente Pas,True,7.274208,46.289739,2229,SNOW_FLAT
CON2,2023,182,0,243.71428571428572,263.0,357.0,182,180,180,182,1492.5,182,1.0,1.0,0.989010989010989,0.989010989010989,True,2023/2024,SLF_IMIS_DAILY_SNOW,Etang de Trente Pas,True,7.274208,46.289739,2229,SNOW_FLAT
CON2,2024,181,0,142.76243093922653,165.0,233.0,162,161,161,181,822.0999999999999,181,1.0,0.8950276243093923,0.8895027624309392,0.8895027624309392,True,2024/2025,SLF_IMIS_DAILY_SNOW,Etang de Trente Pas,True,7.274208,46.289739,2229,SNOW_FLAT
CON2,2025,181,0,175.4696132596685,160.0,326.0,181,181,181,181,959.7,181,1.0,1.0,1.0,1.0,True,2025/2026,SLF_IMIS_DAILY_SNOW,Etang de Trente Pas,True,7.274208,46.289739,2229,SNOW_FLAT
COR2,2013,86,0,188.45348837209303,214.0,305.0,86,86,77,0,NA,181,0.47513812154696133,1.0,1.0,0.8953488372093024,False,2013/2014,SLF_IMIS_DAILY_SNOW,Corte Lagoni,False,9.070731,46.123931,1813,SNOW_FLAT
COR2,2014,175,5,54.42857142857143,48.0,158.0,149,118,103,0,NA,181,0.9668508287292817,0.8514285714285714,0.6742857142857143,0.5885714285714285,True,2014/2015,SLF_IMIS_DAILY_SNOW,Corte Lagoni,False,9.070731,46.123931,1813,SNOW_FLAT
COR2,2015,97,58,42.0,44.0,114.0,66,63,59,0,NA,182,0.532967032967033,0.6804123711340206,0.6494845360824743,0.6082474226804123,False,2015/2016,SLF_IMIS_DAILY_SNOW,Corte Lagoni,False,9.070731,46.123931,1813,SNOW_FLAT
COR2,2016,3,0,2.0,2.0,2.0,0,0,0,0,NA,181,0.016574585635359115,0.0,0.0,0.0,False,2016/2017,SLF_IMIS_DAILY_SNOW,Corte Lagoni,False,9.070731,46.123931,1813,SNOW_FLAT
COR2,2017,0,0,NA,NA,NA,0,0,0,0,NA,181,0.0,NA,NA,NA,False,2017/2018,SLF_IMIS_DAILY_SNOW,Corte Lagoni,False,9.070731,46.123931,1813,SNOW_FLAT
COR2,2018,0,0,NA,NA,NA,0,0,0,0,NA,181,0.0,NA,NA,NA,False,2018/2019,SLF_IMIS_DAILY_SNOW,Corte Lagoni,False,9.070731,46.123931,1813,SNOW_FLAT
COR2,2019,0,0,NA,NA,NA,0,0,0,0,NA,182,0.0,NA,NA,NA,False,2019/2020,SLF_IMIS_DAILY_SNOW,Corte Lagoni,False,9.070731,46.123931,1813,SNOW_FLAT
COR2,2020,0,0,NA,NA,NA,0,0,0,0,NA,181,0.0,NA,NA,NA,False,2020/2021,SLF_IMIS_DAILY_SNOW,Corte Lagoni,False,9.070731,46.123931,1813,SNOW_FLAT
COR2,2021,0,0,NA,NA,NA,0,0,0,0,NA,181,0.0,NA,NA,NA,False,2021/2022,SLF_IMIS_DAILY_SNOW,Corte Lagoni,False,9.070731,46.123931,1813,SNOW_FLAT
COR2,2022,0,0,NA,NA,NA,0,0,0,0,NA,181,0.0,NA,NA,NA,False,2022/2023,SLF_IMIS_DAILY_SNOW,Corte Lagoni,False,9.070731,46.123931,1813,SNOW_FLAT
COR2,2023,0,0,NA,NA,NA,0,0,0,0,NA,182,0.0,NA,NA,NA,False,2023/2024,SLF_IMIS_DAILY_SNOW,Corte Lagoni,False,9.070731,46.123931,1813,SNOW_FLAT
COR2,2024,0,0,NA,NA,NA,0,0,0,0,NA,181,0.0,NA,NA,NA,False,2024/2025,SLF_IMIS_DAILY_SNOW,Corte Lagoni,False,9.070731,46.123931,1813,SNOW_FLAT
COR2,2025,0,0,NA,NA,NA,0,0,0,0,NA,181,0.0,NA,NA,NA,False,2025/2026,SLF_IMIS_DAILY_SNOW,Corte Lagoni,False,9.070731,46.123931,1813,SNOW_FLAT
CSL2,2013,0,0,NA,NA,NA,0,0,0,0,NA,181,0.0,NA,NA,NA,False,2013/2014,SLF_IMIS_DAILY_SNOW,Col du Chasseral,True,7.031337,47.116315,1455,SNOW_FLAT
CSL2,2014,0,0,NA,NA,NA,0,0,0,0,NA,181,0.0,NA,NA,NA,False,2014/2015,SLF_IMIS_DAILY_SNOW,Col du Chasseral,True,7.031337,47.116315,1455,SNOW_FLAT
CSL2,2015,0,0,NA,NA,NA,0,0,0,0,NA,182,0.0,NA,NA,NA,False,2015/2016,SLF_IMIS_DAILY_SNOW,Col du Chasseral,True,7.031337,47.116315,1455,SNOW_FLAT
CSL2,2016,0,0,NA,NA,NA,0,0,0,0,NA,181,0.0,NA,NA,NA,False,2016/2017,SLF_IMIS_DAILY_SNOW,Col du Chasseral,True,7.031337,47.116315,1455,SNOW_FLAT
CSL2,2017,61,0,109.45901639344262,135.0,150.0,61,54,53,61,499.1,181,0.3370165745856354,1.0,0.8852459016393442,0.8688524590163934,False,2017/2018,SLF_IMIS_DAILY_SNOW,Col du Chasseral,True,7.031337,47.116315,1455,SNOW_FLAT
CSL2,2018,181,0,43.6243093922652,42.0,111.0,133,114,109,181,589.9000000000001,181,1.0,0.7348066298342542,0.6298342541436464,0.6022099447513812,True,2018/2019,SLF_IMIS_DAILY_SNOW,Col du Chasseral,True,7.031337,47.116315,1455,SNOW_FLAT
CSL2,2019,182,0,21.423076923076923,20.0,62.0,118,94,67,181,407.6,182,1.0,0.6483516483516484,0.5164835164835165,0.36813186813186816,True,2019/2020,SLF_IMIS_DAILY_SNOW,Col du Chasseral,True,7.031337,47.116315,1455,SNOW_FLAT
CSL2,2020,181,0,36.38121546961326,34.0,119.0,122,106,96,181,482.9,181,1.0,0.6740331491712708,0.585635359116022,0.5303867403314917,True,2020/2021,SLF_IMIS_DAILY_SNOW,Col du Chasseral,True,7.031337,47.116315,1455,SNOW_FLAT
CSL2,2021,171,0,35.8421052631579,40.0,102.0,119,107,100,171,407.2,181,0.9447513812154696,0.695906432748538,0.6257309941520468,0.5847953216374269,True,2021/2022,SLF_IMIS_DAILY_SNOW,Col du Chasseral,True,7.031337,47.116315,1455,SNOW_FLAT
CSL2,2022,181,0,9.0939226519337,4.0,34.0,58,43,7,155,186.6,181,1.0,0.32044198895027626,0.23756906077348067,0.03867403314917127,True,2022/2023,SLF_IMIS_DAILY_SNOW,Col du Chasseral,True,7.031337,47.116315,1455,SNOW_FLAT
CSL2,2023,182,0,14.923076923076923,5.0,49.0,83,67,46,182,316.4,182,1.0,0.45604395604395603,0.36813186813186816,0.25274725274725274,True,2023/2024,SLF_IMIS_DAILY_SNOW,Col du Chasseral,True,7.031337,47.116315,1455,SNOW_FLAT
CSL2,2024,181,0,13.027624309392266,6.0,61.0,85,58,27,181,267.5,181,1.0,0.4696132596685083,0.32044198895027626,0.14917127071823205,True,2024/2025,SLF_IMIS_DAILY_SNOW,Col du Chasseral,True,7.031337,47.116315,1455,SNOW_FLAT
CSL2,2025,181,0,29.16022099447514,22.0,121.0,106,94,76,181,453.99999999999994,181,1.0,0.585635359116022,0.5193370165745856,0.4198895027624309,True,2025/2026,SLF_IMIS_DAILY_SNOW,Col du Chasseral,True,7.031337,47.116315,1455,SNOW_FLAT
DAV2,2013,181,0,101.86740331491713,116.0,191.0,178,175,172,181,742.1,181,1.0,0.9834254143646409,0.9668508287292817,0.9502762430939227,True,2013/2014,SLF_IMIS_DAILY_SNOW,Bärentälli,True,9.819411,46.698888,2558,SNOW_FLAT
DAV2,2014,181,0,110.88397790055248,123.0,205.0,181,181,176,181,708.4,181,1.0,1.0,1.0,0.9723756906077348,True,2014/2015,SLF_IMIS_DAILY_SNOW,Bärentälli,True,9.819411,46.698888,2558,SNOW_FLAT
DAV2,2015,182,0,71.85164835164835,64.5,160.0,161,156,120,182,551.5,182,1.0,0.8846153846153846,0.8571428571428571,0.6593406593406593,True,2015/2016,SLF_IMIS_DAILY_SNOW,Bärentälli,True,9.819411,46.698888,2558,SNOW_FLAT
DAV2,2016,181,0,66.45856353591161,76.0,149.0,175,175,123,181,565.2,181,1.0,0.9668508287292817,0.9668508287292817,0.6795580110497238,True,2016/2017,SLF_IMIS_DAILY_SNOW,Bärentälli,True,9.819411,46.698888,2558,SNOW_FLAT
DAV2,2017,181,0,157.59116022099448,199.0,266.0,176,176,175,181,942.8000000000001,181,1.0,0.9723756906077348,0.9723756906077348,0.9668508287292817,True,2017/2018,SLF_IMIS_DAILY_SNOW,Bärentälli,True,9.819411,46.698888,2558,SNOW_FLAT
DAV2,2018,181,0,170.95027624309392,204.0,264.0,181,181,181,181,860.8,181,1.0,1.0,1.0,1.0,True,2018/2019,SLF_IMIS_DAILY_SNOW,Bärentälli,True,9.819411,46.698888,2558,SNOW_FLAT
DAV2,2019,182,0,104.97802197802197,102.0,193.0,178,177,170,182,680.4,182,1.0,0.978021978021978,0.9725274725274725,0.9340659340659341,True,2019/2020,SLF_IMIS_DAILY_SNOW,Bärentälli,True,9.819411,46.698888,2558,SNOW_FLAT
DAV2,2020,181,0,137.90055248618785,181.0,247.0,181,181,152,181,820.5,181,1.0,1.0,1.0,0.8397790055248618,True,2020/2021,SLF_IMIS_DAILY_SNOW,Bärentälli,True,9.819411,46.698888,2558,SNOW_FLAT
DAV2,2021,181,0,98.07182320441989,95.0,170.0,180,180,175,181,633.8,181,1.0,0.994475138121547,0.994475138121547,0.9668508287292817,True,2021/2022,SLF_IMIS_DAILY_SNOW,Bärentälli,True,9.819411,46.698888,2558,SNOW_FLAT
DAV2,2022,181,0,70.56353591160222,75.0,151.0,177,166,159,181,598.0999999999999,181,1.0,0.9779005524861878,0.9171270718232044,0.8784530386740331,True,2022/2023,SLF_IMIS_DAILY_SNOW,Bärentälli,True,9.819411,46.698888,2558,SNOW_FLAT
DAV2,2023,182,0,150.97252747252747,157.0,260.0,182,182,180,182,1262.4,182,1.0,1.0,1.0,0.989010989010989,True,2023/2024,SLF_IMIS_DAILY_SNOW,Bärentälli,True,9.819411,46.698888,2558,SNOW_FLAT
DAV2,2024,181,0,64.48618784530387,70.0,116.0,161,159,143,181,412.5,181,1.0,0.8895027624309392,0.8784530386740331,0.7900552486187845,True,2024/2025,SLF_IMIS_DAILY_SNOW,Bärentälli,True,9.819411,46.698888,2558,SNOW_FLAT
DAV2,2025,181,0,75.32044198895028,66.0,151.0,181,173,165,181,514.7,181,1.0,1.0,0.9558011049723757,0.9116022099447514,True,2025/2026,SLF_IMIS_DAILY_SNOW,Bärentälli,True,9.819411,46.698888,2558,SNOW_FLAT
DAV3,2013,181,0,103.34806629834254,115.0,179.0,176,174,169,181,597.8,181,1.0,0.9723756906077348,0.9613259668508287,0.9337016574585635,True,2013/2014,SLF_IMIS_DAILY_SNOW,Hanengretji,True,9.77399,46.788833,2455,SNOW_FLAT
DAV3,2014,181,0,119.30939226519337,133.0,208.0,180,180,176,181,670.7,181,1.0,0.994475138121547,0.994475138121547,0.9723756906077348,True,2014/2015,SLF_IMIS_DAILY_SNOW,Hanengretji,True,9.77399,46.788833,2455,SNOW_FLAT
DAV3,2015,180,0,97.88333333333334,114.5,190.0,159,158,135,182,682.3999999999999,182,0.989010989010989,0.8833333333333333,0.8777777777777778,0.75,True,2015/2016,SLF_IMIS_DAILY_SNOW,Hanengretji,True,9.77399,46.788833,2455,SNOW_FLAT
DAV3,2016,181,0,89.1657458563536,88.0,198.0,175,173,162,181,693.9,181,1.0,0.9668508287292817,0.9558011049723757,0.8950276243093923,True,2016/2017,SLF_IMIS_DAILY_SNOW,Hanengretji,True,9.77399,46.788833,2455,SNOW_FLAT
DAV3,2017,181,0,190.08839779005524,236.0,296.0,181,181,176,181,882.5,181,1.0,1.0,1.0,0.9723756906077348,True,2017/2018,SLF_IMIS_DAILY_SNOW,Hanengretji,True,9.77399,46.788833,2455,SNOW_FLAT
DAV3,2018,181,0,170.65193370165747,209.0,274.0,181,181,181,181,818.3000000000002,181,1.0,1.0,1.0,1.0,True,2018/2019,SLF_IMIS_DAILY_SNOW,Hanengretji,True,9.77399,46.788833,2455,SNOW_FLAT
DAV3,2019,182,0,116.75824175824175,118.5,203.0,178,177,172,182,642.5,182,1.0,0.978021978021978,0.9725274725274725,0.945054945054945,True,2019/2020,SLF_IMIS_DAILY_SNOW,Hanengretji,True,9.77399,46.788833,2455,SNOW_FLAT
DAV3,2020,181,0,136.99447513812154,177.0,248.0,181,154,148,181,777.4,181,1.0,1.0,0.850828729281768,0.8176795580110497,True,2020/2021,SLF_IMIS_DAILY_SNOW,Hanengretji,True,9.77399,46.788833,2455,SNOW_FLAT
DAV3,2021,181,0,107.45303867403315,99.0,170.0,180,180,175,181,568.0,181,1.0,0.994475138121547,0.994475138121547,0.9668508287292817,True,2021/2022,SLF_IMIS_DAILY_SNOW,Hanengretji,True,9.77399,46.788833,2455,SNOW_FLAT
DAV3,2022,181,0,82.29834254143647,85.0,175.0,177,163,160,181,613.7,181,1.0,0.9779005524861878,0.9005524861878453,0.8839779005524862,True,2022/2023,SLF_IMIS_DAILY_SNOW,Hanengretji,True,9.77399,46.788833,2455,SNOW_FLAT
DAV3,2023,182,0,163.25824175824175,162.0,269.0,182,182,180,182,904.9000000000001,182,1.0,1.0,1.0,0.989010989010989,True,2023/2024,SLF_IMIS_DAILY_SNOW,Hanengretji,True,9.77399,46.788833,2455,SNOW_FLAT
DAV3,2024,181,0,83.73480662983425,95.0,145.0,161,160,153,181,420.6,181,1.0,0.8895027624309392,0.8839779005524862,0.8453038674033149,True,2024/2025,SLF_IMIS_DAILY_SNOW,Hanengretji,True,9.77399,46.788833,2455,SNOW_FLAT
DAV3,2025,181,0,89.1878453038674,79.0,166.0,180,167,164,181,500.30000000000007,181,1.0,0.994475138121547,0.9226519337016574,0.9060773480662984,True,2025/2026,SLF_IMIS_DAILY_SNOW,Hanengretji,True,9.77399,46.788833,2455,SNOW_FLAT
DAV5,2013,181,0,45.21546961325967,50.0,100.0,175,132,112,0,NA,181,1.0,0.9668508287292817,0.7292817679558011,0.6187845303867403,True,2013/2014,SLF_IMIS_DAILY_SNOW,Grüeniberg,False,9.790018,46.791617,2315,SNOW_SLOPE
DAV5,2014,181,0,22.403314917127073,18.0,101.0,103,83,48,0,NA,181,1.0,0.569060773480663,0.4585635359116022,0.26519337016574585,True,2014/2015,SLF_IMIS_DAILY_SNOW,Grüeniberg,False,9.790018,46.791617,2315,SNOW_SLOPE
DAV5,2015,182,0,10.428571428571429,2.0,47.0,69,45,28,0,NA,182,1.0,0.3791208791208791,0.24725274725274726,0.15384615384615385,True,2015/2016,SLF_IMIS_DAILY_SNOW,Grüeniberg,False,9.790018,46.791617,2315,SNOW_SLOPE
DAV5,2016,181,0,28.480662983425415,21.0,86.0,100,91,80,0,NA,181,1.0,0.5524861878453039,0.5027624309392266,0.4419889502762431,True,2016/2017,SLF_IMIS_DAILY_SNOW,Grüeniberg,False,9.790018,46.791617,2315,SNOW_SLOPE
DAV5,2017,181,0,104.74585635359117,124.0,157.0,168,166,166,0,NA,181,1.0,0.9281767955801105,0.9171270718232044,0.9171270718232044,True,2017/2018,SLF_IMIS_DAILY_SNOW,Grüeniberg,False,9.790018,46.791617,2315,SNOW_SLOPE
DAV5,2018,181,0,63.30386740331492,55.0,117.0,181,181,181,0,NA,181,1.0,1.0,1.0,1.0,True,2018/2019,SLF_IMIS_DAILY_SNOW,Grüeniberg,False,9.790018,46.791617,2315,SNOW_SLOPE
DAV5,2019,182,0,58.18681318681319,54.0,119.0,178,176,136,0,NA,182,1.0,0.978021978021978,0.967032967032967,0.7472527472527473,True,2019/2020,SLF_IMIS_DAILY_SNOW,Grüeniberg,False,9.790018,46.791617,2315,SNOW_SLOPE
DAV5,2020,181,0,79.52486187845304,103.0,139.0,181,150,148,0,NA,181,1.0,1.0,0.8287292817679558,0.8176795580110497,True,2020/2021,SLF_IMIS_DAILY_SNOW,Grüeniberg,False,9.790018,46.791617,2315,SNOW_SLOPE
DAV5,2021,181,0,43.430939226519335,44.0,64.0,180,180,171,0,NA,181,1.0,0.994475138121547,0.994475138121547,0.9447513812154696,True,2021/2022,SLF_IMIS_DAILY_SNOW,Grüeniberg,False,9.790018,46.791617,2315,SNOW_SLOPE
DAV5,2022,0,0,NA,NA,NA,0,0,0,0,NA,181,0.0,NA,NA,NA,False,2022/2023,SLF_IMIS_DAILY_SNOW,Grüeniberg,False,9.790018,46.791617,2315,SNOW_SLOPE
DAV5,2023,0,0,NA,NA,NA,0,0,0,0,NA,182,0.0,NA,NA,NA,False,2023/2024,SLF_IMIS_DAILY_SNOW,Grüeniberg,False,9.790018,46.791617,2315,SNOW_SLOPE
DAV5,2024,0,0,NA,NA,NA,0,0,0,0,NA,181,0.0,NA,NA,NA,False,2024/2025,SLF_IMIS_DAILY_SNOW,Grüeniberg,False,9.790018,46.791617,2315,SNOW_SLOPE
DAV5,2025,0,0,NA,NA,NA,0,0,0,0,NA,181,0.0,NA,NA,NA,False,2025/2026,SLF_IMIS_DAILY_SNOW,Grüeniberg,False,9.790018,46.791617,2315,SNOW_SLOPE
DAV6,2013,0,0,NA,NA,NA,0,0,0,0,NA,181,0.0,NA,NA,NA,False,2013/2014,SLF_IMIS_DAILY_SNOW,Luksch Alp,True,9.891263,46.782594,2290,SNOW_FLAT
DAV6,2014,0,0,NA,NA,NA,0,0,0,0,NA,181,0.0,NA,NA,NA,False,2014/2015,SLF_IMIS_DAILY_SNOW,Luksch Alp,True,9.891263,46.782594,2290,SNOW_FLAT
DAV6,2015,0,0,NA,NA,NA,0,0,0,0,NA,182,0.0,NA,NA,NA,False,2015/2016,SLF_IMIS_DAILY_SNOW,Luksch Alp,True,9.891263,46.782594,2290,SNOW_FLAT
DAV6,2016,0,0,NA,NA,NA,0,0,0,0,NA,181,0.0,NA,NA,NA,False,2016/2017,SLF_IMIS_DAILY_SNOW,Luksch Alp,True,9.891263,46.782594,2290,SNOW_FLAT
DAV6,2017,0,0,NA,NA,NA,0,0,0,0,NA,181,0.0,NA,NA,NA,False,2017/2018,SLF_IMIS_DAILY_SNOW,Luksch Alp,True,9.891263,46.782594,2290,SNOW_FLAT
DAV6,2018,0,0,NA,NA,NA,0,0,0,0,NA,181,0.0,NA,NA,NA,False,2018/2019,SLF_IMIS_DAILY_SNOW,Luksch Alp,True,9.891263,46.782594,2290,SNOW_FLAT
DAV6,2019,0,0,NA,NA,NA,0,0,0,0,NA,182,0.0,NA,NA,NA,False,2019/2020,SLF_IMIS_DAILY_SNOW,Luksch Alp,True,9.891263,46.782594,2290,SNOW_FLAT
DAV6,2020,0,0,NA,NA,NA,0,0,0,0,NA,181,0.0,NA,NA,NA,False,2020/2021,SLF_IMIS_DAILY_SNOW,Luksch Alp,True,9.891263,46.782594,2290,SNOW_FLAT
DAV6,2021,0,0,NA,NA,NA,0,0,0,0,NA,181,0.0,NA,NA,NA,False,2021/2022,SLF_IMIS_DAILY_SNOW,Luksch Alp,True,9.891263,46.782594,2290,SNOW_FLAT
DAV6,2022,178,0,63.93258426966292,68.0,129.0,171,164,159,178,426.5,181,0.9834254143646409,0.9606741573033708,0.9213483146067416,0.8932584269662921,True,2022/2023,SLF_IMIS_DAILY_SNOW,Luksch Alp,True,9.891263,46.782594,2290,SNOW_FLAT
DAV6,2023,182,0,104.52197802197803,106.0,169.0,182,181,179,182,643.3,182,1.0,1.0,0.9945054945054945,0.9835164835164835,True,2023/2024,SLF_IMIS_DAILY_SNOW,Luksch Alp,True,9.891263,46.782594,2290,SNOW_FLAT
DAV6,2024,181,0,57.353591160220994,64.0,97.0,161,160,148,181,308.3,181,1.0,0.8895027624309392,0.8839779005524862,0.8176795580110497,True,2024/2025,SLF_IMIS_DAILY_SNOW,Luksch Alp,True,9.891263,46.782594,2290,SNOW_FLAT
DAV6,2025,181,0,65.48066298342542,59.0,124.0,181,167,161,181,338.6,181,1.0,1.0,0.9226519337016574,0.8895027624309392,True,2025/2026,SLF_IMIS_DAILY_SNOW,Luksch Alp,True,9.891263,46.782594,2290,SNOW_FLAT
DIA2,2013,181,0,203.05524861878453,226.0,288.0,181,179,177,181,1059.4999999999998,181,1.0,1.0,0.988950276243094,0.9779005524861878,True,2013/2014,SLF_IMIS_DAILY_SNOW,Tsanfleuron,True,7.241038,46.315404,2569,SNOW_FLAT
DIA2,2014,181,0,169.43093922651934,200.0,334.0,176,172,166,181,1097.1,181,1.0,0.9723756906077348,0.9502762430939227,0.9171270718232044,True,2014/2015,SLF_IMIS_DAILY_SNOW,Tsanfleuron,True,7.241038,46.315404,2569,SNOW_FLAT
DIA2,2015,182,0,180.92857142857142,211.5,325.0,162,161,161,182,1228.6,182,1.0,0.8901098901098901,0.8846153846153846,0.8846153846153846,True,2015/2016,SLF_IMIS_DAILY_SNOW,Tsanfleuron,True,7.241038,46.315404,2569,SNOW_FLAT
DIA2,2016,181,0,175.8232044198895,208.0,309.0,176,176,176,181,1050.3999999999999,181,1.0,0.9723756906077348,0.9723756906077348,0.9723756906077348,True,2016/2017,SLF_IMIS_DAILY_SNOW,Tsanfleuron,True,7.241038,46.315404,2569,SNOW_FLAT
DIA2,2017,181,0,268.8618784530387,320.0,414.0,176,176,170,181,1365.2,181,1.0,0.9723756906077348,0.9723756906077348,0.9392265193370166,True,2017/2018,SLF_IMIS_DAILY_SNOW,Tsanfleuron,True,7.241038,46.315404,2569,SNOW_FLAT
DIA2,2018,181,0,226.62983425414365,294.0,348.0,181,162,155,181,1236.0,181,1.0,1.0,0.8950276243093923,0.856353591160221,True,2018/2019,SLF_IMIS_DAILY_SNOW,Tsanfleuron,True,7.241038,46.315404,2569,SNOW_FLAT
DIA2,2019,182,0,170.94505494505495,183.0,306.0,179,178,177,182,1001.2,182,1.0,0.9835164835164835,0.978021978021978,0.9725274725274725,True,2019/2020,SLF_IMIS_DAILY_SNOW,Tsanfleuron,True,7.241038,46.315404,2569,SNOW_FLAT
DIA2,2020,181,0,200.27624309392266,240.0,373.0,181,181,171,181,1263.3000000000002,181,1.0,1.0,1.0,0.9447513812154696,True,2020/2021,SLF_IMIS_DAILY_SNOW,Tsanfleuron,True,7.241038,46.315404,2569,SNOW_FLAT
DIA2,2021,181,0,163.71823204419888,198.0,279.0,157,153,153,181,985.0999999999999,181,1.0,0.8674033149171271,0.8453038674033149,0.8453038674033149,True,2021/2022,SLF_IMIS_DAILY_SNOW,Tsanfleuron,True,7.241038,46.315404,2569,SNOW_FLAT
DIA2,2022,181,0,144.9281767955801,159.0,291.0,171,165,160,181,1138.8999999999999,181,1.0,0.9447513812154696,0.9116022099447514,0.8839779005524862,True,2022/2023,SLF_IMIS_DAILY_SNOW,Tsanfleuron,True,7.241038,46.315404,2569,SNOW_FLAT
DIA2,2023,182,0,258.66483516483515,273.5,378.0,182,180,180,182,1400.1,182,1.0,1.0,0.989010989010989,0.989010989010989,True,2023/2024,SLF_IMIS_DAILY_SNOW,Tsanfleuron,True,7.241038,46.315404,2569,SNOW_FLAT
DIA2,2024,181,0,174.48618784530387,224.0,283.0,161,161,161,181,998.7000000000002,181,1.0,0.8895027624309392,0.8895027624309392,0.8895027624309392,True,2024/2025,SLF_IMIS_DAILY_SNOW,Tsanfleuron,True,7.241038,46.315404,2569,SNOW_FLAT
DIA2,2025,181,0,201.6685082872928,180.0,403.0,181,181,181,181,1190.3000000000002,181,1.0,1.0,1.0,1.0,True,2025/2026,SLF_IMIS_DAILY_SNOW,Tsanfleuron,True,7.241038,46.315404,2569,SNOW_FLAT
DTR2,2013,181,0,128.26519337016575,148.0,242.0,165,142,131,181,914.8,181,1.0,0.9116022099447514,0.7845303867403315,0.7237569060773481,True,2013/2014,SLF_IMIS_DAILY_SNOW,Preda,True,8.86906,46.542866,2057,SNOW_FLAT
DTR2,2014,178,0,102.74719101123596,112.0,171.0,173,173,173,178,640.5999999999999,181,0.9834254143646409,0.9719101123595506,0.9719101123595506,0.9719101123595506,True,2014/2015,SLF_IMIS_DAILY_SNOW,Preda,True,8.86906,46.542866,2057,SNOW_FLAT
DTR2,2015,182,0,44.76923076923077,42.0,132.0,114,113,110,182,456.50000000000006,182,1.0,0.6263736263736264,0.6208791208791209,0.6043956043956044,True,2015/2016,SLF_IMIS_DAILY_SNOW,Preda,True,8.86906,46.542866,2057,SNOW_FLAT
DTR2,2016,181,0,38.209944751381215,26.0,108.0,175,116,82,181,529.0,181,1.0,0.9668508287292817,0.6408839779005525,0.4530386740331492,True,2016/2017,SLF_IMIS_DAILY_SNOW,Preda,True,8.86906,46.542866,2057,SNOW_FLAT
DTR2,2017,181,0,125.01104972375691,155.0,221.0,176,176,144,181,845.3,181,1.0,0.9723756906077348,0.9723756906077348,0.7955801104972375,True,2017/2018,SLF_IMIS_DAILY_SNOW,Preda,True,8.86906,46.542866,2057,SNOW_FLAT
DTR2,2018,181,0,93.21546961325967,89.0,217.0,181,176,171,181,674.8,181,1.0,1.0,0.9723756906077348,0.9447513812154696,True,2018/2019,SLF_IMIS_DAILY_SNOW,Preda,True,8.86906,46.542866,2057,SNOW_FLAT
DTR2,2019,182,0,105.18681318681318,112.5,159.0,177,174,174,182,654.5999999999999,182,1.0,0.9725274725274725,0.9560439560439561,0.9560439560439561,True,2019/2020,SLF_IMIS_DAILY_SNOW,Preda,True,8.86906,46.542866,2057,SNOW_FLAT
DTR2,2020,181,0,92.30939226519337,100.0,171.0,147,147,147,181,636.9,181,1.0,0.8121546961325967,0.8121546961325967,0.8121546961325967,True,2020/2021,SLF_IMIS_DAILY_SNOW,Preda,True,8.86906,46.542866,2057,SNOW_FLAT
DTR2,2021,181,0,32.93922651933702,31.0,57.0,168,159,125,181,351.3,181,1.0,0.9281767955801105,0.8784530386740331,0.6906077348066298,True,2021/2022,SLF_IMIS_DAILY_SNOW,Preda,True,8.86906,46.542866,2057,SNOW_FLAT
DTR2,2022,181,0,34.4585635359116,38.0,75.0,152,147,147,181,297.70000000000005,181,1.0,0.8397790055248618,0.8121546961325967,0.8121546961325967,True,2022/2023,SLF_IMIS_DAILY_SNOW,Preda,True,8.86906,46.542866,2057,SNOW_FLAT
DTR2,2023,182,0,106.70879120879121,86.5,245.0,182,180,170,182,885.0,182,1.0,1.0,0.989010989010989,0.9340659340659341,True,2023/2024,SLF_IMIS_DAILY_SNOW,Preda,True,8.86906,46.542866,2057,SNOW_FLAT
DTR2,2024,181,0,74.65193370165746,75.0,150.0,161,160,158,181,535.4,181,1.0,0.8895027624309392,0.8839779005524862,0.8729281767955801,True,2024/2025,SLF_IMIS_DAILY_SNOW,Preda,True,8.86906,46.542866,2057,SNOW_FLAT
DTR2,2025,181,0,47.027624309392266,42.0,118.0,149,129,102,181,447.8,181,1.0,0.8232044198895028,0.712707182320442,0.56353591160221,True,2025/2026,SLF_IMIS_DAILY_SNOW,Preda,True,8.86906,46.542866,2057,SNOW_FLAT
EGH2,2013,181,0,118.19337016574586,122.0,208.0,178,176,172,181,871.0999999999999,181,1.0,0.9834254143646409,0.9723756906077348,0.9502762430939227,True,2013/2014,SLF_IMIS_DAILY_SNOW,Flesch,True,8.091715,46.416811,2500,SNOW_FLAT
EGH2,2014,181,0,140.79558011049724,152.0,225.0,177,177,177,181,804.2,181,1.0,0.9779005524861878,0.9779005524861878,0.9779005524861878,True,2014/2015,SLF_IMIS_DAILY_SNOW,Flesch,True,8.091715,46.416811,2500,SNOW_FLAT
EGH2,2015,182,0,105.5934065934066,129.5,197.0,162,162,161,182,717.0999999999999,182,1.0,0.8901098901098901,0.8901098901098901,0.8846153846153846,True,2015/2016,SLF_IMIS_DAILY_SNOW,Flesch,True,8.091715,46.416811,2500,SNOW_FLAT
EGH2,2016,181,0,84.52486187845304,84.0,186.0,175,175,174,181,643.0,181,1.0,0.9668508287292817,0.9668508287292817,0.9613259668508287,True,2016/2017,SLF_IMIS_DAILY_SNOW,Flesch,True,8.091715,46.416811,2500,SNOW_FLAT
EGH2,2017,181,0,164.45303867403314,208.0,285.0,176,173,169,181,982.0999999999999,181,1.0,0.9723756906077348,0.9558011049723757,0.9337016574585635,True,2017/2018,SLF_IMIS_DAILY_SNOW,Flesch,True,8.091715,46.416811,2500,SNOW_FLAT
EGH2,2018,181,0,168.68508287292818,183.0,272.0,181,181,181,181,837.0,181,1.0,1.0,1.0,1.0,True,2018/2019,SLF_IMIS_DAILY_SNOW,Flesch,True,8.091715,46.416811,2500,SNOW_FLAT
EGH2,2019,182,0,143.35714285714286,144.0,236.0,178,177,174,182,846.9000000000001,182,1.0,0.978021978021978,0.9725274725274725,0.9560439560439561,True,2019/2020,SLF_IMIS_DAILY_SNOW,Flesch,True,8.091715,46.416811,2500,SNOW_FLAT
EGH2,2020,181,0,122.92817679558011,157.0,216.0,181,166,149,181,703.1,181,1.0,1.0,0.9171270718232044,0.8232044198895028,True,2020/2021,SLF_IMIS_DAILY_SNOW,Flesch,True,8.091715,46.416811,2500,SNOW_FLAT
EGH2,2021,181,0,89.28729281767956,98.0,139.0,180,172,155,181,768.1999999999999,181,1.0,0.994475138121547,0.9502762430939227,0.856353591160221,True,2021/2022,SLF_IMIS_DAILY_SNOW,Flesch,True,8.091715,46.416811,2500,SNOW_FLAT
EGH2,2022,181,0,85.1988950276243,82.0,167.0,167,163,159,181,733.6,181,1.0,0.9226519337016574,0.9005524861878453,0.8784530386740331,True,2022/2023,SLF_IMIS_DAILY_SNOW,Flesch,True,8.091715,46.416811,2500,SNOW_FLAT
EGH2,2023,182,0,156.47252747252747,151.0,287.0,182,180,178,182,1073.0,182,1.0,1.0,0.989010989010989,0.978021978021978,True,2023/2024,SLF_IMIS_DAILY_SNOW,Flesch,True,8.091715,46.416811,2500,SNOW_FLAT
EGH2,2024,117,0,78.11965811965813,88.0,186.0,102,98,97,116,829.3000000000001,181,0.6464088397790055,0.8717948717948718,0.8376068376068376,0.8290598290598291,False,2024/2025,SLF_IMIS_DAILY_SNOW,Flesch,True,8.091715,46.416811,2500,SNOW_FLAT
EGH2,2025,176,0,95.0,85.0,199.0,176,176,158,181,561.5,181,0.9723756906077348,1.0,1.0,0.8977272727272727,True,2025/2026,SLF_IMIS_DAILY_SNOW,Flesch,True,8.091715,46.416811,2500,SNOW_FLAT
ELA2,2013,181,0,137.37016574585635,158.0,238.0,181,175,175,181,810.7,181,1.0,1.0,0.9668508287292817,0.9668508287292817,True,2013/2014,SLF_IMIS_DAILY_SNOW,Tschitta,True,9.714694,46.591425,2726,SNOW_FLAT
ELA2,2014,181,0,138.52486187845304,148.0,214.0,181,181,179,181,744.7,181,1.0,1.0,1.0,0.988950276243094,True,2014/2015,SLF_IMIS_DAILY_SNOW,Tschitta,True,9.714694,46.591425,2726,SNOW_FLAT
ELA2,2015,182,0,91.82417582417582,81.0,187.0,182,165,161,182,622.9,182,1.0,1.0,0.9065934065934066,0.8846153846153846,True,2015/2016,SLF_IMIS_DAILY_SNOW,Tschitta,True,9.714694,46.591425,2726,SNOW_FLAT
ELA2,2016,181,0,86.1988950276243,96.0,176.0,175,175,172,181,680.4000000000001,181,1.0,0.9668508287292817,0.9668508287292817,0.9502762430939227,True,2016/2017,SLF_IMIS_DAILY_SNOW,Tschitta,True,9.714694,46.591425,2726,SNOW_FLAT
ELA2,2017,181,0,160.5027624309392,187.0,262.0,181,181,181,181,1351.1,181,1.0,1.0,1.0,1.0,True,2017/2018,SLF_IMIS_DAILY_SNOW,Tschitta,True,9.714694,46.591425,2726,SNOW_FLAT
ELA2,2018,181,0,190.27624309392266,212.0,283.0,181,181,181,181,939.2,181,1.0,1.0,1.0,1.0,True,2018/2019,SLF_IMIS_DAILY_SNOW,Tschitta,True,9.714694,46.591425,2726,SNOW_FLAT
ELA2,2019,182,0,128.2087912087912,136.0,208.0,179,177,177,182,757.1000000000001,182,1.0,0.9835164835164835,0.9725274725274725,0.9725274725274725,True,2019/2020,SLF_IMIS_DAILY_SNOW,Tschitta,True,9.714694,46.591425,2726,SNOW_FLAT
ELA2,2020,181,0,158.99447513812154,191.0,248.0,181,181,181,181,719.5,181,1.0,1.0,1.0,1.0,True,2020/2021,SLF_IMIS_DAILY_SNOW,Tschitta,True,9.714694,46.591425,2726,SNOW_FLAT
ELA2,2021,181,0,125.92265193370166,130.0,193.0,180,180,179,181,723.0,181,1.0,0.994475138121547,0.994475138121547,0.988950276243094,True,2021/2022,SLF_IMIS_DAILY_SNOW,Tschitta,True,9.714694,46.591425,2726,SNOW_FLAT
ELA2,2022,181,0,88.51933701657458,88.0,183.0,177,175,163,181,666.1,181,1.0,0.9779005524861878,0.9668508287292817,0.9005524861878453,True,2022/2023,SLF_IMIS_DAILY_SNOW,Tschitta,True,9.714694,46.591425,2726,SNOW_FLAT
ELA2,2023,182,0,154.98901098901098,146.5,268.0,182,182,180,182,1031.6999999999998,182,1.0,1.0,1.0,0.989010989010989,True,2023/2024,SLF_IMIS_DAILY_SNOW,Tschitta,True,9.714694,46.591425,2726,SNOW_FLAT
ELA2,2024,181,0,73.57458563535911,91.0,136.0,161,153,145,181,485.1,181,1.0,0.8895027624309392,0.8453038674033149,0.8011049723756906,True,2024/2025,SLF_IMIS_DAILY_SNOW,Tschitta,True,9.714694,46.591425,2726,SNOW_FLAT
ELA2,2025,181,0,99.7292817679558,89.0,186.0,181,181,179,181,497.80000000000007,181,1.0,1.0,1.0,0.988950276243094,True,2025/2026,SLF_IMIS_DAILY_SNOW,Tschitta,True,9.714694,46.591425,2726,SNOW_FLAT
ELM2,2013,181,0,81.89502762430939,84.0,138.0,177,175,172,181,669.6000000000001,181,1.0,0.9779005524861878,0.9668508287292817,0.9502762430939227,True,2013/2014,SLF_IMIS_DAILY_SNOW,Chüebodensee,True,9.136501,46.935609,2058,SNOW_FLAT
ELM2,2014,181,0,137.21546961325967,145.0,316.0,181,178,164,181,1196.8999999999999,181,1.0,1.0,0.9834254143646409,0.9060773480662984,True,2014/2015,SLF_IMIS_DAILY_SNOW,Chüebodensee,True,9.136501,46.935609,2058,SNOW_FLAT
ELM2,2015,182,0,125.26373626373626,162.0,248.0,161,161,161,182,1455.8,182,1.0,0.8846153846153846,0.8846153846153846,0.8846153846153846,True,2015/2016,SLF_IMIS_DAILY_SNOW,Chüebodensee,True,9.136501,46.935609,2058,SNOW_FLAT
ELM2,2016,181,0,106.40883977900552,122.0,257.0,175,175,129,181,1110.7,181,1.0,0.9668508287292817,0.9668508287292817,0.712707182320442,True,2016/2017,SLF_IMIS_DAILY_SNOW,Chüebodensee,True,9.136501,46.935609,2058,SNOW_FLAT
ELM2,2017,181,0,221.41436464088397,269.0,362.0,181,176,176,181,1286.3,181,1.0,1.0,0.9723756906077348,0.9723756906077348,True,2017/2018,SLF_IMIS_DAILY_SNOW,Chüebodensee,True,9.136501,46.935609,2058,SNOW_FLAT
ELM2,2018,181,0,174.0718232044199,216.0,319.0,154,147,147,181,1290.1,181,1.0,0.850828729281768,0.8121546961325967,0.8121546961325967,True,2018/2019,SLF_IMIS_DAILY_SNOW,Chüebodensee,True,9.136501,46.935609,2058,SNOW_FLAT
ELM2,2019,175,0,117.50857142857143,116.0,227.0,175,172,162,175,946.0,182,0.9615384615384616,1.0,0.9828571428571429,0.9257142857142857,True,2019/2020,SLF_IMIS_DAILY_SNOW,Chüebodensee,True,9.136501,46.935609,2058,SNOW_FLAT
ELM2,2020,181,0,130.40331491712706,175.0,295.0,151,146,139,181,1182.8999999999999,181,1.0,0.8342541436464088,0.8066298342541437,0.7679558011049724,True,2020/2021,SLF_IMIS_DAILY_SNOW,Chüebodensee,True,9.136501,46.935609,2058,SNOW_FLAT
ELM2,2021,181,0,126.68508287292818,130.0,231.0,178,161,154,181,939.3999999999999,181,1.0,0.9834254143646409,0.8895027624309392,0.850828729281768,True,2021/2022,SLF_IMIS_DAILY_SNOW,Chüebodensee,True,9.136501,46.935609,2058,SNOW_FLAT
ELM2,2022,179,0,97.1340782122905,92.0,224.0,163,163,160,179,915.5,181,0.988950276243094,0.9106145251396648,0.9106145251396648,0.8938547486033519,True,2022/2023,SLF_IMIS_DAILY_SNOW,Chüebodensee,True,9.136501,46.935609,2058,SNOW_FLAT
ELM2,2023,182,0,204.71428571428572,222.0,309.0,182,182,178,182,1312.5,182,1.0,1.0,1.0,0.978021978021978,True,2023/2024,SLF_IMIS_DAILY_SNOW,Chüebodensee,True,9.136501,46.935609,2058,SNOW_FLAT
ELM2,2024,181,0,89.48066298342542,105.0,164.0,161,161,161,181,696.7,181,1.0,0.8895027624309392,0.8895027624309392,0.8895027624309392,True,2024/2025,SLF_IMIS_DAILY_SNOW,Chüebodensee,True,9.136501,46.935609,2058,SNOW_FLAT
ELM2,2025,181,0,97.62983425414365,82.0,224.0,181,177,166,181,691.5,181,1.0,1.0,0.9779005524861878,0.9171270718232044,True,2025/2026,SLF_IMIS_DAILY_SNOW,Chüebodensee,True,9.136501,46.935609,2058,SNOW_FLAT
ELS2,2013,181,0,40.033149171270715,41.0,75.0,167,156,143,181,612.1,181,1.0,0.9226519337016574,0.861878453038674,0.7900552486187845,True,2013/2014,SLF_IMIS_DAILY_SNOW,Elsige,True,7.641641,46.529602,2143,SNOW_FLAT
ELS2,2014,181,0,51.74033149171271,58.0,123.0,168,144,123,181,446.90000000000003,181,1.0,0.9281767955801105,0.7955801104972375,0.6795580110497238,True,2014/2015,SLF_IMIS_DAILY_SNOW,Elsige,True,7.641641,46.529602,2143,SNOW_FLAT
ELS2,2015,182,0,47.879120879120876,48.0,101.0,161,161,159,182,534.7,182,1.0,0.8846153846153846,0.8846153846153846,0.8736263736263736,True,2015/2016,SLF_IMIS_DAILY_SNOW,Elsige,True,7.641641,46.529602,2143,SNOW_FLAT
ELS2,2016,181,0,33.18232044198895,32.0,92.0,132,119,101,181,538.0,181,1.0,0.7292817679558011,0.6574585635359116,0.5580110497237569,True,2016/2017,SLF_IMIS_DAILY_SNOW,Elsige,True,7.641641,46.529602,2143,SNOW_FLAT
ELS2,2017,181,0,92.01104972375691,94.0,169.0,176,176,169,181,639.7,181,1.0,0.9723756906077348,0.9723756906077348,0.9337016574585635,True,2017/2018,SLF_IMIS_DAILY_SNOW,Elsige,True,7.641641,46.529602,2143,SNOW_FLAT
ELS2,2018,181,0,63.86740331491713,80.0,130.0,144,141,135,181,563.2,181,1.0,0.7955801104972375,0.7790055248618785,0.7458563535911602,True,2018/2019,SLF_IMIS_DAILY_SNOW,Elsige,True,7.641641,46.529602,2143,SNOW_FLAT
ELS2,2019,182,0,31.076923076923077,34.0,78.0,153,129,107,182,430.5,182,1.0,0.8406593406593407,0.7087912087912088,0.5879120879120879,True,2019/2020,SLF_IMIS_DAILY_SNOW,Elsige,True,7.641641,46.529602,2143,SNOW_FLAT
ELS2,2020,181,0,54.50828729281768,69.0,124.0,151,146,125,181,532.9,181,1.0,0.8342541436464088,0.8066298342541437,0.6906077348066298,True,2020/2021,SLF_IMIS_DAILY_SNOW,Elsige,True,7.641641,46.529602,2143,SNOW_FLAT
ELS2,2021,181,0,55.668508287292816,56.0,99.0,163,153,146,181,481.4000000000001,181,1.0,0.9005524861878453,0.8453038674033149,0.8066298342541437,True,2021/2022,SLF_IMIS_DAILY_SNOW,Elsige,True,7.641641,46.529602,2143,SNOW_FLAT
ELS2,2022,181,0,34.96132596685083,35.0,78.0,163,158,120,181,464.4,181,1.0,0.9005524861878453,0.8729281767955801,0.6629834254143646,True,2022/2023,SLF_IMIS_DAILY_SNOW,Elsige,True,7.641641,46.529602,2143,SNOW_FLAT
ELS2,2023,182,0,60.02197802197802,68.0,108.0,172,161,155,182,686.9,182,1.0,0.945054945054945,0.8846153846153846,0.8516483516483516,True,2023/2024,SLF_IMIS_DAILY_SNOW,Elsige,True,7.641641,46.529602,2143,SNOW_FLAT
ELS2,2024,181,0,49.12707182320442,57.0,94.0,164,149,135,181,449.29999999999995,181,1.0,0.9060773480662984,0.8232044198895028,0.7458563535911602,True,2024/2025,SLF_IMIS_DAILY_SNOW,Elsige,True,7.641641,46.529602,2143,SNOW_FLAT
ELS2,2025,181,0,52.950276243093924,45.0,154.0,164,161,156,181,465.7,181,1.0,0.9060773480662984,0.8895027624309392,0.861878453038674,True,2025/2026,SLF_IMIS_DAILY_SNOW,Elsige,True,7.641641,46.529602,2143,SNOW_FLAT
ENG2,2013,0,0,NA,NA,NA,0,0,0,0,NA,181,0.0,NA,NA,NA,False,2013/2014,SLF_IMIS_DAILY_SNOW,Fitteren,True,9.189448,46.992782,2162,SNOW_FLAT
ENG2,2014,0,0,NA,NA,NA,0,0,0,0,NA,181,0.0,NA,NA,NA,False,2014/2015,SLF_IMIS_DAILY_SNOW,Fitteren,True,9.189448,46.992782,2162,SNOW_FLAT
ENG2,2015,0,0,NA,NA,NA,0,0,0,0,NA,182,0.0,NA,NA,NA,False,2015/2016,SLF_IMIS_DAILY_SNOW,Fitteren,True,9.189448,46.992782,2162,SNOW_FLAT
ENG2,2016,0,0,NA,NA,NA,0,0,0,0,NA,181,0.0,NA,NA,NA,False,2016/2017,SLF_IMIS_DAILY_SNOW,Fitteren,True,9.189448,46.992782,2162,SNOW_FLAT
ENG2,2017,0,0,NA,NA,NA,0,0,0,0,NA,181,0.0,NA,NA,NA,False,2017/2018,SLF_IMIS_DAILY_SNOW,Fitteren,True,9.189448,46.992782,2162,SNOW_FLAT
ENG2,2018,0,0,NA,NA,NA,0,0,0,0,NA,181,0.0,NA,NA,NA,False,2018/2019,SLF_IMIS_DAILY_SNOW,Fitteren,True,9.189448,46.992782,2162,SNOW_FLAT
ENG2,2019,175,0,201.88571428571427,229.0,356.0,160,150,145,175,1166.8999999999999,182,0.9615384615384616,0.9142857142857143,0.8571428571428571,0.8285714285714286,True,2019/2020,SLF_IMIS_DAILY_SNOW,Fitteren,True,9.189448,46.992782,2162,SNOW_FLAT
ENG2,2020,181,0,124.7292817679558,161.0,311.0,151,145,130,181,1449.8000000000002,181,1.0,0.8342541436464088,0.8011049723756906,0.7182320441988951,True,2020/2021,SLF_IMIS_DAILY_SNOW,Fitteren,True,9.189448,46.992782,2162,SNOW_FLAT
ENG2,2021,181,0,173.8950276243094,125.0,368.0,180,165,155,181,1129.1000000000001,181,1.0,0.994475138121547,0.9116022099447514,0.856353591160221,True,2021/2022,SLF_IMIS_DAILY_SNOW,Fitteren,True,9.189448,46.992782,2162,SNOW_FLAT
ENG2,2022,181,0,77.1767955801105,67.0,199.0,163,149,127,181,762.3,181,1.0,0.9005524861878453,0.8232044198895028,0.7016574585635359,True,2022/2023,SLF_IMIS_DAILY_SNOW,Fitteren,True,9.189448,46.992782,2162,SNOW_FLAT
ENG2,2023,182,0,277.1208791208791,330.0,420.0,180,174,168,182,1547.6,182,1.0,0.989010989010989,0.9560439560439561,0.9230769230769231,True,2023/2024,SLF_IMIS_DAILY_SNOW,Fitteren,True,9.189448,46.992782,2162,SNOW_FLAT
ENG2,2024,181,0,87.21546961325967,103.0,183.0,163,161,155,181,597.1,181,1.0,0.9005524861878453,0.8895027624309392,0.856353591160221,True,2024/2025,SLF_IMIS_DAILY_SNOW,Fitteren,True,9.189448,46.992782,2162,SNOW_FLAT
ENG2,2025,181,0,112.1878453038674,66.0,284.0,169,161,158,181,829.3,181,1.0,0.9337016574585635,0.8895027624309392,0.8729281767955801,True,2025/2026,SLF_IMIS_DAILY_SNOW,Fitteren,True,9.189448,46.992782,2162,SNOW_FLAT
ERN2,2013,0,0,NA,NA,NA,0,0,0,0,NA,181,0.0,NA,NA,NA,False,2013/2014,SLF_IMIS_DAILY_SNOW,"Ernergalen, Schneestation",False,8.232777,46.421174,2450,SNOW_FLAT
ERN2,2014,0,0,NA,NA,NA,0,0,0,0,NA,181,0.0,NA,NA,NA,False,2014/2015,SLF_IMIS_DAILY_SNOW,"Ernergalen, Schneestation",False,8.232777,46.421174,2450,SNOW_FLAT
ERN2,2015,0,0,NA,NA,NA,0,0,0,0,NA,182,0.0,NA,NA,NA,False,2015/2016,SLF_IMIS_DAILY_SNOW,"Ernergalen, Schneestation",False,8.232777,46.421174,2450,SNOW_FLAT
ERN2,2016,0,0,NA,NA,NA,0,0,0,0,NA,181,0.0,NA,NA,NA,False,2016/2017,SLF_IMIS_DAILY_SNOW,"Ernergalen, Schneestation",False,8.232777,46.421174,2450,SNOW_FLAT
ERN2,2017,0,0,NA,NA,NA,0,0,0,0,NA,181,0.0,NA,NA,NA,False,2017/2018,SLF_IMIS_DAILY_SNOW,"Ernergalen, Schneestation",False,8.232777,46.421174,2450,SNOW_FLAT
ERN2,2018,0,0,NA,NA,NA,0,0,0,0,NA,181,0.0,NA,NA,NA,False,2018/2019,SLF_IMIS_DAILY_SNOW,"Ernergalen, Schneestation",False,8.232777,46.421174,2450,SNOW_FLAT
ERN2,2019,0,0,NA,NA,NA,0,0,0,0,NA,182,0.0,NA,NA,NA,False,2019/2020,SLF_IMIS_DAILY_SNOW,"Ernergalen, Schneestation",False,8.232777,46.421174,2450,SNOW_FLAT
ERN2,2020,0,0,NA,NA,NA,0,0,0,0,NA,181,0.0,NA,NA,NA,False,2020/2021,SLF_IMIS_DAILY_SNOW,"Ernergalen, Schneestation",False,8.232777,46.421174,2450,SNOW_FLAT
ERN2,2021,0,0,NA,NA,NA,0,0,0,0,NA,181,0.0,NA,NA,NA,False,2021/2022,SLF_IMIS_DAILY_SNOW,"Ernergalen, Schneestation",False,8.232777,46.421174,2450,SNOW_FLAT
ERN2,2022,0,0,NA,NA,NA,0,0,0,0,NA,181,0.0,NA,NA,NA,False,2022/2023,SLF_IMIS_DAILY_SNOW,"Ernergalen, Schneestation",False,8.232777,46.421174,2450,SNOW_FLAT
ERN2,2023,0,0,NA,NA,NA,0,0,0,0,NA,182,0.0,NA,NA,NA,False,2023/2024,SLF_IMIS_DAILY_SNOW,"Ernergalen, Schneestation",False,8.232777,46.421174,2450,SNOW_FLAT
ERN2,2024,0,0,NA,NA,NA,0,0,0,0,NA,181,0.0,NA,NA,NA,False,2024/2025,SLF_IMIS_DAILY_SNOW,"Ernergalen, Schneestation",False,8.232777,46.421174,2450,SNOW_FLAT
ERN2,2025,0,0,NA,NA,NA,0,0,0,0,NA,181,0.0,NA,NA,NA,False,2025/2026,SLF_IMIS_DAILY_SNOW,"Ernergalen, Schneestation",False,8.232777,46.421174,2450,SNOW_FLAT
FAE2,2013,181,0,75.48618784530387,73.0,157.0,174,171,167,181,641.2,181,1.0,0.9613259668508287,0.9447513812154696,0.9226519337016574,True,2013/2014,SLF_IMIS_DAILY_SNOW,Färmel,True,7.495249,46.520413,1971,SNOW_FLAT
FAE2,2014,181,0,77.25414364640883,91.0,174.0,154,140,124,181,706.1,181,1.0,0.850828729281768,0.7734806629834254,0.6850828729281768,True,2014/2015,SLF_IMIS_DAILY_SNOW,Färmel,True,7.495249,46.520413,1971,SNOW_FLAT
FAE2,2015,182,0,105.94505494505495,119.0,221.0,161,161,144,182,825.3,182,1.0,0.8846153846153846,0.8846153846153846,0.7912087912087912,True,2015/2016,SLF_IMIS_DAILY_SNOW,Färmel,True,7.495249,46.520413,1971,SNOW_FLAT
FAE2,2016,181,0,60.32596685082873,60.0,172.0,168,131,125,181,727.7,181,1.0,0.9281767955801105,0.7237569060773481,0.6906077348066298,True,2016/2017,SLF_IMIS_DAILY_SNOW,Färmel,True,7.495249,46.520413,1971,SNOW_FLAT
FAE2,2017,181,0,170.31491712707182,205.0,277.0,176,176,171,181,1030.1,181,1.0,0.9723756906077348,0.9723756906077348,0.9447513812154696,True,2017/2018,SLF_IMIS_DAILY_SNOW,Färmel,True,7.495249,46.520413,1971,SNOW_FLAT
FAE2,2018,181,0,105.49723756906077,131.0,206.0,148,144,143,181,740.1,181,1.0,0.8176795580110497,0.7955801104972375,0.7900552486187845,True,2018/2019,SLF_IMIS_DAILY_SNOW,Färmel,True,7.495249,46.520413,1971,SNOW_FLAT
FAE2,2019,182,0,89.99450549450549,100.0,193.0,172,156,146,182,719.6,182,1.0,0.945054945054945,0.8571428571428571,0.8021978021978022,True,2019/2020,SLF_IMIS_DAILY_SNOW,Färmel,True,7.495249,46.520413,1971,SNOW_FLAT
FAE2,2020,181,0,93.91160220994475,122.0,214.0,148,146,141,181,805.5,181,1.0,0.8176795580110497,0.8066298342541437,0.7790055248618785,True,2020/2021,SLF_IMIS_DAILY_SNOW,Färmel,True,7.495249,46.520413,1971,SNOW_FLAT
FAE2,2021,181,0,80.87292817679558,83.0,149.0,157,153,152,181,667.1,181,1.0,0.8674033149171271,0.8453038674033149,0.8397790055248618,True,2021/2022,SLF_IMIS_DAILY_SNOW,Färmel,True,7.495249,46.520413,1971,SNOW_FLAT
FAE2,2022,181,0,57.66298342541437,62.0,121.0,159,159,128,181,591.4000000000001,181,1.0,0.8784530386740331,0.8784530386740331,0.7071823204419889,True,2022/2023,SLF_IMIS_DAILY_SNOW,Färmel,True,7.495249,46.520413,1971,SNOW_FLAT
FAE2,2023,182,0,117.68681318681318,128.0,174.0,180,179,174,182,869.7,182,1.0,0.989010989010989,0.9835164835164835,0.9560439560439561,True,2023/2024,SLF_IMIS_DAILY_SNOW,Färmel,True,7.495249,46.520413,1971,SNOW_FLAT
FAE2,2024,181,0,78.2817679558011,92.0,145.0,161,161,150,181,542.2,181,1.0,0.8895027624309392,0.8895027624309392,0.8287292817679558,True,2024/2025,SLF_IMIS_DAILY_SNOW,Färmel,True,7.495249,46.520413,1971,SNOW_FLAT
FAE2,2025,181,0,77.07182320441989,76.0,173.0,172,161,161,181,690.3,181,1.0,0.9502762430939227,0.8895027624309392,0.8895027624309392,True,2025/2026,SLF_IMIS_DAILY_SNOW,Färmel,True,7.495249,46.520413,1971,SNOW_FLAT
FIR2,2013,181,0,90.52486187845304,92.0,161.0,177,171,171,181,704.6999999999999,181,1.0,0.9779005524861878,0.9447513812154696,0.9447513812154696,True,2013/2014,SLF_IMIS_DAILY_SNOW,Schmidigen-Bidmeren,True,8.064403,46.668777,2111,SNOW_FLAT
FIR2,2014,180,0,112.0111111111111,127.5,250.0,175,165,150,181,1021.7,181,0.994475138121547,0.9722222222222222,0.9166666666666666,0.8333333333333334,True,2014/2015,SLF_IMIS_DAILY_SNOW,Schmidigen-Bidmeren,True,8.064403,46.668777,2111,SNOW_FLAT
FIR2,2015,179,0,111.13966480446928,129.0,220.0,158,158,158,182,936.1999999999998,182,0.9835164835164835,0.88268156424581,0.88268156424581,0.88268156424581,True,2015/2016,SLF_IMIS_DAILY_SNOW,Schmidigen-Bidmeren,True,8.064403,46.668777,2111,SNOW_FLAT
FIR2,2016,181,0,90.26519337016575,94.0,206.0,175,175,164,181,833.4999999999999,181,1.0,0.9668508287292817,0.9668508287292817,0.9060773480662984,True,2016/2017,SLF_IMIS_DAILY_SNOW,Schmidigen-Bidmeren,True,8.064403,46.668777,2111,SNOW_FLAT
FIR2,2017,181,0,180.88397790055248,210.0,321.0,176,176,176,181,1101.9,181,1.0,0.9723756906077348,0.9723756906077348,0.9723756906077348,True,2017/2018,SLF_IMIS_DAILY_SNOW,Schmidigen-Bidmeren,True,8.064403,46.668777,2111,SNOW_FLAT
FIR2,2018,181,0,129.34806629834253,167.0,237.0,151,147,143,181,940.5,181,1.0,0.8342541436464088,0.8121546961325967,0.7900552486187845,True,2018/2019,SLF_IMIS_DAILY_SNOW,Schmidigen-Bidmeren,True,8.064403,46.668777,2111,SNOW_FLAT
FIR2,2019,182,0,104.15384615384616,110.5,193.0,176,174,170,182,739.7,182,1.0,0.967032967032967,0.9560439560439561,0.9340659340659341,True,2019/2020,SLF_IMIS_DAILY_SNOW,Schmidigen-Bidmeren,True,8.064403,46.668777,2111,SNOW_FLAT
FIR2,2020,181,0,129.9889502762431,171.0,276.0,152,150,146,181,1029.3,181,1.0,0.8397790055248618,0.8287292817679558,0.8066298342541437,True,2020/2021,SLF_IMIS_DAILY_SNOW,Schmidigen-Bidmeren,True,8.064403,46.668777,2111,SNOW_FLAT
FIR2,2021,181,0,118.39779005524862,122.0,203.0,180,161,157,181,888.9000000000001,181,1.0,0.994475138121547,0.8895027624309392,0.8674033149171271,True,2021/2022,SLF_IMIS_DAILY_SNOW,Schmidigen-Bidmeren,True,8.064403,46.668777,2111,SNOW_FLAT
FIR2,2022,181,0,63.13812154696133,54.0,156.0,168,160,159,181,716.4000000000001,181,1.0,0.9281767955801105,0.8839779005524862,0.8784530386740331,True,2022/2023,SLF_IMIS_DAILY_SNOW,Schmidigen-Bidmeren,True,8.064403,46.668777,2111,SNOW_FLAT
FIR2,2023,182,0,144.69230769230768,151.5,242.0,181,179,172,182,985.6000000000001,182,1.0,0.9945054945054945,0.9835164835164835,0.945054945054945,True,2023/2024,SLF_IMIS_DAILY_SNOW,Schmidigen-Bidmeren,True,8.064403,46.668777,2111,SNOW_FLAT
FIR2,2024,181,0,90.03314917127072,109.0,157.0,162,161,160,181,632.3999999999999,181,1.0,0.8950276243093923,0.8895027624309392,0.8839779005524862,True,2024/2025,SLF_IMIS_DAILY_SNOW,Schmidigen-Bidmeren,True,8.064403,46.668777,2111,SNOW_FLAT
FIR2,2025,181,0,102.26519337016575,87.0,251.0,181,169,162,181,868.1,181,1.0,1.0,0.9337016574585635,0.8950276243093923,True,2025/2026,SLF_IMIS_DAILY_SNOW,Schmidigen-Bidmeren,True,8.064403,46.668777,2111,SNOW_FLAT
FIS2,2013,181,0,79.5524861878453,85.0,139.0,175,171,167,181,735.6000000000001,181,1.0,0.9668508287292817,0.9447513812154696,0.9226519337016574,True,2013/2014,SLF_IMIS_DAILY_SNOW,Fisi,True,7.673883,46.471465,2155,SNOW_FLAT
FIS2,2014,181,0,81.16022099447514,91.0,175.0,176,176,147,181,632.0,181,1.0,0.9723756906077348,0.9723756906077348,0.8121546961325967,True,2014/2015,SLF_IMIS_DAILY_SNOW,Fisi,True,7.673883,46.471465,2155,SNOW_FLAT
FIS2,2015,182,0,73.0,84.5,136.0,162,161,161,182,934.3000000000001,182,1.0,0.8901098901098901,0.8846153846153846,0.8846153846153846,True,2015/2016,SLF_IMIS_DAILY_SNOW,Fisi,True,7.673883,46.471465,2155,SNOW_FLAT
FIS2,2016,181,0,56.033149171270715,50.0,122.0,175,171,121,181,594.0,181,1.0,0.9668508287292817,0.9447513812154696,0.6685082872928176,True,2016/2017,SLF_IMIS_DAILY_SNOW,Fisi,True,7.673883,46.471465,2155,SNOW_FLAT
FIS2,2017,181,0,136.55801104972375,166.0,231.0,176,176,175,181,738.8,181,1.0,0.9723756906077348,0.9723756906077348,0.9668508287292817,True,2017/2018,SLF_IMIS_DAILY_SNOW,Fisi,True,7.673883,46.471465,2155,SNOW_FLAT
FIS2,2018,181,0,93.79558011049724,119.0,182.0,155,144,141,181,603.4000000000001,181,1.0,0.856353591160221,0.7955801104972375,0.7790055248618785,True,2018/2019,SLF_IMIS_DAILY_SNOW,Fisi,True,7.673883,46.471465,2155,SNOW_FLAT
FIS2,2019,182,0,52.082417582417584,56.0,104.0,171,161,145,182,420.2,182,1.0,0.9395604395604396,0.8846153846153846,0.7967032967032966,True,2019/2020,SLF_IMIS_DAILY_SNOW,Fisi,True,7.673883,46.471465,2155,SNOW_FLAT
FIS2,2020,181,0,80.76243093922652,100.0,175.0,151,146,146,181,825.3999999999999,181,1.0,0.8342541436464088,0.8066298342541437,0.8066298342541437,True,2020/2021,SLF_IMIS_DAILY_SNOW,Fisi,True,7.673883,46.471465,2155,SNOW_FLAT
FIS2,2021,181,0,70.69613259668509,73.0,126.0,165,157,151,181,478.90000000000003,181,1.0,0.9116022099447514,0.8674033149171271,0.8342541436464088,True,2021/2022,SLF_IMIS_DAILY_SNOW,Fisi,True,7.673883,46.471465,2155,SNOW_FLAT
FIS2,2022,181,0,49.9171270718232,48.0,108.0,162,159,130,181,534.1,181,1.0,0.8950276243093923,0.8784530386740331,0.7182320441988951,True,2022/2023,SLF_IMIS_DAILY_SNOW,Fisi,True,7.673883,46.471465,2155,SNOW_FLAT
FIS2,2023,182,0,85.74175824175825,96.5,151.0,174,165,157,182,723.1,182,1.0,0.9560439560439561,0.9065934065934066,0.8626373626373627,True,2023/2024,SLF_IMIS_DAILY_SNOW,Fisi,True,7.673883,46.471465,2155,SNOW_FLAT
FIS2,2024,181,0,65.59668508287292,76.0,147.0,161,161,149,181,532.4,181,1.0,0.8895027624309392,0.8895027624309392,0.8232044198895028,True,2024/2025,SLF_IMIS_DAILY_SNOW,Fisi,True,7.673883,46.471465,2155,SNOW_FLAT
FIS2,2025,181,0,77.22099447513813,62.0,204.0,178,161,161,181,581.6,181,1.0,0.9834254143646409,0.8895027624309392,0.8895027624309392,True,2025/2026,SLF_IMIS_DAILY_SNOW,Fisi,True,7.673883,46.471465,2155,SNOW_FLAT
FLU2,2013,180,0,46.544444444444444,32.0,108.0,174,151,110,181,531.0000000000001,181,0.994475138121547,0.9666666666666667,0.8388888888888889,0.6111111111111112,True,2013/2014,SLF_IMIS_DAILY_SNOW,Flüelapass,True,9.946445,46.752712,2394,SNOW_FLAT
FLU2,2014,181,0,96.94475138121547,87.0,257.0,181,181,181,181,768.4000000000001,181,1.0,1.0,1.0,1.0,True,2014/2015,SLF_IMIS_DAILY_SNOW,Flüelapass,True,9.946445,46.752712,2394,SNOW_FLAT
FLU2,2015,182,0,35.532967032967036,40.0,70.0,158,138,107,182,468.3,182,1.0,0.8681318681318682,0.7582417582417582,0.5879120879120879,True,2015/2016,SLF_IMIS_DAILY_SNOW,Flüelapass,True,9.946445,46.752712,2394,SNOW_FLAT
FLU2,2016,181,0,54.033149171270715,70.0,108.0,173,121,115,181,519.3000000000001,181,1.0,0.9558011049723757,0.6685082872928176,0.6353591160220995,True,2016/2017,SLF_IMIS_DAILY_SNOW,Flüelapass,True,9.946445,46.752712,2394,SNOW_FLAT
FLU2,2017,181,0,99.85635359116021,111.0,176.0,181,175,175,181,719.3,181,1.0,1.0,0.9668508287292817,0.9668508287292817,True,2017/2018,SLF_IMIS_DAILY_SNOW,Flüelapass,True,9.946445,46.752712,2394,SNOW_FLAT
FLU2,2018,179,0,165.89944134078212,215.0,281.0,179,179,168,179,1018.0000000000001,181,0.988950276243094,1.0,1.0,0.9385474860335196,True,2018/2019,SLF_IMIS_DAILY_SNOW,Flüelapass,True,9.946445,46.752712,2394,SNOW_FLAT
FLU2,2019,182,0,26.967032967032967,21.0,96.0,111,95,71,182,487.9,182,1.0,0.6098901098901099,0.521978021978022,0.3901098901098901,True,2019/2020,SLF_IMIS_DAILY_SNOW,Flüelapass,True,9.946445,46.752712,2394,SNOW_FLAT
FLU2,2020,181,0,79.30386740331491,85.0,205.0,176,155,133,181,833.5999999999999,181,1.0,0.9723756906077348,0.856353591160221,0.7348066298342542,True,2020/2021,SLF_IMIS_DAILY_SNOW,Flüelapass,True,9.946445,46.752712,2394,SNOW_FLAT
FLU2,2021,181,0,75.60773480662984,59.0,144.0,180,175,158,181,609.4,181,1.0,0.994475138121547,0.9668508287292817,0.8729281767955801,True,2021/2022,SLF_IMIS_DAILY_SNOW,Flüelapass,True,9.946445,46.752712,2394,SNOW_FLAT
FLU2,2022,181,0,48.50828729281768,41.0,137.0,167,156,114,181,570.9,181,1.0,0.9226519337016574,0.861878453038674,0.6298342541436464,True,2022/2023,SLF_IMIS_DAILY_SNOW,Flüelapass,True,9.946445,46.752712,2394,SNOW_FLAT
FLU2,2023,181,0,90.44198895027624,106.0,170.0,175,157,146,182,853.1,182,0.9945054945054945,0.9668508287292817,0.8674033149171271,0.8066298342541437,True,2023/2024,SLF_IMIS_DAILY_SNOW,Flüelapass,True,9.946445,46.752712,2394,SNOW_FLAT
FLU2,2024,181,0,20.867403314917127,19.0,68.0,138,89,42,181,334.0,181,1.0,0.7624309392265194,0.49171270718232046,0.23204419889502761,True,2024/2025,SLF_IMIS_DAILY_SNOW,Flüelapass,True,9.946445,46.752712,2394,SNOW_FLAT
FLU2,2025,181,0,46.30939226519337,29.0,139.0,161,159,88,181,457.9,181,1.0,0.8895027624309392,0.8784530386740331,0.4861878453038674,True,2025/2026,SLF_IMIS_DAILY_SNOW,Flüelapass,True,9.946445,46.752712,2394,SNOW_FLAT
FNH2,2013,181,0,129.1988950276243,139.0,231.0,178,177,176,181,858.3,181,1.0,0.9834254143646409,0.9779005524861878,0.9723756906077348,True,2013/2014,SLF_IMIS_DAILY_SNOW,L'Ecreuleuse,True,6.964104,46.100759,2252,SNOW_FLAT
FNH2,2014,181,0,120.74585635359117,139.0,250.0,175,168,166,181,917.7000000000002,181,1.0,0.9668508287292817,0.9281767955801105,0.9171270718232044,True,2014/2015,SLF_IMIS_DAILY_SNOW,L'Ecreuleuse,True,6.964104,46.100759,2252,SNOW_FLAT
FNH2,2015,182,0,186.47802197802199,215.5,372.0,161,161,161,182,1360.6,182,1.0,0.8846153846153846,0.8846153846153846,0.8846153846153846,True,2015/2016,SLF_IMIS_DAILY_SNOW,L'Ecreuleuse,True,6.964104,46.100759,2252,SNOW_FLAT
FNH2,2016,181,0,129.24861878453038,112.0,295.0,175,175,172,181,903.5999999999999,181,1.0,0.9668508287292817,0.9668508287292817,0.9502762430939227,True,2016/2017,SLF_IMIS_DAILY_SNOW,L'Ecreuleuse,True,6.964104,46.100759,2252,SNOW_FLAT
FNH2,2017,181,0,290.7348066298343,392.0,485.0,171,169,157,181,1713.5,181,1.0,0.9447513812154696,0.9337016574585635,0.8674033149171271,True,2017/2018,SLF_IMIS_DAILY_SNOW,L'Ecreuleuse,True,6.964104,46.100759,2252,SNOW_FLAT
FNH2,2018,181,0,205.14364640883977,238.0,372.0,181,181,164,181,1188.6000000000001,181,1.0,1.0,1.0,0.9060773480662984,True,2018/2019,SLF_IMIS_DAILY_SNOW,L'Ecreuleuse,True,6.964104,46.100759,2252,SNOW_FLAT
FNH2,2019,182,0,236.97802197802199,234.0,448.0,179,178,178,182,1440.8000000000002,182,1.0,0.9835164835164835,0.978021978021978,0.978021978021978,True,2019/2020,SLF_IMIS_DAILY_SNOW,L'Ecreuleuse,True,6.964104,46.100759,2252,SNOW_FLAT
FNH2,2020,181,0,170.3756906077348,216.0,358.0,181,168,150,181,1134.6999999999998,181,1.0,1.0,0.9281767955801105,0.8287292817679558,True,2020/2021,SLF_IMIS_DAILY_SNOW,L'Ecreuleuse,True,6.964104,46.100759,2252,SNOW_FLAT
FNH2,2021,181,0,144.3977900552486,162.0,269.0,179,158,154,181,954.3999999999999,181,1.0,0.988950276243094,0.8729281767955801,0.850828729281768,True,2021/2022,SLF_IMIS_DAILY_SNOW,L'Ecreuleuse,True,6.964104,46.100759,2252,SNOW_FLAT
FNH2,2022,181,0,183.97790055248618,191.0,362.0,170,165,165,181,1307.6,181,1.0,0.9392265193370166,0.9116022099447514,0.9116022099447514,True,2022/2023,SLF_IMIS_DAILY_SNOW,L'Ecreuleuse,True,6.964104,46.100759,2252,SNOW_FLAT
FNH2,2023,182,0,287.3021978021978,320.0,440.0,182,181,180,182,1678.5,182,1.0,1.0,0.9945054945054945,0.989010989010989,True,2023/2024,SLF_IMIS_DAILY_SNOW,L'Ecreuleuse,True,6.964104,46.100759,2252,SNOW_FLAT
FNH2,2024,181,0,171.96132596685084,197.0,264.0,162,161,161,181,925.4,181,1.0,0.8950276243093923,0.8895027624309392,0.8895027624309392,True,2024/2025,SLF_IMIS_DAILY_SNOW,L'Ecreuleuse,True,6.964104,46.100759,2252,SNOW_FLAT
FNH2,2025,181,0,199.71823204419888,188.0,361.0,181,181,181,181,986.2,181,1.0,1.0,1.0,1.0,True,2025/2026,SLF_IMIS_DAILY_SNOW,L'Ecreuleuse,True,6.964104,46.100759,2252,SNOW_FLAT
FOU2,2013,0,0,NA,NA,NA,0,0,0,0,NA,181,0.0,NA,NA,NA,False,2013/2014,SLF_IMIS_DAILY_SNOW,Glacier de l'Evole,True,7.067234,45.971755,2800,SNOW_FLAT
FOU2,2014,0,0,NA,NA,NA,0,0,0,0,NA,181,0.0,NA,NA,NA,False,2014/2015,SLF_IMIS_DAILY_SNOW,Glacier de l'Evole,True,7.067234,45.971755,2800,SNOW_FLAT
FOU2,2015,0,0,NA,NA,NA,0,0,0,0,NA,182,0.0,NA,NA,NA,False,2015/2016,SLF_IMIS_DAILY_SNOW,Glacier de l'Evole,True,7.067234,45.971755,2800,SNOW_FLAT
FOU2,2016,181,0,105.75690607734806,95.0,208.0,181,176,176,181,912.3,181,1.0,1.0,0.9723756906077348,0.9723756906077348,True,2016/2017,SLF_IMIS_DAILY_SNOW,Glacier de l'Evole,True,7.067234,45.971755,2800,SNOW_FLAT
FOU2,2017,181,0,212.9889502762431,268.0,354.0,175,168,159,181,1297.2,181,1.0,0.9668508287292817,0.9281767955801105,0.8784530386740331,True,2017/2018,SLF_IMIS_DAILY_SNOW,Glacier de l'Evole,True,7.067234,45.971755,2800,SNOW_FLAT
FOU2,2018,181,0,193.4585635359116,206.0,331.0,181,181,181,181,1038.0,181,1.0,1.0,1.0,1.0,True,2018/2019,SLF_IMIS_DAILY_SNOW,Glacier de l'Evole,True,7.067234,45.971755,2800,SNOW_FLAT
FOU2,2019,182,0,200.74175824175825,214.5,338.0,182,180,179,182,1176.9,182,1.0,1.0,0.989010989010989,0.9835164835164835,True,2019/2020,SLF_IMIS_DAILY_SNOW,Glacier de l'Evole,True,7.067234,45.971755,2800,SNOW_FLAT
FOU2,2020,181,0,230.04419889502762,309.0,375.0,181,181,181,181,1342.7,181,1.0,1.0,1.0,1.0,True,2020/2021,SLF_IMIS_DAILY_SNOW,Glacier de l'Evole,True,7.067234,45.971755,2800,SNOW_FLAT
FOU2,2021,181,0,128.55248618784532,147.0,232.0,180,165,153,181,805.3,181,1.0,0.994475138121547,0.9116022099447514,0.8453038674033149,True,2021/2022,SLF_IMIS_DAILY_SNOW,Glacier de l'Evole,True,7.067234,45.971755,2800,SNOW_FLAT
FOU2,2022,181,0,199.88397790055248,194.0,361.0,181,180,175,181,1264.4,181,1.0,1.0,0.994475138121547,0.9668508287292817,True,2022/2023,SLF_IMIS_DAILY_SNOW,Glacier de l'Evole,True,7.067234,45.971755,2800,SNOW_FLAT
FOU2,2023,182,0,245.1978021978022,253.5,366.0,182,182,182,182,1512.7,182,1.0,1.0,1.0,1.0,True,2023/2024,SLF_IMIS_DAILY_SNOW,Glacier de l'Evole,True,7.067234,45.971755,2800,SNOW_FLAT
FOU2,2024,181,0,128.51933701657458,148.0,272.0,162,162,162,181,1016.9000000000001,181,1.0,0.8950276243093923,0.8950276243093923,0.8950276243093923,True,2024/2025,SLF_IMIS_DAILY_SNOW,Glacier de l'Evole,True,7.067234,45.971755,2800,SNOW_FLAT
FOU2,2025,181,0,155.71823204419888,141.0,258.0,181,181,181,181,828.0,181,1.0,1.0,1.0,1.0,True,2025/2026,SLF_IMIS_DAILY_SNOW,Glacier de l'Evole,True,7.067234,45.971755,2800,SNOW_FLAT
FOU3,2013,0,0,NA,NA,NA,0,0,0,0,NA,181,0.0,NA,NA,NA,False,2013/2014,SLF_IMIS_DAILY_SNOW,Glacier des Plines,False,7.04749,45.97028,2800,SNOW_FLAT
FOU3,2014,0,0,NA,NA,NA,0,0,0,0,NA,181,0.0,NA,NA,NA,False,2014/2015,SLF_IMIS_DAILY_SNOW,Glacier des Plines,False,7.04749,45.97028,2800,SNOW_FLAT
FOU3,2015,0,0,NA,NA,NA,0,0,0,0,NA,182,0.0,NA,NA,NA,False,2015/2016,SLF_IMIS_DAILY_SNOW,Glacier des Plines,False,7.04749,45.97028,2800,SNOW_FLAT
FOU3,2016,0,0,NA,NA,NA,0,0,0,0,NA,181,0.0,NA,NA,NA,False,2016/2017,SLF_IMIS_DAILY_SNOW,Glacier des Plines,False,7.04749,45.97028,2800,SNOW_FLAT
FOU3,2017,0,0,NA,NA,NA,0,0,0,0,NA,181,0.0,NA,NA,NA,False,2017/2018,SLF_IMIS_DAILY_SNOW,Glacier des Plines,False,7.04749,45.97028,2800,SNOW_FLAT
FOU3,2018,0,0,NA,NA,NA,0,0,0,0,NA,181,0.0,NA,NA,NA,False,2018/2019,SLF_IMIS_DAILY_SNOW,Glacier des Plines,False,7.04749,45.97028,2800,SNOW_FLAT
FOU3,2019,0,0,NA,NA,NA,0,0,0,0,NA,182,0.0,NA,NA,NA,False,2019/2020,SLF_IMIS_DAILY_SNOW,Glacier des Plines,False,7.04749,45.97028,2800,SNOW_FLAT
FOU3,2020,0,0,NA,NA,NA,0,0,0,0,NA,181,0.0,NA,NA,NA,False,2020/2021,SLF_IMIS_DAILY_SNOW,Glacier des Plines,False,7.04749,45.97028,2800,SNOW_FLAT
FOU3,2021,0,0,NA,NA,NA,0,0,0,0,NA,181,0.0,NA,NA,NA,False,2021/2022,SLF_IMIS_DAILY_SNOW,Glacier des Plines,False,7.04749,45.97028,2800,SNOW_FLAT
FOU3,2022,0,0,NA,NA,NA,0,0,0,0,NA,181,0.0,NA,NA,NA,False,2022/2023,SLF_IMIS_DAILY_SNOW,Glacier des Plines,False,7.04749,45.97028,2800,SNOW_FLAT
FOU3,2023,0,0,NA,NA,NA,0,0,0,0,NA,182,0.0,NA,NA,NA,False,2023/2024,SLF_IMIS_DAILY_SNOW,Glacier des Plines,False,7.04749,45.97028,2800,SNOW_FLAT
FOU3,2024,0,0,NA,NA,NA,0,0,0,0,NA,181,0.0,NA,NA,NA,False,2024/2025,SLF_IMIS_DAILY_SNOW,Glacier des Plines,False,7.04749,45.97028,2800,SNOW_FLAT
FOU3,2025,0,0,NA,NA,NA,0,0,0,0,NA,181,0.0,NA,NA,NA,False,2025/2026,SLF_IMIS_DAILY_SNOW,Glacier des Plines,False,7.04749,45.97028,2800,SNOW_FLAT
FOU4,2013,181,0,362.61878453038673,378.0,460.0,181,181,181,0,NA,181,1.0,1.0,1.0,1.0,True,2013/2014,SLF_IMIS_DAILY_SNOW,Glacier de Saleina,False,7.038522,45.976289,2942,SNOW_FLAT
FOU4,2014,181,0,276.44198895027625,299.0,413.0,181,181,181,0,NA,181,1.0,1.0,1.0,1.0,True,2014/2015,SLF_IMIS_DAILY_SNOW,Glacier de Saleina,False,7.038522,45.976289,2942,SNOW_FLAT
FOU4,2015,182,0,77.26923076923077,76.0,188.0,123,118,114,0,NA,182,1.0,0.6758241758241759,0.6483516483516484,0.6263736263736264,True,2015/2016,SLF_IMIS_DAILY_SNOW,Glacier de Saleina,False,7.038522,45.976289,2942,SNOW_FLAT
FOU4,2016,0,0,NA,NA,NA,0,0,0,0,NA,181,0.0,NA,NA,NA,False,2016/2017,SLF_IMIS_DAILY_SNOW,Glacier de Saleina,False,7.038522,45.976289,2942,SNOW_FLAT
FOU4,2017,0,0,NA,NA,NA,0,0,0,0,NA,181,0.0,NA,NA,NA,False,2017/2018,SLF_IMIS_DAILY_SNOW,Glacier de Saleina,False,7.038522,45.976289,2942,SNOW_FLAT
FOU4,2018,0,0,NA,NA,NA,0,0,0,0,NA,181,0.0,NA,NA,NA,False,2018/2019,SLF_IMIS_DAILY_SNOW,Glacier de Saleina,False,7.038522,45.976289,2942,SNOW_FLAT
FOU4,2019,0,0,NA,NA,NA,0,0,0,0,NA,182,0.0,NA,NA,NA,False,2019/2020,SLF_IMIS_DAILY_SNOW,Glacier de Saleina,False,7.038522,45.976289,2942,SNOW_FLAT
FOU4,2020,0,0,NA,NA,NA,0,0,0,0,NA,181,0.0,NA,NA,NA,False,2020/2021,SLF_IMIS_DAILY_SNOW,Glacier de Saleina,False,7.038522,45.976289,2942,SNOW_FLAT
FOU4,2021,0,0,NA,NA,NA,0,0,0,0,NA,181,0.0,NA,NA,NA,False,2021/2022,SLF_IMIS_DAILY_SNOW,Glacier de Saleina,False,7.038522,45.976289,2942,SNOW_FLAT
FOU4,2022,0,0,NA,NA,NA,0,0,0,0,NA,181,0.0,NA,NA,NA,False,2022/2023,SLF_IMIS_DAILY_SNOW,Glacier de Saleina,False,7.038522,45.976289,2942,SNOW_FLAT
FOU4,2023,0,0,NA,NA,NA,0,0,0,0,NA,182,0.0,NA,NA,NA,False,2023/2024,SLF_IMIS_DAILY_SNOW,Glacier de Saleina,False,7.038522,45.976289,2942,SNOW_FLAT
FOU4,2024,0,0,NA,NA,NA,0,0,0,0,NA,181,0.0,NA,NA,NA,False,2024/2025,SLF_IMIS_DAILY_SNOW,Glacier de Saleina,False,7.038522,45.976289,2942,SNOW_FLAT
FOU4,2025,0,0,NA,NA,NA,0,0,0,0,NA,181,0.0,NA,NA,NA,False,2025/2026,SLF_IMIS_DAILY_SNOW,Glacier de Saleina,False,7.038522,45.976289,2942,SNOW_FLAT
FRA2,2013,181,0,160.67403314917127,183.0,318.0,166,163,149,181,1333.1,181,1.0,0.9171270718232044,0.9005524861878453,0.8232044198895028,True,2013/2014,SLF_IMIS_DAILY_SNOW,Efra,True,8.853177,46.338237,2100,SNOW_FLAT
FRA2,2014,181,0,171.22099447513813,178.0,267.0,178,177,174,13,28.0,181,1.0,0.9834254143646409,0.9779005524861878,0.9613259668508287,True,2014/2015,SLF_IMIS_DAILY_SNOW,Efra,True,8.853177,46.338237,2100,SNOW_FLAT
FRA2,2015,182,0,58.027472527472526,43.0,155.0,117,114,111,182,562.4,182,1.0,0.6428571428571429,0.6263736263736264,0.6098901098901099,True,2015/2016,SLF_IMIS_DAILY_SNOW,Efra,True,8.853177,46.338237,2100,SNOW_FLAT
FRA2,2016,181,0,83.5524861878453,69.0,185.0,176,163,162,181,779.5,181,1.0,0.9723756906077348,0.9005524861878453,0.8950276243093923,True,2016/2017,SLF_IMIS_DAILY_SNOW,Efra,True,8.853177,46.338237,2100,SNOW_FLAT
FRA2,2017,181,0,128.41436464088397,151.0,263.0,176,157,150,181,965.3,181,1.0,0.9723756906077348,0.8674033149171271,0.8287292817679558,True,2017/2018,SLF_IMIS_DAILY_SNOW,Efra,True,8.853177,46.338237,2100,SNOW_FLAT
FRA2,2018,180,0,121.74444444444444,114.0,239.0,180,180,180,181,772.1000000000001,181,0.994475138121547,1.0,1.0,1.0,True,2018/2019,SLF_IMIS_DAILY_SNOW,Efra,True,8.853177,46.338237,2100,SNOW_FLAT
FRA2,2019,182,0,162.0934065934066,179.0,237.0,180,179,175,182,876.0999999999999,182,1.0,0.989010989010989,0.9835164835164835,0.9615384615384616,True,2019/2020,SLF_IMIS_DAILY_SNOW,Efra,True,8.853177,46.338237,2100,SNOW_FLAT
FRA2,2020,181,0,96.77900552486187,108.0,172.0,147,147,147,181,637.9,181,1.0,0.8121546961325967,0.8121546961325967,0.8121546961325967,True,2020/2021,SLF_IMIS_DAILY_SNOW,Efra,True,8.853177,46.338237,2100,SNOW_FLAT
FRA2,2021,181,0,45.651933701657455,45.0,82.0,173,169,160,181,403.3,181,1.0,0.9558011049723757,0.9337016574585635,0.8839779005524862,True,2021/2022,SLF_IMIS_DAILY_SNOW,Efra,True,8.853177,46.338237,2100,SNOW_FLAT
FRA2,2022,181,0,45.806629834254146,48.0,98.0,174,148,148,181,360.8,181,1.0,0.9613259668508287,0.8176795580110497,0.8176795580110497,True,2022/2023,SLF_IMIS_DAILY_SNOW,Efra,True,8.853177,46.338237,2100,SNOW_FLAT
FRA2,2023,182,0,121.58241758241758,72.5,299.0,182,180,180,182,1118.7,182,1.0,1.0,0.989010989010989,0.989010989010989,True,2023/2024,SLF_IMIS_DAILY_SNOW,Efra,True,8.853177,46.338237,2100,SNOW_FLAT
FRA2,2024,181,0,83.72375690607734,105.0,191.0,161,160,139,181,710.0999999999999,181,1.0,0.8895027624309392,0.8839779005524862,0.7679558011049724,True,2024/2025,SLF_IMIS_DAILY_SNOW,Efra,True,8.853177,46.338237,2100,SNOW_FLAT
FRA2,2025,181,0,60.72375690607735,52.0,174.0,158,133,130,181,554.1999999999999,181,1.0,0.8729281767955801,0.7348066298342542,0.7182320441988951,True,2025/2026,SLF_IMIS_DAILY_SNOW,Efra,True,8.853177,46.338237,2100,SNOW_FLAT
FRA3,2013,181,0,82.72375690607734,85.0,212.0,134,123,118,181,1321.8,181,1.0,0.7403314917127072,0.6795580110497238,0.6519337016574586,True,2013/2014,SLF_IMIS_DAILY_SNOW,Costa,True,8.818115,46.351958,2170,SNOW_SLOPE
FRA3,2014,181,0,64.22651933701657,68.0,133.0,163,161,155,181,878.6999999999999,181,1.0,0.9005524861878453,0.8895027624309392,0.856353591160221,True,2014/2015,SLF_IMIS_DAILY_SNOW,Costa,True,8.818115,46.351958,2170,SNOW_SLOPE
FRA3,2015,182,0,8.39010989010989,1.0,66.0,49,33,19,182,401.0,182,1.0,0.2692307692307692,0.1813186813186813,0.1043956043956044,True,2015/2016,SLF_IMIS_DAILY_SNOW,Costa,True,8.818115,46.351958,2170,SNOW_SLOPE
FRA3,2016,181,0,6.45303867403315,1.0,58.0,42,22,11,181,492.09999999999997,181,1.0,0.23204419889502761,0.12154696132596685,0.06077348066298342,True,2016/2017,SLF_IMIS_DAILY_SNOW,Costa,True,8.818115,46.351958,2170,SNOW_SLOPE
FRA3,2017,181,0,50.01657458563536,60.0,128.0,142,123,121,181,846.1,181,1.0,0.7845303867403315,0.6795580110497238,0.6685082872928176,True,2017/2018,SLF_IMIS_DAILY_SNOW,Costa,True,8.818115,46.351958,2170,SNOW_SLOPE
FRA3,2018,181,0,13.342541436464089,12.0,52.0,109,48,14,181,569.9,181,1.0,0.6022099447513812,0.26519337016574585,0.07734806629834254,True,2018/2019,SLF_IMIS_DAILY_SNOW,Costa,True,8.818115,46.351958,2170,SNOW_SLOPE
FRA3,2019,182,0,73.28021978021978,83.0,158.0,154,149,143,182,879.3,182,1.0,0.8461538461538461,0.8186813186813187,0.7857142857142857,True,2019/2020,SLF_IMIS_DAILY_SNOW,Costa,True,8.818115,46.351958,2170,SNOW_SLOPE
FRA3,2020,181,0,47.28729281767956,45.0,133.0,126,116,111,181,689.4000000000001,181,1.0,0.6961325966850829,0.6408839779005525,0.6132596685082873,True,2020/2021,SLF_IMIS_DAILY_SNOW,Costa,True,8.818115,46.351958,2170,SNOW_SLOPE
FRA3,2021,181,0,3.6187845303867405,1.0,44.0,17,11,5,181,377.4,181,1.0,0.09392265193370165,0.06077348066298342,0.027624309392265192,True,2021/2022,SLF_IMIS_DAILY_SNOW,Costa,True,8.818115,46.351958,2170,SNOW_SLOPE
FRA3,2022,181,0,7.276243093922652,1.0,44.0,55,24,12,181,386.6,181,1.0,0.30386740331491713,0.13259668508287292,0.06629834254143646,True,2022/2023,SLF_IMIS_DAILY_SNOW,Costa,True,8.818115,46.351958,2170,SNOW_SLOPE
FRA3,2023,182,0,26.62087912087912,13.0,123.0,103,77,56,182,1050.3999999999999,182,1.0,0.5659340659340659,0.4230769230769231,0.3076923076923077,True,2023/2024,SLF_IMIS_DAILY_SNOW,Costa,True,8.818115,46.351958,2170,SNOW_SLOPE
FRA3,2024,181,0,13.712707182320441,4.0,64.0,76,52,34,181,611.6999999999999,181,1.0,0.4198895027624309,0.287292817679558,0.1878453038674033,True,2024/2025,SLF_IMIS_DAILY_SNOW,Costa,True,8.818115,46.351958,2170,SNOW_SLOPE
FRA3,2025,181,0,4.9779005524861875,1.0,55.0,34,15,8,181,376.40000000000003,181,1.0,0.1878453038674033,0.08287292817679558,0.04419889502762431,True,2025/2026,SLF_IMIS_DAILY_SNOW,Costa,True,8.818115,46.351958,2170,SNOW_SLOPE
FUL2,2013,181,0,186.08839779005524,194.0,324.0,177,177,176,181,1080.3000000000002,181,1.0,0.9779005524861878,0.9779005524861878,0.9723756906077348,True,2013/2014,SLF_IMIS_DAILY_SNOW,Grand Cor,True,7.089661,46.194684,2602,SNOW_FLAT
FUL2,2014,181,0,162.41436464088397,190.0,301.0,181,176,167,181,964.1999999999999,181,1.0,1.0,0.9723756906077348,0.9226519337016574,True,2014/2015,SLF_IMIS_DAILY_SNOW,Grand Cor,True,7.089661,46.194684,2602,SNOW_FLAT
FUL2,2015,182,0,220.21428571428572,218.0,417.0,161,161,161,182,1444.5,182,1.0,0.8846153846153846,0.8846153846153846,0.8846153846153846,True,2015/2016,SLF_IMIS_DAILY_SNOW,Grand Cor,True,7.089661,46.194684,2602,SNOW_FLAT
FUL2,2016,181,0,160.23756906077347,154.0,332.0,176,175,174,181,1102.8,181,1.0,0.9723756906077348,0.9668508287292817,0.9613259668508287,True,2016/2017,SLF_IMIS_DAILY_SNOW,Grand Cor,True,7.089661,46.194684,2602,SNOW_FLAT
FUL2,2017,181,0,273.1160220994475,324.0,434.0,181,179,176,181,1478.4,181,1.0,1.0,0.988950276243094,0.9723756906077348,True,2017/2018,SLF_IMIS_DAILY_SNOW,Grand Cor,True,7.089661,46.194684,2602,SNOW_FLAT
FUL2,2018,181,0,243.34254143646407,309.0,401.0,181,181,167,181,1186.4,181,1.0,1.0,1.0,0.9226519337016574,True,2018/2019,SLF_IMIS_DAILY_SNOW,Grand Cor,True,7.089661,46.194684,2602,SNOW_FLAT
FUL2,2019,182,0,189.16483516483515,206.0,342.0,179,178,176,182,999.6999999999998,182,1.0,0.9835164835164835,0.978021978021978,0.967032967032967,True,2019/2020,SLF_IMIS_DAILY_SNOW,Grand Cor,True,7.089661,46.194684,2602,SNOW_FLAT
FUL2,2020,181,0,238.01657458563537,329.0,469.0,181,181,168,181,1304.5,181,1.0,1.0,1.0,0.9281767955801105,True,2020/2021,SLF_IMIS_DAILY_SNOW,Grand Cor,True,7.089661,46.194684,2602,SNOW_FLAT
FUL2,2021,181,0,180.21546961325967,207.0,321.0,178,159,153,181,1023.9999999999999,181,1.0,0.9834254143646409,0.8784530386740331,0.8453038674033149,True,2021/2022,SLF_IMIS_DAILY_SNOW,Grand Cor,True,7.089661,46.194684,2602,SNOW_FLAT
FUL2,2022,181,0,155.46408839779005,151.0,341.0,169,165,163,181,1136.4,181,1.0,0.9337016574585635,0.9116022099447514,0.9005524861878453,True,2022/2023,SLF_IMIS_DAILY_SNOW,Grand Cor,True,7.089661,46.194684,2602,SNOW_FLAT
FUL2,2023,182,0,286.13186813186815,290.5,456.0,180,180,179,182,1547.8000000000002,182,1.0,0.989010989010989,0.989010989010989,0.9835164835164835,True,2023/2024,SLF_IMIS_DAILY_SNOW,Grand Cor,True,7.089661,46.194684,2602,SNOW_FLAT
FUL2,2024,181,0,177.40883977900552,224.0,284.0,161,161,161,181,914.8000000000001,181,1.0,0.8895027624309392,0.8895027624309392,0.8895027624309392,True,2024/2025,SLF_IMIS_DAILY_SNOW,Grand Cor,True,7.089661,46.194684,2602,SNOW_FLAT
FUL2,2025,181,0,200.0,170.0,396.0,181,181,181,181,1028.6,181,1.0,1.0,1.0,1.0,True,2025/2026,SLF_IMIS_DAILY_SNOW,Grand Cor,True,7.089661,46.194684,2602,SNOW_FLAT
FUS2,2013,181,0,205.353591160221,220.0,356.0,175,175,171,181,1330.3,181,1.0,0.9668508287292817,0.9668508287292817,0.9447513812154696,True,2013/2014,SLF_IMIS_DAILY_SNOW,Alpe di Röd,True,8.620446,46.436421,2390,SNOW_FLAT
FUS2,2014,181,0,271.37016574585635,289.0,374.0,176,176,176,181,1220.6,181,1.0,0.9723756906077348,0.9723756906077348,0.9723756906077348,True,2014/2015,SLF_IMIS_DAILY_SNOW,Alpe di Röd,True,8.620446,46.436421,2390,SNOW_FLAT
FUS2,2015,182,0,97.01648351648352,81.5,210.0,170,161,125,182,722.0,182,1.0,0.9340659340659341,0.8846153846153846,0.6868131868131868,True,2015/2016,SLF_IMIS_DAILY_SNOW,Alpe di Röd,True,8.620446,46.436421,2390,SNOW_FLAT
FUS2,2016,181,0,126.03867403314918,126.0,218.0,178,173,171,181,744.5,181,1.0,0.9834254143646409,0.9558011049723757,0.9447513812154696,True,2016/2017,SLF_IMIS_DAILY_SNOW,Alpe di Röd,True,8.620446,46.436421,2390,SNOW_FLAT
FUS2,2017,181,0,180.49171270718233,223.0,322.0,176,176,176,181,1145.6,181,1.0,0.9723756906077348,0.9723756906077348,0.9723756906077348,True,2017/2018,SLF_IMIS_DAILY_SNOW,Alpe di Röd,True,8.620446,46.436421,2390,SNOW_FLAT
FUS2,2018,181,0,226.98342541436463,227.0,361.0,181,181,181,181,1114.6,181,1.0,1.0,1.0,1.0,True,2018/2019,SLF_IMIS_DAILY_SNOW,Alpe di Röd,True,8.620446,46.436421,2390,SNOW_FLAT
FUS2,2019,182,0,187.66483516483515,194.5,269.0,179,179,174,182,929.1999999999998,182,1.0,0.9835164835164835,0.9835164835164835,0.9560439560439561,True,2019/2020,SLF_IMIS_DAILY_SNOW,Alpe di Röd,True,8.620446,46.436421,2390,SNOW_FLAT
FUS2,2020,181,0,160.1878453038674,200.0,252.0,181,181,181,181,778.6,181,1.0,1.0,1.0,1.0,True,2020/2021,SLF_IMIS_DAILY_SNOW,Alpe di Röd,True,8.620446,46.436421,2390,SNOW_FLAT
FUS2,2021,181,0,95.44198895027624,96.0,139.0,180,180,178,181,486.4,181,1.0,0.994475138121547,0.994475138121547,0.9834254143646409,True,2021/2022,SLF_IMIS_DAILY_SNOW,Alpe di Röd,True,8.620446,46.436421,2390,SNOW_FLAT
FUS2,2022,181,0,89.0939226519337,86.0,172.0,177,168,148,181,561.9,181,1.0,0.9779005524861878,0.9281767955801105,0.8176795580110497,True,2022/2023,SLF_IMIS_DAILY_SNOW,Alpe di Röd,True,8.620446,46.436421,2390,SNOW_FLAT
FUS2,2023,182,0,151.62637362637363,126.0,296.0,180,180,180,182,1205.0,182,1.0,0.989010989010989,0.989010989010989,0.989010989010989,True,2023/2024,SLF_IMIS_DAILY_SNOW,Alpe di Röd,True,8.620446,46.436421,2390,SNOW_FLAT
FUS2,2024,181,0,106.31491712707182,129.0,191.0,166,162,160,181,772.8,181,1.0,0.9171270718232044,0.8950276243093923,0.8839779005524862,True,2024/2025,SLF_IMIS_DAILY_SNOW,Alpe di Röd,True,8.620446,46.436421,2390,SNOW_FLAT
FUS2,2025,181,0,110.25414364640883,119.0,218.0,181,166,164,181,629.0,181,1.0,1.0,0.9171270718232044,0.9060773480662984,True,2025/2026,SLF_IMIS_DAILY_SNOW,Alpe di Röd,True,8.620446,46.436421,2390,SNOW_FLAT
GAD2,2013,180,0,86.8,84.0,160.0,172,169,169,181,834.0999999999999,181,0.994475138121547,0.9555555555555556,0.9388888888888889,0.9388888888888889,True,2013/2014,SLF_IMIS_DAILY_SNOW,Gschletteregg,True,8.397488,46.744189,2063,SNOW_FLAT
GAD2,2014,181,0,142.20994475138122,175.0,319.0,175,160,155,181,1227.0,181,1.0,0.9668508287292817,0.8839779005524862,0.856353591160221,True,2014/2015,SLF_IMIS_DAILY_SNOW,Gschletteregg,True,8.397488,46.744189,2063,SNOW_FLAT
GAD2,2015,182,0,120.26923076923077,125.0,242.0,161,161,161,182,976.2,182,1.0,0.8846153846153846,0.8846153846153846,0.8846153846153846,True,2015/2016,SLF_IMIS_DAILY_SNOW,Gschletteregg,True,8.397488,46.744189,2063,SNOW_FLAT
GAD2,2016,181,0,88.62983425414365,98.0,212.0,175,134,127,181,1033.5,181,1.0,0.9668508287292817,0.7403314917127072,0.7016574585635359,True,2016/2017,SLF_IMIS_DAILY_SNOW,Gschletteregg,True,8.397488,46.744189,2063,SNOW_FLAT
GAD2,2017,181,0,244.01657458563537,296.0,449.0,181,176,176,181,1345.3999999999999,181,1.0,1.0,0.9723756906077348,0.9723756906077348,True,2017/2018,SLF_IMIS_DAILY_SNOW,Gschletteregg,True,8.397488,46.744189,2063,SNOW_FLAT
GAD2,2018,181,0,162.76795580110496,203.0,353.0,155,151,143,181,1199.6000000000001,181,1.0,0.856353591160221,0.8342541436464088,0.7900552486187845,True,2018/2019,SLF_IMIS_DAILY_SNOW,Gschletteregg,True,8.397488,46.744189,2063,SNOW_FLAT
GAD2,2019,182,0,115.58791208791209,118.0,221.0,176,167,162,182,776.8,182,1.0,0.967032967032967,0.9175824175824175,0.8901098901098901,True,2019/2020,SLF_IMIS_DAILY_SNOW,Gschletteregg,True,8.397488,46.744189,2063,SNOW_FLAT
GAD2,2020,181,0,187.4364640883978,250.0,365.0,160,155,149,181,1164.2,181,1.0,0.8839779005524862,0.856353591160221,0.8232044198895028,True,2020/2021,SLF_IMIS_DAILY_SNOW,Gschletteregg,True,8.397488,46.744189,2063,SNOW_FLAT
GAD2,2021,181,0,145.48066298342542,149.0,258.0,162,160,155,181,958.8,181,1.0,0.8950276243093923,0.8839779005524862,0.856353591160221,True,2021/2022,SLF_IMIS_DAILY_SNOW,Gschletteregg,True,8.397488,46.744189,2063,SNOW_FLAT
GAD2,2022,181,0,99.84530386740332,98.0,255.0,177,164,155,181,824.9000000000001,181,1.0,0.9779005524861878,0.9060773480662984,0.856353591160221,True,2022/2023,SLF_IMIS_DAILY_SNOW,Gschletteregg,True,8.397488,46.744189,2063,SNOW_FLAT
GAD2,2023,182,0,187.1043956043956,208.0,326.0,180,179,171,182,1782.9,182,1.0,0.989010989010989,0.9835164835164835,0.9395604395604396,True,2023/2024,SLF_IMIS_DAILY_SNOW,Gschletteregg,True,8.397488,46.744189,2063,SNOW_FLAT
GAD2,2024,181,0,108.7182320441989,133.0,175.0,162,161,160,181,620.6,181,1.0,0.8950276243093923,0.8895027624309392,0.8839779005524862,True,2024/2025,SLF_IMIS_DAILY_SNOW,Gschletteregg,True,8.397488,46.744189,2063,SNOW_FLAT
GAD2,2025,181,0,121.11602209944752,94.0,315.0,181,170,163,181,833.8000000000001,181,1.0,1.0,0.9392265193370166,0.9005524861878453,True,2025/2026,SLF_IMIS_DAILY_SNOW,Gschletteregg,True,8.397488,46.744189,2063,SNOW_FLAT
GAL2,2013,0,0,NA,NA,NA,0,0,0,0,NA,181,0.0,NA,NA,NA,False,2013/2014,SLF_IMIS_DAILY_SNOW,"Galmihorn, Schneestation",False,8.228563,46.489124,2430,SNOW_FLAT
GAL2,2014,0,0,NA,NA,NA,0,0,0,0,NA,181,0.0,NA,NA,NA,False,2014/2015,SLF_IMIS_DAILY_SNOW,"Galmihorn, Schneestation",False,8.228563,46.489124,2430,SNOW_FLAT
GAL2,2015,0,0,NA,NA,NA,0,0,0,0,NA,182,0.0,NA,NA,NA,False,2015/2016,SLF_IMIS_DAILY_SNOW,"Galmihorn, Schneestation",False,8.228563,46.489124,2430,SNOW_FLAT
GAL2,2016,0,0,NA,NA,NA,0,0,0,0,NA,181,0.0,NA,NA,NA,False,2016/2017,SLF_IMIS_DAILY_SNOW,"Galmihorn, Schneestation",False,8.228563,46.489124,2430,SNOW_FLAT
GAL2,2017,0,0,NA,NA,NA,0,0,0,0,NA,181,0.0,NA,NA,NA,False,2017/2018,SLF_IMIS_DAILY_SNOW,"Galmihorn, Schneestation",False,8.228563,46.489124,2430,SNOW_FLAT
GAL2,2018,0,0,NA,NA,NA,0,0,0,0,NA,181,0.0,NA,NA,NA,False,2018/2019,SLF_IMIS_DAILY_SNOW,"Galmihorn, Schneestation",False,8.228563,46.489124,2430,SNOW_FLAT
GAL2,2019,0,0,NA,NA,NA,0,0,0,0,NA,182,0.0,NA,NA,NA,False,2019/2020,SLF_IMIS_DAILY_SNOW,"Galmihorn, Schneestation",False,8.228563,46.489124,2430,SNOW_FLAT
GAL2,2020,0,0,NA,NA,NA,0,0,0,0,NA,181,0.0,NA,NA,NA,False,2020/2021,SLF_IMIS_DAILY_SNOW,"Galmihorn, Schneestation",False,8.228563,46.489124,2430,SNOW_FLAT
GAL2,2021,0,0,NA,NA,NA,0,0,0,0,NA,181,0.0,NA,NA,NA,False,2021/2022,SLF_IMIS_DAILY_SNOW,"Galmihorn, Schneestation",False,8.228563,46.489124,2430,SNOW_FLAT
GAL2,2022,0,0,NA,NA,NA,0,0,0,0,NA,181,0.0,NA,NA,NA,False,2022/2023,SLF_IMIS_DAILY_SNOW,"Galmihorn, Schneestation",False,8.228563,46.489124,2430,SNOW_FLAT
GAL2,2023,0,0,NA,NA,NA,0,0,0,0,NA,182,0.0,NA,NA,NA,False,2023/2024,SLF_IMIS_DAILY_SNOW,"Galmihorn, Schneestation",False,8.228563,46.489124,2430,SNOW_FLAT
GAL2,2024,0,0,NA,NA,NA,0,0,0,0,NA,181,0.0,NA,NA,NA,False,2024/2025,SLF_IMIS_DAILY_SNOW,"Galmihorn, Schneestation",False,8.228563,46.489124,2430,SNOW_FLAT
GAL2,2025,0,0,NA,NA,NA,0,0,0,0,NA,181,0.0,NA,NA,NA,False,2025/2026,SLF_IMIS_DAILY_SNOW,"Galmihorn, Schneestation",False,8.228563,46.489124,2430,SNOW_FLAT
GAN2,2013,181,0,152.62983425414365,163.0,249.0,179,178,178,181,1029.1000000000001,181,1.0,0.988950276243094,0.9834254143646409,0.9834254143646409,True,2013/2014,SLF_IMIS_DAILY_SNOW,Gandegg,True,7.760606,46.429261,2710,SNOW_FLAT
GAN2,2014,181,0,177.9889502762431,200.0,359.0,181,181,177,181,1326.8000000000002,181,1.0,1.0,1.0,0.9779005524861878,True,2014/2015,SLF_IMIS_DAILY_SNOW,Gandegg,True,7.760606,46.429261,2710,SNOW_FLAT
GAN2,2015,182,0,215.3901098901099,240.5,390.0,162,162,161,182,1541.8,182,1.0,0.8901098901098901,0.8901098901098901,0.8846153846153846,True,2015/2016,SLF_IMIS_DAILY_SNOW,Gandegg,True,7.760606,46.429261,2710,SNOW_FLAT
GAN2,2016,181,0,168.1657458563536,166.0,322.0,181,176,174,181,1310.0,181,1.0,1.0,0.9723756906077348,0.9613259668508287,True,2016/2017,SLF_IMIS_DAILY_SNOW,Gandegg,True,7.760606,46.429261,2710,SNOW_FLAT
GAN2,2017,181,0,337.414364640884,432.0,523.0,181,181,177,181,1941.4,181,1.0,1.0,1.0,0.9779005524861878,True,2017/2018,SLF_IMIS_DAILY_SNOW,Gandegg,True,7.760606,46.429261,2710,SNOW_FLAT
GAN2,2018,181,0,225.80662983425415,281.0,368.0,181,181,175,181,1420.0,181,1.0,1.0,1.0,0.9668508287292817,True,2018/2019,SLF_IMIS_DAILY_SNOW,Gandegg,True,7.760606,46.429261,2710,SNOW_FLAT
GAN2,2019,182,0,228.2912087912088,208.0,477.0,179,179,178,182,1549.6,182,1.0,0.9835164835164835,0.9835164835164835,0.978021978021978,True,2019/2020,SLF_IMIS_DAILY_SNOW,Gandegg,True,7.760606,46.429261,2710,SNOW_FLAT
GAN2,2020,181,0,238.79558011049724,306.0,444.0,181,181,181,181,1427.4999999999998,181,1.0,1.0,1.0,1.0,True,2020/2021,SLF_IMIS_DAILY_SNOW,Gandegg,True,7.760606,46.429261,2710,SNOW_FLAT
GAN2,2021,181,0,188.06629834254144,215.0,309.0,180,176,168,181,1359.3000000000002,181,1.0,0.994475138121547,0.9723756906077348,0.9281767955801105,True,2021/2022,SLF_IMIS_DAILY_SNOW,Gandegg,True,7.760606,46.429261,2710,SNOW_FLAT
GAN2,2022,181,0,167.3756906077348,157.0,390.0,177,177,167,181,1440.1,181,1.0,0.9779005524861878,0.9779005524861878,0.9226519337016574,True,2022/2023,SLF_IMIS_DAILY_SNOW,Gandegg,True,7.760606,46.429261,2710,SNOW_FLAT
GAN2,2023,182,0,315.7032967032967,336.5,465.0,182,182,182,182,1822.9,182,1.0,1.0,1.0,1.0,True,2023/2024,SLF_IMIS_DAILY_SNOW,Gandegg,True,7.760606,46.429261,2710,SNOW_FLAT
GAN2,2024,181,0,172.35911602209944,210.0,291.0,162,162,161,181,1106.2999999999997,181,1.0,0.8950276243093923,0.8950276243093923,0.8895027624309392,True,2024/2025,SLF_IMIS_DAILY_SNOW,Gandegg,True,7.760606,46.429261,2710,SNOW_FLAT
GAN2,2025,181,0,202.75138121546962,185.0,414.0,181,181,181,181,1196.6,181,1.0,1.0,1.0,1.0,True,2025/2026,SLF_IMIS_DAILY_SNOW,Gandegg,True,7.760606,46.429261,2710,SNOW_FLAT
GLA2,2013,181,0,130.18232044198896,138.0,241.0,172,171,169,181,880.6999999999998,181,1.0,0.9502762430939227,0.9447513812154696,0.9337016574585635,True,2013/2014,SLF_IMIS_DAILY_SNOW,Guppen,True,9.037582,46.996629,1632,SNOW_FLAT
GLA2,2014,181,0,126.04972375690608,157.0,283.0,162,146,139,181,1141.1,181,1.0,0.8950276243093923,0.8066298342541437,0.7679558011049724,True,2014/2015,SLF_IMIS_DAILY_SNOW,Guppen,True,9.037582,46.996629,1632,SNOW_FLAT
GLA2,2015,182,0,173.64285714285714,196.5,362.0,161,161,161,182,1400.1,182,1.0,0.8846153846153846,0.8846153846153846,0.8846153846153846,True,2015/2016,SLF_IMIS_DAILY_SNOW,Guppen,True,9.037582,46.996629,1632,SNOW_FLAT
GLA2,2016,181,0,95.0828729281768,113.0,240.0,136,132,128,181,1069.5,181,1.0,0.7513812154696132,0.7292817679558011,0.7071823204419889,True,2016/2017,SLF_IMIS_DAILY_SNOW,Guppen,True,9.037582,46.996629,1632,SNOW_FLAT
GLA2,2017,181,0,248.52486187845304,304.0,415.0,176,175,171,181,1461.2,181,1.0,0.9723756906077348,0.9668508287292817,0.9447513812154696,True,2017/2018,SLF_IMIS_DAILY_SNOW,Guppen,True,9.037582,46.996629,1632,SNOW_FLAT
GLA2,2018,181,0,184.4696132596685,247.0,346.0,151,145,143,181,1272.3000000000002,181,1.0,0.8342541436464088,0.8011049723756906,0.7900552486187845,True,2018/2019,SLF_IMIS_DAILY_SNOW,Guppen,True,9.037582,46.996629,1632,SNOW_FLAT
GLA2,2019,182,0,154.1098901098901,156.0,322.0,176,167,155,182,1198.6999999999998,182,1.0,0.967032967032967,0.9175824175824175,0.8516483516483516,True,2019/2020,SLF_IMIS_DAILY_SNOW,Guppen,True,9.037582,46.996629,1632,SNOW_FLAT
GLA2,2020,181,0,160.3977900552486,224.0,372.0,140,128,127,181,1335.8999999999999,181,1.0,0.7734806629834254,0.7071823204419889,0.7016574585635359,True,2020/2021,SLF_IMIS_DAILY_SNOW,Guppen,True,9.037582,46.996629,1632,SNOW_FLAT
GLA2,2021,181,0,165.56906077348066,168.0,297.0,159,157,154,181,1181.8000000000002,181,1.0,0.8784530386740331,0.8674033149171271,0.850828729281768,True,2021/2022,SLF_IMIS_DAILY_SNOW,Guppen,True,9.037582,46.996629,1632,SNOW_FLAT
GLA2,2022,181,0,88.1767955801105,88.0,200.0,163,162,160,181,961.9,181,1.0,0.9005524861878453,0.8950276243093923,0.8839779005524862,True,2022/2023,SLF_IMIS_DAILY_SNOW,Guppen,True,9.037582,46.996629,1632,SNOW_FLAT
GLA2,2023,182,0,185.66483516483515,204.0,308.0,179,174,168,182,1415.0,182,1.0,0.9835164835164835,0.9560439560439561,0.9230769230769231,True,2023/2024,SLF_IMIS_DAILY_SNOW,Guppen,True,9.037582,46.996629,1632,SNOW_FLAT
GLA2,2024,181,0,113.7292817679558,139.0,194.0,164,164,161,181,727.5,181,1.0,0.9060773480662984,0.9060773480662984,0.8895027624309392,True,2024/2025,SLF_IMIS_DAILY_SNOW,Guppen,True,9.037582,46.996629,1632,SNOW_FLAT
GLA2,2025,181,0,114.35911602209944,110.0,271.0,179,165,161,181,1019.6,181,1.0,0.988950276243094,0.9116022099447514,0.8895027624309392,True,2025/2026,SLF_IMIS_DAILY_SNOW,Guppen,True,9.037582,46.996629,1632,SNOW_FLAT
GOM2,2013,181,0,114.78453038674033,120.0,206.0,177,173,171,181,868.1999999999998,181,1.0,0.9779005524861878,0.9558011049723757,0.9447513812154696,True,2013/2014,SLF_IMIS_DAILY_SNOW,Bodmerchumma,True,8.232494,46.420456,2439,SNOW_FLAT
GOM2,2014,181,0,182.6685082872928,186.0,266.0,178,177,177,181,1009.3,181,1.0,0.9834254143646409,0.9779005524861878,0.9779005524861878,True,2014/2015,SLF_IMIS_DAILY_SNOW,Bodmerchumma,True,8.232494,46.420456,2439,SNOW_FLAT
GOM2,2015,182,0,81.81868131868131,71.5,176.0,162,161,128,182,671.3000000000001,182,1.0,0.8901098901098901,0.8846153846153846,0.7032967032967034,True,2015/2016,SLF_IMIS_DAILY_SNOW,Bodmerchumma,True,8.232494,46.420456,2439,SNOW_FLAT
GOM2,2016,181,0,73.48618784530387,72.0,149.0,175,170,163,181,578.4,181,1.0,0.9668508287292817,0.9392265193370166,0.9005524861878453,True,2016/2017,SLF_IMIS_DAILY_SNOW,Bodmerchumma,True,8.232494,46.420456,2439,SNOW_FLAT
GOM2,2017,180,0,150.56666666666666,196.0,277.0,175,169,152,181,964.5,181,0.994475138121547,0.9722222222222222,0.9388888888888889,0.8444444444444444,True,2017/2018,SLF_IMIS_DAILY_SNOW,Bodmerchumma,True,8.232494,46.420456,2439,SNOW_FLAT
GOM2,2018,181,0,188.38121546961327,196.0,313.0,181,181,181,181,897.5000000000001,181,1.0,1.0,1.0,1.0,True,2018/2019,SLF_IMIS_DAILY_SNOW,Bodmerchumma,True,8.232494,46.420456,2439,SNOW_FLAT
GOM2,2019,182,0,131.75824175824175,135.0,203.0,178,174,174,182,772.5,182,1.0,0.978021978021978,0.9560439560439561,0.9560439560439561,True,2019/2020,SLF_IMIS_DAILY_SNOW,Bodmerchumma,True,8.232494,46.420456,2439,SNOW_FLAT
GOM2,2020,181,0,124.00552486187846,151.0,209.0,181,167,148,181,690.3,181,1.0,1.0,0.9226519337016574,0.8176795580110497,True,2020/2021,SLF_IMIS_DAILY_SNOW,Bodmerchumma,True,8.232494,46.420456,2439,SNOW_FLAT
GOM2,2021,181,0,79.06077348066299,83.0,123.0,178,177,162,181,462.8,181,1.0,0.9834254143646409,0.9779005524861878,0.8950276243093923,True,2021/2022,SLF_IMIS_DAILY_SNOW,Bodmerchumma,True,8.232494,46.420456,2439,SNOW_FLAT
GOM2,2022,181,0,63.91160220994475,57.0,134.0,170,152,147,181,480.5,181,1.0,0.9392265193370166,0.8397790055248618,0.8121546961325967,True,2022/2023,SLF_IMIS_DAILY_SNOW,Bodmerchumma,True,8.232494,46.420456,2439,SNOW_FLAT
GOM2,2023,182,0,131.07142857142858,111.0,300.0,180,180,162,182,1102.3000000000002,182,1.0,0.989010989010989,0.989010989010989,0.8901098901098901,True,2023/2024,SLF_IMIS_DAILY_SNOW,Bodmerchumma,True,8.232494,46.420456,2439,SNOW_FLAT
GOM2,2024,181,0,71.34806629834254,81.0,163.0,165,161,160,181,593.0,181,1.0,0.9116022099447514,0.8895027624309392,0.8839779005524862,True,2024/2025,SLF_IMIS_DAILY_SNOW,Bodmerchumma,True,8.232494,46.420456,2439,SNOW_FLAT
GOM2,2025,181,0,69.38674033149171,58.0,163.0,172,158,147,181,569.0999999999999,181,1.0,0.9502762430939227,0.8729281767955801,0.8121546961325967,True,2025/2026,SLF_IMIS_DAILY_SNOW,Bodmerchumma,True,8.232494,46.420456,2439,SNOW_FLAT
GOM3,2013,175,0,105.4,115.0,191.0,172,170,167,181,710.7,181,0.9668508287292817,0.9828571428571429,0.9714285714285714,0.9542857142857143,True,2013/2014,SLF_IMIS_DAILY_SNOW,Treichbode,True,8.22855,46.489142,2427,SNOW_FLAT
GOM3,2014,180,0,133.9111111111111,146.5,256.0,176,175,175,181,855.1,181,0.994475138121547,0.9777777777777777,0.9722222222222222,0.9722222222222222,True,2014/2015,SLF_IMIS_DAILY_SNOW,Treichbode,True,8.22855,46.489142,2427,SNOW_FLAT
GOM3,2015,180,0,109.25555555555556,121.5,200.0,160,159,159,182,794.6,182,0.989010989010989,0.8888888888888888,0.8833333333333333,0.8833333333333333,True,2015/2016,SLF_IMIS_DAILY_SNOW,Treichbode,True,8.22855,46.489142,2427,SNOW_FLAT
GOM3,2016,181,0,77.2486187845304,87.0,160.0,175,174,170,181,558.6,181,1.0,0.9668508287292817,0.9613259668508287,0.9392265193370166,True,2016/2017,SLF_IMIS_DAILY_SNOW,Treichbode,True,8.22855,46.489142,2427,SNOW_FLAT
GOM3,2017,181,0,180.8342541436464,224.0,299.0,181,181,176,181,1346.8,181,1.0,1.0,1.0,0.9723756906077348,True,2017/2018,SLF_IMIS_DAILY_SNOW,Treichbode,True,8.22855,46.489142,2427,SNOW_FLAT
GOM3,2018,181,0,165.65745856353593,188.0,287.0,181,181,181,181,846.2,181,1.0,1.0,1.0,1.0,True,2018/2019,SLF_IMIS_DAILY_SNOW,Treichbode,True,8.22855,46.489142,2427,SNOW_FLAT
GOM3,2019,182,0,132.0164835164835,134.0,228.0,178,176,175,182,788.5,182,1.0,0.978021978021978,0.967032967032967,0.9615384615384616,True,2019/2020,SLF_IMIS_DAILY_SNOW,Treichbode,True,8.22855,46.489142,2427,SNOW_FLAT
GOM3,2020,181,0,122.03867403314918,164.0,233.0,181,168,151,181,770.0999999999999,181,1.0,1.0,0.9281767955801105,0.8342541436464088,True,2020/2021,SLF_IMIS_DAILY_SNOW,Treichbode,True,8.22855,46.489142,2427,SNOW_FLAT
GOM3,2021,181,0,99.74033149171271,113.0,166.0,177,163,154,181,614.8,181,1.0,0.9779005524861878,0.9005524861878453,0.850828729281768,True,2021/2022,SLF_IMIS_DAILY_SNOW,Treichbode,True,8.22855,46.489142,2427,SNOW_FLAT
GOM3,2022,181,0,92.75690607734806,90.0,192.0,174,164,161,181,632.7,181,1.0,0.9613259668508287,0.9060773480662984,0.8895027624309392,True,2022/2023,SLF_IMIS_DAILY_SNOW,Treichbode,True,8.22855,46.489142,2427,SNOW_FLAT
GOM3,2023,182,0,171.57142857142858,175.0,275.0,182,180,179,182,1124.9,182,1.0,1.0,0.989010989010989,0.9835164835164835,True,2023/2024,SLF_IMIS_DAILY_SNOW,Treichbode,True,8.22855,46.489142,2427,SNOW_FLAT
GOM3,2024,181,0,98.9171270718232,117.0,162.0,166,161,161,181,603.4,181,1.0,0.9171270718232044,0.8895027624309392,0.8895027624309392,True,2024/2025,SLF_IMIS_DAILY_SNOW,Treichbode,True,8.22855,46.489142,2427,SNOW_FLAT
GOM3,2025,181,0,105.16022099447514,92.0,188.0,181,181,181,181,506.9,181,1.0,1.0,1.0,1.0,True,2025/2026,SLF_IMIS_DAILY_SNOW,Treichbode,True,8.22855,46.489142,2427,SNOW_FLAT
GOR2,2013,181,0,161.99447513812154,176.0,312.0,181,178,176,181,1055.5,181,1.0,1.0,0.9834254143646409,0.9723756906077348,True,2013/2014,SLF_IMIS_DAILY_SNOW,Gornergratsee,True,7.783599,45.987192,2953,SNOW_FLAT
GOR2,2014,181,0,126.20441988950276,127.0,223.0,177,177,176,181,765.9000000000001,181,1.0,0.9779005524861878,0.9779005524861878,0.9723756906077348,True,2014/2015,SLF_IMIS_DAILY_SNOW,Gornergratsee,True,7.783599,45.987192,2953,SNOW_FLAT
GOR2,2015,182,0,93.25274725274726,90.5,182.0,182,170,161,182,531.8,182,1.0,1.0,0.9340659340659341,0.8846153846153846,True,2015/2016,SLF_IMIS_DAILY_SNOW,Gornergratsee,True,7.783599,45.987192,2953,SNOW_FLAT
GOR2,2016,181,0,112.30939226519337,111.0,189.0,181,178,175,181,554.1,181,1.0,1.0,0.9834254143646409,0.9668508287292817,True,2016/2017,SLF_IMIS_DAILY_SNOW,Gornergratsee,True,7.783599,45.987192,2953,SNOW_FLAT
GOR2,2017,181,0,190.4696132596685,263.0,332.0,176,176,172,181,1304.5,181,1.0,0.9723756906077348,0.9723756906077348,0.9502762430939227,True,2017/2018,SLF_IMIS_DAILY_SNOW,Gornergratsee,True,7.783599,45.987192,2953,SNOW_FLAT
GOR2,2018,181,0,152.12707182320443,165.0,240.0,181,181,181,181,771.8,181,1.0,1.0,1.0,1.0,True,2018/2019,SLF_IMIS_DAILY_SNOW,Gornergratsee,True,7.783599,45.987192,2953,SNOW_FLAT
GOR2,2019,182,0,176.71978021978023,139.5,310.0,179,174,174,182,898.6999999999999,182,1.0,0.9835164835164835,0.9560439560439561,0.9560439560439561,True,2019/2020,SLF_IMIS_DAILY_SNOW,Gornergratsee,True,7.783599,45.987192,2953,SNOW_FLAT
GOR2,2020,181,0,117.19337016574586,145.0,196.0,181,181,181,181,524.2,181,1.0,1.0,1.0,1.0,True,2020/2021,SLF_IMIS_DAILY_SNOW,Gornergratsee,True,7.783599,45.987192,2953,SNOW_FLAT
GOR2,2021,181,0,93.00552486187846,94.0,149.0,180,179,169,181,480.5,181,1.0,0.994475138121547,0.988950276243094,0.9337016574585635,True,2021/2022,SLF_IMIS_DAILY_SNOW,Gornergratsee,True,7.783599,45.987192,2953,SNOW_FLAT
GOR2,2022,181,0,74.30386740331491,68.0,148.0,168,163,153,181,490.5,181,1.0,0.9281767955801105,0.9005524861878453,0.8453038674033149,True,2022/2023,SLF_IMIS_DAILY_SNOW,Gornergratsee,True,7.783599,45.987192,2953,SNOW_FLAT
GOR2,2023,182,0,169.3901098901099,170.0,297.0,182,182,180,182,1018.3,182,1.0,1.0,1.0,0.989010989010989,True,2023/2024,SLF_IMIS_DAILY_SNOW,Gornergratsee,True,7.783599,45.987192,2953,SNOW_FLAT
GOR2,2024,181,0,83.2817679558011,99.0,216.0,161,161,152,181,559.2,181,1.0,0.8895027624309392,0.8895027624309392,0.8397790055248618,True,2024/2025,SLF_IMIS_DAILY_SNOW,Gornergratsee,True,7.783599,45.987192,2953,SNOW_FLAT
GOR2,2025,181,0,87.48618784530387,82.0,188.0,181,181,163,181,475.6000000000001,181,1.0,1.0,1.0,0.9005524861878453,True,2025/2026,SLF_IMIS_DAILY_SNOW,Gornergratsee,True,7.783599,45.987192,2953,SNOW_FLAT
GOS2,2013,0,0,NA,NA,NA,0,0,0,0,NA,181,0.0,NA,NA,NA,False,2013/2014,SLF_IMIS_DAILY_SNOW,Rientallücke,True,8.631772,46.673265,2325,SNOW_FLAT
GOS2,2014,0,0,NA,NA,NA,0,0,0,0,NA,181,0.0,NA,NA,NA,False,2014/2015,SLF_IMIS_DAILY_SNOW,Rientallücke,True,8.631772,46.673265,2325,SNOW_FLAT
GOS2,2015,0,0,NA,NA,NA,0,0,0,0,NA,182,0.0,NA,NA,NA,False,2015/2016,SLF_IMIS_DAILY_SNOW,Rientallücke,True,8.631772,46.673265,2325,SNOW_FLAT
GOS2,2016,0,0,NA,NA,NA,0,0,0,0,NA,181,0.0,NA,NA,NA,False,2016/2017,SLF_IMIS_DAILY_SNOW,Rientallücke,True,8.631772,46.673265,2325,SNOW_FLAT
GOS2,2017,0,0,NA,NA,NA,0,0,0,0,NA,181,0.0,NA,NA,NA,False,2017/2018,SLF_IMIS_DAILY_SNOW,Rientallücke,True,8.631772,46.673265,2325,SNOW_FLAT
GOS2,2018,0,0,NA,NA,NA,0,0,0,0,NA,181,0.0,NA,NA,NA,False,2018/2019,SLF_IMIS_DAILY_SNOW,Rientallücke,True,8.631772,46.673265,2325,SNOW_FLAT
GOS2,2019,0,0,NA,NA,NA,0,0,0,0,NA,182,0.0,NA,NA,NA,False,2019/2020,SLF_IMIS_DAILY_SNOW,Rientallücke,True,8.631772,46.673265,2325,SNOW_FLAT
GOS2,2020,0,0,NA,NA,NA,0,0,0,0,NA,181,0.0,NA,NA,NA,False,2020/2021,SLF_IMIS_DAILY_SNOW,Rientallücke,True,8.631772,46.673265,2325,SNOW_FLAT
GOS2,2021,181,0,14.994475138121548,16.0,61.0,120,55,10,181,495.5,181,1.0,0.6629834254143646,0.30386740331491713,0.055248618784530384,True,2021/2022,SLF_IMIS_DAILY_SNOW,Rientallücke,True,8.631772,46.673265,2325,SNOW_FLAT
GOS2,2022,181,0,20.591160220994475,10.0,94.0,98,46,38,181,539.0,181,1.0,0.5414364640883977,0.2541436464088398,0.20994475138121546,True,2022/2023,SLF_IMIS_DAILY_SNOW,Rientallücke,True,8.631772,46.673265,2325,SNOW_FLAT
GOS2,2023,182,0,54.13186813186813,18.0,189.0,107,89,79,182,1001.5,182,1.0,0.5879120879120879,0.489010989010989,0.4340659340659341,True,2023/2024,SLF_IMIS_DAILY_SNOW,Rientallücke,True,8.631772,46.673265,2325,SNOW_FLAT
GOS2,2024,181,0,36.90055248618785,44.0,91.0,131,129,124,181,484.79999999999995,181,1.0,0.7237569060773481,0.712707182320442,0.6850828729281768,True,2024/2025,SLF_IMIS_DAILY_SNOW,Rientallücke,True,8.631772,46.673265,2325,SNOW_FLAT
GOS2,2025,181,0,19.005524861878452,7.0,130.0,74,50,44,181,558.4,181,1.0,0.4088397790055249,0.27624309392265195,0.2430939226519337,True,2025/2026,SLF_IMIS_DAILY_SNOW,Rientallücke,True,8.631772,46.673265,2325,SNOW_FLAT
GOS3,2013,0,0,NA,NA,NA,0,0,0,0,NA,181,0.0,NA,NA,NA,False,2013/2014,SLF_IMIS_DAILY_SNOW,Gütsch,True,8.606967,46.65642,2209,SNOW_FLAT
GOS3,2014,0,0,NA,NA,NA,0,0,0,0,NA,181,0.0,NA,NA,NA,False,2014/2015,SLF_IMIS_DAILY_SNOW,Gütsch,True,8.606967,46.65642,2209,SNOW_FLAT
GOS3,2015,0,0,NA,NA,NA,0,0,0,0,NA,182,0.0,NA,NA,NA,False,2015/2016,SLF_IMIS_DAILY_SNOW,Gütsch,True,8.606967,46.65642,2209,SNOW_FLAT
GOS3,2016,0,0,NA,NA,NA,0,0,0,0,NA,181,0.0,NA,NA,NA,False,2016/2017,SLF_IMIS_DAILY_SNOW,Gütsch,True,8.606967,46.65642,2209,SNOW_FLAT
GOS3,2017,0,0,NA,NA,NA,0,0,0,0,NA,181,0.0,NA,NA,NA,False,2017/2018,SLF_IMIS_DAILY_SNOW,Gütsch,True,8.606967,46.65642,2209,SNOW_FLAT
GOS3,2018,0,0,NA,NA,NA,0,0,0,0,NA,181,0.0,NA,NA,NA,False,2018/2019,SLF_IMIS_DAILY_SNOW,Gütsch,True,8.606967,46.65642,2209,SNOW_FLAT
GOS3,2019,0,0,NA,NA,NA,0,0,0,0,NA,182,0.0,NA,NA,NA,False,2019/2020,SLF_IMIS_DAILY_SNOW,Gütsch,True,8.606967,46.65642,2209,SNOW_FLAT
GOS3,2020,0,0,NA,NA,NA,0,0,0,0,NA,181,0.0,NA,NA,NA,False,2020/2021,SLF_IMIS_DAILY_SNOW,Gütsch,True,8.606967,46.65642,2209,SNOW_FLAT
GOS3,2021,162,0,64.64197530864197,68.0,96.0,160,153,153,162,444.5,181,0.8950276243093923,0.9876543209876543,0.9444444444444444,0.9444444444444444,True,2021/2022,SLF_IMIS_DAILY_SNOW,Gütsch,True,8.606967,46.65642,2209,SNOW_FLAT
GOS3,2022,181,0,35.966850828729285,20.0,154.0,116,93,52,181,623.0,181,1.0,0.6408839779005525,0.5138121546961326,0.287292817679558,True,2022/2023,SLF_IMIS_DAILY_SNOW,Gütsch,True,8.606967,46.65642,2209,SNOW_FLAT
GOS3,2023,181,0,68.13259668508287,64.0,136.0,169,165,152,182,997.2,182,0.9945054945054945,0.9337016574585635,0.9116022099447514,0.8397790055248618,True,2023/2024,SLF_IMIS_DAILY_SNOW,Gütsch,True,8.606967,46.65642,2209,SNOW_FLAT
GOS3,2024,181,0,49.73480662983425,51.0,130.0,161,159,146,181,536.6000000000001,181,1.0,0.8895027624309392,0.8784530386740331,0.8066298342541437,True,2024/2025,SLF_IMIS_DAILY_SNOW,Gütsch,True,8.606967,46.65642,2209,SNOW_FLAT
GOS3,2025,181,0,33.331491712707184,12.0,119.0,95,82,72,181,338.1,181,1.0,0.5248618784530387,0.4530386740331492,0.39779005524861877,True,2025/2026,SLF_IMIS_DAILY_SNOW,Gütsch,True,8.606967,46.65642,2209,SNOW_FLAT
GRA2,2013,181,0,131.75138121546962,144.0,235.0,176,168,160,181,1041.0,181,1.0,0.9723756906077348,0.9281767955801105,0.8839779005524862,True,2013/2014,SLF_IMIS_DAILY_SNOW,Loz,True,6.78355,46.346062,1984,SNOW_FLAT
GRA2,2014,181,0,75.04419889502762,74.0,146.0,176,172,159,181,602.6,181,1.0,0.9723756906077348,0.9502762430939227,0.8784530386740331,True,2014/2015,SLF_IMIS_DAILY_SNOW,Loz,True,6.78355,46.346062,1984,SNOW_FLAT
GRA2,2015,182,0,107.42857142857143,98.0,246.0,161,149,120,182,852.5,182,1.0,0.8846153846153846,0.8186813186813187,0.6593406593406593,True,2015/2016,SLF_IMIS_DAILY_SNOW,Loz,True,6.78355,46.346062,1984,SNOW_FLAT
GRA2,2016,181,0,65.73480662983425,47.0,165.0,171,165,117,181,637.7,181,1.0,0.9447513812154696,0.9116022099447514,0.6464088397790055,True,2016/2017,SLF_IMIS_DAILY_SNOW,Loz,True,6.78355,46.346062,1984,SNOW_FLAT
GRA2,2017,181,0,159.46408839779005,184.0,316.0,176,175,159,181,1034.8,181,1.0,0.9723756906077348,0.9668508287292817,0.8784530386740331,True,2017/2018,SLF_IMIS_DAILY_SNOW,Loz,True,6.78355,46.346062,1984,SNOW_FLAT
GRA2,2018,181,0,91.79558011049724,92.0,175.0,161,153,137,181,588.4,181,1.0,0.8895027624309392,0.8453038674033149,0.7569060773480663,True,2018/2019,SLF_IMIS_DAILY_SNOW,Loz,True,6.78355,46.346062,1984,SNOW_FLAT
GRA2,2019,182,0,97.18681318681318,90.0,205.0,179,177,176,182,687.8,182,1.0,0.9835164835164835,0.9725274725274725,0.967032967032967,True,2019/2020,SLF_IMIS_DAILY_SNOW,Loz,True,6.78355,46.346062,1984,SNOW_FLAT
GRA2,2020,179,0,104.98882681564245,133.0,175.0,148,145,145,181,675.0999999999999,181,0.988950276243094,0.8268156424581006,0.8100558659217877,0.8100558659217877,True,2020/2021,SLF_IMIS_DAILY_SNOW,Loz,True,6.78355,46.346062,1984,SNOW_FLAT
GRA2,2021,181,0,89.45856353591161,101.0,133.0,179,163,157,181,564.0,181,1.0,0.988950276243094,0.9005524861878453,0.8674033149171271,True,2021/2022,SLF_IMIS_DAILY_SNOW,Loz,True,6.78355,46.346062,1984,SNOW_FLAT
GRA2,2022,177,0,69.11864406779661,88.0,119.0,161,149,138,181,529.7,181,0.9779005524861878,0.9096045197740112,0.8418079096045198,0.7796610169491526,True,2022/2023,SLF_IMIS_DAILY_SNOW,Loz,True,6.78355,46.346062,1984,SNOW_FLAT
GRA2,2023,182,0,119.96703296703296,122.0,202.0,176,166,163,182,949.6999999999999,182,1.0,0.967032967032967,0.9120879120879121,0.8956043956043956,True,2023/2024,SLF_IMIS_DAILY_SNOW,Loz,True,6.78355,46.346062,1984,SNOW_FLAT
GRA2,2024,181,0,94.44198895027624,109.0,179.0,162,160,147,181,606.1,181,1.0,0.8950276243093923,0.8839779005524862,0.8121546961325967,True,2024/2025,SLF_IMIS_DAILY_SNOW,Loz,True,6.78355,46.346062,1984,SNOW_FLAT
GRA2,2025,181,0,93.34806629834254,88.0,192.0,172,161,160,181,929.2,181,1.0,0.9502762430939227,0.8895027624309392,0.8839779005524862,True,2025/2026,SLF_IMIS_DAILY_SNOW,Loz,True,6.78355,46.346062,1984,SNOW_FLAT
GUG2,2013,0,0,NA,NA,NA,0,0,0,0,NA,181,0.0,NA,NA,NA,False,2013/2014,SLF_IMIS_DAILY_SNOW,Teststation Gugla,False,7.820231,46.142311,2832,SNOW_FLAT
GUG2,2014,181,0,141.17127071823205,167.0,266.0,171,169,143,0,NA,181,1.0,0.9447513812154696,0.9337016574585635,0.7900552486187845,True,2014/2015,SLF_IMIS_DAILY_SNOW,Teststation Gugla,False,7.820231,46.142311,2832,SNOW_FLAT
GUG2,2015,182,0,142.26923076923077,100.0,295.0,170,161,161,0,NA,182,1.0,0.9340659340659341,0.8846153846153846,0.8846153846153846,True,2015/2016,SLF_IMIS_DAILY_SNOW,Teststation Gugla,False,7.820231,46.142311,2832,SNOW_FLAT
GUG2,2016,181,0,105.32596685082873,122.0,215.0,181,175,171,0,NA,181,1.0,1.0,0.9668508287292817,0.9447513812154696,True,2016/2017,SLF_IMIS_DAILY_SNOW,Teststation Gugla,False,7.820231,46.142311,2832,SNOW_FLAT
GUG2,2017,17,0,18.529411764705884,19.0,42.0,12,8,5,0,NA,181,0.09392265193370165,0.7058823529411765,0.47058823529411764,0.29411764705882354,False,2017/2018,SLF_IMIS_DAILY_SNOW,Teststation Gugla,False,7.820231,46.142311,2832,SNOW_FLAT
GUG2,2018,0,0,NA,NA,NA,0,0,0,0,NA,181,0.0,NA,NA,NA,False,2018/2019,SLF_IMIS_DAILY_SNOW,Teststation Gugla,False,7.820231,46.142311,2832,SNOW_FLAT
GUG2,2019,0,0,NA,NA,NA,0,0,0,0,NA,182,0.0,NA,NA,NA,False,2019/2020,SLF_IMIS_DAILY_SNOW,Teststation Gugla,False,7.820231,46.142311,2832,SNOW_FLAT
GUG2,2020,0,0,NA,NA,NA,0,0,0,0,NA,181,0.0,NA,NA,NA,False,2020/2021,SLF_IMIS_DAILY_SNOW,Teststation Gugla,False,7.820231,46.142311,2832,SNOW_FLAT
GUG2,2021,0,0,NA,NA,NA,0,0,0,0,NA,181,0.0,NA,NA,NA,False,2021/2022,SLF_IMIS_DAILY_SNOW,Teststation Gugla,False,7.820231,46.142311,2832,SNOW_FLAT
GUG2,2022,0,0,NA,NA,NA,0,0,0,0,NA,181,0.0,NA,NA,NA,False,2022/2023,SLF_IMIS_DAILY_SNOW,Teststation Gugla,False,7.820231,46.142311,2832,SNOW_FLAT
GUG2,2023,0,0,NA,NA,NA,0,0,0,0,NA,182,0.0,NA,NA,NA,False,2023/2024,SLF_IMIS_DAILY_SNOW,Teststation Gugla,False,7.820231,46.142311,2832,SNOW_FLAT
GUG2,2024,0,0,NA,NA,NA,0,0,0,0,NA,181,0.0,NA,NA,NA,False,2024/2025,SLF_IMIS_DAILY_SNOW,Teststation Gugla,False,7.820231,46.142311,2832,SNOW_FLAT
GUG2,2025,0,0,NA,NA,NA,0,0,0,0,NA,181,0.0,NA,NA,NA,False,2025/2026,SLF_IMIS_DAILY_SNOW,Teststation Gugla,False,7.820231,46.142311,2832,SNOW_FLAT
GUT2,2013,181,0,56.78453038674033,56.0,114.0,173,170,167,181,664.6000000000001,181,1.0,0.9558011049723757,0.9392265193370166,0.9226519337016574,True,2013/2014,SLF_IMIS_DAILY_SNOW,Homad,True,8.289691,46.67931,2115,SNOW_FLAT
GUT2,2014,181,0,73.09944751381215,81.0,151.0,176,167,149,181,687.0,181,1.0,0.9723756906077348,0.9226519337016574,0.8232044198895028,True,2014/2015,SLF_IMIS_DAILY_SNOW,Homad,True,8.289691,46.67931,2115,SNOW_FLAT
GUT2,2015,182,0,89.37362637362638,88.5,189.0,161,161,161,182,769.5,182,1.0,0.8846153846153846,0.8846153846153846,0.8846153846153846,True,2015/2016,SLF_IMIS_DAILY_SNOW,Homad,True,8.289691,46.67931,2115,SNOW_FLAT
GUT2,2016,181,0,53.28176795580111,56.0,144.0,175,130,117,181,716.2,181,1.0,0.9668508287292817,0.7182320441988951,0.6464088397790055,True,2016/2017,SLF_IMIS_DAILY_SNOW,Homad,True,8.289691,46.67931,2115,SNOW_FLAT
GUT2,2017,181,0,121.32596685082873,134.0,260.0,176,176,175,181,755.0,181,1.0,0.9723756906077348,0.9723756906077348,0.9668508287292817,True,2017/2018,SLF_IMIS_DAILY_SNOW,Homad,True,8.289691,46.67931,2115,SNOW_FLAT
GUT2,2018,181,0,86.43093922651934,88.0,228.0,157,141,141,181,630.3000000000002,181,1.0,0.8674033149171271,0.7790055248618785,0.7790055248618785,True,2018/2019,SLF_IMIS_DAILY_SNOW,Homad,True,8.289691,46.67931,2115,SNOW_FLAT
GUT2,2019,182,0,64.8956043956044,70.0,115.0,170,166,160,182,517.6,182,1.0,0.9340659340659341,0.9120879120879121,0.8791208791208791,True,2019/2020,SLF_IMIS_DAILY_SNOW,Homad,True,8.289691,46.67931,2115,SNOW_FLAT
GUT2,2020,181,0,107.20994475138122,136.0,221.0,160,149,146,181,792.3,181,1.0,0.8839779005524862,0.8232044198895028,0.8066298342541437,True,2020/2021,SLF_IMIS_DAILY_SNOW,Homad,True,8.289691,46.67931,2115,SNOW_FLAT
GUT2,2021,181,0,59.74033149171271,64.0,100.0,163,160,153,181,570.7,181,1.0,0.9005524861878453,0.8839779005524862,0.8453038674033149,True,2021/2022,SLF_IMIS_DAILY_SNOW,Homad,True,8.289691,46.67931,2115,SNOW_FLAT
GUT2,2022,181,0,56.994475138121544,59.0,144.0,164,150,145,181,563.1999999999999,181,1.0,0.9060773480662984,0.8287292817679558,0.8011049723756906,True,2022/2023,SLF_IMIS_DAILY_SNOW,Homad,True,8.289691,46.67931,2115,SNOW_FLAT
GUT2,2023,182,0,77.76923076923077,68.0,169.0,172,157,154,182,890.5,182,1.0,0.945054945054945,0.8626373626373627,0.8461538461538461,True,2023/2024,SLF_IMIS_DAILY_SNOW,Homad,True,8.289691,46.67931,2115,SNOW_FLAT
GUT2,2024,181,0,66.43093922651934,81.0,113.0,163,158,152,181,506.5,181,1.0,0.9005524861878453,0.8729281767955801,0.8397790055248618,True,2024/2025,SLF_IMIS_DAILY_SNOW,Homad,True,8.289691,46.67931,2115,SNOW_FLAT
GUT2,2025,181,0,50.09944751381215,39.0,136.0,165,161,157,181,458.2,181,1.0,0.9116022099447514,0.8895027624309392,0.8674033149171271,True,2025/2026,SLF_IMIS_DAILY_SNOW,Homad,True,8.289691,46.67931,2115,SNOW_FLAT
GUT3,2013,0,0,NA,NA,NA,0,0,0,0,NA,181,0.0,NA,NA,NA,False,2013/2014,SLF_IMIS_DAILY_SNOW,Scheene Biel,False,8.307506,46.672788,2200,SNOW_FLAT
GUT3,2014,0,0,NA,NA,NA,0,0,0,0,NA,181,0.0,NA,NA,NA,False,2014/2015,SLF_IMIS_DAILY_SNOW,Scheene Biel,False,8.307506,46.672788,2200,SNOW_FLAT
GUT3,2015,0,0,NA,NA,NA,0,0,0,0,NA,182,0.0,NA,NA,NA,False,2015/2016,SLF_IMIS_DAILY_SNOW,Scheene Biel,False,8.307506,46.672788,2200,SNOW_FLAT
GUT3,2016,0,0,NA,NA,NA,0,0,0,0,NA,181,0.0,NA,NA,NA,False,2016/2017,SLF_IMIS_DAILY_SNOW,Scheene Biel,False,8.307506,46.672788,2200,SNOW_FLAT
GUT3,2017,0,0,NA,NA,NA,0,0,0,0,NA,181,0.0,NA,NA,NA,False,2017/2018,SLF_IMIS_DAILY_SNOW,Scheene Biel,False,8.307506,46.672788,2200,SNOW_FLAT
GUT3,2018,0,0,NA,NA,NA,0,0,0,0,NA,181,0.0,NA,NA,NA,False,2018/2019,SLF_IMIS_DAILY_SNOW,Scheene Biel,False,8.307506,46.672788,2200,SNOW_FLAT
GUT3,2019,0,0,NA,NA,NA,0,0,0,0,NA,182,0.0,NA,NA,NA,False,2019/2020,SLF_IMIS_DAILY_SNOW,Scheene Biel,False,8.307506,46.672788,2200,SNOW_FLAT
GUT3,2020,0,0,NA,NA,NA,0,0,0,0,NA,181,0.0,NA,NA,NA,False,2020/2021,SLF_IMIS_DAILY_SNOW,Scheene Biel,False,8.307506,46.672788,2200,SNOW_FLAT
GUT3,2021,0,0,NA,NA,NA,0,0,0,0,NA,181,0.0,NA,NA,NA,False,2021/2022,SLF_IMIS_DAILY_SNOW,Scheene Biel,False,8.307506,46.672788,2200,SNOW_FLAT
GUT3,2022,0,0,NA,NA,NA,0,0,0,0,NA,181,0.0,NA,NA,NA,False,2022/2023,SLF_IMIS_DAILY_SNOW,Scheene Biel,False,8.307506,46.672788,2200,SNOW_FLAT
GUT3,2023,0,0,NA,NA,NA,0,0,0,0,NA,182,0.0,NA,NA,NA,False,2023/2024,SLF_IMIS_DAILY_SNOW,Scheene Biel,False,8.307506,46.672788,2200,SNOW_FLAT
GUT3,2024,0,0,NA,NA,NA,0,0,0,0,NA,181,0.0,NA,NA,NA,False,2024/2025,SLF_IMIS_DAILY_SNOW,Scheene Biel,False,8.307506,46.672788,2200,SNOW_FLAT
GUT3,2025,0,0,NA,NA,NA,0,0,0,0,NA,181,0.0,NA,NA,NA,False,2025/2026,SLF_IMIS_DAILY_SNOW,Scheene Biel,False,8.307506,46.672788,2200,SNOW_FLAT
HTR2,2013,181,0,155.0,179.0,280.0,173,167,166,181,1012.3,181,1.0,0.9558011049723757,0.9226519337016574,0.9171270718232044,True,2013/2014,SLF_IMIS_DAILY_SNOW,Alp Piänetsch,True,9.204335,46.544379,2147,SNOW_FLAT
HTR2,2014,181,0,100.61878453038673,113.0,172.0,176,176,176,181,664.3,181,1.0,0.9723756906077348,0.9723756906077348,0.9723756906077348,True,2014/2015,SLF_IMIS_DAILY_SNOW,Alp Piänetsch,True,9.204335,46.544379,2147,SNOW_FLAT
HTR2,2015,182,0,50.637362637362635,40.5,150.0,132,114,110,182,474.9,182,1.0,0.7252747252747253,0.6263736263736264,0.6043956043956044,True,2015/2016,SLF_IMIS_DAILY_SNOW,Alp Piänetsch,True,9.204335,46.544379,2147,SNOW_FLAT
HTR2,2016,181,0,57.64088397790055,52.0,144.0,175,158,118,181,552.0,181,1.0,0.9668508287292817,0.8729281767955801,0.6519337016574586,True,2016/2017,SLF_IMIS_DAILY_SNOW,Alp Piänetsch,True,9.204335,46.544379,2147,SNOW_FLAT
HTR2,2017,181,0,132.86187845303868,164.0,243.0,176,176,144,181,814.5999999999999,181,1.0,0.9723756906077348,0.9723756906077348,0.7955801104972375,True,2017/2018,SLF_IMIS_DAILY_SNOW,Alp Piänetsch,True,9.204335,46.544379,2147,SNOW_FLAT
HTR2,2018,181,0,134.77348066298342,144.0,263.0,181,181,181,181,691.0,181,1.0,1.0,1.0,1.0,True,2018/2019,SLF_IMIS_DAILY_SNOW,Alp Piänetsch,True,9.204335,46.544379,2147,SNOW_FLAT
HTR2,2019,182,0,118.0989010989011,125.5,184.0,178,177,174,182,668.7,182,1.0,0.978021978021978,0.9725274725274725,0.9560439560439561,True,2019/2020,SLF_IMIS_DAILY_SNOW,Alp Piänetsch,True,9.204335,46.544379,2147,SNOW_FLAT
HTR2,2020,181,0,98.99447513812154,122.0,173.0,150,149,147,181,614.5,181,1.0,0.8287292817679558,0.8232044198895028,0.8121546961325967,True,2020/2021,SLF_IMIS_DAILY_SNOW,Alp Piänetsch,True,9.204335,46.544379,2147,SNOW_FLAT
HTR2,2021,181,0,68.98895027624309,60.0,117.0,180,179,176,181,483.0,181,1.0,0.994475138121547,0.988950276243094,0.9723756906077348,True,2021/2022,SLF_IMIS_DAILY_SNOW,Alp Piänetsch,True,9.204335,46.544379,2147,SNOW_FLAT
HTR2,2022,181,0,32.93922651933702,31.0,106.0,150,141,107,181,385.90000000000003,181,1.0,0.8287292817679558,0.7790055248618785,0.5911602209944752,True,2022/2023,SLF_IMIS_DAILY_SNOW,Alp Piänetsch,True,9.204335,46.544379,2147,SNOW_FLAT
HTR2,2023,182,0,124.7032967032967,99.5,281.0,182,180,171,182,975.5999999999999,182,1.0,1.0,0.989010989010989,0.9395604395604396,True,2023/2024,SLF_IMIS_DAILY_SNOW,Alp Piänetsch,True,9.204335,46.544379,2147,SNOW_FLAT
HTR2,2024,181,0,62.87292817679558,60.0,131.0,160,146,132,181,466.79999999999995,181,1.0,0.8839779005524862,0.8066298342541437,0.7292817679558011,True,2024/2025,SLF_IMIS_DAILY_SNOW,Alp Piänetsch,True,9.204335,46.544379,2147,SNOW_FLAT
HTR2,2025,181,0,41.47513812154696,33.0,116.0,156,138,101,181,361.0,181,1.0,0.861878453038674,0.7624309392265194,0.5580110497237569,True,2025/2026,SLF_IMIS_DAILY_SNOW,Alp Piänetsch,True,9.204335,46.544379,2147,SNOW_FLAT
HTR3,2013,181,0,128.4972375690608,147.0,242.0,172,166,149,181,909.6999999999999,181,1.0,0.9502762430939227,0.9171270718232044,0.8232044198895028,True,2013/2014,SLF_IMIS_DAILY_SNOW,Unter Surettasee,True,9.348527,46.53655,2200,SNOW_FLAT
HTR3,2014,179,0,112.84916201117318,120.0,162.0,175,174,174,181,600.7,181,0.988950276243094,0.9776536312849162,0.9720670391061452,0.9720670391061452,True,2014/2015,SLF_IMIS_DAILY_SNOW,Unter Surettasee,True,9.348527,46.53655,2200,SNOW_FLAT
HTR3,2015,182,0,42.989010989010985,30.0,128.0,113,110,93,182,441.6,182,1.0,0.6208791208791209,0.6043956043956044,0.510989010989011,True,2015/2016,SLF_IMIS_DAILY_SNOW,Unter Surettasee,True,9.348527,46.53655,2200,SNOW_FLAT
HTR3,2016,180,0,69.33888888888889,61.5,136.0,174,172,161,181,549.2,181,0.994475138121547,0.9666666666666667,0.9555555555555556,0.8944444444444445,True,2016/2017,SLF_IMIS_DAILY_SNOW,Unter Surettasee,True,9.348527,46.53655,2200,SNOW_FLAT
HTR3,2017,181,0,107.08839779005525,134.0,189.0,176,176,142,181,710.4000000000001,181,1.0,0.9723756906077348,0.9723756906077348,0.7845303867403315,True,2017/2018,SLF_IMIS_DAILY_SNOW,Unter Surettasee,True,9.348527,46.53655,2200,SNOW_FLAT
HTR3,2018,181,0,110.08839779005525,108.0,213.0,181,181,181,181,672.6,181,1.0,1.0,1.0,1.0,True,2018/2019,SLF_IMIS_DAILY_SNOW,Unter Surettasee,True,9.348527,46.53655,2200,SNOW_FLAT
HTR3,2019,182,0,111.12087912087912,123.0,174.0,179,177,177,182,645.3,182,1.0,0.9835164835164835,0.9725274725274725,0.9725274725274725,True,2019/2020,SLF_IMIS_DAILY_SNOW,Unter Surettasee,True,9.348527,46.53655,2200,SNOW_FLAT
HTR3,2020,181,0,95.44198895027624,107.0,167.0,176,150,147,181,561.5,181,1.0,0.9723756906077348,0.8287292817679558,0.8121546961325967,True,2020/2021,SLF_IMIS_DAILY_SNOW,Unter Surettasee,True,9.348527,46.53655,2200,SNOW_FLAT
HTR3,2021,181,0,53.027624309392266,52.0,77.0,180,179,170,181,406.0,181,1.0,0.994475138121547,0.988950276243094,0.9392265193370166,True,2021/2022,SLF_IMIS_DAILY_SNOW,Unter Surettasee,True,9.348527,46.53655,2200,SNOW_FLAT
HTR3,2022,181,0,35.72375690607735,38.0,80.0,165,152,147,181,339.1,181,1.0,0.9116022099447514,0.8397790055248618,0.8121546961325967,True,2022/2023,SLF_IMIS_DAILY_SNOW,Unter Surettasee,True,9.348527,46.53655,2200,SNOW_FLAT
HTR3,2023,182,0,98.27472527472527,83.0,224.0,182,182,172,182,836.2999999999998,182,1.0,1.0,1.0,0.945054945054945,True,2023/2024,SLF_IMIS_DAILY_SNOW,Unter Surettasee,True,9.348527,46.53655,2200,SNOW_FLAT
HTR3,2024,181,0,52.54696132596685,54.0,125.0,161,134,108,181,438.1,181,1.0,0.8895027624309392,0.7403314917127072,0.5966850828729282,True,2024/2025,SLF_IMIS_DAILY_SNOW,Unter Surettasee,True,9.348527,46.53655,2200,SNOW_FLAT
HTR3,2025,181,0,36.646408839779006,27.0,94.0,159,140,82,181,320.6,181,1.0,0.8784530386740331,0.7734806629834254,0.4530386740331492,True,2025/2026,SLF_IMIS_DAILY_SNOW,Unter Surettasee,True,9.348527,46.53655,2200,SNOW_FLAT
ILI2,2013,181,0,59.607734806629836,54.0,119.0,178,172,156,181,687.8,181,1.0,0.9834254143646409,0.9502762430939227,0.861878453038674,True,2013/2014,SLF_IMIS_DAILY_SNOW,Les Collines,True,6.827797,46.191356,2022,SNOW_FLAT
ILI2,2014,180,0,53.90555555555556,52.5,133.0,138,129,110,181,631.8000000000001,181,0.994475138121547,0.7666666666666667,0.7166666666666667,0.6111111111111112,True,2014/2015,SLF_IMIS_DAILY_SNOW,Les Collines,True,6.827797,46.191356,2022,SNOW_FLAT
ILI2,2015,182,0,90.71428571428571,98.5,199.0,161,161,150,182,769.0,182,1.0,0.8846153846153846,0.8846153846153846,0.8241758241758241,True,2015/2016,SLF_IMIS_DAILY_SNOW,Les Collines,True,6.827797,46.191356,2022,SNOW_FLAT
ILI2,2016,181,0,62.88397790055249,60.0,164.0,175,175,133,181,467.29999999999995,181,1.0,0.9668508287292817,0.9668508287292817,0.7348066298342542,True,2016/2017,SLF_IMIS_DAILY_SNOW,Les Collines,True,6.827797,46.191356,2022,SNOW_FLAT
ILI2,2017,181,0,154.9668508287293,191.0,283.0,176,176,170,181,1016.7,181,1.0,0.9723756906077348,0.9723756906077348,0.9392265193370166,True,2017/2018,SLF_IMIS_DAILY_SNOW,Les Collines,True,6.827797,46.191356,2022,SNOW_FLAT
ILI2,2018,181,0,85.32596685082873,102.0,156.0,162,146,143,181,735.8000000000001,181,1.0,0.8950276243093923,0.8066298342541437,0.7900552486187845,True,2018/2019,SLF_IMIS_DAILY_SNOW,Les Collines,True,6.827797,46.191356,2022,SNOW_FLAT
ILI2,2019,182,0,84.06593406593407,85.0,171.0,178,178,168,182,640.9,182,1.0,0.978021978021978,0.978021978021978,0.9230769230769231,True,2019/2020,SLF_IMIS_DAILY_SNOW,Les Collines,True,6.827797,46.191356,2022,SNOW_FLAT
ILI2,2020,181,0,83.97237569060773,105.0,181.0,153,141,135,181,690.9,181,1.0,0.8453038674033149,0.7790055248618785,0.7458563535911602,True,2020/2021,SLF_IMIS_DAILY_SNOW,Les Collines,True,6.827797,46.191356,2022,SNOW_FLAT
ILI2,2021,181,0,88.69613259668509,97.0,147.0,178,155,153,181,631.7,181,1.0,0.9834254143646409,0.856353591160221,0.8453038674033149,True,2021/2022,SLF_IMIS_DAILY_SNOW,Les Collines,True,6.827797,46.191356,2022,SNOW_FLAT
ILI2,2022,181,0,64.2486187845304,69.0,139.0,163,162,145,181,682.1,181,1.0,0.9005524861878453,0.8950276243093923,0.8011049723756906,True,2022/2023,SLF_IMIS_DAILY_SNOW,Les Collines,True,6.827797,46.191356,2022,SNOW_FLAT
ILI2,2023,182,0,97.68131868131869,107.0,168.0,182,171,164,182,752.4,182,1.0,1.0,0.9395604395604396,0.9010989010989011,True,2023/2024,SLF_IMIS_DAILY_SNOW,Les Collines,True,6.827797,46.191356,2022,SNOW_FLAT
ILI2,2024,181,0,86.54143646408839,94.0,141.0,165,162,161,181,567.3,181,1.0,0.9116022099447514,0.8950276243093923,0.8895027624309392,True,2024/2025,SLF_IMIS_DAILY_SNOW,Les Collines,True,6.827797,46.191356,2022,SNOW_FLAT
ILI2,2025,181,0,78.70718232044199,68.0,182.0,178,173,148,181,899.0999999999999,181,1.0,0.9834254143646409,0.9558011049723757,0.8176795580110497,True,2025/2026,SLF_IMIS_DAILY_SNOW,Les Collines,True,6.827797,46.191356,2022,SNOW_FLAT
JAU2,2013,181,0,98.95027624309392,88.0,217.0,172,165,136,181,805.3,181,1.0,0.9502762430939227,0.9116022099447514,0.7513812154696132,True,2013/2014,SLF_IMIS_DAILY_SNOW,Fochsen,True,7.274541,46.633049,1707,SNOW_FLAT
JAU2,2014,181,0,90.82872928176796,93.0,204.0,143,135,124,181,814.8,181,1.0,0.7900552486187845,0.7458563535911602,0.6850828729281768,True,2014/2015,SLF_IMIS_DAILY_SNOW,Fochsen,True,7.274541,46.633049,1707,SNOW_FLAT
JAU2,2015,182,0,141.28021978021977,165.0,321.0,161,161,149,182,1178.3000000000002,182,1.0,0.8846153846153846,0.8846153846153846,0.8186813186813187,True,2015/2016,SLF_IMIS_DAILY_SNOW,Fochsen,True,7.274541,46.633049,1707,SNOW_FLAT
JAU2,2016,181,0,79.43646408839778,78.0,217.0,175,174,133,181,863.4,181,1.0,0.9668508287292817,0.9613259668508287,0.7348066298342542,True,2016/2017,SLF_IMIS_DAILY_SNOW,Fochsen,True,7.274541,46.633049,1707,SNOW_FLAT
JAU2,2017,181,0,218.87292817679557,269.0,356.0,176,175,175,181,1244.9,181,1.0,0.9723756906077348,0.9668508287292817,0.9668508287292817,True,2017/2018,SLF_IMIS_DAILY_SNOW,Fochsen,True,7.274541,46.633049,1707,SNOW_FLAT
JAU2,2018,181,0,139.6961325966851,173.0,276.0,147,142,142,181,948.3,181,1.0,0.8121546961325967,0.7845303867403315,0.7845303867403315,True,2018/2019,SLF_IMIS_DAILY_SNOW,Fochsen,True,7.274541,46.633049,1707,SNOW_FLAT
JAU2,2019,182,0,126.7967032967033,127.5,261.0,173,158,153,182,1160.3,182,1.0,0.9505494505494505,0.8681318681318682,0.8406593406593407,True,2019/2020,SLF_IMIS_DAILY_SNOW,Fochsen,True,7.274541,46.633049,1707,SNOW_FLAT
JAU2,2020,181,0,132.4585635359116,176.0,271.0,150,148,144,181,1472.8,181,1.0,0.8287292817679558,0.8176795580110497,0.7955801104972375,True,2020/2021,SLF_IMIS_DAILY_SNOW,Fochsen,True,7.274541,46.633049,1707,SNOW_FLAT
JAU2,2021,181,0,125.06077348066299,130.0,230.0,155,153,153,181,878.3,181,1.0,0.856353591160221,0.8453038674033149,0.8453038674033149,True,2021/2022,SLF_IMIS_DAILY_SNOW,Fochsen,True,7.274541,46.633049,1707,SNOW_FLAT
JAU2,2022,181,0,55.425414364640886,54.0,129.0,153,142,129,181,663.1,181,1.0,0.8453038674033149,0.7845303867403315,0.712707182320442,True,2022/2023,SLF_IMIS_DAILY_SNOW,Fochsen,True,7.274541,46.633049,1707,SNOW_FLAT
JAU2,2023,182,0,128.45054945054946,150.5,184.0,179,168,160,182,950.1,182,1.0,0.9835164835164835,0.9230769230769231,0.8791208791208791,True,2023/2024,SLF_IMIS_DAILY_SNOW,Fochsen,True,7.274541,46.633049,1707,SNOW_FLAT
JAU2,2024,181,0,95.33701657458563,115.0,173.0,161,160,154,181,620.6,181,1.0,0.8895027624309392,0.8839779005524862,0.850828729281768,True,2024/2025,SLF_IMIS_DAILY_SNOW,Fochsen,True,7.274541,46.633049,1707,SNOW_FLAT
JAU2,2025,181,0,97.9171270718232,95.0,223.0,171,163,160,181,833.1,181,1.0,0.9447513812154696,0.9005524861878453,0.8839779005524862,True,2025/2026,SLF_IMIS_DAILY_SNOW,Fochsen,True,7.274541,46.633049,1707,SNOW_FLAT
JUL2,2013,181,0,123.80662983425414,144.0,226.0,175,171,166,181,816.8,181,1.0,0.9668508287292817,0.9447513812154696,0.9171270718232044,True,2013/2014,SLF_IMIS_DAILY_SNOW,Vairana,True,9.692311,46.478497,2426,SNOW_FLAT
JUL2,2014,181,0,131.3646408839779,148.0,186.0,177,177,177,181,645.0,181,1.0,0.9779005524861878,0.9779005524861878,0.9779005524861878,True,2014/2015,SLF_IMIS_DAILY_SNOW,Vairana,True,9.692311,46.478497,2426,SNOW_FLAT
JUL2,2015,182,0,53.494505494505496,43.5,133.0,150,119,112,182,506.8999999999999,182,1.0,0.8241758241758241,0.6538461538461539,0.6153846153846154,True,2015/2016,SLF_IMIS_DAILY_SNOW,Vairana,True,9.692311,46.478497,2426,SNOW_FLAT
JUL2,2016,181,0,68.69060773480663,70.0,133.0,175,164,160,181,501.9,181,1.0,0.9668508287292817,0.9060773480662984,0.8839779005524862,True,2016/2017,SLF_IMIS_DAILY_SNOW,Vairana,True,9.692311,46.478497,2426,SNOW_FLAT
JUL2,2017,181,0,122.8232044198895,150.0,211.0,176,173,168,181,738.9000000000001,181,1.0,0.9723756906077348,0.9558011049723757,0.9281767955801105,True,2017/2018,SLF_IMIS_DAILY_SNOW,Vairana,True,9.692311,46.478497,2426,SNOW_FLAT
JUL2,2018,181,0,150.66298342541435,167.0,262.0,181,181,181,181,789.4000000000001,181,1.0,1.0,1.0,1.0,True,2018/2019,SLF_IMIS_DAILY_SNOW,Vairana,True,9.692311,46.478497,2426,SNOW_FLAT
JUL2,2019,182,0,102.42857142857143,105.5,159.0,177,173,170,182,547.1999999999999,182,1.0,0.9725274725274725,0.9505494505494505,0.9340659340659341,True,2019/2020,SLF_IMIS_DAILY_SNOW,Vairana,True,9.692311,46.478497,2426,SNOW_FLAT
JUL2,2020,181,0,120.5303867403315,148.0,188.0,181,169,156,181,645.1,181,1.0,1.0,0.9337016574585635,0.861878453038674,True,2020/2021,SLF_IMIS_DAILY_SNOW,Vairana,True,9.692311,46.478497,2426,SNOW_FLAT
JUL2,2021,181,0,85.0939226519337,81.0,141.0,180,178,173,181,515.8000000000001,181,1.0,0.994475138121547,0.9834254143646409,0.9558011049723757,True,2021/2022,SLF_IMIS_DAILY_SNOW,Vairana,True,9.692311,46.478497,2426,SNOW_FLAT
JUL2,2022,181,0,54.71823204419889,59.0,122.0,161,148,147,181,473.19999999999993,181,1.0,0.8895027624309392,0.8176795580110497,0.8121546961325967,True,2022/2023,SLF_IMIS_DAILY_SNOW,Vairana,True,9.692311,46.478497,2426,SNOW_FLAT
JUL2,2023,182,0,118.9065934065934,115.0,240.0,180,177,158,182,894.2,182,1.0,0.989010989010989,0.9725274725274725,0.8681318681318682,True,2023/2024,SLF_IMIS_DAILY_SNOW,Vairana,True,9.692311,46.478497,2426,SNOW_FLAT
JUL2,2024,181,0,60.44198895027624,68.0,111.0,151,143,132,181,425.09999999999997,181,1.0,0.8342541436464088,0.7900552486187845,0.7292817679558011,True,2024/2025,SLF_IMIS_DAILY_SNOW,Vairana,True,9.692311,46.478497,2426,SNOW_FLAT
JUL2,2025,181,0,65.7292817679558,59.0,149.0,177,160,156,181,513.7,181,1.0,0.9779005524861878,0.8839779005524862,0.861878453038674,True,2025/2026,SLF_IMIS_DAILY_SNOW,Vairana,True,9.692311,46.478497,2426,SNOW_FLAT
KES2,2013,181,0,152.70165745856355,173.0,236.0,181,181,178,181,862.4000000000001,181,1.0,1.0,1.0,0.9834254143646409,True,2013/2014,SLF_IMIS_DAILY_SNOW,Porta d'Es-cha,True,9.898139,46.621284,2727,SNOW_FLAT
KES2,2014,181,0,131.16022099447514,139.0,205.0,181,177,176,181,1180.8000000000002,181,1.0,1.0,0.9779005524861878,0.9723756906077348,True,2014/2015,SLF_IMIS_DAILY_SNOW,Porta d'Es-cha,True,9.898139,46.621284,2727,SNOW_FLAT
KES2,2015,182,0,82.4065934065934,79.5,174.0,159,137,120,182,681.1,182,1.0,0.8736263736263736,0.7527472527472527,0.6593406593406593,True,2015/2016,SLF_IMIS_DAILY_SNOW,Porta d'Es-cha,True,9.898139,46.621284,2727,SNOW_FLAT
KES2,2016,180,0,70.5,60.5,158.0,174,163,159,181,683.4,181,0.994475138121547,0.9666666666666667,0.9055555555555556,0.8833333333333333,True,2016/2017,SLF_IMIS_DAILY_SNOW,Porta d'Es-cha,True,9.898139,46.621284,2727,SNOW_FLAT
KES2,2017,181,0,163.5745856353591,204.0,273.0,176,176,175,181,1053.2,181,1.0,0.9723756906077348,0.9723756906077348,0.9668508287292817,True,2017/2018,SLF_IMIS_DAILY_SNOW,Porta d'Es-cha,True,9.898139,46.621284,2727,SNOW_FLAT
KES2,2018,181,0,187.04972375690608,206.0,292.0,181,181,181,181,1042.3,181,1.0,1.0,1.0,1.0,True,2018/2019,SLF_IMIS_DAILY_SNOW,Porta d'Es-cha,True,9.898139,46.621284,2727,SNOW_FLAT
KES2,2019,182,0,145.0989010989011,151.0,228.0,179,179,177,182,851.1,182,1.0,0.9835164835164835,0.9835164835164835,0.9725274725274725,True,2019/2020,SLF_IMIS_DAILY_SNOW,Porta d'Es-cha,True,9.898139,46.621284,2727,SNOW_FLAT
KES2,2020,181,0,162.67955801104972,199.0,254.0,181,181,181,181,832.4000000000001,181,1.0,1.0,1.0,1.0,True,2020/2021,SLF_IMIS_DAILY_SNOW,Porta d'Es-cha,True,9.898139,46.621284,2727,SNOW_FLAT
KES2,2021,181,0,93.13259668508287,76.0,170.0,180,178,173,181,649.3999999999999,181,1.0,0.994475138121547,0.9834254143646409,0.9558011049723757,True,2021/2022,SLF_IMIS_DAILY_SNOW,Porta d'Es-cha,True,9.898139,46.621284,2727,SNOW_FLAT
KES2,2022,181,0,79.62430939226519,81.0,159.0,177,168,163,181,764.9000000000001,181,1.0,0.9779005524861878,0.9281767955801105,0.9005524861878453,True,2022/2023,SLF_IMIS_DAILY_SNOW,Porta d'Es-cha,True,9.898139,46.621284,2727,SNOW_FLAT
KES2,2023,182,0,193.0934065934066,188.5,330.0,182,182,182,182,1201.6000000000001,182,1.0,1.0,1.0,1.0,True,2023/2024,SLF_IMIS_DAILY_SNOW,Porta d'Es-cha,True,9.898139,46.621284,2727,SNOW_FLAT
KES2,2024,181,0,62.569060773480665,84.0,122.0,160,144,132,181,456.20000000000005,181,1.0,0.8839779005524862,0.7955801104972375,0.7292817679558011,True,2024/2025,SLF_IMIS_DAILY_SNOW,Porta d'Es-cha,True,9.898139,46.621284,2727,SNOW_FLAT
KES2,2025,181,0,88.41988950276243,79.0,161.0,181,179,165,181,523.4000000000001,181,1.0,1.0,0.988950276243094,0.9116022099447514,True,2025/2026,SLF_IMIS_DAILY_SNOW,Porta d'Es-cha,True,9.898139,46.621284,2727,SNOW_FLAT
KLO2,2013,181,0,76.48066298342542,74.0,135.0,178,175,172,181,494.29999999999995,181,1.0,0.9834254143646409,0.9668508287292817,0.9502762430939227,True,2013/2014,SLF_IMIS_DAILY_SNOW,Madrisa,True,9.873859,46.909115,2147,SNOW_FLAT
KLO2,2014,181,0,90.8342541436464,109.0,180.0,181,158,139,181,660.5999999999999,181,1.0,1.0,0.8729281767955801,0.7679558011049724,True,2014/2015,SLF_IMIS_DAILY_SNOW,Madrisa,True,9.873859,46.909115,2147,SNOW_FLAT
KLO2,2015,182,0,80.07692307692308,92.0,162.0,161,161,140,182,608.0,182,1.0,0.8846153846153846,0.8846153846153846,0.7692307692307693,True,2015/2016,SLF_IMIS_DAILY_SNOW,Madrisa,True,9.873859,46.909115,2147,SNOW_FLAT
KLO2,2016,181,0,81.8011049723757,92.0,185.0,175,175,139,181,658.5999999999999,181,1.0,0.9668508287292817,0.9668508287292817,0.7679558011049724,True,2016/2017,SLF_IMIS_DAILY_SNOW,Madrisa,True,9.873859,46.909115,2147,SNOW_FLAT
KLO2,2017,181,0,143.1049723756906,164.0,236.0,177,176,175,181,845.1,181,1.0,0.9779005524861878,0.9723756906077348,0.9668508287292817,True,2017/2018,SLF_IMIS_DAILY_SNOW,Madrisa,True,9.873859,46.909115,2147,SNOW_FLAT
KLO2,2018,181,0,128.91160220994476,169.0,236.0,158,149,148,181,855.4000000000001,181,1.0,0.8729281767955801,0.8232044198895028,0.8176795580110497,True,2018/2019,SLF_IMIS_DAILY_SNOW,Madrisa,True,9.873859,46.909115,2147,SNOW_FLAT
KLO2,2019,182,0,89.26373626373626,88.0,175.0,178,177,173,182,623.0000000000001,182,1.0,0.978021978021978,0.9725274725274725,0.9505494505494505,True,2019/2020,SLF_IMIS_DAILY_SNOW,Madrisa,True,9.873859,46.909115,2147,SNOW_FLAT
KLO2,2020,181,0,104.4475138121547,137.0,201.0,160,146,146,181,750.3,181,1.0,0.8839779005524862,0.8066298342541437,0.8066298342541437,True,2020/2021,SLF_IMIS_DAILY_SNOW,Madrisa,True,9.873859,46.909115,2147,SNOW_FLAT
KLO2,2021,181,0,93.5303867403315,91.0,161.0,180,176,158,181,576.4000000000001,181,1.0,0.994475138121547,0.9723756906077348,0.8729281767955801,True,2021/2022,SLF_IMIS_DAILY_SNOW,Madrisa,True,9.873859,46.909115,2147,SNOW_FLAT
KLO2,2022,181,0,70.31491712707182,75.0,152.0,169,161,154,181,633.7,181,1.0,0.9337016574585635,0.8895027624309392,0.850828729281768,True,2022/2023,SLF_IMIS_DAILY_SNOW,Madrisa,True,9.873859,46.909115,2147,SNOW_FLAT
KLO2,2023,182,0,131.83516483516485,141.0,186.0,182,182,177,182,929.8,182,1.0,1.0,1.0,0.9725274725274725,True,2023/2024,SLF_IMIS_DAILY_SNOW,Madrisa,True,9.873859,46.909115,2147,SNOW_FLAT
KLO2,2024,181,0,67.0939226519337,80.0,122.0,161,160,154,181,475.4,181,1.0,0.8895027624309392,0.8839779005524862,0.850828729281768,True,2024/2025,SLF_IMIS_DAILY_SNOW,Madrisa,True,9.873859,46.909115,2147,SNOW_FLAT
KLO2,2025,181,0,64.9060773480663,59.0,159.0,166,157,150,181,504.50000000000006,181,1.0,0.9171270718232044,0.8674033149171271,0.8287292817679558,True,2025/2026,SLF_IMIS_DAILY_SNOW,Madrisa,True,9.873859,46.909115,2147,SNOW_FLAT
KLO3,2013,181,0,109.9171270718232,126.0,192.0,178,175,175,181,688.0999999999999,181,1.0,0.9834254143646409,0.9668508287292817,0.9668508287292817,True,2013/2014,SLF_IMIS_DAILY_SNOW,Gatschiefer,True,9.931672,46.841271,2299,SNOW_FLAT
KLO3,2014,181,0,145.292817679558,162.0,271.0,181,181,181,181,893.2,181,1.0,1.0,1.0,1.0,True,2014/2015,SLF_IMIS_DAILY_SNOW,Gatschiefer,True,9.931672,46.841271,2299,SNOW_FLAT
KLO3,2015,182,0,105.18131868131869,131.5,195.0,161,161,158,182,768.8,182,1.0,0.8846153846153846,0.8846153846153846,0.8681318681318682,True,2015/2016,SLF_IMIS_DAILY_SNOW,Gatschiefer,True,9.931672,46.841271,2299,SNOW_FLAT
KLO3,2016,181,0,103.56906077348066,122.0,219.0,175,175,175,181,795.9,181,1.0,0.9668508287292817,0.9668508287292817,0.9668508287292817,True,2016/2017,SLF_IMIS_DAILY_SNOW,Gatschiefer,True,9.931672,46.841271,2299,SNOW_FLAT
KLO3,2017,181,0,200.12154696132598,237.0,314.0,181,181,176,181,1039.2,181,1.0,1.0,1.0,0.9723756906077348,True,2017/2018,SLF_IMIS_DAILY_SNOW,Gatschiefer,True,9.931672,46.841271,2299,SNOW_FLAT
KLO3,2018,181,0,200.51933701657458,250.0,338.0,181,181,159,181,1208.1,181,1.0,1.0,1.0,0.8784530386740331,True,2018/2019,SLF_IMIS_DAILY_SNOW,Gatschiefer,True,9.931672,46.841271,2299,SNOW_FLAT
KLO3,2019,182,0,139.46703296703296,142.5,256.0,178,177,177,182,858.7,182,1.0,0.978021978021978,0.9725274725274725,0.9725274725274725,True,2019/2020,SLF_IMIS_DAILY_SNOW,Gatschiefer,True,9.931672,46.841271,2299,SNOW_FLAT
KLO3,2020,181,0,157.64088397790056,199.0,267.0,181,181,164,181,910.5,181,1.0,1.0,1.0,0.9060773480662984,True,2020/2021,SLF_IMIS_DAILY_SNOW,Gatschiefer,True,9.931672,46.841271,2299,SNOW_FLAT
KLO3,2021,181,0,137.65745856353593,120.0,237.0,180,180,174,181,816.2,181,1.0,0.994475138121547,0.994475138121547,0.9613259668508287,True,2021/2022,SLF_IMIS_DAILY_SNOW,Gatschiefer,True,9.931672,46.841271,2299,SNOW_FLAT
KLO3,2022,181,0,104.2817679558011,110.0,235.0,177,170,163,181,865.7,181,1.0,0.9779005524861878,0.9392265193370166,0.9005524861878453,True,2022/2023,SLF_IMIS_DAILY_SNOW,Gatschiefer,True,9.931672,46.841271,2299,SNOW_FLAT
KLO3,2023,182,0,207.5989010989011,223.5,313.0,182,182,181,182,1259.5,182,1.0,1.0,1.0,0.9945054945054945,True,2023/2024,SLF_IMIS_DAILY_SNOW,Gatschiefer,True,9.931672,46.841271,2299,SNOW_FLAT
KLO3,2024,168,0,100.125,113.0,154.0,154,154,154,166,513.2,181,0.9281767955801105,0.9166666666666666,0.9166666666666666,0.9166666666666666,True,2024/2025,SLF_IMIS_DAILY_SNOW,Gatschiefer,True,9.931672,46.841271,2299,SNOW_FLAT
KLO3,2025,181,0,108.7292817679558,90.0,215.0,181,179,165,181,648.8,181,1.0,1.0,0.988950276243094,0.9116022099447514,True,2025/2026,SLF_IMIS_DAILY_SNOW,Gatschiefer,True,9.931672,46.841271,2299,SNOW_FLAT
KLT2,2013,0,0,NA,NA,NA,0,0,0,0,NA,181,0.0,NA,NA,NA,False,2013/2014,SLF_IMIS_DAILY_SNOW,Schijen,False,8.996357,47.054146,1930,SNOW_FLAT
KLT2,2014,0,0,NA,NA,NA,0,0,0,0,NA,181,0.0,NA,NA,NA,False,2014/2015,SLF_IMIS_DAILY_SNOW,Schijen,False,8.996357,47.054146,1930,SNOW_FLAT
KLT2,2015,0,0,NA,NA,NA,0,0,0,0,NA,182,0.0,NA,NA,NA,False,2015/2016,SLF_IMIS_DAILY_SNOW,Schijen,False,8.996357,47.054146,1930,SNOW_FLAT
KLT2,2016,0,0,NA,NA,NA,0,0,0,0,NA,181,0.0,NA,NA,NA,False,2016/2017,SLF_IMIS_DAILY_SNOW,Schijen,False,8.996357,47.054146,1930,SNOW_FLAT
KLT2,2017,0,0,NA,NA,NA,0,0,0,0,NA,181,0.0,NA,NA,NA,False,2017/2018,SLF_IMIS_DAILY_SNOW,Schijen,False,8.996357,47.054146,1930,SNOW_FLAT
KLT2,2018,0,0,NA,NA,NA,0,0,0,0,NA,181,0.0,NA,NA,NA,False,2018/2019,SLF_IMIS_DAILY_SNOW,Schijen,False,8.996357,47.054146,1930,SNOW_FLAT
KLT2,2019,0,0,NA,NA,NA,0,0,0,0,NA,182,0.0,NA,NA,NA,False,2019/2020,SLF_IMIS_DAILY_SNOW,Schijen,False,8.996357,47.054146,1930,SNOW_FLAT
KLT2,2020,0,0,NA,NA,NA,0,0,0,0,NA,181,0.0,NA,NA,NA,False,2020/2021,SLF_IMIS_DAILY_SNOW,Schijen,False,8.996357,47.054146,1930,SNOW_FLAT
KLT2,2021,157,0,138.38216560509554,157.0,208.0,155,137,132,0,NA,181,0.8674033149171271,0.9872611464968153,0.8726114649681529,0.8407643312101911,True,2021/2022,SLF_IMIS_DAILY_SNOW,Schijen,False,8.996357,47.054146,1930,SNOW_FLAT
KLT2,2022,181,0,102.09944751381215,105.0,239.0,166,162,159,0,NA,181,1.0,0.9171270718232044,0.8950276243093923,0.8784530386740331,True,2022/2023,SLF_IMIS_DAILY_SNOW,Schijen,False,8.996357,47.054146,1930,SNOW_FLAT
KLT2,2023,0,0,NA,NA,NA,0,0,0,0,NA,182,0.0,NA,NA,NA,False,2023/2024,SLF_IMIS_DAILY_SNOW,Schijen,False,8.996357,47.054146,1930,SNOW_FLAT
KLT2,2024,0,0,NA,NA,NA,0,0,0,0,NA,181,0.0,NA,NA,NA,False,2024/2025,SLF_IMIS_DAILY_SNOW,Schijen,False,8.996357,47.054146,1930,SNOW_FLAT
KLT2,2025,0,0,NA,NA,NA,0,0,0,0,NA,181,0.0,NA,NA,NA,False,2025/2026,SLF_IMIS_DAILY_SNOW,Schijen,False,8.996357,47.054146,1930,SNOW_FLAT
KLT3,2013,0,0,NA,NA,NA,0,0,0,0,NA,181,0.0,NA,NA,NA,False,2013/2014,SLF_IMIS_DAILY_SNOW,"Ruoggis, Unter Stafel",True,8.96921,47.03062,1258,SNOW_FLAT
KLT3,2014,0,0,NA,NA,NA,0,0,0,0,NA,181,0.0,NA,NA,NA,False,2014/2015,SLF_IMIS_DAILY_SNOW,"Ruoggis, Unter Stafel",True,8.96921,47.03062,1258,SNOW_FLAT
KLT3,2015,0,0,NA,NA,NA,0,0,0,0,NA,182,0.0,NA,NA,NA,False,2015/2016,SLF_IMIS_DAILY_SNOW,"Ruoggis, Unter Stafel",True,8.96921,47.03062,1258,SNOW_FLAT
KLT3,2016,0,0,NA,NA,NA,0,0,0,0,NA,181,0.0,NA,NA,NA,False,2016/2017,SLF_IMIS_DAILY_SNOW,"Ruoggis, Unter Stafel",True,8.96921,47.03062,1258,SNOW_FLAT
KLT3,2017,178,0,59.842696629213485,75.0,116.0,152,140,131,0,NA,181,0.9834254143646409,0.8539325842696629,0.7865168539325843,0.7359550561797753,True,2017/2018,SLF_IMIS_DAILY_SNOW,"Ruoggis, Unter Stafel",True,8.96921,47.03062,1258,SNOW_FLAT
KLT3,2018,171,10,44.49707602339181,25.0,142.0,106,99,82,0,NA,181,0.9447513812154696,0.6198830409356725,0.5789473684210527,0.47953216374269003,True,2018/2019,SLF_IMIS_DAILY_SNOW,"Ruoggis, Unter Stafel",True,8.96921,47.03062,1258,SNOW_FLAT
KLT3,2019,171,11,19.07017543859649,18.0,67.0,96,75,56,0,NA,182,0.9395604395604396,0.5614035087719298,0.43859649122807015,0.32748538011695905,True,2019/2020,SLF_IMIS_DAILY_SNOW,"Ruoggis, Unter Stafel",True,8.96921,47.03062,1258,SNOW_FLAT
KLT3,2020,155,26,41.10967741935484,32.0,130.0,122,96,82,0,NA,181,0.856353591160221,0.7870967741935484,0.6193548387096774,0.5290322580645161,True,2020/2021,SLF_IMIS_DAILY_SNOW,"Ruoggis, Unter Stafel",True,8.96921,47.03062,1258,SNOW_FLAT
KLT3,2021,181,0,29.92265193370166,29.0,93.0,118,105,89,107,263.0,181,1.0,0.6519337016574586,0.580110497237569,0.49171270718232046,True,2021/2022,SLF_IMIS_DAILY_SNOW,"Ruoggis, Unter Stafel",True,8.96921,47.03062,1258,SNOW_FLAT
KLT3,2022,172,0,6.976744186046512,1.0,39.0,51,33,6,181,225.90000000000003,181,0.9502762430939227,0.29651162790697677,0.19186046511627908,0.03488372093023256,True,2022/2023,SLF_IMIS_DAILY_SNOW,"Ruoggis, Unter Stafel",True,8.96921,47.03062,1258,SNOW_FLAT
KLT3,2023,182,0,16.071428571428573,4.5,74.0,84,67,51,182,402.1,182,1.0,0.46153846153846156,0.36813186813186816,0.2802197802197802,True,2023/2024,SLF_IMIS_DAILY_SNOW,"Ruoggis, Unter Stafel",True,8.96921,47.03062,1258,SNOW_FLAT
KLT3,2024,181,0,18.591160220994475,10.0,83.0,91,75,64,181,314.6,181,1.0,0.5027624309392266,0.4143646408839779,0.35359116022099446,True,2024/2025,SLF_IMIS_DAILY_SNOW,"Ruoggis, Unter Stafel",True,8.96921,47.03062,1258,SNOW_FLAT
KLT3,2025,181,0,13.430939226519337,7.0,80.0,84,41,25,181,432.3,181,1.0,0.46408839779005523,0.2265193370165746,0.13812154696132597,True,2025/2026,SLF_IMIS_DAILY_SNOW,"Ruoggis, Unter Stafel",True,8.96921,47.03062,1258,SNOW_FLAT
KLT4,2013,0,0,NA,NA,NA,0,0,0,0,NA,181,0.0,NA,NA,NA,False,2013/2014,SLF_IMIS_DAILY_SNOW,Schiiterböden,True,8.985869,47.047001,1745,SNOW_FLAT
KLT4,2014,0,0,NA,NA,NA,0,0,0,0,NA,181,0.0,NA,NA,NA,False,2014/2015,SLF_IMIS_DAILY_SNOW,Schiiterböden,True,8.985869,47.047001,1745,SNOW_FLAT
KLT4,2015,0,0,NA,NA,NA,0,0,0,0,NA,182,0.0,NA,NA,NA,False,2015/2016,SLF_IMIS_DAILY_SNOW,Schiiterböden,True,8.985869,47.047001,1745,SNOW_FLAT
KLT4,2016,0,0,NA,NA,NA,0,0,0,0,NA,181,0.0,NA,NA,NA,False,2016/2017,SLF_IMIS_DAILY_SNOW,Schiiterböden,True,8.985869,47.047001,1745,SNOW_FLAT
KLT4,2017,0,0,NA,NA,NA,0,0,0,0,NA,181,0.0,NA,NA,NA,False,2017/2018,SLF_IMIS_DAILY_SNOW,Schiiterböden,True,8.985869,47.047001,1745,SNOW_FLAT
KLT4,2018,0,0,NA,NA,NA,0,0,0,0,NA,181,0.0,NA,NA,NA,False,2018/2019,SLF_IMIS_DAILY_SNOW,Schiiterböden,True,8.985869,47.047001,1745,SNOW_FLAT
KLT4,2019,0,0,NA,NA,NA,0,0,0,0,NA,182,0.0,NA,NA,NA,False,2019/2020,SLF_IMIS_DAILY_SNOW,Schiiterböden,True,8.985869,47.047001,1745,SNOW_FLAT
KLT4,2020,0,0,NA,NA,NA,0,0,0,0,NA,181,0.0,NA,NA,NA,False,2020/2021,SLF_IMIS_DAILY_SNOW,Schiiterböden,True,8.985869,47.047001,1745,SNOW_FLAT
KLT4,2021,0,0,NA,NA,NA,0,0,0,0,NA,181,0.0,NA,NA,NA,False,2021/2022,SLF_IMIS_DAILY_SNOW,Schiiterböden,True,8.985869,47.047001,1745,SNOW_FLAT
KLT4,2022,0,0,NA,NA,NA,0,0,0,0,NA,181,0.0,NA,NA,NA,False,2022/2023,SLF_IMIS_DAILY_SNOW,Schiiterböden,True,8.985869,47.047001,1745,SNOW_FLAT
KLT4,2023,182,0,133.57692307692307,147.0,211.0,177,165,161,182,1137.3,182,1.0,0.9725274725274725,0.9065934065934066,0.8846153846153846,True,2023/2024,SLF_IMIS_DAILY_SNOW,Schiiterböden,True,8.985869,47.047001,1745,SNOW_FLAT
KLT4,2024,181,0,82.43646408839778,103.0,155.0,158,154,150,181,555.5,181,1.0,0.8729281767955801,0.850828729281768,0.8287292817679558,True,2024/2025,SLF_IMIS_DAILY_SNOW,Schiiterböden,True,8.985869,47.047001,1745,SNOW_FLAT
KLT4,2025,181,0,73.03314917127072,66.0,238.0,171,154,132,181,854.1999999999999,181,1.0,0.9447513812154696,0.850828729281768,0.7292817679558011,True,2025/2026,SLF_IMIS_DAILY_SNOW,Schiiterböden,True,8.985869,47.047001,1745,SNOW_FLAT
LAG2,2013,181,0,179.5635359116022,211.0,306.0,181,181,180,181,1076.1999999999998,181,1.0,1.0,1.0,0.994475138121547,True,2013/2014,SLF_IMIS_DAILY_SNOW,Tscheppa,True,9.74458,46.451357,2730,SNOW_FLAT
LAG2,2014,181,0,127.90055248618785,154.0,204.0,176,176,176,181,777.8000000000001,181,1.0,0.9723756906077348,0.9723756906077348,0.9723756906077348,True,2014/2015,SLF_IMIS_DAILY_SNOW,Tscheppa,True,9.74458,46.451357,2730,SNOW_FLAT
LAG2,2015,182,0,63.18681318681319,52.0,169.0,168,122,114,182,774.6999999999999,182,1.0,0.9230769230769231,0.6703296703296703,0.6263736263736264,True,2015/2016,SLF_IMIS_DAILY_SNOW,Tscheppa,True,9.74458,46.451357,2730,SNOW_FLAT
LAG2,2016,176,0,72.78977272727273,70.5,196.0,170,170,140,181,792.9000000000001,181,0.9723756906077348,0.9659090909090909,0.9659090909090909,0.7954545454545454,True,2016/2017,SLF_IMIS_DAILY_SNOW,Tscheppa,True,9.74458,46.451357,2730,SNOW_FLAT
LAG2,2017,181,0,124.06077348066299,148.0,226.0,176,174,168,181,1055.3,181,1.0,0.9723756906077348,0.9613259668508287,0.9281767955801105,True,2017/2018,SLF_IMIS_DAILY_SNOW,Tscheppa,True,9.74458,46.451357,2730,SNOW_FLAT
LAG2,2018,181,0,172.38121546961327,179.0,260.0,181,181,181,181,925.8,181,1.0,1.0,1.0,1.0,True,2018/2019,SLF_IMIS_DAILY_SNOW,Tscheppa,True,9.74458,46.451357,2730,SNOW_FLAT
LAG2,2019,182,0,119.5,125.5,179.0,178,177,176,182,780.7,182,1.0,0.978021978021978,0.9725274725274725,0.967032967032967,True,2019/2020,SLF_IMIS_DAILY_SNOW,Tscheppa,True,9.74458,46.451357,2730,SNOW_FLAT
LAG2,2020,181,0,144.6243093922652,181.0,222.0,181,181,181,181,861.5,181,1.0,1.0,1.0,1.0,True,2020/2021,SLF_IMIS_DAILY_SNOW,Tscheppa,True,9.74458,46.451357,2730,SNOW_FLAT
LAG2,2021,180,0,83.9,87.0,131.0,179,179,174,181,612.7,181,0.994475138121547,0.9944444444444445,0.9944444444444445,0.9666666666666667,True,2021/2022,SLF_IMIS_DAILY_SNOW,Tscheppa,True,9.74458,46.451357,2730,SNOW_FLAT
LAG2,2022,181,0,66.30386740331491,70.0,143.0,174,160,159,181,744.8,181,1.0,0.9613259668508287,0.8839779005524862,0.8784530386740331,True,2022/2023,SLF_IMIS_DAILY_SNOW,Tscheppa,True,9.74458,46.451357,2730,SNOW_FLAT
LAG2,2023,182,0,155.1098901098901,152.0,250.0,182,182,182,182,1317.9,182,1.0,1.0,1.0,1.0,True,2023/2024,SLF_IMIS_DAILY_SNOW,Tscheppa,True,9.74458,46.451357,2730,SNOW_FLAT
LAG2,2024,181,0,77.4475138121547,106.0,142.0,144,133,131,181,588.6,181,1.0,0.7955801104972375,0.7348066298342542,0.7237569060773481,True,2024/2025,SLF_IMIS_DAILY_SNOW,Tscheppa,True,9.74458,46.451357,2730,SNOW_FLAT
LAG2,2025,181,0,70.15469613259668,56.0,150.0,164,161,154,181,654.0,181,1.0,0.9060773480662984,0.8895027624309392,0.850828729281768,True,2025/2026,SLF_IMIS_DAILY_SNOW,Tscheppa,True,9.74458,46.451357,2730,SNOW_FLAT
LAG3,2013,181,0,137.5303867403315,171.0,251.0,175,167,135,0,NA,181,1.0,0.9668508287292817,0.9226519337016574,0.7458563535911602,True,2013/2014,SLF_IMIS_DAILY_SNOW,Materdell,True,9.697772,46.424527,2300,SNOW_FLAT
LAG3,2014,181,0,114.58011049723757,117.0,172.0,179,179,176,0,NA,181,1.0,0.988950276243094,0.988950276243094,0.9723756906077348,True,2014/2015,SLF_IMIS_DAILY_SNOW,Materdell,True,9.697772,46.424527,2300,SNOW_FLAT
LAG3,2015,161,21,58.32919254658385,70.0,150.0,119,112,110,0,NA,182,0.8846153846153846,0.7391304347826086,0.6956521739130435,0.6832298136645962,True,2015/2016,SLF_IMIS_DAILY_SNOW,Materdell,True,9.697772,46.424527,2300,SNOW_FLAT
LAG3,2016,181,0,72.82872928176796,68.0,148.0,175,169,163,0,NA,181,1.0,0.9668508287292817,0.9337016574585635,0.9005524861878453,True,2016/2017,SLF_IMIS_DAILY_SNOW,Materdell,True,9.697772,46.424527,2300,SNOW_FLAT
LAG3,2017,181,0,120.59668508287292,143.0,224.0,176,176,155,0,NA,181,1.0,0.9723756906077348,0.9723756906077348,0.856353591160221,True,2017/2018,SLF_IMIS_DAILY_SNOW,Materdell,True,9.697772,46.424527,2300,SNOW_FLAT
LAG3,2018,181,0,140.22651933701658,140.0,242.0,181,181,181,0,NA,181,1.0,1.0,1.0,1.0,True,2018/2019,SLF_IMIS_DAILY_SNOW,Materdell,True,9.697772,46.424527,2300,SNOW_FLAT
LAG3,2019,182,0,96.52197802197803,99.0,153.0,179,177,174,182,638.1,182,1.0,0.9835164835164835,0.9725274725274725,0.9560439560439561,True,2019/2020,SLF_IMIS_DAILY_SNOW,Materdell,True,9.697772,46.424527,2300,SNOW_FLAT
LAG3,2020,181,0,110.04419889502762,126.0,176.0,181,149,147,181,643.0,181,1.0,1.0,0.8232044198895028,0.8121546961325967,True,2020/2021,SLF_IMIS_DAILY_SNOW,Materdell,True,9.697772,46.424527,2300,SNOW_FLAT
LAG3,2021,181,0,64.48618784530387,62.0,96.0,180,178,177,181,427.20000000000005,181,1.0,0.994475138121547,0.9834254143646409,0.9779005524861878,True,2021/2022,SLF_IMIS_DAILY_SNOW,Materdell,True,9.697772,46.424527,2300,SNOW_FLAT
LAG3,2022,181,0,41.668508287292816,42.0,97.0,172,148,147,181,346.0,181,1.0,0.9502762430939227,0.8176795580110497,0.8121546961325967,True,2022/2023,SLF_IMIS_DAILY_SNOW,Materdell,True,9.697772,46.424527,2300,SNOW_FLAT
LAG3,2023,182,0,114.74725274725274,102.0,255.0,182,180,180,182,907.2,182,1.0,1.0,0.989010989010989,0.989010989010989,True,2023/2024,SLF_IMIS_DAILY_SNOW,Materdell,True,9.697772,46.424527,2300,SNOW_FLAT
LAG3,2024,181,0,61.66298342541437,76.0,132.0,160,132,116,181,440.4,181,1.0,0.8839779005524862,0.7292817679558011,0.6408839779005525,True,2024/2025,SLF_IMIS_DAILY_SNOW,Materdell,True,9.697772,46.424527,2300,SNOW_FLAT
LAG3,2025,181,0,51.75690607734806,40.0,115.0,165,158,141,181,376.30000000000007,181,1.0,0.9116022099447514,0.8729281767955801,0.7790055248618785,True,2025/2026,SLF_IMIS_DAILY_SNOW,Materdell,True,9.697772,46.424527,2300,SNOW_FLAT
LAG4,2013,0,0,NA,NA,NA,0,0,0,0,NA,181,0.0,NA,NA,NA,False,2013/2014,SLF_IMIS_DAILY_SNOW,Segl,False,9.759671,46.4389,1925,SNOW_SLOPE
LAG4,2014,0,0,NA,NA,NA,0,0,0,0,NA,181,0.0,NA,NA,NA,False,2014/2015,SLF_IMIS_DAILY_SNOW,Segl,False,9.759671,46.4389,1925,SNOW_SLOPE
LAG4,2015,0,0,NA,NA,NA,0,0,0,0,NA,182,0.0,NA,NA,NA,False,2015/2016,SLF_IMIS_DAILY_SNOW,Segl,False,9.759671,46.4389,1925,SNOW_SLOPE
LAG4,2016,0,0,NA,NA,NA,0,0,0,0,NA,181,0.0,NA,NA,NA,False,2016/2017,SLF_IMIS_DAILY_SNOW,Segl,False,9.759671,46.4389,1925,SNOW_SLOPE
LAG4,2017,0,0,NA,NA,NA,0,0,0,0,NA,181,0.0,NA,NA,NA,False,2017/2018,SLF_IMIS_DAILY_SNOW,Segl,False,9.759671,46.4389,1925,SNOW_SLOPE
LAG4,2018,0,0,NA,NA,NA,0,0,0,0,NA,181,0.0,NA,NA,NA,False,2018/2019,SLF_IMIS_DAILY_SNOW,Segl,False,9.759671,46.4389,1925,SNOW_SLOPE
LAG4,2019,0,0,NA,NA,NA,0,0,0,0,NA,182,0.0,NA,NA,NA,False,2019/2020,SLF_IMIS_DAILY_SNOW,Segl,False,9.759671,46.4389,1925,SNOW_SLOPE
LAG4,2020,0,0,NA,NA,NA,0,0,0,0,NA,181,0.0,NA,NA,NA,False,2020/2021,SLF_IMIS_DAILY_SNOW,Segl,False,9.759671,46.4389,1925,SNOW_SLOPE
LAG4,2021,0,0,NA,NA,NA,0,0,0,0,NA,181,0.0,NA,NA,NA,False,2021/2022,SLF_IMIS_DAILY_SNOW,Segl,False,9.759671,46.4389,1925,SNOW_SLOPE
LAG4,2022,0,0,NA,NA,NA,0,0,0,0,NA,181,0.0,NA,NA,NA,False,2022/2023,SLF_IMIS_DAILY_SNOW,Segl,False,9.759671,46.4389,1925,SNOW_SLOPE
LAG4,2023,0,0,NA,NA,NA,0,0,0,0,NA,182,0.0,NA,NA,NA,False,2023/2024,SLF_IMIS_DAILY_SNOW,Segl,False,9.759671,46.4389,1925,SNOW_SLOPE
LAG4,2024,0,0,NA,NA,NA,0,0,0,0,NA,181,0.0,NA,NA,NA,False,2024/2025,SLF_IMIS_DAILY_SNOW,Segl,False,9.759671,46.4389,1925,SNOW_SLOPE
LAG4,2025,0,0,NA,NA,NA,0,0,0,0,NA,181,0.0,NA,NA,NA,False,2025/2026,SLF_IMIS_DAILY_SNOW,Segl,False,9.759671,46.4389,1925,SNOW_SLOPE
LAU2,2013,181,0,83.89502762430939,92.0,150.0,174,164,160,181,583.5,181,1.0,0.9613259668508287,0.9060773480662984,0.8839779005524862,True,2013/2014,SLF_IMIS_DAILY_SNOW,Trüttlisbergpass,True,7.379867,46.426029,1970,SNOW_FLAT
LAU2,2014,181,0,68.87292817679558,73.0,150.0,168,147,129,181,546.7,181,1.0,0.9281767955801105,0.8121546961325967,0.712707182320442,True,2014/2015,SLF_IMIS_DAILY_SNOW,Trüttlisbergpass,True,7.379867,46.426029,1970,SNOW_FLAT
LAU2,2015,182,0,64.33516483516483,72.0,142.0,161,161,154,182,550.8,182,1.0,0.8846153846153846,0.8846153846153846,0.8461538461538461,True,2015/2016,SLF_IMIS_DAILY_SNOW,Trüttlisbergpass,True,7.379867,46.426029,1970,SNOW_FLAT
LAU2,2016,181,0,41.13259668508287,42.0,111.0,131,121,113,181,543.9,181,1.0,0.7237569060773481,0.6685082872928176,0.6243093922651933,True,2016/2017,SLF_IMIS_DAILY_SNOW,Trüttlisbergpass,True,7.379867,46.426029,1970,SNOW_FLAT
LAU2,2017,181,0,115.47513812154696,126.0,210.0,176,176,169,181,707.4,181,1.0,0.9723756906077348,0.9723756906077348,0.9337016574585635,True,2017/2018,SLF_IMIS_DAILY_SNOW,Trüttlisbergpass,True,7.379867,46.426029,1970,SNOW_FLAT
LAU2,2018,181,0,67.95580110497238,85.0,133.0,152,136,134,181,706.6,181,1.0,0.8397790055248618,0.7513812154696132,0.7403314917127072,True,2018/2019,SLF_IMIS_DAILY_SNOW,Trüttlisbergpass,True,7.379867,46.426029,1970,SNOW_FLAT
LAU2,2019,182,0,45.61538461538461,52.0,82.0,166,157,133,182,424.8,182,1.0,0.9120879120879121,0.8626373626373627,0.7307692307692307,True,2019/2020,SLF_IMIS_DAILY_SNOW,Trüttlisbergpass,True,7.379867,46.426029,1970,SNOW_FLAT
LAU2,2020,181,0,102.22099447513813,141.0,210.0,150,148,141,181,750.7,181,1.0,0.8287292817679558,0.8176795580110497,0.7790055248618785,True,2020/2021,SLF_IMIS_DAILY_SNOW,Trüttlisbergpass,True,7.379867,46.426029,1970,SNOW_FLAT
LAU2,2021,181,0,71.56906077348066,80.0,118.0,163,153,151,181,534.1,181,1.0,0.9005524861878453,0.8453038674033149,0.8342541436464088,True,2021/2022,SLF_IMIS_DAILY_SNOW,Trüttlisbergpass,True,7.379867,46.426029,1970,SNOW_FLAT
LAU2,2022,181,0,52.591160220994475,58.0,107.0,165,152,128,181,502.3,181,1.0,0.9116022099447514,0.8397790055248618,0.7071823204419889,True,2022/2023,SLF_IMIS_DAILY_SNOW,Trüttlisbergpass,True,7.379867,46.426029,1970,SNOW_FLAT
LAU2,2023,182,0,70.75824175824175,78.0,133.0,169,164,157,182,691.1000000000001,182,1.0,0.9285714285714286,0.9010989010989011,0.8626373626373627,True,2023/2024,SLF_IMIS_DAILY_SNOW,Trüttlisbergpass,True,7.379867,46.426029,1970,SNOW_FLAT
LAU2,2024,181,0,59.773480662983424,61.0,102.0,161,161,152,181,459.0,181,1.0,0.8895027624309392,0.8895027624309392,0.8397790055248618,True,2024/2025,SLF_IMIS_DAILY_SNOW,Trüttlisbergpass,True,7.379867,46.426029,1970,SNOW_FLAT
LAU2,2025,181,0,85.37569060773481,79.0,168.0,180,167,161,181,552.1999999999999,181,1.0,0.994475138121547,0.9226519337016574,0.8895027624309392,True,2025/2026,SLF_IMIS_DAILY_SNOW,Trüttlisbergpass,True,7.379867,46.426029,1970,SNOW_FLAT
LHO2,2013,181,0,52.9060773480663,29.0,151.0,133,110,89,181,867.2000000000002,181,1.0,0.7348066298342542,0.6077348066298343,0.49171270718232046,True,2013/2014,SLF_IMIS_DAILY_SNOW,Russisprung,True,7.943742,46.582791,2150,SNOW_FLAT
LHO2,2014,181,0,69.02762430939227,68.0,148.0,176,165,154,181,675.5,181,1.0,0.9723756906077348,0.9116022099447514,0.850828729281768,True,2014/2015,SLF_IMIS_DAILY_SNOW,Russisprung,True,7.943742,46.582791,2150,SNOW_FLAT
LHO2,2015,182,0,69.86813186813187,78.0,147.0,161,161,160,182,626.0999999999999,182,1.0,0.8846153846153846,0.8846153846153846,0.8791208791208791,True,2015/2016,SLF_IMIS_DAILY_SNOW,Russisprung,True,7.943742,46.582791,2150,SNOW_FLAT
LHO2,2016,181,0,25.34806629834254,23.0,65.0,124,103,76,181,624.3,181,1.0,0.6850828729281768,0.569060773480663,0.4198895027624309,True,2016/2017,SLF_IMIS_DAILY_SNOW,Russisprung,True,7.943742,46.582791,2150,SNOW_FLAT
LHO2,2017,181,0,126.41436464088397,151.0,238.0,176,176,171,181,869.3000000000001,181,1.0,0.9723756906077348,0.9723756906077348,0.9447513812154696,True,2017/2018,SLF_IMIS_DAILY_SNOW,Russisprung,True,7.943742,46.582791,2150,SNOW_FLAT
LHO2,2018,181,0,94.84530386740332,118.0,196.0,151,142,140,181,692.9000000000001,181,1.0,0.8342541436464088,0.7845303867403315,0.7734806629834254,True,2018/2019,SLF_IMIS_DAILY_SNOW,Russisprung,True,7.943742,46.582791,2150,SNOW_FLAT
LHO2,2019,182,0,60.33516483516483,65.0,122.0,161,155,136,182,577.6999999999999,182,1.0,0.8846153846153846,0.8516483516483516,0.7472527472527473,True,2019/2020,SLF_IMIS_DAILY_SNOW,Russisprung,True,7.943742,46.582791,2150,SNOW_FLAT
LHO2,2020,181,0,76.31491712707182,100.0,175.0,150,139,123,181,758.3,181,1.0,0.8287292817679558,0.7679558011049724,0.6795580110497238,True,2020/2021,SLF_IMIS_DAILY_SNOW,Russisprung,True,7.943742,46.582791,2150,SNOW_FLAT
LHO2,2021,181,0,66.73480662983425,64.0,136.0,161,153,152,181,529.7,181,1.0,0.8895027624309392,0.8453038674033149,0.8397790055248618,True,2021/2022,SLF_IMIS_DAILY_SNOW,Russisprung,True,7.943742,46.582791,2150,SNOW_FLAT
LHO2,2022,181,0,24.03867403314917,23.0,72.0,151,104,55,181,481.6,181,1.0,0.8342541436464088,0.574585635359116,0.30386740331491713,True,2022/2023,SLF_IMIS_DAILY_SNOW,Russisprung,True,7.943742,46.582791,2150,SNOW_FLAT
LHO2,2023,182,0,76.35714285714286,89.0,141.0,173,162,156,182,803.4,182,1.0,0.9505494505494505,0.8901098901098901,0.8571428571428571,True,2023/2024,SLF_IMIS_DAILY_SNOW,Russisprung,True,7.943742,46.582791,2150,SNOW_FLAT
LHO2,2024,181,0,56.06077348066298,67.0,110.0,160,150,142,181,546.0999999999999,181,1.0,0.8839779005524862,0.8287292817679558,0.7845303867403315,True,2024/2025,SLF_IMIS_DAILY_SNOW,Russisprung,True,7.943742,46.582791,2150,SNOW_FLAT
LHO2,2025,181,0,31.895027624309392,27.0,111.0,123,102,89,181,559.0,181,1.0,0.6795580110497238,0.56353591160221,0.49171270718232046,True,2025/2026,SLF_IMIS_DAILY_SNOW,Russisprung,True,7.943742,46.582791,2150,SNOW_FLAT
LUK2,2013,181,0,227.18232044198896,258.0,374.0,177,175,175,181,1328.7,181,1.0,0.9779005524861878,0.9668508287292817,0.9668508287292817,True,2013/2014,SLF_IMIS_DAILY_SNOW,Lai Verd,True,8.783521,46.604153,2555,SNOW_FLAT
LUK2,2014,181,0,268.3259668508287,302.0,406.0,177,177,177,181,1486.6,181,1.0,0.9779005524861878,0.9779005524861878,0.9779005524861878,True,2014/2015,SLF_IMIS_DAILY_SNOW,Lai Verd,True,8.783521,46.604153,2555,SNOW_FLAT
LUK2,2015,182,0,117.02197802197803,97.0,307.0,161,155,116,182,1053.3000000000002,182,1.0,0.8846153846153846,0.8516483516483516,0.6373626373626373,True,2015/2016,SLF_IMIS_DAILY_SNOW,Lai Verd,True,8.783521,46.604153,2555,SNOW_FLAT
LUK2,2016,181,0,153.11049723756906,139.0,314.0,170,164,163,181,1100.6000000000001,181,1.0,0.9392265193370166,0.9060773480662984,0.9005524861878453,True,2016/2017,SLF_IMIS_DAILY_SNOW,Lai Verd,True,8.783521,46.604153,2555,SNOW_FLAT
LUK2,2017,181,0,233.41436464088397,299.0,422.0,176,169,166,181,1390.6999999999998,181,1.0,0.9723756906077348,0.9337016574585635,0.9171270718232044,True,2017/2018,SLF_IMIS_DAILY_SNOW,Lai Verd,True,8.783521,46.604153,2555,SNOW_FLAT
LUK2,2018,181,0,274.8729281767956,278.0,465.0,181,181,181,181,1470.9,181,1.0,1.0,1.0,1.0,True,2018/2019,SLF_IMIS_DAILY_SNOW,Lai Verd,True,8.783521,46.604153,2555,SNOW_FLAT
LUK2,2019,182,0,225.46703296703296,252.0,312.0,179,174,174,182,1188.0,182,1.0,0.9835164835164835,0.9560439560439561,0.9560439560439561,True,2019/2020,SLF_IMIS_DAILY_SNOW,Lai Verd,True,8.783521,46.604153,2555,SNOW_FLAT
LUK2,2020,181,0,217.76795580110496,273.0,358.0,181,181,181,181,1105.5,181,1.0,1.0,1.0,1.0,True,2020/2021,SLF_IMIS_DAILY_SNOW,Lai Verd,True,8.783521,46.604153,2555,SNOW_FLAT
LUK2,2021,181,0,96.23204419889503,91.0,162.0,178,178,173,181,638.8,181,1.0,0.9834254143646409,0.9834254143646409,0.9558011049723757,True,2021/2022,SLF_IMIS_DAILY_SNOW,Lai Verd,True,8.783521,46.604153,2555,SNOW_FLAT
LUK2,2022,181,0,92.40883977900552,90.0,208.0,157,147,147,181,834.8,181,1.0,0.8674033149171271,0.8121546961325967,0.8121546961325967,True,2022/2023,SLF_IMIS_DAILY_SNOW,Lai Verd,True,8.783521,46.604153,2555,SNOW_FLAT
LUK2,2023,182,0,216.08241758241758,175.5,468.0,182,180,180,182,1757.8999999999999,182,1.0,1.0,0.989010989010989,0.989010989010989,True,2023/2024,SLF_IMIS_DAILY_SNOW,Lai Verd,True,8.783521,46.604153,2555,SNOW_FLAT
LUK2,2024,181,0,122.71270718232044,160.0,232.0,162,160,159,181,1022.3,181,1.0,0.8950276243093923,0.8839779005524862,0.8784530386740331,True,2024/2025,SLF_IMIS_DAILY_SNOW,Lai Verd,True,8.783521,46.604153,2555,SNOW_FLAT
LUK2,2025,181,0,134.77900552486187,118.0,303.0,181,181,172,181,887.0999999999999,181,1.0,1.0,1.0,0.9502762430939227,True,2025/2026,SLF_IMIS_DAILY_SNOW,Lai Verd,True,8.783521,46.604153,2555,SNOW_FLAT
LUM2,2013,181,0,36.574585635359114,35.0,97.0,134,112,98,181,710.5,181,1.0,0.7403314917127072,0.6187845303867403,0.5414364640883977,True,2013/2014,SLF_IMIS_DAILY_SNOW,Lumpegna Süd,True,8.86169,46.73118,2365,SNOW_SLOPE
LUM2,2014,181,0,86.22651933701657,91.0,140.0,176,176,176,181,803.5,181,1.0,0.9723756906077348,0.9723756906077348,0.9723756906077348,True,2014/2015,SLF_IMIS_DAILY_SNOW,Lumpegna Süd,True,8.86169,46.73118,2365,SNOW_SLOPE
LUM2,2015,174,0,36.12068965517241,31.5,103.0,115,103,90,176,595.8000000000001,182,0.9560439560439561,0.6609195402298851,0.5919540229885057,0.5172413793103449,True,2015/2016,SLF_IMIS_DAILY_SNOW,Lumpegna Süd,True,8.86169,46.73118,2365,SNOW_SLOPE
LUM2,2016,181,0,26.497237569060772,20.0,126.0,101,92,75,181,703.1999999999999,181,1.0,0.5580110497237569,0.5082872928176796,0.4143646408839779,True,2016/2017,SLF_IMIS_DAILY_SNOW,Lumpegna Süd,True,8.86169,46.73118,2365,SNOW_SLOPE
LUM2,2017,181,0,78.20441988950276,86.0,169.0,159,142,140,181,907.9,181,1.0,0.8784530386740331,0.7845303867403315,0.7734806629834254,True,2017/2018,SLF_IMIS_DAILY_SNOW,Lumpegna Süd,True,8.86169,46.73118,2365,SNOW_SLOPE
LUM2,2018,181,0,90.79558011049724,103.0,172.0,154,153,151,181,900.4,181,1.0,0.850828729281768,0.8453038674033149,0.8342541436464088,True,2018/2019,SLF_IMIS_DAILY_SNOW,Lumpegna Süd,True,8.86169,46.73118,2365,SNOW_SLOPE
LUM2,2019,182,0,43.39010989010989,44.5,101.0,154,151,143,182,642.4000000000001,182,1.0,0.8461538461538461,0.8296703296703297,0.7857142857142857,True,2019/2020,SLF_IMIS_DAILY_SNOW,Lumpegna Süd,True,8.86169,46.73118,2365,SNOW_SLOPE
LUM2,2020,181,0,62.552486187845304,64.0,153.0,146,146,145,181,772.9000000000001,181,1.0,0.8066298342541437,0.8066298342541437,0.8011049723756906,True,2020/2021,SLF_IMIS_DAILY_SNOW,Lumpegna Süd,True,8.86169,46.73118,2365,SNOW_SLOPE
LUM2,2021,181,0,35.30386740331492,30.0,90.0,138,127,97,181,542.1,181,1.0,0.7624309392265194,0.7016574585635359,0.5359116022099447,True,2021/2022,SLF_IMIS_DAILY_SNOW,Lumpegna Süd,True,8.86169,46.73118,2365,SNOW_SLOPE
LUM2,2022,181,0,20.325966850828728,21.0,77.0,123,95,40,181,606.4,181,1.0,0.6795580110497238,0.5248618784530387,0.22099447513812154,True,2022/2023,SLF_IMIS_DAILY_SNOW,Lumpegna Süd,True,8.86169,46.73118,2365,SNOW_SLOPE
LUM2,2023,182,0,84.12087912087912,91.5,134.0,176,164,160,182,1040.5,182,1.0,0.967032967032967,0.9010989010989011,0.8791208791208791,True,2023/2024,SLF_IMIS_DAILY_SNOW,Lumpegna Süd,True,8.86169,46.73118,2365,SNOW_SLOPE
LUM2,2024,181,0,38.4585635359116,46.0,90.0,141,135,108,181,432.9,181,1.0,0.7790055248618785,0.7458563535911602,0.5966850828729282,True,2024/2025,SLF_IMIS_DAILY_SNOW,Lumpegna Süd,True,8.86169,46.73118,2365,SNOW_SLOPE
LUM2,2025,181,0,18.674033149171272,7.0,95.0,72,60,49,181,507.4,181,1.0,0.39779005524861877,0.3314917127071823,0.27071823204419887,True,2025/2026,SLF_IMIS_DAILY_SNOW,Lumpegna Süd,True,8.86169,46.73118,2365,SNOW_SLOPE
LUM3,2013,181,0,116.9171270718232,124.0,207.0,175,175,171,181,769.3,181,1.0,0.9668508287292817,0.9668508287292817,0.9447513812154696,True,2013/2014,SLF_IMIS_DAILY_SNOW,Lumpegna Nord,True,8.86257,46.73228,2355,SNOW_SLOPE
LUM3,2014,181,0,161.21546961325967,172.0,250.0,181,176,176,181,941.0999999999999,181,1.0,1.0,0.9723756906077348,0.9723756906077348,True,2014/2015,SLF_IMIS_DAILY_SNOW,Lumpegna Nord,True,8.86257,46.73228,2355,SNOW_SLOPE
LUM3,2015,174,0,83.87931034482759,84.0,174.0,154,144,136,176,663.6,182,0.9560439560439561,0.8850574712643678,0.8275862068965517,0.7816091954022989,True,2015/2016,SLF_IMIS_DAILY_SNOW,Lumpegna Nord,True,8.86257,46.73228,2355,SNOW_SLOPE
LUM3,2016,181,0,80.38674033149171,66.0,188.0,173,171,170,181,753.4,181,1.0,0.9558011049723757,0.9447513812154696,0.9392265193370166,True,2016/2017,SLF_IMIS_DAILY_SNOW,Lumpegna Nord,True,8.86257,46.73228,2355,SNOW_SLOPE
LUM3,2017,181,0,146.54696132596686,184.0,257.0,181,176,169,181,903.3000000000001,181,1.0,1.0,0.9723756906077348,0.9337016574585635,True,2017/2018,SLF_IMIS_DAILY_SNOW,Lumpegna Nord,True,8.86257,46.73228,2355,SNOW_SLOPE
LUM3,2018,181,0,164.07734806629836,178.0,281.0,181,181,181,181,811.8000000000001,181,1.0,1.0,1.0,1.0,True,2018/2019,SLF_IMIS_DAILY_SNOW,Lumpegna Nord,True,8.86257,46.73228,2355,SNOW_SLOPE
LUM3,2019,182,0,119.50549450549451,128.0,186.0,178,176,174,182,709.5,182,1.0,0.978021978021978,0.967032967032967,0.9560439560439561,True,2019/2020,SLF_IMIS_DAILY_SNOW,Lumpegna Nord,True,8.86257,46.73228,2355,SNOW_SLOPE
LUM3,2020,169,0,143.4319526627219,169.0,249.0,169,161,147,169,859.0,181,0.9337016574585635,1.0,0.9526627218934911,0.8698224852071006,True,2020/2021,SLF_IMIS_DAILY_SNOW,Lumpegna Nord,True,8.86257,46.73228,2355,SNOW_SLOPE
LUM3,2021,181,0,99.51933701657458,101.0,144.0,180,178,175,181,638.5,181,1.0,0.994475138121547,0.9834254143646409,0.9668508287292817,True,2021/2022,SLF_IMIS_DAILY_SNOW,Lumpegna Nord,True,8.86257,46.73228,2355,SNOW_SLOPE
LUM3,2022,181,0,76.12154696132596,69.0,180.0,168,163,153,181,696.2,181,1.0,0.9281767955801105,0.9005524861878453,0.8453038674033149,True,2022/2023,SLF_IMIS_DAILY_SNOW,Lumpegna Nord,True,8.86257,46.73228,2355,SNOW_SLOPE
LUM3,2023,182,0,141.6153846153846,127.0,276.0,182,180,179,182,1173.0,182,1.0,1.0,0.989010989010989,0.9835164835164835,True,2023/2024,SLF_IMIS_DAILY_SNOW,Lumpegna Nord,True,8.86257,46.73228,2355,SNOW_SLOPE
LUM3,2024,170,0,96.6470588235294,108.5,139.0,164,162,161,170,801.0,181,0.9392265193370166,0.9647058823529412,0.9529411764705882,0.9470588235294117,True,2024/2025,SLF_IMIS_DAILY_SNOW,Lumpegna Nord,True,8.86257,46.73228,2355,SNOW_SLOPE
LUM3,2025,181,0,76.37016574585635,62.0,180.0,173,157,156,181,571.1,181,1.0,0.9558011049723757,0.8674033149171271,0.861878453038674,True,2025/2026,SLF_IMIS_DAILY_SNOW,Lumpegna Nord,True,8.86257,46.73228,2355,SNOW_SLOPE
MAE2,2013,181,0,86.93922651933701,85.0,156.0,173,171,169,181,764.6,181,1.0,0.9558011049723757,0.9447513812154696,0.9337016574585635,True,2013/2014,SLF_IMIS_DAILY_SNOW,Itramen,True,7.943542,46.618649,2162,SNOW_FLAT
MAE2,2014,181,0,76.26519337016575,87.0,160.0,176,170,147,181,604.8,181,1.0,0.9723756906077348,0.9392265193370166,0.8121546961325967,True,2014/2015,SLF_IMIS_DAILY_SNOW,Itramen,True,7.943542,46.618649,2162,SNOW_FLAT
MAE2,2015,182,0,64.51648351648352,70.5,133.0,161,161,159,182,548.1,182,1.0,0.8846153846153846,0.8846153846153846,0.8736263736263736,True,2015/2016,SLF_IMIS_DAILY_SNOW,Itramen,True,7.943542,46.618649,2162,SNOW_FLAT
MAE2,2016,181,0,58.54696132596685,48.0,126.0,175,172,126,181,493.40000000000003,181,1.0,0.9668508287292817,0.9502762430939227,0.6961325966850829,True,2016/2017,SLF_IMIS_DAILY_SNOW,Itramen,True,7.943542,46.618649,2162,SNOW_FLAT
MAE2,2017,181,0,124.0828729281768,136.0,219.0,176,175,172,181,726.0999999999999,181,1.0,0.9723756906077348,0.9668508287292817,0.9502762430939227,True,2017/2018,SLF_IMIS_DAILY_SNOW,Itramen,True,7.943542,46.618649,2162,SNOW_FLAT
MAE2,2018,181,0,66.37569060773481,84.0,140.0,150,140,135,181,530.4000000000001,181,1.0,0.8287292817679558,0.7734806629834254,0.7458563535911602,True,2018/2019,SLF_IMIS_DAILY_SNOW,Itramen,True,7.943542,46.618649,2162,SNOW_FLAT
MAE2,2019,182,0,39.07142857142857,43.0,82.0,159,155,130,182,447.40000000000003,182,1.0,0.8736263736263736,0.8516483516483516,0.7142857142857143,True,2019/2020,SLF_IMIS_DAILY_SNOW,Itramen,True,7.943542,46.618649,2162,SNOW_FLAT
MAE2,2020,181,0,97.82872928176796,126.0,187.0,150,150,146,181,679.8000000000001,181,1.0,0.8287292817679558,0.8287292817679558,0.8066298342541437,True,2020/2021,SLF_IMIS_DAILY_SNOW,Itramen,True,7.943542,46.618649,2162,SNOW_FLAT
MAE2,2021,181,0,65.78453038674033,75.0,105.0,179,159,153,181,495.79999999999995,181,1.0,0.988950276243094,0.8784530386740331,0.8453038674033149,True,2021/2022,SLF_IMIS_DAILY_SNOW,Itramen,True,7.943542,46.618649,2162,SNOW_FLAT
MAE2,2022,181,0,58.110497237569064,64.0,118.0,167,161,152,181,527.2,181,1.0,0.9226519337016574,0.8895027624309392,0.8397790055248618,True,2022/2023,SLF_IMIS_DAILY_SNOW,Itramen,True,7.943542,46.618649,2162,SNOW_FLAT
MAE2,2023,182,0,86.88461538461539,86.0,168.0,177,165,155,182,806.3000000000001,182,1.0,0.9725274725274725,0.9065934065934066,0.8516483516483516,True,2023/2024,SLF_IMIS_DAILY_SNOW,Itramen,True,7.943542,46.618649,2162,SNOW_FLAT
MAE2,2024,181,0,75.1988950276243,85.0,137.0,161,161,152,181,534.5,181,1.0,0.8895027624309392,0.8895027624309392,0.8397790055248618,True,2024/2025,SLF_IMIS_DAILY_SNOW,Itramen,True,7.943542,46.618649,2162,SNOW_FLAT
MAE2,2025,181,0,70.4475138121547,70.0,139.0,181,169,158,181,439.79999999999995,181,1.0,1.0,0.9337016574585635,0.8729281767955801,True,2025/2026,SLF_IMIS_DAILY_SNOW,Itramen,True,7.943542,46.618649,2162,SNOW_FLAT
MEI2,2013,181,0,67.00552486187846,62.0,114.0,176,172,170,181,683.9,181,1.0,0.9723756906077348,0.9502762430939227,0.9392265193370166,True,2013/2014,SLF_IMIS_DAILY_SNOW,Laucheren,True,8.551014,46.743768,2220,SNOW_FLAT
MEI2,2014,181,0,133.54696132596686,149.0,288.0,176,176,176,180,1354.4,181,1.0,0.9723756906077348,0.9723756906077348,0.9723756906077348,True,2014/2015,SLF_IMIS_DAILY_SNOW,Laucheren,True,8.551014,46.743768,2220,SNOW_FLAT
MEI2,2015,182,0,118.58791208791209,141.0,244.0,161,161,161,182,940.4000000000001,182,1.0,0.8846153846153846,0.8846153846153846,0.8846153846153846,True,2015/2016,SLF_IMIS_DAILY_SNOW,Laucheren,True,8.551014,46.743768,2220,SNOW_FLAT
MEI2,2016,181,0,100.62983425414365,114.0,236.0,175,172,129,181,1027.4,181,1.0,0.9668508287292817,0.9502762430939227,0.712707182320442,True,2016/2017,SLF_IMIS_DAILY_SNOW,Laucheren,True,8.551014,46.743768,2220,SNOW_FLAT
MEI2,2017,181,0,193.71823204419888,238.0,336.0,181,176,176,181,1159.1,181,1.0,1.0,0.9723756906077348,0.9723756906077348,True,2017/2018,SLF_IMIS_DAILY_SNOW,Laucheren,True,8.551014,46.743768,2220,SNOW_FLAT
MEI2,2018,181,0,168.25414364640883,211.0,332.0,161,152,148,181,1248.6,181,1.0,0.8895027624309392,0.8397790055248618,0.8176795580110497,True,2018/2019,SLF_IMIS_DAILY_SNOW,Laucheren,True,8.551014,46.743768,2220,SNOW_FLAT
MEI2,2019,182,0,106.23626373626374,100.0,217.0,171,164,152,182,935.0999999999999,182,1.0,0.9395604395604396,0.9010989010989011,0.8351648351648352,True,2019/2020,SLF_IMIS_DAILY_SNOW,Laucheren,True,8.551014,46.743768,2220,SNOW_FLAT
MEI2,2020,181,0,132.07734806629836,182.0,302.0,148,146,145,181,1134.2,181,1.0,0.8176795580110497,0.8066298342541437,0.8011049723756906,True,2020/2021,SLF_IMIS_DAILY_SNOW,Laucheren,True,8.551014,46.743768,2220,SNOW_FLAT
MEI2,2021,181,0,114.01657458563535,119.0,204.0,160,155,153,181,830.6999999999999,181,1.0,0.8839779005524862,0.856353591160221,0.8453038674033149,True,2021/2022,SLF_IMIS_DAILY_SNOW,Laucheren,True,8.551014,46.743768,2220,SNOW_FLAT
MEI2,2022,181,0,77.81767955801105,74.0,204.0,164,158,139,181,760.5,181,1.0,0.9060773480662984,0.8729281767955801,0.7679558011049724,True,2022/2023,SLF_IMIS_DAILY_SNOW,Laucheren,True,8.551014,46.743768,2220,SNOW_FLAT
MEI2,2023,182,0,174.1043956043956,177.0,301.0,179,174,171,182,1333.6999999999998,182,1.0,0.9835164835164835,0.9560439560439561,0.9395604395604396,True,2023/2024,SLF_IMIS_DAILY_SNOW,Laucheren,True,8.551014,46.743768,2220,SNOW_FLAT
MEI2,2024,181,0,104.02209944751381,126.0,191.0,161,161,161,181,664.9000000000001,181,1.0,0.8895027624309392,0.8895027624309392,0.8895027624309392,True,2024/2025,SLF_IMIS_DAILY_SNOW,Laucheren,True,8.551014,46.743768,2220,SNOW_FLAT
MEI2,2025,181,0,103.34806629834254,89.0,255.0,180,169,162,181,823.8,181,1.0,0.994475138121547,0.9337016574585635,0.8950276243093923,True,2025/2026,SLF_IMIS_DAILY_SNOW,Laucheren,True,8.551014,46.743768,2220,SNOW_FLAT
MES2,2013,181,0,143.2707182320442,178.0,274.0,143,139,132,181,1156.3999999999999,181,1.0,0.7900552486187845,0.7679558011049724,0.7292817679558011,True,2013/2014,SLF_IMIS_DAILY_SNOW,Pian Grand,True,9.160297,46.414011,2384,SNOW_FLAT
MES2,2014,181,0,173.97790055248618,182.0,237.0,177,177,177,181,1001.3,181,1.0,0.9779005524861878,0.9779005524861878,0.9779005524861878,True,2014/2015,SLF_IMIS_DAILY_SNOW,Pian Grand,True,9.160297,46.414011,2384,SNOW_FLAT
MES2,2015,182,0,48.747252747252745,30.5,128.0,119,112,99,182,544.8000000000001,182,1.0,0.6538461538461539,0.6153846153846154,0.5439560439560439,True,2015/2016,SLF_IMIS_DAILY_SNOW,Pian Grand,True,9.160297,46.414011,2384,SNOW_FLAT
MES2,2016,176,0,67.375,62.0,165.0,164,160,155,181,640.9000000000001,181,0.9723756906077348,0.9318181818181818,0.9090909090909091,0.8806818181818182,True,2016/2017,SLF_IMIS_DAILY_SNOW,Pian Grand,True,9.160297,46.414011,2384,SNOW_FLAT
MES2,2017,181,0,100.51381215469613,122.0,218.0,148,142,140,181,846.8,181,1.0,0.8176795580110497,0.7845303867403315,0.7734806629834254,True,2017/2018,SLF_IMIS_DAILY_SNOW,Pian Grand,True,9.160297,46.414011,2384,SNOW_FLAT
MES2,2018,181,0,133.32596685082873,121.0,238.0,181,181,181,181,933.9999999999999,181,1.0,1.0,1.0,1.0,True,2018/2019,SLF_IMIS_DAILY_SNOW,Pian Grand,True,9.160297,46.414011,2384,SNOW_FLAT
MES2,2019,182,0,137.15934065934067,145.0,200.0,179,179,177,182,850.1,182,1.0,0.9835164835164835,0.9835164835164835,0.9725274725274725,True,2019/2020,SLF_IMIS_DAILY_SNOW,Pian Grand,True,9.160297,46.414011,2384,SNOW_FLAT
MES2,2020,181,0,115.77348066298343,128.0,183.0,181,181,153,181,617.7,181,1.0,1.0,1.0,0.8453038674033149,True,2020/2021,SLF_IMIS_DAILY_SNOW,Pian Grand,True,9.160297,46.414011,2384,SNOW_FLAT
MES2,2021,181,0,51.828729281767956,52.0,95.0,180,180,173,181,453.2,181,1.0,0.994475138121547,0.994475138121547,0.9558011049723757,True,2021/2022,SLF_IMIS_DAILY_SNOW,Pian Grand,True,9.160297,46.414011,2384,SNOW_FLAT
MES2,2022,181,0,53.49171270718232,56.0,126.0,173,153,148,181,459.2,181,1.0,0.9558011049723757,0.8453038674033149,0.8176795580110497,True,2022/2023,SLF_IMIS_DAILY_SNOW,Pian Grand,True,9.160297,46.414011,2384,SNOW_FLAT
MES2,2023,182,0,120.1923076923077,84.5,289.0,181,180,180,182,1119.7,182,1.0,0.9945054945054945,0.989010989010989,0.989010989010989,True,2023/2024,SLF_IMIS_DAILY_SNOW,Pian Grand,True,9.160297,46.414011,2384,SNOW_FLAT
MES2,2024,181,0,68.2707182320442,84.0,159.0,160,160,116,181,665.1000000000001,181,1.0,0.8839779005524862,0.8839779005524862,0.6408839779005525,True,2024/2025,SLF_IMIS_DAILY_SNOW,Pian Grand,True,9.160297,46.414011,2384,SNOW_FLAT
MES2,2025,181,0,73.43646408839778,69.0,146.0,180,169,165,181,460.7,181,1.0,0.994475138121547,0.9337016574585635,0.9116022099447514,True,2025/2026,SLF_IMIS_DAILY_SNOW,Pian Grand,True,9.160297,46.414011,2384,SNOW_FLAT
MLB2,2013,181,0,49.729281767955804,46.0,120.0,174,171,168,181,515.7,181,1.0,0.9613259668508287,0.9447513812154696,0.9281767955801105,True,2013/2014,SLF_IMIS_DAILY_SNOW,Bärgtälli,True,9.61177,47.088468,1974,SNOW_FLAT
MLB2,2014,181,0,90.16022099447514,102.0,211.0,169,147,131,181,848.2,181,1.0,0.9337016574585635,0.8121546961325967,0.7237569060773481,True,2014/2015,SLF_IMIS_DAILY_SNOW,Bärgtälli,True,9.61177,47.088468,1974,SNOW_FLAT
MLB2,2015,182,0,67.12087912087912,82.0,137.0,161,129,122,182,615.5,182,1.0,0.8846153846153846,0.7087912087912088,0.6703296703296703,True,2015/2016,SLF_IMIS_DAILY_SNOW,Bärgtälli,True,9.61177,47.088468,1974,SNOW_FLAT
MLB2,2016,181,0,66.77900552486187,76.0,170.0,175,132,124,181,807.6,181,1.0,0.9668508287292817,0.7292817679558011,0.6850828729281768,True,2016/2017,SLF_IMIS_DAILY_SNOW,Bärgtälli,True,9.61177,47.088468,1974,SNOW_FLAT
MLB2,2017,181,0,135.6243093922652,162.0,228.0,177,176,175,181,912.3000000000001,181,1.0,0.9779005524861878,0.9723756906077348,0.9668508287292817,True,2017/2018,SLF_IMIS_DAILY_SNOW,Bärgtälli,True,9.61177,47.088468,1974,SNOW_FLAT
MLB2,2018,181,0,130.38121546961327,164.0,226.0,166,154,142,181,1076.1999999999998,181,1.0,0.9171270718232044,0.850828729281768,0.7845303867403315,True,2018/2019,SLF_IMIS_DAILY_SNOW,Bärgtälli,True,9.61177,47.088468,1974,SNOW_FLAT
MLB2,2019,182,0,69.00549450549451,70.0,128.0,172,149,141,182,763.6999999999999,182,1.0,0.945054945054945,0.8186813186813187,0.7747252747252747,True,2019/2020,SLF_IMIS_DAILY_SNOW,Bärgtälli,True,9.61177,47.088468,1974,SNOW_FLAT
MLB2,2020,181,0,93.07734806629834,116.0,198.0,170,145,137,181,831.2,181,1.0,0.9392265193370166,0.8011049723756906,0.7569060773480663,True,2020/2021,SLF_IMIS_DAILY_SNOW,Bärgtälli,True,9.61177,47.088468,1974,SNOW_FLAT
MLB2,2021,181,0,104.14364640883979,105.0,181.0,178,170,156,181,662.4000000000001,181,1.0,0.9834254143646409,0.9392265193370166,0.861878453038674,True,2021/2022,SLF_IMIS_DAILY_SNOW,Bärgtälli,True,9.61177,47.088468,1974,SNOW_FLAT
MLB2,2022,181,0,66.4475138121547,61.0,178.0,161,156,130,181,673.8,181,1.0,0.8895027624309392,0.861878453038674,0.7182320441988951,True,2022/2023,SLF_IMIS_DAILY_SNOW,Bärgtälli,True,9.61177,47.088468,1974,SNOW_FLAT
MLB2,2023,182,0,115.63186813186813,130.0,182.0,182,174,162,182,872.6,182,1.0,1.0,0.9560439560439561,0.8901098901098901,True,2023/2024,SLF_IMIS_DAILY_SNOW,Bärgtälli,True,9.61177,47.088468,1974,SNOW_FLAT
MLB2,2024,181,0,61.48618784530387,73.0,113.0,161,157,150,181,475.00000000000006,181,1.0,0.8895027624309392,0.8674033149171271,0.8287292817679558,True,2024/2025,SLF_IMIS_DAILY_SNOW,Bärgtälli,True,9.61177,47.088468,1974,SNOW_FLAT
MLB2,2025,181,0,64.01104972375691,53.0,187.0,164,161,155,181,665.0999999999999,181,1.0,0.9060773480662984,0.8895027624309392,0.856353591160221,True,2025/2026,SLF_IMIS_DAILY_SNOW,Bärgtälli,True,9.61177,47.088468,1974,SNOW_FLAT
MTR2,2013,181,0,121.5303867403315,135.0,259.0,167,155,140,181,963.2,181,1.0,0.9226519337016574,0.856353591160221,0.7734806629834254,True,2013/2014,SLF_IMIS_DAILY_SNOW,Predanass,True,8.917591,46.408726,1884,SNOW_FLAT
MTR2,2014,181,0,49.64088397790055,46.0,134.0,160,132,99,181,507.20000000000005,181,1.0,0.8839779005524862,0.7292817679558011,0.5469613259668509,True,2014/2015,SLF_IMIS_DAILY_SNOW,Predanass,True,8.917591,46.408726,1884,SNOW_FLAT
MTR2,2015,182,0,24.23076923076923,12.0,114.0,95,76,56,182,295.90000000000003,182,1.0,0.521978021978022,0.4175824175824176,0.3076923076923077,True,2015/2016,SLF_IMIS_DAILY_SNOW,Predanass,True,8.917591,46.408726,1884,SNOW_FLAT
MTR2,2016,181,0,15.988950276243093,11.0,84.0,94,55,41,181,293.2,181,1.0,0.5193370165745856,0.30386740331491713,0.2265193370165746,True,2016/2017,SLF_IMIS_DAILY_SNOW,Predanass,True,8.917591,46.408726,1884,SNOW_FLAT
MTR2,2017,181,0,95.4696132596685,119.0,160.0,176,147,141,181,605.9000000000001,181,1.0,0.9723756906077348,0.8121546961325967,0.7790055248618785,True,2017/2018,SLF_IMIS_DAILY_SNOW,Predanass,True,8.917591,46.408726,1884,SNOW_FLAT
MTR2,2018,181,0,43.74033149171271,43.0,108.0,168,157,138,181,477.6,181,1.0,0.9281767955801105,0.8674033149171271,0.7624309392265194,True,2018/2019,SLF_IMIS_DAILY_SNOW,Predanass,True,8.917591,46.408726,1884,SNOW_FLAT
MTR2,2019,182,0,71.15934065934066,86.0,119.0,154,152,147,182,488.1,182,1.0,0.8461538461538461,0.8351648351648352,0.8076923076923077,True,2019/2020,SLF_IMIS_DAILY_SNOW,Predanass,True,8.917591,46.408726,1884,SNOW_FLAT
MTR2,2020,181,0,75.8232044198895,88.0,165.0,147,147,142,181,557.0999999999999,181,1.0,0.8121546961325967,0.8121546961325967,0.7845303867403315,True,2020/2021,SLF_IMIS_DAILY_SNOW,Predanass,True,8.917591,46.408726,1884,SNOW_FLAT
MTR2,2021,181,0,20.535911602209946,24.0,54.0,133,117,41,181,230.7,181,1.0,0.7348066298342542,0.6464088397790055,0.2265193370165746,True,2021/2022,SLF_IMIS_DAILY_SNOW,Predanass,True,8.917591,46.408726,1884,SNOW_FLAT
MTR2,2022,181,0,16.933701657458563,11.0,55.0,95,80,58,181,196.5,181,1.0,0.5248618784530387,0.4419889502762431,0.32044198895027626,True,2022/2023,SLF_IMIS_DAILY_SNOW,Predanass,True,8.917591,46.408726,1884,SNOW_FLAT
MTR2,2023,182,0,54.21978021978022,44.0,158.0,158,150,136,182,667.2,182,1.0,0.8681318681318682,0.8241758241758241,0.7472527472527473,True,2023/2024,SLF_IMIS_DAILY_SNOW,Predanass,True,8.917591,46.408726,1884,SNOW_FLAT
MTR2,2024,173,0,50.12138728323699,51.0,117.0,148,123,103,181,432.5,181,0.9558011049723757,0.8554913294797688,0.7109826589595376,0.5953757225433526,True,2024/2025,SLF_IMIS_DAILY_SNOW,Predanass,True,8.917591,46.408726,1884,SNOW_FLAT
MTR2,2025,181,0,27.679558011049725,18.0,101.0,117,82,74,181,296.5,181,1.0,0.6464088397790055,0.4530386740331492,0.4088397790055249,True,2025/2026,SLF_IMIS_DAILY_SNOW,Predanass,True,8.917591,46.408726,1884,SNOW_FLAT
MUN2,2013,180,0,87.11111111111111,79.0,173.0,175,173,170,181,666.6,181,0.994475138121547,0.9722222222222222,0.9611111111111111,0.9444444444444444,True,2013/2014,SLF_IMIS_DAILY_SNOW,Chiematte,True,7.925203,46.333068,2205,SNOW_FLAT
MUN2,2014,181,0,91.4475138121547,97.0,170.0,177,176,157,181,536.0,181,1.0,0.9779005524861878,0.9723756906077348,0.8674033149171271,True,2014/2015,SLF_IMIS_DAILY_SNOW,Chiematte,True,7.925203,46.333068,2205,SNOW_FLAT
MUN2,2015,182,0,98.35164835164835,118.0,173.0,161,160,157,182,599.9,182,1.0,0.8846153846153846,0.8791208791208791,0.8626373626373627,True,2015/2016,SLF_IMIS_DAILY_SNOW,Chiematte,True,7.925203,46.333068,2205,SNOW_FLAT
MUN2,2016,181,0,66.39779005524862,67.0,170.0,174,171,130,181,489.6,181,1.0,0.9613259668508287,0.9447513812154696,0.7182320441988951,True,2016/2017,SLF_IMIS_DAILY_SNOW,Chiematte,True,7.925203,46.333068,2205,SNOW_FLAT
MUN2,2017,181,0,162.0,210.0,256.0,176,172,169,181,803.2,181,1.0,0.9723756906077348,0.9502762430939227,0.9337016574585635,True,2017/2018,SLF_IMIS_DAILY_SNOW,Chiematte,True,7.925203,46.333068,2205,SNOW_FLAT
MUN2,2018,181,0,121.31491712707182,158.0,207.0,153,149,147,181,634.7,181,1.0,0.8453038674033149,0.8232044198895028,0.8121546961325967,True,2018/2019,SLF_IMIS_DAILY_SNOW,Chiematte,True,7.925203,46.333068,2205,SNOW_FLAT
MUN2,2019,182,0,113.96703296703296,124.5,199.0,178,171,163,182,610.6,182,1.0,0.978021978021978,0.9395604395604396,0.8956043956043956,True,2019/2020,SLF_IMIS_DAILY_SNOW,Chiematte,True,7.925203,46.333068,2205,SNOW_FLAT
MUN2,2020,181,0,94.38121546961327,128.0,205.0,146,144,113,181,571.3,181,1.0,0.8066298342541437,0.7955801104972375,0.6243093922651933,True,2020/2021,SLF_IMIS_DAILY_SNOW,Chiematte,True,7.925203,46.333068,2205,SNOW_FLAT
MUN2,2021,181,0,86.34254143646409,98.0,150.0,161,147,147,181,454.59999999999997,181,1.0,0.8895027624309392,0.8121546961325967,0.8121546961325967,True,2021/2022,SLF_IMIS_DAILY_SNOW,Chiematte,True,7.925203,46.333068,2205,SNOW_FLAT
MUN2,2022,181,0,69.88397790055248,73.0,138.0,167,161,143,181,503.7,181,1.0,0.9226519337016574,0.8895027624309392,0.7900552486187845,True,2022/2023,SLF_IMIS_DAILY_SNOW,Chiematte,True,7.925203,46.333068,2205,SNOW_FLAT
MUN2,2023,182,0,119.21428571428571,127.0,184.0,180,177,173,182,761.8,182,1.0,0.989010989010989,0.9725274725274725,0.9505494505494505,True,2023/2024,SLF_IMIS_DAILY_SNOW,Chiematte,True,7.925203,46.333068,2205,SNOW_FLAT
MUN2,2024,181,0,99.33701657458563,121.0,172.0,161,161,160,181,541.9,181,1.0,0.8895027624309392,0.8895027624309392,0.8839779005524862,True,2024/2025,SLF_IMIS_DAILY_SNOW,Chiematte,True,7.925203,46.333068,2205,SNOW_FLAT
MUN2,2025,181,0,92.40331491712708,81.0,183.0,181,181,181,181,482.1,181,1.0,1.0,1.0,1.0,True,2025/2026,SLF_IMIS_DAILY_SNOW,Chiematte,True,7.925203,46.333068,2205,SNOW_FLAT
MUO2,2013,181,0,108.9060773480663,114.0,196.0,176,175,172,181,771.3000000000001,181,1.0,0.9723756906077348,0.9668508287292817,0.9502762430939227,True,2013/2014,SLF_IMIS_DAILY_SNOW,Rupperslaui,True,8.745621,46.938217,2083,SNOW_FLAT
MUO2,2014,181,0,187.79005524861878,220.0,361.0,181,179,176,181,1229.5,181,1.0,1.0,0.988950276243094,0.9723756906077348,True,2014/2015,SLF_IMIS_DAILY_SNOW,Rupperslaui,True,8.745621,46.938217,2083,SNOW_FLAT
MUO2,2015,182,0,179.3131868131868,218.5,328.0,161,161,161,182,1195.4,182,1.0,0.8846153846153846,0.8846153846153846,0.8846153846153846,True,2015/2016,SLF_IMIS_DAILY_SNOW,Rupperslaui,True,8.745621,46.938217,2083,SNOW_FLAT
MUO2,2016,181,0,137.81767955801104,162.0,301.0,175,175,164,181,1553.8,181,1.0,0.9668508287292817,0.9668508287292817,0.9060773480662984,True,2016/2017,SLF_IMIS_DAILY_SNOW,Rupperslaui,True,8.745621,46.938217,2083,SNOW_FLAT
MUO2,2017,181,0,289.8066298342541,343.0,459.0,181,181,176,181,1337.8,181,1.0,1.0,1.0,0.9723756906077348,True,2017/2018,SLF_IMIS_DAILY_SNOW,Rupperslaui,True,8.745621,46.938217,2083,SNOW_FLAT
MUO2,2018,181,0,221.49171270718233,283.0,408.0,157,147,147,181,1294.6000000000001,181,1.0,0.8674033149171271,0.8121546961325967,0.8121546961325967,True,2018/2019,SLF_IMIS_DAILY_SNOW,Rupperslaui,True,8.745621,46.938217,2083,SNOW_FLAT
MUO2,2019,182,0,157.7912087912088,171.0,288.0,171,163,153,182,909.2,182,1.0,0.9395604395604396,0.8956043956043956,0.8406593406593407,True,2019/2020,SLF_IMIS_DAILY_SNOW,Rupperslaui,True,8.745621,46.938217,2083,SNOW_FLAT
MUO2,2020,181,0,188.67955801104972,255.0,379.0,163,153,149,181,1804.5,181,1.0,0.9005524861878453,0.8453038674033149,0.8232044198895028,True,2020/2021,SLF_IMIS_DAILY_SNOW,Rupperslaui,True,8.745621,46.938217,2083,SNOW_FLAT
MUO2,2021,181,0,187.82872928176795,210.0,289.0,177,161,154,181,1102.4,181,1.0,0.9779005524861878,0.8895027624309392,0.850828729281768,True,2021/2022,SLF_IMIS_DAILY_SNOW,Rupperslaui,True,8.745621,46.938217,2083,SNOW_FLAT
MUO2,2022,181,0,127.98342541436465,131.0,311.0,169,162,159,181,1071.3000000000002,181,1.0,0.9337016574585635,0.8950276243093923,0.8784530386740331,True,2022/2023,SLF_IMIS_DAILY_SNOW,Rupperslaui,True,8.745621,46.938217,2083,SNOW_FLAT
MUO2,2023,182,0,238.43956043956044,264.5,386.0,179,177,172,182,1195.1,182,1.0,0.9835164835164835,0.9725274725274725,0.945054945054945,True,2023/2024,SLF_IMIS_DAILY_SNOW,Rupperslaui,True,8.745621,46.938217,2083,SNOW_FLAT
MUO2,2024,181,0,155.76243093922653,193.0,243.0,161,161,160,181,896.6,181,1.0,0.8895027624309392,0.8895027624309392,0.8839779005524862,True,2024/2025,SLF_IMIS_DAILY_SNOW,Rupperslaui,True,8.745621,46.938217,2083,SNOW_FLAT
MUO2,2025,181,0,153.6243093922652,124.0,329.0,181,181,181,181,904.7,181,1.0,1.0,1.0,1.0,True,2025/2026,SLF_IMIS_DAILY_SNOW,Rupperslaui,True,8.745621,46.938217,2083,SNOW_FLAT
MUT2,2013,181,0,120.2817679558011,124.0,223.0,176,175,172,181,850.2,181,1.0,0.9723756906077348,0.9668508287292817,0.9502762430939227,True,2013/2014,SLF_IMIS_DAILY_SNOW,Mutten,True,9.017484,46.858758,2481,SNOW_FLAT
MUT2,2014,181,0,191.14364640883977,206.0,358.0,181,181,181,181,1215.3,181,1.0,1.0,1.0,1.0,True,2014/2015,SLF_IMIS_DAILY_SNOW,Mutten,True,9.017484,46.858758,2481,SNOW_FLAT
MUT2,2015,182,0,144.67032967032966,155.5,278.0,161,161,161,182,1053.6,182,1.0,0.8846153846153846,0.8846153846153846,0.8846153846153846,True,2015/2016,SLF_IMIS_DAILY_SNOW,Mutten,True,9.017484,46.858758,2481,SNOW_FLAT
MUT2,2016,181,0,123.54143646408839,142.0,287.0,175,170,137,181,1083.3000000000002,181,1.0,0.9668508287292817,0.9392265193370166,0.7569060773480663,True,2016/2017,SLF_IMIS_DAILY_SNOW,Mutten,True,9.017484,46.858758,2481,SNOW_FLAT
MUT2,2017,181,0,260.1491712707182,318.0,410.0,181,181,181,181,1311.6,181,1.0,1.0,1.0,1.0,True,2017/2018,SLF_IMIS_DAILY_SNOW,Mutten,True,9.017484,46.858758,2481,SNOW_FLAT
MUT2,2018,181,0,239.35911602209944,294.0,399.0,181,181,181,181,1325.1999999999998,181,1.0,1.0,1.0,1.0,True,2018/2019,SLF_IMIS_DAILY_SNOW,Mutten,True,9.017484,46.858758,2481,SNOW_FLAT
MUT2,2019,182,0,151.63736263736263,153.0,270.0,178,176,174,182,899.3000000000001,182,1.0,0.978021978021978,0.967032967032967,0.9560439560439561,True,2019/2020,SLF_IMIS_DAILY_SNOW,Mutten,True,9.017484,46.858758,2481,SNOW_FLAT
MUT2,2020,181,0,180.77900552486187,222.0,377.0,181,181,163,181,1170.0,181,1.0,1.0,1.0,0.9005524861878453,True,2020/2021,SLF_IMIS_DAILY_SNOW,Mutten,True,9.017484,46.858758,2481,SNOW_FLAT
MUT2,2021,181,0,150.0110497237569,142.0,266.0,180,174,155,181,942.3000000000001,181,1.0,0.994475138121547,0.9613259668508287,0.856353591160221,True,2021/2022,SLF_IMIS_DAILY_SNOW,Mutten,True,9.017484,46.858758,2481,SNOW_FLAT
MUT2,2022,181,0,106.25966850828729,100.0,270.0,171,160,146,181,888.7,181,1.0,0.9447513812154696,0.8839779005524862,0.8066298342541437,True,2022/2023,SLF_IMIS_DAILY_SNOW,Mutten,True,9.017484,46.858758,2481,SNOW_FLAT
MUT2,2023,182,0,210.7912087912088,225.0,344.0,182,180,171,182,1320.5,182,1.0,1.0,0.989010989010989,0.9395604395604396,True,2023/2024,SLF_IMIS_DAILY_SNOW,Mutten,True,9.017484,46.858758,2481,SNOW_FLAT
MUT2,2024,181,0,119.8011049723757,146.0,194.0,161,160,160,181,750.9,181,1.0,0.8895027624309392,0.8839779005524862,0.8839779005524862,True,2024/2025,SLF_IMIS_DAILY_SNOW,Mutten,True,9.017484,46.858758,2481,SNOW_FLAT
MUT2,2025,181,0,128.50828729281767,98.0,307.0,181,181,180,181,795.4,181,1.0,1.0,1.0,0.994475138121547,True,2025/2026,SLF_IMIS_DAILY_SNOW,Mutten,True,9.017484,46.858758,2481,SNOW_FLAT
NAR2,2013,181,0,134.707182320442,148.0,258.0,172,164,150,181,972.3,181,1.0,0.9502762430939227,0.9060773480662984,0.8287292817679558,True,2013/2014,SLF_IMIS_DAILY_SNOW,Bassa di Nara,True,8.868636,46.472991,2077,SNOW_FLAT
NAR2,2014,181,0,114.01104972375691,123.0,190.0,176,176,176,181,714.3,181,1.0,0.9723756906077348,0.9723756906077348,0.9723756906077348,True,2014/2015,SLF_IMIS_DAILY_SNOW,Bassa di Nara,True,8.868636,46.472991,2077,SNOW_FLAT
NAR2,2015,182,0,46.03846153846154,44.0,132.0,116,114,110,182,493.2,182,1.0,0.6373626373626373,0.6263736263736264,0.6043956043956044,True,2015/2016,SLF_IMIS_DAILY_SNOW,Bassa di Nara,True,8.868636,46.472991,2077,SNOW_FLAT
NAR2,2016,181,0,39.85635359116022,36.0,107.0,168,130,100,181,503.3,181,1.0,0.9281767955801105,0.7182320441988951,0.5524861878453039,True,2016/2017,SLF_IMIS_DAILY_SNOW,Bassa di Nara,True,8.868636,46.472991,2077,SNOW_FLAT
NAR2,2017,181,0,130.707182320442,159.0,223.0,176,176,173,181,818.3,181,1.0,0.9723756906077348,0.9723756906077348,0.9558011049723757,True,2017/2018,SLF_IMIS_DAILY_SNOW,Bassa di Nara,True,8.868636,46.472991,2077,SNOW_FLAT
NAR2,2018,181,0,102.60220994475138,108.0,220.0,181,174,167,181,660.4000000000001,181,1.0,1.0,0.9613259668508287,0.9226519337016574,True,2018/2019,SLF_IMIS_DAILY_SNOW,Bassa di Nara,True,8.868636,46.472991,2077,SNOW_FLAT
NAR2,2019,182,0,106.24175824175825,113.5,162.0,177,174,174,119,766.8999999999999,182,1.0,0.9725274725274725,0.9560439560439561,0.9560439560439561,True,2019/2020,SLF_IMIS_DAILY_SNOW,Bassa di Nara,True,8.868636,46.472991,2077,SNOW_FLAT
NAR2,2020,181,0,95.3646408839779,106.0,177.0,147,147,147,181,606.4000000000001,181,1.0,0.8121546961325967,0.8121546961325967,0.8121546961325967,True,2020/2021,SLF_IMIS_DAILY_SNOW,Bassa di Nara,True,8.868636,46.472991,2077,SNOW_FLAT
NAR2,2021,181,0,47.01657458563536,44.0,86.0,172,163,145,181,354.2,181,1.0,0.9502762430939227,0.9005524861878453,0.8011049723756906,True,2021/2022,SLF_IMIS_DAILY_SNOW,Bassa di Nara,True,8.868636,46.472991,2077,SNOW_FLAT
NAR2,2022,181,0,36.44198895027624,42.0,80.0,150,147,147,181,291.4,181,1.0,0.8287292817679558,0.8121546961325967,0.8121546961325967,True,2022/2023,SLF_IMIS_DAILY_SNOW,Bassa di Nara,True,8.868636,46.472991,2077,SNOW_FLAT
NAR2,2023,182,0,106.85164835164835,91.0,237.0,180,180,171,182,857.7000000000002,182,1.0,0.989010989010989,0.989010989010989,0.9395604395604396,True,2023/2024,SLF_IMIS_DAILY_SNOW,Bassa di Nara,True,8.868636,46.472991,2077,SNOW_FLAT
NAR2,2024,181,0,71.71270718232044,69.0,162.0,160,160,138,181,536.9,181,1.0,0.8839779005524862,0.8839779005524862,0.7624309392265194,True,2024/2025,SLF_IMIS_DAILY_SNOW,Bassa di Nara,True,8.868636,46.472991,2077,SNOW_FLAT
NAR2,2025,181,0,45.6353591160221,36.0,118.0,141,120,96,181,419.5,181,1.0,0.7790055248618785,0.6629834254143646,0.5303867403314917,True,2025/2026,SLF_IMIS_DAILY_SNOW,Bassa di Nara,True,8.868636,46.472991,2077,SNOW_FLAT
NAS2,2013,181,0,62.9171270718232,71.0,109.0,175,156,150,181,469.0,181,1.0,0.9668508287292817,0.861878453038674,0.8287292817679558,True,2013/2014,SLF_IMIS_DAILY_SNOW,Schlivèra,True,10.255321,46.815038,2350,SNOW_FLAT
NAS2,2014,181,0,59.39779005524862,69.0,101.0,176,176,167,181,390.29999999999995,181,1.0,0.9723756906077348,0.9723756906077348,0.9226519337016574,True,2014/2015,SLF_IMIS_DAILY_SNOW,Schlivèra,True,10.255321,46.815038,2350,SNOW_FLAT
NAS2,2015,182,0,33.10989010989011,31.0,79.0,138,118,101,182,331.8,182,1.0,0.7582417582417582,0.6483516483516484,0.554945054945055,True,2015/2016,SLF_IMIS_DAILY_SNOW,Schlivèra,True,10.255321,46.815038,2350,SNOW_FLAT
NAS2,2016,181,0,51.80110497237569,47.0,126.0,175,175,137,181,448.4000000000001,181,1.0,0.9668508287292817,0.9668508287292817,0.7569060773480663,True,2016/2017,SLF_IMIS_DAILY_SNOW,Schlivèra,True,10.255321,46.815038,2350,SNOW_FLAT
NAS2,2017,181,0,68.53591160220995,80.0,134.0,175,154,140,181,525.1,181,1.0,0.9668508287292817,0.850828729281768,0.7734806629834254,True,2017/2018,SLF_IMIS_DAILY_SNOW,Schlivèra,True,10.255321,46.815038,2350,SNOW_FLAT
NAS2,2018,181,0,80.8121546961326,90.0,134.0,181,179,161,181,595.8,181,1.0,1.0,0.988950276243094,0.8895027624309392,True,2018/2019,SLF_IMIS_DAILY_SNOW,Schlivèra,True,10.255321,46.815038,2350,SNOW_FLAT
NAS2,2019,182,0,66.98901098901099,68.5,108.0,177,175,170,182,517.4,182,1.0,0.9725274725274725,0.9615384615384616,0.9340659340659341,True,2019/2020,SLF_IMIS_DAILY_SNOW,Schlivèra,True,10.255321,46.815038,2350,SNOW_FLAT
NAS2,2020,181,0,73.27624309392266,89.0,134.0,151,148,146,181,578.5,181,1.0,0.8342541436464088,0.8176795580110497,0.8066298342541437,True,2020/2021,SLF_IMIS_DAILY_SNOW,Schlivèra,True,10.255321,46.815038,2350,SNOW_FLAT
NAS2,2021,181,0,51.79558011049724,57.0,85.0,180,179,165,181,321.8,181,1.0,0.994475138121547,0.988950276243094,0.9116022099447514,True,2021/2022,SLF_IMIS_DAILY_SNOW,Schlivèra,True,10.255321,46.815038,2350,SNOW_FLAT
NAS2,2022,181,0,34.85635359116022,36.0,57.0,167,161,155,181,340.2,181,1.0,0.9226519337016574,0.8895027624309392,0.856353591160221,True,2022/2023,SLF_IMIS_DAILY_SNOW,Schlivèra,True,10.255321,46.815038,2350,SNOW_FLAT
NAS2,2023,182,0,76.14285714285714,69.5,140.0,182,181,172,182,675.4,182,1.0,1.0,0.9945054945054945,0.945054945054945,True,2023/2024,SLF_IMIS_DAILY_SNOW,Schlivèra,True,10.255321,46.815038,2350,SNOW_FLAT
NAS2,2024,181,0,39.80110497237569,37.0,83.0,160,159,127,181,273.7,181,1.0,0.8839779005524862,0.8784530386740331,0.7016574585635359,True,2024/2025,SLF_IMIS_DAILY_SNOW,Schlivèra,True,10.255321,46.815038,2350,SNOW_FLAT
NAS2,2025,181,0,47.70718232044199,41.0,124.0,165,156,140,181,346.20000000000005,181,1.0,0.9116022099447514,0.861878453038674,0.7734806629834254,True,2025/2026,SLF_IMIS_DAILY_SNOW,Schlivèra,True,10.255321,46.815038,2350,SNOW_FLAT
NEN2,2013,0,0,NA,NA,NA,0,0,0,0,NA,181,0.0,NA,NA,NA,False,2013/2014,SLF_IMIS_DAILY_SNOW,Essertse,False,7.365251,46.156305,2325,SNOW_FLAT
NEN2,2014,0,0,NA,NA,NA,0,0,0,0,NA,181,0.0,NA,NA,NA,False,2014/2015,SLF_IMIS_DAILY_SNOW,Essertse,False,7.365251,46.156305,2325,SNOW_FLAT
NEN2,2015,0,0,NA,NA,NA,0,0,0,0,NA,182,0.0,NA,NA,NA,False,2015/2016,SLF_IMIS_DAILY_SNOW,Essertse,False,7.365251,46.156305,2325,SNOW_FLAT
NEN2,2016,0,0,NA,NA,NA,0,0,0,0,NA,181,0.0,NA,NA,NA,False,2016/2017,SLF_IMIS_DAILY_SNOW,Essertse,False,7.365251,46.156305,2325,SNOW_FLAT
NEN2,2017,0,0,NA,NA,NA,0,0,0,0,NA,181,0.0,NA,NA,NA,False,2017/2018,SLF_IMIS_DAILY_SNOW,Essertse,False,7.365251,46.156305,2325,SNOW_FLAT
NEN2,2018,0,0,NA,NA,NA,0,0,0,0,NA,181,0.0,NA,NA,NA,False,2018/2019,SLF_IMIS_DAILY_SNOW,Essertse,False,7.365251,46.156305,2325,SNOW_FLAT
NEN2,2019,0,0,NA,NA,NA,0,0,0,0,NA,182,0.0,NA,NA,NA,False,2019/2020,SLF_IMIS_DAILY_SNOW,Essertse,False,7.365251,46.156305,2325,SNOW_FLAT
NEN2,2020,0,0,NA,NA,NA,0,0,0,0,NA,181,0.0,NA,NA,NA,False,2020/2021,SLF_IMIS_DAILY_SNOW,Essertse,False,7.365251,46.156305,2325,SNOW_FLAT
NEN2,2021,0,0,NA,NA,NA,0,0,0,0,NA,181,0.0,NA,NA,NA,False,2021/2022,SLF_IMIS_DAILY_SNOW,Essertse,False,7.365251,46.156305,2325,SNOW_FLAT
NEN2,2022,0,0,NA,NA,NA,0,0,0,0,NA,181,0.0,NA,NA,NA,False,2022/2023,SLF_IMIS_DAILY_SNOW,Essertse,False,7.365251,46.156305,2325,SNOW_FLAT
NEN2,2023,0,0,NA,NA,NA,0,0,0,0,NA,182,0.0,NA,NA,NA,False,2023/2024,SLF_IMIS_DAILY_SNOW,Essertse,False,7.365251,46.156305,2325,SNOW_FLAT
NEN2,2024,0,0,NA,NA,NA,0,0,0,0,NA,181,0.0,NA,NA,NA,False,2024/2025,SLF_IMIS_DAILY_SNOW,Essertse,False,7.365251,46.156305,2325,SNOW_FLAT
NEN2,2025,0,0,NA,NA,NA,0,0,0,0,NA,181,0.0,NA,NA,NA,False,2025/2026,SLF_IMIS_DAILY_SNOW,Essertse,False,7.365251,46.156305,2325,SNOW_FLAT
NEN3,2013,181,0,69.33149171270718,72.0,128.0,176,171,166,181,480.0,181,1.0,0.9723756906077348,0.9447513812154696,0.9171270718232044,True,2013/2014,SLF_IMIS_DAILY_SNOW,Combatzeline,True,7.335297,46.143184,2203,SNOW_FLAT
NEN3,2014,181,0,65.8011049723757,70.0,133.0,176,169,140,181,446.4,181,1.0,0.9723756906077348,0.9337016574585635,0.7734806629834254,True,2014/2015,SLF_IMIS_DAILY_SNOW,Combatzeline,True,7.335297,46.143184,2203,SNOW_FLAT
NEN3,2015,179,0,84.44134078212291,99.0,166.0,158,158,127,182,610.3,182,0.9835164835164835,0.88268156424581,0.88268156424581,0.7094972067039106,True,2015/2016,SLF_IMIS_DAILY_SNOW,Combatzeline,True,7.335297,46.143184,2203,SNOW_FLAT
NEN3,2016,181,0,51.25966850828729,49.0,128.0,176,173,126,181,411.3,181,1.0,0.9723756906077348,0.9558011049723757,0.6961325966850829,True,2016/2017,SLF_IMIS_DAILY_SNOW,Combatzeline,True,7.335297,46.143184,2203,SNOW_FLAT
NEN3,2017,181,0,139.97237569060775,176.0,229.0,176,170,162,158,953.8999999999999,181,1.0,0.9723756906077348,0.9392265193370166,0.8950276243093923,True,2017/2018,SLF_IMIS_DAILY_SNOW,Combatzeline,True,7.335297,46.143184,2203,SNOW_FLAT
NEN3,2018,181,0,85.24309392265194,100.0,156.0,181,161,143,181,465.7,181,1.0,1.0,0.8895027624309392,0.7900552486187845,True,2018/2019,SLF_IMIS_DAILY_SNOW,Combatzeline,True,7.335297,46.143184,2203,SNOW_FLAT
NEN3,2019,182,0,90.1978021978022,89.5,196.0,178,169,161,182,653.9,182,1.0,0.978021978021978,0.9285714285714286,0.8846153846153846,True,2019/2020,SLF_IMIS_DAILY_SNOW,Combatzeline,True,7.335297,46.143184,2203,SNOW_FLAT
NEN3,2020,181,0,66.82872928176796,88.0,148.0,150,145,127,181,531.1999999999999,181,1.0,0.8287292817679558,0.8011049723756906,0.7016574585635359,True,2020/2021,SLF_IMIS_DAILY_SNOW,Combatzeline,True,7.335297,46.143184,2203,SNOW_FLAT
NEN3,2021,181,0,43.40331491712707,47.0,79.0,162,150,129,181,304.29999999999995,181,1.0,0.8950276243093923,0.8287292817679558,0.712707182320442,True,2021/2022,SLF_IMIS_DAILY_SNOW,Combatzeline,True,7.335297,46.143184,2203,SNOW_FLAT
NEN3,2022,181,0,69.82872928176796,71.0,141.0,168,163,153,181,489.6,181,1.0,0.9281767955801105,0.9005524861878453,0.8453038674033149,True,2022/2023,SLF_IMIS_DAILY_SNOW,Combatzeline,True,7.335297,46.143184,2203,SNOW_FLAT
NEN3,2023,182,0,86.81868131868131,96.0,137.0,180,166,164,182,606.4,182,1.0,0.989010989010989,0.9120879120879121,0.9010989010989011,True,2023/2024,SLF_IMIS_DAILY_SNOW,Combatzeline,True,7.335297,46.143184,2203,SNOW_FLAT
NEN3,2024,181,0,72.40883977900552,79.0,130.0,162,161,161,181,485.20000000000005,181,1.0,0.8950276243093923,0.8895027624309392,0.8895027624309392,True,2024/2025,SLF_IMIS_DAILY_SNOW,Combatzeline,True,7.335297,46.143184,2203,SNOW_FLAT
NEN3,2025,181,0,68.03314917127072,57.0,140.0,181,167,157,181,403.4,181,1.0,1.0,0.9226519337016574,0.8674033149171271,True,2025/2026,SLF_IMIS_DAILY_SNOW,Combatzeline,True,7.335297,46.143184,2203,SNOW_FLAT
OBM2,2013,181,0,111.1878453038674,110.0,191.0,178,178,174,181,732.9,181,1.0,0.9834254143646409,0.9834254143646409,0.9613259668508287,True,2013/2014,SLF_IMIS_DAILY_SNOW,Obere Meiel,True,7.214386,46.421773,2097,SNOW_FLAT
OBM2,2014,181,0,106.49171270718232,120.0,236.0,176,160,145,168,804.2,181,1.0,0.9723756906077348,0.8839779005524862,0.8011049723756906,True,2014/2015,SLF_IMIS_DAILY_SNOW,Obere Meiel,True,7.214386,46.421773,2097,SNOW_FLAT
OBM2,2015,182,0,132.54945054945054,160.5,273.0,161,161,161,182,987.3,182,1.0,0.8846153846153846,0.8846153846153846,0.8846153846153846,True,2015/2016,SLF_IMIS_DAILY_SNOW,Obere Meiel,True,7.214386,46.421773,2097,SNOW_FLAT
OBM2,2016,181,0,93.92265193370166,95.0,211.0,175,175,173,181,813.5999999999999,181,1.0,0.9668508287292817,0.9668508287292817,0.9558011049723757,True,2016/2017,SLF_IMIS_DAILY_SNOW,Obere Meiel,True,7.214386,46.421773,2097,SNOW_FLAT
OBM2,2017,181,0,239.92265193370164,303.0,397.0,181,176,175,181,1278.1,181,1.0,1.0,0.9723756906077348,0.9668508287292817,True,2017/2018,SLF_IMIS_DAILY_SNOW,Obere Meiel,True,7.214386,46.421773,2097,SNOW_FLAT
OBM2,2018,181,0,141.67955801104972,180.0,258.0,159,147,143,181,857.3,181,1.0,0.8784530386740331,0.8121546961325967,0.7900552486187845,True,2018/2019,SLF_IMIS_DAILY_SNOW,Obere Meiel,True,7.214386,46.421773,2097,SNOW_FLAT
OBM2,2019,182,0,149.41758241758242,154.5,288.0,178,177,171,182,1297.4,182,1.0,0.978021978021978,0.9725274725274725,0.9395604395604396,True,2019/2020,SLF_IMIS_DAILY_SNOW,Obere Meiel,True,7.214386,46.421773,2097,SNOW_FLAT
OBM2,2020,181,0,133.060773480663,184.0,276.0,165,149,142,181,1032.1,181,1.0,0.9116022099447514,0.8232044198895028,0.7845303867403315,True,2020/2021,SLF_IMIS_DAILY_SNOW,Obere Meiel,True,7.214386,46.421773,2097,SNOW_FLAT
OBM2,2021,181,0,111.34254143646409,128.0,197.0,164,156,153,181,751.2,181,1.0,0.9060773480662984,0.861878453038674,0.8453038674033149,True,2021/2022,SLF_IMIS_DAILY_SNOW,Obere Meiel,True,7.214386,46.421773,2097,SNOW_FLAT
OBM2,2022,181,0,107.49723756906077,115.0,223.0,166,159,159,181,878.7,181,1.0,0.9171270718232044,0.8784530386740331,0.8784530386740331,True,2022/2023,SLF_IMIS_DAILY_SNOW,Obere Meiel,True,7.214386,46.421773,2097,SNOW_FLAT
OBM2,2023,182,0,185.47252747252747,210.0,257.0,182,180,179,182,1085.8999999999999,182,1.0,1.0,0.989010989010989,0.9835164835164835,True,2023/2024,SLF_IMIS_DAILY_SNOW,Obere Meiel,True,7.214386,46.421773,2097,SNOW_FLAT
OBM2,2024,181,0,140.25414364640883,162.0,217.0,164,161,161,181,768.4,181,1.0,0.9060773480662984,0.8895027624309392,0.8895027624309392,True,2024/2025,SLF_IMIS_DAILY_SNOW,Obere Meiel,True,7.214386,46.421773,2097,SNOW_FLAT
OBM2,2025,181,0,152.2596685082873,139.0,274.0,181,181,181,181,819.5,181,1.0,1.0,1.0,1.0,True,2025/2026,SLF_IMIS_DAILY_SNOW,Obere Meiel,True,7.214386,46.421773,2097,SNOW_FLAT
OBW2,2013,177,0,112.80225988700565,124.0,196.0,165,165,165,181,841.9000000000001,181,0.9779005524861878,0.9322033898305084,0.9322033898305084,0.9322033898305084,True,2013/2014,SLF_IMIS_DAILY_SNOW,Jostsee,True,8.315956,46.545221,2432,SNOW_FLAT
OBW2,2014,181,0,141.060773480663,138.0,230.0,177,177,177,181,1151.8,181,1.0,0.9779005524861878,0.9779005524861878,0.9779005524861878,True,2014/2015,SLF_IMIS_DAILY_SNOW,Jostsee,True,8.315956,46.545221,2432,SNOW_FLAT
OBW2,2015,182,0,121.49450549450549,142.5,234.0,162,162,161,182,936.8,182,1.0,0.8901098901098901,0.8901098901098901,0.8846153846153846,True,2015/2016,SLF_IMIS_DAILY_SNOW,Jostsee,True,8.315956,46.545221,2432,SNOW_FLAT
OBW2,2016,181,0,84.0939226519337,85.0,194.0,174,171,171,181,799.3,181,1.0,0.9613259668508287,0.9447513812154696,0.9447513812154696,True,2016/2017,SLF_IMIS_DAILY_SNOW,Jostsee,True,8.315956,46.545221,2432,SNOW_FLAT
OBW2,2017,181,0,178.20441988950276,235.0,326.0,171,158,144,181,1337.6000000000001,181,1.0,0.9447513812154696,0.8729281767955801,0.7955801104972375,True,2017/2018,SLF_IMIS_DAILY_SNOW,Jostsee,True,8.315956,46.545221,2432,SNOW_FLAT
OBW2,2018,181,0,187.60773480662982,189.0,316.0,181,181,181,181,1109.6000000000001,181,1.0,1.0,1.0,1.0,True,2018/2019,SLF_IMIS_DAILY_SNOW,Jostsee,True,8.315956,46.545221,2432,SNOW_FLAT
OBW2,2019,181,0,171.04419889502762,180.0,289.0,178,177,173,182,1110.4,182,0.9945054945054945,0.9834254143646409,0.9779005524861878,0.9558011049723757,True,2019/2020,SLF_IMIS_DAILY_SNOW,Jostsee,True,8.315956,46.545221,2432,SNOW_FLAT
OBW2,2020,181,0,157.20441988950276,194.0,296.0,181,181,181,181,929.5,181,1.0,1.0,1.0,1.0,True,2020/2021,SLF_IMIS_DAILY_SNOW,Jostsee,True,8.315956,46.545221,2432,SNOW_FLAT
OBW2,2021,181,0,95.68508287292818,105.0,160.0,180,176,160,181,779.9000000000001,181,1.0,0.994475138121547,0.9723756906077348,0.8839779005524862,True,2021/2022,SLF_IMIS_DAILY_SNOW,Jostsee,True,8.315956,46.545221,2432,SNOW_FLAT
OBW2,2022,181,0,88.10497237569061,85.0,185.0,174,163,161,181,819.8000000000001,181,1.0,0.9613259668508287,0.9005524861878453,0.8895027624309392,True,2022/2023,SLF_IMIS_DAILY_SNOW,Jostsee,True,8.315956,46.545221,2432,SNOW_FLAT
OBW2,2023,182,0,176.02197802197801,149.5,368.0,182,180,180,182,1455.0,182,1.0,1.0,0.989010989010989,0.989010989010989,True,2023/2024,SLF_IMIS_DAILY_SNOW,Jostsee,True,8.315956,46.545221,2432,SNOW_FLAT
OBW2,2024,181,0,82.17127071823204,91.0,159.0,163,161,160,181,740.0999999999999,181,1.0,0.9005524861878453,0.8895027624309392,0.8839779005524862,True,2024/2025,SLF_IMIS_DAILY_SNOW,Jostsee,True,8.315956,46.545221,2432,SNOW_FLAT
OBW2,2025,181,0,103.06629834254143,101.0,198.0,181,181,181,181,694.6999999999999,181,1.0,1.0,1.0,1.0,True,2025/2026,SLF_IMIS_DAILY_SNOW,Jostsee,True,8.315956,46.545221,2432,SNOW_FLAT
OBW3,2013,181,0,137.76795580110496,152.0,236.0,178,176,173,181,934.2,181,1.0,0.9834254143646409,0.9723756906077348,0.9558011049723757,True,2013/2014,SLF_IMIS_DAILY_SNOW,Mällige,True,8.354478,46.507862,2194,SNOW_FLAT
OBW3,2014,181,0,216.3756906077348,222.0,416.0,177,177,177,181,1322.6999999999998,181,1.0,0.9779005524861878,0.9779005524861878,0.9779005524861878,True,2014/2015,SLF_IMIS_DAILY_SNOW,Mällige,True,8.354478,46.507862,2194,SNOW_FLAT
OBW3,2015,182,0,111.83516483516483,114.0,239.0,161,161,160,182,812.3000000000001,182,1.0,0.8846153846153846,0.8846153846153846,0.8791208791208791,True,2015/2016,SLF_IMIS_DAILY_SNOW,Mällige,True,8.354478,46.507862,2194,SNOW_FLAT
OBW3,2016,173,0,89.97109826589596,99.0,213.0,165,163,149,172,721.6,181,0.9558011049723757,0.953757225433526,0.9421965317919075,0.861271676300578,True,2016/2017,SLF_IMIS_DAILY_SNOW,Mällige,True,8.354478,46.507862,2194,SNOW_FLAT
OBW3,2017,181,0,219.77900552486187,276.0,382.0,176,176,173,181,1308.8,181,1.0,0.9723756906077348,0.9723756906077348,0.9558011049723757,True,2017/2018,SLF_IMIS_DAILY_SNOW,Mällige,True,8.354478,46.507862,2194,SNOW_FLAT
OBW3,2018,181,0,246.87845303867402,291.0,444.0,181,181,181,181,1413.1999999999998,181,1.0,1.0,1.0,1.0,True,2018/2019,SLF_IMIS_DAILY_SNOW,Mällige,True,8.354478,46.507862,2194,SNOW_FLAT
OBW3,2019,182,0,173.41758241758242,179.5,293.0,178,177,174,182,1007.0999999999999,182,1.0,0.978021978021978,0.9725274725274725,0.9560439560439561,True,2019/2020,SLF_IMIS_DAILY_SNOW,Mällige,True,8.354478,46.507862,2194,SNOW_FLAT
OBW3,2020,181,0,145.94475138121547,196.0,299.0,151,148,147,181,977.3,181,1.0,0.8342541436464088,0.8176795580110497,0.8121546961325967,True,2020/2021,SLF_IMIS_DAILY_SNOW,Mällige,True,8.354478,46.507862,2194,SNOW_FLAT
OBW3,2021,181,0,135.8232044198895,119.0,266.0,175,164,155,181,874.9000000000001,181,1.0,0.9668508287292817,0.9060773480662984,0.856353591160221,True,2021/2022,SLF_IMIS_DAILY_SNOW,Mällige,True,8.354478,46.507862,2194,SNOW_FLAT
OBW3,2022,181,0,91.11049723756906,86.0,192.0,169,163,154,181,693.0,181,1.0,0.9337016574585635,0.9005524861878453,0.850828729281768,True,2022/2023,SLF_IMIS_DAILY_SNOW,Mällige,True,8.354478,46.507862,2194,SNOW_FLAT
OBW3,2023,182,0,182.46703296703296,177.0,367.0,182,180,178,182,1376.7000000000003,182,1.0,1.0,0.989010989010989,0.978021978021978,True,2023/2024,SLF_IMIS_DAILY_SNOW,Mällige,True,8.354478,46.507862,2194,SNOW_FLAT
OBW3,2024,181,0,113.61878453038673,141.0,207.0,167,162,161,181,755.0999999999999,181,1.0,0.9226519337016574,0.8950276243093923,0.8895027624309392,True,2024/2025,SLF_IMIS_DAILY_SNOW,Mällige,True,8.354478,46.507862,2194,SNOW_FLAT
OBW3,2025,181,0,111.25966850828729,95.0,296.0,181,178,159,181,796.6,181,1.0,1.0,0.9834254143646409,0.8784530386740331,True,2025/2026,SLF_IMIS_DAILY_SNOW,Mällige,True,8.354478,46.507862,2194,SNOW_FLAT
OFE2,2013,181,0,107.79558011049724,119.0,190.0,175,173,163,181,631.5,181,1.0,0.9668508287292817,0.9558011049723757,0.9005524861878453,True,2013/2014,SLF_IMIS_DAILY_SNOW,Murtaröl,True,10.289051,46.631706,2359,SNOW_FLAT
OFE2,2014,181,0,99.23204419889503,112.0,153.0,176,176,176,179,642.8,181,1.0,0.9723756906077348,0.9723756906077348,0.9723756906077348,True,2014/2015,SLF_IMIS_DAILY_SNOW,Murtaröl,True,10.289051,46.631706,2359,SNOW_FLAT
OFE2,2015,182,0,48.65384615384615,46.0,121.0,125,118,111,182,404.30000000000007,182,1.0,0.6868131868131868,0.6483516483516484,0.6098901098901099,True,2015/2016,SLF_IMIS_DAILY_SNOW,Murtaröl,True,10.289051,46.631706,2359,SNOW_FLAT
OFE2,2016,181,0,52.91160220994475,40.0,125.0,175,173,123,181,404.19999999999993,181,1.0,0.9668508287292817,0.9558011049723757,0.6795580110497238,True,2016/2017,SLF_IMIS_DAILY_SNOW,Murtaröl,True,10.289051,46.631706,2359,SNOW_FLAT
OFE2,2017,181,0,139.72375690607734,179.0,232.0,176,176,175,181,679.2,181,1.0,0.9723756906077348,0.9723756906077348,0.9668508287292817,True,2017/2018,SLF_IMIS_DAILY_SNOW,Murtaröl,True,10.289051,46.631706,2359,SNOW_FLAT
OFE2,2018,181,0,130.2596685082873,150.0,205.0,181,181,181,181,626.8,181,1.0,1.0,1.0,1.0,True,2018/2019,SLF_IMIS_DAILY_SNOW,Murtaröl,True,10.289051,46.631706,2359,SNOW_FLAT
OFE2,2019,182,0,111.36813186813187,118.0,168.0,179,178,177,182,557.3,182,1.0,0.9835164835164835,0.978021978021978,0.9725274725274725,True,2019/2020,SLF_IMIS_DAILY_SNOW,Murtaröl,True,10.289051,46.631706,2359,SNOW_FLAT
OFE2,2020,181,0,111.14364640883979,145.0,176.0,181,152,147,181,495.6,181,1.0,1.0,0.8397790055248618,0.8121546961325967,True,2020/2021,SLF_IMIS_DAILY_SNOW,Murtaröl,True,10.289051,46.631706,2359,SNOW_FLAT
OFE2,2021,181,0,76.78453038674033,73.0,119.0,180,180,178,181,394.79999999999995,181,1.0,0.994475138121547,0.994475138121547,0.9834254143646409,True,2021/2022,SLF_IMIS_DAILY_SNOW,Murtaröl,True,10.289051,46.631706,2359,SNOW_FLAT
OFE2,2022,181,0,55.77900552486188,60.0,104.0,177,162,152,181,368.3,181,1.0,0.9779005524861878,0.8950276243093923,0.8397790055248618,True,2022/2023,SLF_IMIS_DAILY_SNOW,Murtaröl,True,10.289051,46.631706,2359,SNOW_FLAT
OFE2,2023,182,0,116.46153846153847,100.0,250.0,182,182,181,182,786.1,182,1.0,1.0,1.0,0.9945054945054945,True,2023/2024,SLF_IMIS_DAILY_SNOW,Murtaröl,True,10.289051,46.631706,2359,SNOW_FLAT
OFE2,2024,181,0,62.651933701657455,70.0,116.0,160,150,142,181,394.9,181,1.0,0.8839779005524862,0.8287292817679558,0.7845303867403315,True,2024/2025,SLF_IMIS_DAILY_SNOW,Murtaröl,True,10.289051,46.631706,2359,SNOW_FLAT
OFE2,2025,181,0,62.45303867403315,53.0,119.0,179,164,157,181,346.7,181,1.0,0.988950276243094,0.9060773480662984,0.8674033149171271,True,2025/2026,SLF_IMIS_DAILY_SNOW,Murtaröl,True,10.289051,46.631706,2359,SNOW_FLAT
ORT2,2013,181,0,90.55801104972376,81.0,178.0,175,171,170,181,760.0,181,1.0,0.9668508287292817,0.9447513812154696,0.9392265193370166,True,2013/2014,SLF_IMIS_DAILY_SNOW,Ortstock Matt,True,8.95855,46.918082,1824,SNOW_FLAT
ORT2,2014,181,0,114.18232044198895,138.0,259.0,159,144,131,181,623.1999999999999,181,1.0,0.8784530386740331,0.7955801104972375,0.7237569060773481,True,2014/2015,SLF_IMIS_DAILY_SNOW,Ortstock Matt,True,8.95855,46.918082,1824,SNOW_FLAT
ORT2,2015,182,0,132.96703296703296,163.0,274.0,161,161,161,182,1126.6999999999998,182,1.0,0.8846153846153846,0.8846153846153846,0.8846153846153846,True,2015/2016,SLF_IMIS_DAILY_SNOW,Ortstock Matt,True,8.95855,46.918082,1824,SNOW_FLAT
ORT2,2016,181,0,96.30939226519337,109.0,225.0,175,135,129,181,1119.5,181,1.0,0.9668508287292817,0.7458563535911602,0.712707182320442,True,2016/2017,SLF_IMIS_DAILY_SNOW,Ortstock Matt,True,8.95855,46.918082,1824,SNOW_FLAT
ORT2,2017,181,0,248.67403314917127,291.0,420.0,181,176,175,181,1380.0,181,1.0,1.0,0.9723756906077348,0.9668508287292817,True,2017/2018,SLF_IMIS_DAILY_SNOW,Ortstock Matt,True,8.95855,46.918082,1824,SNOW_FLAT
ORT2,2018,181,0,181.1878453038674,241.0,336.0,154,147,144,181,1271.1999999999998,181,1.0,0.850828729281768,0.8121546961325967,0.7955801104972375,True,2018/2019,SLF_IMIS_DAILY_SNOW,Ortstock Matt,True,8.95855,46.918082,1824,SNOW_FLAT
ORT2,2019,182,0,121.18681318681318,127.0,252.0,176,170,166,182,978.2,182,1.0,0.967032967032967,0.9340659340659341,0.9120879120879121,True,2019/2020,SLF_IMIS_DAILY_SNOW,Ortstock Matt,True,8.95855,46.918082,1824,SNOW_FLAT
ORT2,2020,181,0,170.80662983425415,235.0,390.0,154,149,146,181,1338.9,181,1.0,0.850828729281768,0.8232044198895028,0.8066298342541437,True,2020/2021,SLF_IMIS_DAILY_SNOW,Ortstock Matt,True,8.95855,46.918082,1824,SNOW_FLAT
ORT2,2021,181,0,141.04972375690608,137.0,249.0,180,161,156,181,1014.1,181,1.0,0.994475138121547,0.8895027624309392,0.861878453038674,True,2021/2022,SLF_IMIS_DAILY_SNOW,Ortstock Matt,True,8.95855,46.918082,1824,SNOW_FLAT
ORT2,2022,181,0,81.57458563535911,82.0,211.0,167,161,159,181,917.0,181,1.0,0.9226519337016574,0.8895027624309392,0.8784530386740331,True,2022/2023,SLF_IMIS_DAILY_SNOW,Ortstock Matt,True,8.95855,46.918082,1824,SNOW_FLAT
ORT2,2023,182,0,171.0054945054945,181.0,290.0,180,179,178,182,1280.1000000000001,182,1.0,0.989010989010989,0.9835164835164835,0.978021978021978,True,2023/2024,SLF_IMIS_DAILY_SNOW,Ortstock Matt,True,8.95855,46.918082,1824,SNOW_FLAT
ORT2,2024,181,0,108.91160220994475,136.0,213.0,161,161,160,181,710.8000000000001,181,1.0,0.8895027624309392,0.8895027624309392,0.8839779005524862,True,2024/2025,SLF_IMIS_DAILY_SNOW,Ortstock Matt,True,8.95855,46.918082,1824,SNOW_FLAT
ORT2,2025,181,0,97.03314917127072,81.0,264.0,179,170,162,181,858.5,181,1.0,0.988950276243094,0.9392265193370166,0.8950276243093923,True,2025/2026,SLF_IMIS_DAILY_SNOW,Ortstock Matt,True,8.95855,46.918082,1824,SNOW_FLAT
OTT2,2013,181,0,73.48618784530387,72.0,134.0,176,171,169,165,775.2,181,1.0,0.9723756906077348,0.9447513812154696,0.9337016574585635,True,2013/2014,SLF_IMIS_DAILY_SNOW,Ottere,True,7.561637,46.539702,2017,SNOW_FLAT
OTT2,2014,181,0,89.21546961325967,105.0,191.0,171,148,136,181,1003.5,181,1.0,0.9447513812154696,0.8176795580110497,0.7513812154696132,True,2014/2015,SLF_IMIS_DAILY_SNOW,Ottere,True,7.561637,46.539702,2017,SNOW_FLAT
OTT2,2015,182,0,106.7032967032967,126.0,224.0,161,161,161,182,965.0,182,1.0,0.8846153846153846,0.8846153846153846,0.8846153846153846,True,2015/2016,SLF_IMIS_DAILY_SNOW,Ottere,True,7.561637,46.539702,2017,SNOW_FLAT
OTT2,2016,180,0,69.85555555555555,77.5,178.0,174,129,125,181,761.0,181,0.994475138121547,0.9666666666666667,0.7166666666666667,0.6944444444444444,True,2016/2017,SLF_IMIS_DAILY_SNOW,Ottere,True,7.561637,46.539702,2017,SNOW_FLAT
OTT2,2017,179,0,180.7150837988827,218.0,303.0,176,176,171,179,1032.8999999999999,181,0.988950276243094,0.9832402234636871,0.9832402234636871,0.9553072625698324,True,2017/2018,SLF_IMIS_DAILY_SNOW,Ottere,True,7.561637,46.539702,2017,SNOW_FLAT
OTT2,2018,181,0,118.49723756906077,151.0,222.0,151,147,144,181,829.7,181,1.0,0.8342541436464088,0.8121546961325967,0.7955801104972375,True,2018/2019,SLF_IMIS_DAILY_SNOW,Ottere,True,7.561637,46.539702,2017,SNOW_FLAT
OTT2,2019,182,0,92.26923076923077,99.5,184.0,176,158,153,182,705.7,182,1.0,0.967032967032967,0.8681318681318682,0.8406593406593407,True,2019/2020,SLF_IMIS_DAILY_SNOW,Ottere,True,7.561637,46.539702,2017,SNOW_FLAT
OTT2,2020,181,0,103.05524861878453,137.0,236.0,151,146,145,181,894.9,181,1.0,0.8342541436464088,0.8066298342541437,0.8011049723756906,True,2020/2021,SLF_IMIS_DAILY_SNOW,Ottere,True,7.561637,46.539702,2017,SNOW_FLAT
OTT2,2021,170,0,98.18823529411765,96.5,173.0,154,153,152,0,NA,181,0.9392265193370166,0.9058823529411765,0.9,0.8941176470588236,True,2021/2022,SLF_IMIS_DAILY_SNOW,Ottere,True,7.561637,46.539702,2017,SNOW_FLAT
OTT2,2022,181,0,57.850828729281766,56.0,141.0,166,158,126,181,691.4000000000001,181,1.0,0.9171270718232044,0.8729281767955801,0.6961325966850829,True,2022/2023,SLF_IMIS_DAILY_SNOW,Ottere,True,7.561637,46.539702,2017,SNOW_FLAT
OTT2,2023,182,0,115.6043956043956,130.0,187.0,179,173,160,182,906.7,182,1.0,0.9835164835164835,0.9505494505494505,0.8791208791208791,True,2023/2024,SLF_IMIS_DAILY_SNOW,Ottere,True,7.561637,46.539702,2017,SNOW_FLAT
OTT2,2024,181,0,82.53591160220995,96.0,151.0,162,161,152,181,581.4,181,1.0,0.8950276243093923,0.8895027624309392,0.8397790055248618,True,2024/2025,SLF_IMIS_DAILY_SNOW,Ottere,True,7.561637,46.539702,2017,SNOW_FLAT
OTT2,2025,181,0,98.28729281767956,91.0,217.0,179,164,161,181,790.1,181,1.0,0.988950276243094,0.9060773480662984,0.8895027624309392,True,2025/2026,SLF_IMIS_DAILY_SNOW,Ottere,True,7.561637,46.539702,2017,SNOW_FLAT
OUJ2,2013,0,0,NA,NA,NA,0,0,0,0,NA,181,0.0,NA,NA,NA,False,2013/2014,SLF_IMIS_DAILY_SNOW,"Oujet de Mille, Schneestation",False,7.212719,46.011723,2530,SNOW_FLAT
OUJ2,2014,0,0,NA,NA,NA,0,0,0,0,NA,181,0.0,NA,NA,NA,False,2014/2015,SLF_IMIS_DAILY_SNOW,"Oujet de Mille, Schneestation",False,7.212719,46.011723,2530,SNOW_FLAT
OUJ2,2015,0,0,NA,NA,NA,0,0,0,0,NA,182,0.0,NA,NA,NA,False,2015/2016,SLF_IMIS_DAILY_SNOW,"Oujet de Mille, Schneestation",False,7.212719,46.011723,2530,SNOW_FLAT
OUJ2,2016,0,0,NA,NA,NA,0,0,0,0,NA,181,0.0,NA,NA,NA,False,2016/2017,SLF_IMIS_DAILY_SNOW,"Oujet de Mille, Schneestation",False,7.212719,46.011723,2530,SNOW_FLAT
OUJ2,2017,0,0,NA,NA,NA,0,0,0,0,NA,181,0.0,NA,NA,NA,False,2017/2018,SLF_IMIS_DAILY_SNOW,"Oujet de Mille, Schneestation",False,7.212719,46.011723,2530,SNOW_FLAT
OUJ2,2018,0,0,NA,NA,NA,0,0,0,0,NA,181,0.0,NA,NA,NA,False,2018/2019,SLF_IMIS_DAILY_SNOW,"Oujet de Mille, Schneestation",False,7.212719,46.011723,2530,SNOW_FLAT
OUJ2,2019,0,0,NA,NA,NA,0,0,0,0,NA,182,0.0,NA,NA,NA,False,2019/2020,SLF_IMIS_DAILY_SNOW,"Oujet de Mille, Schneestation",False,7.212719,46.011723,2530,SNOW_FLAT
OUJ2,2020,0,0,NA,NA,NA,0,0,0,0,NA,181,0.0,NA,NA,NA,False,2020/2021,SLF_IMIS_DAILY_SNOW,"Oujet de Mille, Schneestation",False,7.212719,46.011723,2530,SNOW_FLAT
OUJ2,2021,0,0,NA,NA,NA,0,0,0,0,NA,181,0.0,NA,NA,NA,False,2021/2022,SLF_IMIS_DAILY_SNOW,"Oujet de Mille, Schneestation",False,7.212719,46.011723,2530,SNOW_FLAT
OUJ2,2022,0,0,NA,NA,NA,0,0,0,0,NA,181,0.0,NA,NA,NA,False,2022/2023,SLF_IMIS_DAILY_SNOW,"Oujet de Mille, Schneestation",False,7.212719,46.011723,2530,SNOW_FLAT
OUJ2,2023,0,0,NA,NA,NA,0,0,0,0,NA,182,0.0,NA,NA,NA,False,2023/2024,SLF_IMIS_DAILY_SNOW,"Oujet de Mille, Schneestation",False,7.212719,46.011723,2530,SNOW_FLAT
OUJ2,2024,0,0,NA,NA,NA,0,0,0,0,NA,181,0.0,NA,NA,NA,False,2024/2025,SLF_IMIS_DAILY_SNOW,"Oujet de Mille, Schneestation",False,7.212719,46.011723,2530,SNOW_FLAT
OUJ2,2025,0,0,NA,NA,NA,0,0,0,0,NA,181,0.0,NA,NA,NA,False,2025/2026,SLF_IMIS_DAILY_SNOW,"Oujet de Mille, Schneestation",False,7.212719,46.011723,2530,SNOW_FLAT
PAR2,2013,181,0,104.9171270718232,124.0,172.0,178,175,175,181,606.8,181,1.0,0.9834254143646409,0.9668508287292817,0.9668508287292817,True,2013/2014,SLF_IMIS_DAILY_SNOW,Kreuzweg,True,9.804844,46.851725,2290,SNOW_FLAT
PAR2,2014,181,0,124.83977900552486,139.0,233.0,181,181,176,181,696.8,181,1.0,1.0,1.0,0.9723756906077348,True,2014/2015,SLF_IMIS_DAILY_SNOW,Kreuzweg,True,9.804844,46.851725,2290,SNOW_FLAT
PAR2,2015,182,0,82.85164835164835,102.5,165.0,161,157,135,182,641.3,182,1.0,0.8846153846153846,0.8626373626373627,0.7417582417582418,True,2015/2016,SLF_IMIS_DAILY_SNOW,Kreuzweg,True,9.804844,46.851725,2290,SNOW_FLAT
PAR2,2016,181,0,85.43093922651934,100.0,179.0,175,175,145,181,642.1,181,1.0,0.9668508287292817,0.9668508287292817,0.8011049723756906,True,2016/2017,SLF_IMIS_DAILY_SNOW,Kreuzweg,True,9.804844,46.851725,2290,SNOW_FLAT
PAR2,2017,110,0,222.6818181818182,228.5,276.0,110,110,110,110,729.0,181,0.6077348066298343,1.0,1.0,1.0,False,2017/2018,SLF_IMIS_DAILY_SNOW,Kreuzweg,True,9.804844,46.851725,2290,SNOW_FLAT
PAR2,2018,181,0,175.03867403314916,221.0,291.0,181,181,161,181,922.5,181,1.0,1.0,1.0,0.8895027624309392,True,2018/2019,SLF_IMIS_DAILY_SNOW,Kreuzweg,True,9.804844,46.851725,2290,SNOW_FLAT
PAR2,2019,182,0,113.63736263736264,119.5,209.0,178,177,172,182,698.5,182,1.0,0.978021978021978,0.9725274725274725,0.945054945054945,True,2019/2020,SLF_IMIS_DAILY_SNOW,Kreuzweg,True,9.804844,46.851725,2290,SNOW_FLAT
PAR2,2020,181,0,124.42541436464089,162.0,224.0,181,153,148,160,881.0999999999999,181,1.0,1.0,0.8453038674033149,0.8176795580110497,True,2020/2021,SLF_IMIS_DAILY_SNOW,Kreuzweg,True,9.804844,46.851725,2290,SNOW_FLAT
PAR2,2021,181,0,119.61325966850829,104.0,202.0,180,180,176,181,661.8000000000001,181,1.0,0.994475138121547,0.994475138121547,0.9723756906077348,True,2021/2022,SLF_IMIS_DAILY_SNOW,Kreuzweg,True,9.804844,46.851725,2290,SNOW_FLAT
PAR2,2022,181,0,78.96132596685082,83.0,166.0,173,164,159,181,658.9,181,1.0,0.9558011049723757,0.9060773480662984,0.8784530386740331,True,2022/2023,SLF_IMIS_DAILY_SNOW,Kreuzweg,True,9.804844,46.851725,2290,SNOW_FLAT
PAR2,2023,182,0,178.41758241758242,190.0,269.0,182,182,173,182,1006.3,182,1.0,1.0,1.0,0.9505494505494505,True,2023/2024,SLF_IMIS_DAILY_SNOW,Kreuzweg,True,9.804844,46.851725,2290,SNOW_FLAT
PAR2,2024,181,0,73.65193370165746,79.0,122.0,161,160,152,181,406.4,181,1.0,0.8895027624309392,0.8839779005524862,0.8397790055248618,True,2024/2025,SLF_IMIS_DAILY_SNOW,Kreuzweg,True,9.804844,46.851725,2290,SNOW_FLAT
PAR2,2025,181,0,85.03314917127072,72.0,170.0,180,166,161,181,525.8,181,1.0,0.994475138121547,0.9171270718232044,0.8895027624309392,True,2025/2026,SLF_IMIS_DAILY_SNOW,Kreuzweg,True,9.804844,46.851725,2290,SNOW_FLAT
PLD3,2013,0,0,NA,NA,NA,0,0,0,0,NA,181,0.0,NA,NA,NA,False,2013/2014,SLF_IMIS_DAILY_SNOW,Primelod Hang,True,7.251164,46.426301,2042,SNOW_SLOPE
PLD3,2014,0,0,NA,NA,NA,0,0,0,0,NA,181,0.0,NA,NA,NA,False,2014/2015,SLF_IMIS_DAILY_SNOW,Primelod Hang,True,7.251164,46.426301,2042,SNOW_SLOPE
PLD3,2015,182,0,116.3956043956044,145.0,250.0,161,161,141,0,NA,182,1.0,0.8846153846153846,0.8846153846153846,0.7747252747252747,True,2015/2016,SLF_IMIS_DAILY_SNOW,Primelod Hang,True,7.251164,46.426301,2042,SNOW_SLOPE
PLD3,2016,181,0,83.38121546961327,78.0,213.0,175,175,132,0,NA,181,1.0,0.9668508287292817,0.9668508287292817,0.7292817679558011,True,2016/2017,SLF_IMIS_DAILY_SNOW,Primelod Hang,True,7.251164,46.426301,2042,SNOW_SLOPE
PLD3,2017,175,0,186.96571428571428,224.0,292.0,175,173,169,0,NA,181,0.9668508287292817,1.0,0.9885714285714285,0.9657142857142857,True,2017/2018,SLF_IMIS_DAILY_SNOW,Primelod Hang,True,7.251164,46.426301,2042,SNOW_SLOPE
PLD3,2018,181,0,109.60220994475138,124.0,201.0,181,144,143,0,NA,181,1.0,1.0,0.7955801104972375,0.7900552486187845,True,2018/2019,SLF_IMIS_DAILY_SNOW,Primelod Hang,True,7.251164,46.426301,2042,SNOW_SLOPE
PLD3,2019,175,0,122.32571428571428,130.0,224.0,175,175,169,0,NA,182,0.9615384615384616,1.0,1.0,0.9657142857142857,True,2019/2020,SLF_IMIS_DAILY_SNOW,Primelod Hang,True,7.251164,46.426301,2042,SNOW_SLOPE
PLD3,2020,181,0,110.14364640883979,145.0,219.0,146,145,143,0,NA,181,1.0,0.8066298342541437,0.8011049723756906,0.7900552486187845,True,2020/2021,SLF_IMIS_DAILY_SNOW,Primelod Hang,True,7.251164,46.426301,2042,SNOW_SLOPE
PLD3,2021,181,0,93.33701657458563,101.0,171.0,155,153,149,0,NA,181,1.0,0.856353591160221,0.8453038674033149,0.8232044198895028,True,2021/2022,SLF_IMIS_DAILY_SNOW,Primelod Hang,True,7.251164,46.426301,2042,SNOW_SLOPE
PLD3,2022,181,0,87.646408839779,99.0,166.0,161,158,142,0,NA,181,1.0,0.8895027624309392,0.8729281767955801,0.7845303867403315,True,2022/2023,SLF_IMIS_DAILY_SNOW,Primelod Hang,True,7.251164,46.426301,2042,SNOW_SLOPE
PLD3,2023,181,0,153.64088397790056,177.0,212.0,180,179,178,0,NA,182,0.9945054945054945,0.994475138121547,0.988950276243094,0.9834254143646409,True,2023/2024,SLF_IMIS_DAILY_SNOW,Primelod Hang,True,7.251164,46.426301,2042,SNOW_SLOPE
PLD3,2024,127,0,110.97637795275591,137.0,188.0,116,107,107,0,NA,181,0.7016574585635359,0.9133858267716536,0.84251968503937,0.84251968503937,False,2024/2025,SLF_IMIS_DAILY_SNOW,Primelod Hang,True,7.251164,46.426301,2042,SNOW_SLOPE
PLD3,2025,168,0,102.45238095238095,99.0,204.0,165,163,161,0,NA,181,0.9281767955801105,0.9821428571428571,0.9702380952380952,0.9583333333333334,True,2025/2026,SLF_IMIS_DAILY_SNOW,Primelod Hang,True,7.251164,46.426301,2042,SNOW_SLOPE
PMA2,2013,181,0,123.61325966850829,122.0,238.0,176,170,163,181,1382.2000000000003,181,1.0,0.9723756906077348,0.9392265193370166,0.9005524861878453,True,2013/2014,SLF_IMIS_DAILY_SNOW,Colms da Parsonz,True,9.537387,46.580076,2429,SNOW_FLAT
PMA2,2014,181,0,88.69613259668509,98.0,149.0,176,176,176,181,529.3,181,1.0,0.9723756906077348,0.9723756906077348,0.9723756906077348,True,2014/2015,SLF_IMIS_DAILY_SNOW,Colms da Parsonz,True,9.537387,46.580076,2429,SNOW_FLAT
PMA2,2015,182,0,38.247252747252745,29.5,112.0,118,114,91,182,384.40000000000003,182,1.0,0.6483516483516484,0.6263736263736264,0.5,True,2015/2016,SLF_IMIS_DAILY_SNOW,Colms da Parsonz,True,9.537387,46.580076,2429,SNOW_FLAT
PMA2,2016,181,0,47.193370165745854,41.0,125.0,173,165,106,181,430.19999999999993,181,1.0,0.9558011049723757,0.9116022099447514,0.585635359116022,True,2016/2017,SLF_IMIS_DAILY_SNOW,Colms da Parsonz,True,9.537387,46.580076,2429,SNOW_FLAT
PMA2,2017,181,0,108.41436464088397,144.0,204.0,159,140,139,181,720.8,181,1.0,0.8784530386740331,0.7734806629834254,0.7679558011049724,True,2017/2018,SLF_IMIS_DAILY_SNOW,Colms da Parsonz,True,9.537387,46.580076,2429,SNOW_FLAT
PMA2,2018,181,0,124.00552486187846,142.0,195.0,181,181,181,181,572.7,181,1.0,1.0,1.0,1.0,True,2018/2019,SLF_IMIS_DAILY_SNOW,Colms da Parsonz,True,9.537387,46.580076,2429,SNOW_FLAT
PMA2,2019,182,0,90.37912087912088,95.5,156.0,178,177,175,182,560.6,182,1.0,0.978021978021978,0.9725274725274725,0.9615384615384616,True,2019/2020,SLF_IMIS_DAILY_SNOW,Colms da Parsonz,True,9.537387,46.580076,2429,SNOW_FLAT
PMA2,2020,181,0,97.20441988950276,123.0,152.0,181,181,150,181,506.20000000000005,181,1.0,1.0,1.0,0.8287292817679558,True,2020/2021,SLF_IMIS_DAILY_SNOW,Colms da Parsonz,True,9.537387,46.580076,2429,SNOW_FLAT
PMA2,2021,181,0,75.65745856353591,69.0,122.0,180,180,178,181,425.5,181,1.0,0.994475138121547,0.994475138121547,0.9834254143646409,True,2021/2022,SLF_IMIS_DAILY_SNOW,Colms da Parsonz,True,9.537387,46.580076,2429,SNOW_FLAT
PMA2,2022,160,0,47.23125,46.0,96.0,145,145,145,159,388.40000000000003,181,0.8839779005524862,0.90625,0.90625,0.90625,True,2022/2023,SLF_IMIS_DAILY_SNOW,Colms da Parsonz,True,9.537387,46.580076,2429,SNOW_FLAT
PMA2,2023,182,0,108.65384615384616,99.0,234.0,182,180,157,182,826.2,182,1.0,1.0,0.989010989010989,0.8626373626373627,True,2023/2024,SLF_IMIS_DAILY_SNOW,Colms da Parsonz,True,9.537387,46.580076,2429,SNOW_FLAT
PMA2,2024,181,0,28.895027624309392,30.0,72.0,115,94,92,181,251.8,181,1.0,0.6353591160220995,0.5193370165745856,0.5082872928176796,True,2024/2025,SLF_IMIS_DAILY_SNOW,Colms da Parsonz,True,9.537387,46.580076,2429,SNOW_FLAT
PMA2,2025,181,0,54.34254143646409,47.0,111.0,180,167,161,165,426.80000000000007,181,1.0,0.994475138121547,0.9226519337016574,0.8895027624309392,True,2025/2026,SLF_IMIS_DAILY_SNOW,Colms da Parsonz,True,9.537387,46.580076,2429,SNOW_FLAT
PON2,2013,0,0,NA,NA,NA,0,0,0,0,NA,181,0.0,NA,NA,NA,False,2013/2014,SLF_IMIS_DAILY_SNOW,Teststation Poncionetto,False,8.496418,46.52563,2305,SNOW_FLAT
PON2,2014,0,0,NA,NA,NA,0,0,0,0,NA,181,0.0,NA,NA,NA,False,2014/2015,SLF_IMIS_DAILY_SNOW,Teststation Poncionetto,False,8.496418,46.52563,2305,SNOW_FLAT
PON2,2015,0,0,NA,NA,NA,0,0,0,0,NA,182,0.0,NA,NA,NA,False,2015/2016,SLF_IMIS_DAILY_SNOW,Teststation Poncionetto,False,8.496418,46.52563,2305,SNOW_FLAT
PON2,2016,0,0,NA,NA,NA,0,0,0,0,NA,181,0.0,NA,NA,NA,False,2016/2017,SLF_IMIS_DAILY_SNOW,Teststation Poncionetto,False,8.496418,46.52563,2305,SNOW_FLAT
PON2,2017,0,0,NA,NA,NA,0,0,0,0,NA,181,0.0,NA,NA,NA,False,2017/2018,SLF_IMIS_DAILY_SNOW,Teststation Poncionetto,False,8.496418,46.52563,2305,SNOW_FLAT
PON2,2018,0,0,NA,NA,NA,0,0,0,0,NA,181,0.0,NA,NA,NA,False,2018/2019,SLF_IMIS_DAILY_SNOW,Teststation Poncionetto,False,8.496418,46.52563,2305,SNOW_FLAT
PON2,2019,0,0,NA,NA,NA,0,0,0,0,NA,182,0.0,NA,NA,NA,False,2019/2020,SLF_IMIS_DAILY_SNOW,Teststation Poncionetto,False,8.496418,46.52563,2305,SNOW_FLAT
PON2,2020,171,0,150.11111111111111,175.0,251.0,171,157,145,0,NA,181,0.9447513812154696,1.0,0.9181286549707602,0.847953216374269,True,2020/2021,SLF_IMIS_DAILY_SNOW,Teststation Poncionetto,False,8.496418,46.52563,2305,SNOW_FLAT
PON2,2021,0,0,NA,NA,NA,0,0,0,0,NA,181,0.0,NA,NA,NA,False,2021/2022,SLF_IMIS_DAILY_SNOW,Teststation Poncionetto,False,8.496418,46.52563,2305,SNOW_FLAT
PON2,2022,0,0,NA,NA,NA,0,0,0,0,NA,181,0.0,NA,NA,NA,False,2022/2023,SLF_IMIS_DAILY_SNOW,Teststation Poncionetto,False,8.496418,46.52563,2305,SNOW_FLAT
PON2,2023,0,0,NA,NA,NA,0,0,0,0,NA,182,0.0,NA,NA,NA,False,2023/2024,SLF_IMIS_DAILY_SNOW,Teststation Poncionetto,False,8.496418,46.52563,2305,SNOW_FLAT
PON2,2024,0,0,NA,NA,NA,0,0,0,0,NA,181,0.0,NA,NA,NA,False,2024/2025,SLF_IMIS_DAILY_SNOW,Teststation Poncionetto,False,8.496418,46.52563,2305,SNOW_FLAT
PON2,2025,0,0,NA,NA,NA,0,0,0,0,NA,181,0.0,NA,NA,NA,False,2025/2026,SLF_IMIS_DAILY_SNOW,Teststation Poncionetto,False,8.496418,46.52563,2305,SNOW_FLAT
PUZ2,2013,177,0,50.186440677966104,50.0,112.0,161,151,130,181,716.0,181,0.9779005524861878,0.9096045197740112,0.8531073446327684,0.7344632768361582,True,2013/2014,SLF_IMIS_DAILY_SNOW,Ils Plauns,True,8.862455,46.626351,2196,SNOW_FLAT
PUZ2,2014,181,0,135.54696132596686,141.0,200.0,177,176,176,181,749.1999999999999,181,1.0,0.9779005524861878,0.9723756906077348,0.9723756906077348,True,2014/2015,SLF_IMIS_DAILY_SNOW,Ils Plauns,True,8.862455,46.626351,2196,SNOW_FLAT
PUZ2,2015,182,0,30.384615384615383,26.5,94.0,161,106,90,182,418.4,182,1.0,0.8846153846153846,0.5824175824175825,0.4945054945054945,True,2015/2016,SLF_IMIS_DAILY_SNOW,Ils Plauns,True,8.862455,46.626351,2196,SNOW_FLAT
PUZ2,2016,181,0,30.65745856353591,28.0,89.0,175,117,82,181,486.5,181,1.0,0.9668508287292817,0.6464088397790055,0.4530386740331492,True,2016/2017,SLF_IMIS_DAILY_SNOW,Ils Plauns,True,8.862455,46.626351,2196,SNOW_FLAT
PUZ2,2017,181,0,74.96132596685082,91.0,162.0,176,171,142,181,653.0,181,1.0,0.9723756906077348,0.9447513812154696,0.7845303867403315,True,2017/2018,SLF_IMIS_DAILY_SNOW,Ils Plauns,True,8.862455,46.626351,2196,SNOW_FLAT
PUZ2,2018,179,0,106.30167597765363,112.0,214.0,179,179,174,174,885.7,181,0.988950276243094,1.0,1.0,0.9720670391061452,True,2018/2019,SLF_IMIS_DAILY_SNOW,Ils Plauns,True,8.862455,46.626351,2196,SNOW_FLAT
PUZ2,2019,182,0,81.18681318681318,87.0,120.0,173,168,166,182,575.2,182,1.0,0.9505494505494505,0.9230769230769231,0.9120879120879121,True,2019/2020,SLF_IMIS_DAILY_SNOW,Ils Plauns,True,8.862455,46.626351,2196,SNOW_FLAT
PUZ2,2020,181,0,106.61325966850829,124.0,174.0,181,181,152,181,615.5999999999999,181,1.0,1.0,1.0,0.8397790055248618,True,2020/2021,SLF_IMIS_DAILY_SNOW,Ils Plauns,True,8.862455,46.626351,2196,SNOW_FLAT
PUZ2,2021,181,0,82.0939226519337,80.0,134.0,180,179,176,181,458.6,181,1.0,0.994475138121547,0.988950276243094,0.9723756906077348,True,2021/2022,SLF_IMIS_DAILY_SNOW,Ils Plauns,True,8.862455,46.626351,2196,SNOW_FLAT
PUZ2,2022,181,0,50.90055248618785,55.0,99.0,162,148,147,181,379.5,181,1.0,0.8950276243093923,0.8176795580110497,0.8121546961325967,True,2022/2023,SLF_IMIS_DAILY_SNOW,Ils Plauns,True,8.862455,46.626351,2196,SNOW_FLAT
PUZ2,2023,170,0,109.97647058823529,120.0,177.0,170,168,164,170,961.9999999999999,182,0.9340659340659341,1.0,0.9882352941176471,0.9647058823529412,True,2023/2024,SLF_IMIS_DAILY_SNOW,Ils Plauns,True,8.862455,46.626351,2196,SNOW_FLAT
PUZ2,2024,181,0,65.06629834254143,78.0,112.0,165,161,153,181,457.9,181,1.0,0.9116022099447514,0.8895027624309392,0.8453038674033149,True,2024/2025,SLF_IMIS_DAILY_SNOW,Ils Plauns,True,8.862455,46.626351,2196,SNOW_FLAT
PUZ2,2025,181,0,46.45303867403315,40.0,137.0,156,147,109,168,377.5,181,1.0,0.861878453038674,0.8121546961325967,0.6022099447513812,True,2025/2026,SLF_IMIS_DAILY_SNOW,Ils Plauns,True,8.862455,46.626351,2196,SNOW_FLAT
REV2,2013,0,0,NA,NA,NA,0,0,0,0,NA,181,0.0,NA,NA,NA,False,2013/2014,SLF_IMIS_DAILY_SNOW,Revolte,False,9.073966,46.128679,1926,SNOW_FLAT
REV2,2014,0,0,NA,NA,NA,0,0,0,0,NA,181,0.0,NA,NA,NA,False,2014/2015,SLF_IMIS_DAILY_SNOW,Revolte,False,9.073966,46.128679,1926,SNOW_FLAT
REV2,2015,0,0,NA,NA,NA,0,0,0,0,NA,182,0.0,NA,NA,NA,False,2015/2016,SLF_IMIS_DAILY_SNOW,Revolte,False,9.073966,46.128679,1926,SNOW_FLAT
REV2,2016,0,0,NA,NA,NA,0,0,0,0,NA,181,0.0,NA,NA,NA,False,2016/2017,SLF_IMIS_DAILY_SNOW,Revolte,False,9.073966,46.128679,1926,SNOW_FLAT
REV2,2017,0,0,NA,NA,NA,0,0,0,0,NA,181,0.0,NA,NA,NA,False,2017/2018,SLF_IMIS_DAILY_SNOW,Revolte,False,9.073966,46.128679,1926,SNOW_FLAT
REV2,2018,0,0,NA,NA,NA,0,0,0,0,NA,181,0.0,NA,NA,NA,False,2018/2019,SLF_IMIS_DAILY_SNOW,Revolte,False,9.073966,46.128679,1926,SNOW_FLAT
REV2,2019,0,0,NA,NA,NA,0,0,0,0,NA,182,0.0,NA,NA,NA,False,2019/2020,SLF_IMIS_DAILY_SNOW,Revolte,False,9.073966,46.128679,1926,SNOW_FLAT
REV2,2020,0,0,NA,NA,NA,0,0,0,0,NA,181,0.0,NA,NA,NA,False,2020/2021,SLF_IMIS_DAILY_SNOW,Revolte,False,9.073966,46.128679,1926,SNOW_FLAT
REV2,2021,0,0,NA,NA,NA,0,0,0,0,NA,181,0.0,NA,NA,NA,False,2021/2022,SLF_IMIS_DAILY_SNOW,Revolte,False,9.073966,46.128679,1926,SNOW_FLAT
REV2,2022,0,0,NA,NA,NA,0,0,0,0,NA,181,0.0,NA,NA,NA,False,2022/2023,SLF_IMIS_DAILY_SNOW,Revolte,False,9.073966,46.128679,1926,SNOW_FLAT
REV2,2023,0,0,NA,NA,NA,0,0,0,0,NA,182,0.0,NA,NA,NA,False,2023/2024,SLF_IMIS_DAILY_SNOW,Revolte,False,9.073966,46.128679,1926,SNOW_FLAT
REV2,2024,0,0,NA,NA,NA,0,0,0,0,NA,181,0.0,NA,NA,NA,False,2024/2025,SLF_IMIS_DAILY_SNOW,Revolte,False,9.073966,46.128679,1926,SNOW_FLAT
REV2,2025,0,0,NA,NA,NA,0,0,0,0,NA,181,0.0,NA,NA,NA,False,2025/2026,SLF_IMIS_DAILY_SNOW,Revolte,False,9.073966,46.128679,1926,SNOW_FLAT
RGS2,2013,0,0,NA,NA,NA,0,0,0,0,NA,181,0.0,NA,NA,NA,False,2013/2014,SLF_IMIS_DAILY_SNOW,"Ruoggis, Ober Stafel",False,8.974264,47.037494,1578,SNOW_FLAT
RGS2,2014,0,0,NA,NA,NA,0,0,0,0,NA,181,0.0,NA,NA,NA,False,2014/2015,SLF_IMIS_DAILY_SNOW,"Ruoggis, Ober Stafel",False,8.974264,47.037494,1578,SNOW_FLAT
RGS2,2015,0,0,NA,NA,NA,0,0,0,0,NA,182,0.0,NA,NA,NA,False,2015/2016,SLF_IMIS_DAILY_SNOW,"Ruoggis, Ober Stafel",False,8.974264,47.037494,1578,SNOW_FLAT
RGS2,2016,0,0,NA,NA,NA,0,0,0,0,NA,181,0.0,NA,NA,NA,False,2016/2017,SLF_IMIS_DAILY_SNOW,"Ruoggis, Ober Stafel",False,8.974264,47.037494,1578,SNOW_FLAT
RGS2,2017,178,0,111.43820224719101,128.5,213.0,173,165,158,0,NA,181,0.9834254143646409,0.9719101123595506,0.9269662921348315,0.8876404494382022,True,2017/2018,SLF_IMIS_DAILY_SNOW,"Ruoggis, Ober Stafel",False,8.974264,47.037494,1578,SNOW_FLAT
RGS2,2018,0,0,NA,NA,NA,0,0,0,0,NA,181,0.0,NA,NA,NA,False,2018/2019,SLF_IMIS_DAILY_SNOW,"Ruoggis, Ober Stafel",False,8.974264,47.037494,1578,SNOW_FLAT
RGS2,2019,0,0,NA,NA,NA,0,0,0,0,NA,182,0.0,NA,NA,NA,False,2019/2020,SLF_IMIS_DAILY_SNOW,"Ruoggis, Ober Stafel",False,8.974264,47.037494,1578,SNOW_FLAT
RGS2,2020,0,0,NA,NA,NA,0,0,0,0,NA,181,0.0,NA,NA,NA,False,2020/2021,SLF_IMIS_DAILY_SNOW,"Ruoggis, Ober Stafel",False,8.974264,47.037494,1578,SNOW_FLAT
RGS2,2021,0,0,NA,NA,NA,0,0,0,0,NA,181,0.0,NA,NA,NA,False,2021/2022,SLF_IMIS_DAILY_SNOW,"Ruoggis, Ober Stafel",False,8.974264,47.037494,1578,SNOW_FLAT
RGS2,2022,0,0,NA,NA,NA,0,0,0,0,NA,181,0.0,NA,NA,NA,False,2022/2023,SLF_IMIS_DAILY_SNOW,"Ruoggis, Ober Stafel",False,8.974264,47.037494,1578,SNOW_FLAT
RGS2,2023,0,0,NA,NA,NA,0,0,0,0,NA,182,0.0,NA,NA,NA,False,2023/2024,SLF_IMIS_DAILY_SNOW,"Ruoggis, Ober Stafel",False,8.974264,47.037494,1578,SNOW_FLAT
RGS2,2024,0,0,NA,NA,NA,0,0,0,0,NA,181,0.0,NA,NA,NA,False,2024/2025,SLF_IMIS_DAILY_SNOW,"Ruoggis, Ober Stafel",False,8.974264,47.037494,1578,SNOW_FLAT
RGS2,2025,0,0,NA,NA,NA,0,0,0,0,NA,181,0.0,NA,NA,NA,False,2025/2026,SLF_IMIS_DAILY_SNOW,"Ruoggis, Ober Stafel",False,8.974264,47.037494,1578,SNOW_FLAT
RNZ2,2013,175,0,95.09142857142857,113.0,167.0,169,160,137,0,NA,181,0.9668508287292817,0.9657142857142857,0.9142857142857143,0.7828571428571428,True,2013/2014,SLF_IMIS_DAILY_SNOW,Rienzenstock,False,8.626788,46.68557,2400,SNOW_FLAT
RNZ2,2014,181,0,153.31491712707182,151.0,348.0,176,176,176,0,NA,181,1.0,0.9723756906077348,0.9723756906077348,0.9723756906077348,True,2014/2015,SLF_IMIS_DAILY_SNOW,Rienzenstock,False,8.626788,46.68557,2400,SNOW_FLAT
RNZ2,2015,182,0,73.81868131868131,77.0,166.0,161,153,120,0,NA,182,1.0,0.8846153846153846,0.8406593406593407,0.6593406593406593,True,2015/2016,SLF_IMIS_DAILY_SNOW,Rienzenstock,False,8.626788,46.68557,2400,SNOW_FLAT
RNZ2,2016,177,0,178.19209039548022,72.0,556.0,171,167,117,0,NA,181,0.9779005524861878,0.9661016949152542,0.943502824858757,0.6610169491525424,True,2016/2017,SLF_IMIS_DAILY_SNOW,Rienzenstock,False,8.626788,46.68557,2400,SNOW_FLAT
RNZ2,2017,181,0,159.0,199.0,324.0,181,176,175,0,NA,181,1.0,1.0,0.9723756906077348,0.9668508287292817,True,2017/2018,SLF_IMIS_DAILY_SNOW,Rienzenstock,False,8.626788,46.68557,2400,SNOW_FLAT
RNZ2,2018,178,0,175.01685393258427,179.5,377.0,178,178,178,0,NA,181,0.9834254143646409,1.0,1.0,1.0,True,2018/2019,SLF_IMIS_DAILY_SNOW,Rienzenstock,False,8.626788,46.68557,2400,SNOW_FLAT
RNZ2,2019,182,0,180.15934065934067,137.0,328.0,179,177,174,0,NA,182,1.0,0.9835164835164835,0.9725274725274725,0.9560439560439561,True,2019/2020,SLF_IMIS_DAILY_SNOW,Rienzenstock,False,8.626788,46.68557,2400,SNOW_FLAT
RNZ2,2020,181,0,145.50828729281767,184.0,324.0,181,154,146,0,NA,181,1.0,1.0,0.850828729281768,0.8066298342541437,True,2020/2021,SLF_IMIS_DAILY_SNOW,Rienzenstock,False,8.626788,46.68557,2400,SNOW_FLAT
RNZ2,2021,181,0,124.80662983425414,72.0,255.0,179,175,156,0,NA,181,1.0,0.988950276243094,0.9668508287292817,0.861878453038674,True,2021/2022,SLF_IMIS_DAILY_SNOW,Rienzenstock,False,8.626788,46.68557,2400,SNOW_FLAT
RNZ2,2022,181,0,57.54696132596685,46.0,143.0,166,159,144,0,NA,181,1.0,0.9171270718232044,0.8784530386740331,0.7955801104972375,True,2022/2023,SLF_IMIS_DAILY_SNOW,Rienzenstock,False,8.626788,46.68557,2400,SNOW_FLAT
RNZ2,2023,182,0,129.45054945054946,106.0,314.0,177,166,157,0,NA,182,1.0,0.9725274725274725,0.9120879120879121,0.8626373626373627,True,2023/2024,SLF_IMIS_DAILY_SNOW,Rienzenstock,False,8.626788,46.68557,2400,SNOW_FLAT
RNZ2,2024,12,0,3.4166666666666665,0.5,15.0,3,0,0,0,NA,181,0.06629834254143646,0.25,0.0,0.0,False,2024/2025,SLF_IMIS_DAILY_SNOW,Rienzenstock,False,8.626788,46.68557,2400,SNOW_FLAT
RNZ2,2025,0,0,NA,NA,NA,0,0,0,0,NA,181,0.0,NA,NA,NA,False,2025/2026,SLF_IMIS_DAILY_SNOW,Rienzenstock,False,8.626788,46.68557,2400,SNOW_FLAT
RNZ3,2013,0,0,NA,NA,NA,0,0,0,0,NA,181,0.0,NA,NA,NA,False,2013/2014,SLF_IMIS_DAILY_SNOW,Rienzenstock,True,8.625968,46.684788,2390,SNOW_FLAT
RNZ3,2014,0,0,NA,NA,NA,0,0,0,0,NA,181,0.0,NA,NA,NA,False,2014/2015,SLF_IMIS_DAILY_SNOW,Rienzenstock,True,8.625968,46.684788,2390,SNOW_FLAT
RNZ3,2015,0,0,NA,NA,NA,0,0,0,0,NA,182,0.0,NA,NA,NA,False,2015/2016,SLF_IMIS_DAILY_SNOW,Rienzenstock,True,8.625968,46.684788,2390,SNOW_FLAT
RNZ3,2016,0,0,NA,NA,NA,0,0,0,0,NA,181,0.0,NA,NA,NA,False,2016/2017,SLF_IMIS_DAILY_SNOW,Rienzenstock,True,8.625968,46.684788,2390,SNOW_FLAT
RNZ3,2017,0,0,NA,NA,NA,0,0,0,0,NA,181,0.0,NA,NA,NA,False,2017/2018,SLF_IMIS_DAILY_SNOW,Rienzenstock,True,8.625968,46.684788,2390,SNOW_FLAT
RNZ3,2018,0,0,NA,NA,NA,0,0,0,0,NA,181,0.0,NA,NA,NA,False,2018/2019,SLF_IMIS_DAILY_SNOW,Rienzenstock,True,8.625968,46.684788,2390,SNOW_FLAT
RNZ3,2019,0,0,NA,NA,NA,0,0,0,0,NA,182,0.0,NA,NA,NA,False,2019/2020,SLF_IMIS_DAILY_SNOW,Rienzenstock,True,8.625968,46.684788,2390,SNOW_FLAT
RNZ3,2020,0,0,NA,NA,NA,0,0,0,0,NA,181,0.0,NA,NA,NA,False,2020/2021,SLF_IMIS_DAILY_SNOW,Rienzenstock,True,8.625968,46.684788,2390,SNOW_FLAT
RNZ3,2021,0,0,NA,NA,NA,0,0,0,0,NA,181,0.0,NA,NA,NA,False,2021/2022,SLF_IMIS_DAILY_SNOW,Rienzenstock,True,8.625968,46.684788,2390,SNOW_FLAT
RNZ3,2022,0,0,NA,NA,NA,0,0,0,0,NA,181,0.0,NA,NA,NA,False,2022/2023,SLF_IMIS_DAILY_SNOW,Rienzenstock,True,8.625968,46.684788,2390,SNOW_FLAT
RNZ3,2023,0,0,NA,NA,NA,0,0,0,0,NA,182,0.0,NA,NA,NA,False,2023/2024,SLF_IMIS_DAILY_SNOW,Rienzenstock,True,8.625968,46.684788,2390,SNOW_FLAT
RNZ3,2024,170,0,28.770588235294117,29.5,70.0,164,126,85,170,473.9,181,0.9392265193370166,0.9647058823529412,0.7411764705882353,0.5,True,2024/2025,SLF_IMIS_DAILY_SNOW,Rienzenstock,True,8.625968,46.684788,2390,SNOW_FLAT
RNZ3,2025,181,0,50.26519337016575,46.0,102.0,181,161,157,181,416.0,181,1.0,1.0,0.8895027624309392,0.8674033149171271,True,2025/2026,SLF_IMIS_DAILY_SNOW,Rienzenstock,True,8.625968,46.684788,2390,SNOW_FLAT
ROA2,2013,181,0,92.8342541436464,84.0,172.0,172,171,171,181,656.0,181,1.0,0.9502762430939227,0.9447513812154696,0.9447513812154696,True,2013/2014,SLF_IMIS_DAILY_SNOW,Rotschalp,True,7.993941,46.774319,1875,SNOW_FLAT
ROA2,2014,181,0,77.93922651933701,94.0,180.0,145,131,127,181,932.1,181,1.0,0.8011049723756906,0.7237569060773481,0.7016574585635359,True,2014/2015,SLF_IMIS_DAILY_SNOW,Rotschalp,True,7.993941,46.774319,1875,SNOW_FLAT
ROA2,2015,180,0,80.7388888888889,88.5,186.0,159,145,139,182,828.3,182,0.989010989010989,0.8833333333333333,0.8055555555555556,0.7722222222222223,True,2015/2016,SLF_IMIS_DAILY_SNOW,Rotschalp,True,7.993941,46.774319,1875,SNOW_FLAT
ROA2,2016,179,0,66.13966480446928,78.0,171.0,132,128,124,181,968.5999999999998,181,0.988950276243094,0.7374301675977654,0.7150837988826816,0.6927374301675978,True,2016/2017,SLF_IMIS_DAILY_SNOW,Rotschalp,True,7.993941,46.774319,1875,SNOW_FLAT
ROA2,2017,181,0,170.65745856353593,196.0,301.0,176,175,175,181,1019.1999999999999,181,1.0,0.9723756906077348,0.9668508287292817,0.9668508287292817,True,2017/2018,SLF_IMIS_DAILY_SNOW,Rotschalp,True,7.993941,46.774319,1875,SNOW_FLAT
ROA2,2018,181,0,112.646408839779,146.0,200.0,144,142,142,181,885.8,181,1.0,0.7955801104972375,0.7845303867403315,0.7845303867403315,True,2018/2019,SLF_IMIS_DAILY_SNOW,Rotschalp,True,7.993941,46.774319,1875,SNOW_FLAT
ROA2,2019,182,0,88.84065934065934,95.5,195.0,170,157,146,182,700.0,182,1.0,0.9340659340659341,0.8626373626373627,0.8021978021978022,True,2019/2020,SLF_IMIS_DAILY_SNOW,Rotschalp,True,7.993941,46.774319,1875,SNOW_FLAT
ROA2,2020,181,0,106.19337016574586,137.0,247.0,152,146,143,181,983.8,181,1.0,0.8397790055248618,0.8066298342541437,0.7900552486187845,True,2020/2021,SLF_IMIS_DAILY_SNOW,Rotschalp,True,7.993941,46.774319,1875,SNOW_FLAT
ROA2,2021,181,0,95.4475138121547,96.0,180.0,160,154,152,181,770.6000000000001,181,1.0,0.8839779005524862,0.850828729281768,0.8397790055248618,True,2021/2022,SLF_IMIS_DAILY_SNOW,Rotschalp,True,7.993941,46.774319,1875,SNOW_FLAT
ROA2,2022,181,0,53.613259668508285,54.0,124.0,167,153,130,181,657.7,181,1.0,0.9226519337016574,0.8453038674033149,0.7182320441988951,True,2022/2023,SLF_IMIS_DAILY_SNOW,Rotschalp,True,7.993941,46.774319,1875,SNOW_FLAT
ROA2,2023,182,0,106.34615384615384,107.5,200.0,172,162,157,182,1017.8000000000001,182,1.0,0.945054945054945,0.8901098901098901,0.8626373626373627,True,2023/2024,SLF_IMIS_DAILY_SNOW,Rotschalp,True,7.993941,46.774319,1875,SNOW_FLAT
ROA2,2024,181,0,74.13259668508287,86.0,148.0,161,158,151,181,793.3000000000001,181,1.0,0.8895027624309392,0.8729281767955801,0.8342541436464088,True,2024/2025,SLF_IMIS_DAILY_SNOW,Rotschalp,True,7.993941,46.774319,1875,SNOW_FLAT
ROA2,2025,181,0,74.8011049723757,72.0,208.0,164,161,159,181,780.3,181,1.0,0.9060773480662984,0.8895027624309392,0.8784530386740331,True,2025/2026,SLF_IMIS_DAILY_SNOW,Rotschalp,True,7.993941,46.774319,1875,SNOW_FLAT
ROA4,2013,181,0,16.4585635359116,10.0,58.0,91,67,39,0,NA,181,1.0,0.5027624309392266,0.3701657458563536,0.2154696132596685,True,2013/2014,SLF_IMIS_DAILY_SNOW,Tanngrindel,False,8.009154,46.775387,1837,SNOW_SLOPE
ROA4,2014,181,0,45.552486187845304,43.0,147.0,132,119,115,0,NA,181,1.0,0.7292817679558011,0.6574585635359116,0.6353591160220995,True,2014/2015,SLF_IMIS_DAILY_SNOW,Tanngrindel,False,8.009154,46.775387,1837,SNOW_SLOPE
ROA4,2015,182,0,58.53846153846154,50.5,166.0,143,136,114,0,NA,182,1.0,0.7857142857142857,0.7472527472527473,0.6263736263736264,True,2015/2016,SLF_IMIS_DAILY_SNOW,Tanngrindel,False,8.009154,46.775387,1837,SNOW_SLOPE
ROA4,2016,181,0,23.524861878453038,20.0,103.0,106,91,66,0,NA,181,1.0,0.585635359116022,0.5027624309392266,0.36464088397790057,True,2016/2017,SLF_IMIS_DAILY_SNOW,Tanngrindel,False,8.009154,46.775387,1837,SNOW_SLOPE
ROA4,2017,0,0,NA,NA,NA,0,0,0,0,NA,181,0.0,NA,NA,NA,False,2017/2018,SLF_IMIS_DAILY_SNOW,Tanngrindel,False,8.009154,46.775387,1837,SNOW_SLOPE
ROA4,2018,0,0,NA,NA,NA,0,0,0,0,NA,181,0.0,NA,NA,NA,False,2018/2019,SLF_IMIS_DAILY_SNOW,Tanngrindel,False,8.009154,46.775387,1837,SNOW_SLOPE
ROA4,2019,0,0,NA,NA,NA,0,0,0,0,NA,182,0.0,NA,NA,NA,False,2019/2020,SLF_IMIS_DAILY_SNOW,Tanngrindel,False,8.009154,46.775387,1837,SNOW_SLOPE
ROA4,2020,0,0,NA,NA,NA,0,0,0,0,NA,181,0.0,NA,NA,NA,False,2020/2021,SLF_IMIS_DAILY_SNOW,Tanngrindel,False,8.009154,46.775387,1837,SNOW_SLOPE
ROA4,2021,0,0,NA,NA,NA,0,0,0,0,NA,181,0.0,NA,NA,NA,False,2021/2022,SLF_IMIS_DAILY_SNOW,Tanngrindel,False,8.009154,46.775387,1837,SNOW_SLOPE
ROA4,2022,0,0,NA,NA,NA,0,0,0,0,NA,181,0.0,NA,NA,NA,False,2022/2023,SLF_IMIS_DAILY_SNOW,Tanngrindel,False,8.009154,46.775387,1837,SNOW_SLOPE
ROA4,2023,0,0,NA,NA,NA,0,0,0,0,NA,182,0.0,NA,NA,NA,False,2023/2024,SLF_IMIS_DAILY_SNOW,Tanngrindel,False,8.009154,46.775387,1837,SNOW_SLOPE
ROA4,2024,0,0,NA,NA,NA,0,0,0,0,NA,181,0.0,NA,NA,NA,False,2024/2025,SLF_IMIS_DAILY_SNOW,Tanngrindel,False,8.009154,46.775387,1837,SNOW_SLOPE
ROA4,2025,0,0,NA,NA,NA,0,0,0,0,NA,181,0.0,NA,NA,NA,False,2025/2026,SLF_IMIS_DAILY_SNOW,Tanngrindel,False,8.009154,46.775387,1837,SNOW_SLOPE
ROT2,2013,181,0,153.84530386740332,174.0,268.0,181,178,175,0,NA,181,1.0,1.0,0.9834254143646409,0.9668508287292817,True,2013/2014,SLF_IMIS_DAILY_SNOW,Totälpli,False,9.598804,46.746693,2700,SNOW_FLAT
ROT2,2014,181,0,167.22651933701658,188.0,285.0,181,181,181,0,NA,181,1.0,1.0,1.0,1.0,True,2014/2015,SLF_IMIS_DAILY_SNOW,Totälpli,False,9.598804,46.746693,2700,SNOW_FLAT
ROT2,2015,23,0,14.217391304347826,13.0,31.0,22,2,1,0,NA,182,0.12637362637362637,0.9565217391304348,0.08695652173913043,0.043478260869565216,False,2015/2016,SLF_IMIS_DAILY_SNOW,Totälpli,False,9.598804,46.746693,2700,SNOW_FLAT
ROT2,2016,0,0,NA,NA,NA,0,0,0,0,NA,181,0.0,NA,NA,NA,False,2016/2017,SLF_IMIS_DAILY_SNOW,Totälpli,False,9.598804,46.746693,2700,SNOW_FLAT
ROT2,2017,0,0,NA,NA,NA,0,0,0,0,NA,181,0.0,NA,NA,NA,False,2017/2018,SLF_IMIS_DAILY_SNOW,Totälpli,False,9.598804,46.746693,2700,SNOW_FLAT
ROT2,2018,0,0,NA,NA,NA,0,0,0,0,NA,181,0.0,NA,NA,NA,False,2018/2019,SLF_IMIS_DAILY_SNOW,Totälpli,False,9.598804,46.746693,2700,SNOW_FLAT
ROT2,2019,0,0,NA,NA,NA,0,0,0,0,NA,182,0.0,NA,NA,NA,False,2019/2020,SLF_IMIS_DAILY_SNOW,Totälpli,False,9.598804,46.746693,2700,SNOW_FLAT
ROT2,2020,0,0,NA,NA,NA,0,0,0,0,NA,181,0.0,NA,NA,NA,False,2020/2021,SLF_IMIS_DAILY_SNOW,Totälpli,False,9.598804,46.746693,2700,SNOW_FLAT
ROT2,2021,0,0,NA,NA,NA,0,0,0,0,NA,181,0.0,NA,NA,NA,False,2021/2022,SLF_IMIS_DAILY_SNOW,Totälpli,False,9.598804,46.746693,2700,SNOW_FLAT
ROT2,2022,0,0,NA,NA,NA,0,0,0,0,NA,181,0.0,NA,NA,NA,False,2022/2023,SLF_IMIS_DAILY_SNOW,Totälpli,False,9.598804,46.746693,2700,SNOW_FLAT
ROT2,2023,0,0,NA,NA,NA,0,0,0,0,NA,182,0.0,NA,NA,NA,False,2023/2024,SLF_IMIS_DAILY_SNOW,Totälpli,False,9.598804,46.746693,2700,SNOW_FLAT
ROT2,2024,0,0,NA,NA,NA,0,0,0,0,NA,181,0.0,NA,NA,NA,False,2024/2025,SLF_IMIS_DAILY_SNOW,Totälpli,False,9.598804,46.746693,2700,SNOW_FLAT
ROT2,2025,0,0,NA,NA,NA,0,0,0,0,NA,181,0.0,NA,NA,NA,False,2025/2026,SLF_IMIS_DAILY_SNOW,Totälpli,False,9.598804,46.746693,2700,SNOW_FLAT
ROT3,2013,0,0,NA,NA,NA,0,0,0,0,NA,181,0.0,NA,NA,NA,False,2013/2014,SLF_IMIS_DAILY_SNOW,Plang Bi,True,9.604385,46.733116,2495,SNOW_FLAT
ROT3,2014,0,0,NA,NA,NA,0,0,0,0,NA,181,0.0,NA,NA,NA,False,2014/2015,SLF_IMIS_DAILY_SNOW,Plang Bi,True,9.604385,46.733116,2495,SNOW_FLAT
ROT3,2015,0,0,NA,NA,NA,0,0,0,0,NA,182,0.0,NA,NA,NA,False,2015/2016,SLF_IMIS_DAILY_SNOW,Plang Bi,True,9.604385,46.733116,2495,SNOW_FLAT
ROT3,2016,0,0,NA,NA,NA,0,0,0,0,NA,181,0.0,NA,NA,NA,False,2016/2017,SLF_IMIS_DAILY_SNOW,Plang Bi,True,9.604385,46.733116,2495,SNOW_FLAT
ROT3,2017,0,0,NA,NA,NA,0,0,0,0,NA,181,0.0,NA,NA,NA,False,2017/2018,SLF_IMIS_DAILY_SNOW,Plang Bi,True,9.604385,46.733116,2495,SNOW_FLAT
ROT3,2018,181,0,180.72375690607734,199.0,290.0,181,181,181,181,991.3999999999999,181,1.0,1.0,1.0,1.0,True,2018/2019,SLF_IMIS_DAILY_SNOW,Plang Bi,True,9.604385,46.733116,2495,SNOW_FLAT
ROT3,2019,182,0,133.25824175824175,134.5,230.0,177,177,174,182,789.3000000000002,182,1.0,0.9725274725274725,0.9725274725274725,0.9560439560439561,True,2019/2020,SLF_IMIS_DAILY_SNOW,Plang Bi,True,9.604385,46.733116,2495,SNOW_FLAT
ROT3,2020,181,0,149.24861878453038,187.0,239.0,181,175,158,181,886.8,181,1.0,1.0,0.9668508287292817,0.8729281767955801,True,2020/2021,SLF_IMIS_DAILY_SNOW,Plang Bi,True,9.604385,46.733116,2495,SNOW_FLAT
ROT3,2021,181,0,107.78453038674033,115.0,160.0,180,180,174,181,661.3,181,1.0,0.994475138121547,0.994475138121547,0.9613259668508287,True,2021/2022,SLF_IMIS_DAILY_SNOW,Plang Bi,True,9.604385,46.733116,2495,SNOW_FLAT
ROT3,2022,181,0,80.51933701657458,84.0,177.0,173,163,159,181,689.5999999999999,181,1.0,0.9558011049723757,0.9005524861878453,0.8784530386740331,True,2022/2023,SLF_IMIS_DAILY_SNOW,Plang Bi,True,9.604385,46.733116,2495,SNOW_FLAT
ROT3,2023,182,0,164.23626373626374,168.0,260.0,181,180,179,182,1087.5,182,1.0,0.9945054945054945,0.989010989010989,0.9835164835164835,True,2023/2024,SLF_IMIS_DAILY_SNOW,Plang Bi,True,9.604385,46.733116,2495,SNOW_FLAT
ROT3,2024,181,0,89.58563535911603,111.0,154.0,161,160,149,181,554.3000000000001,181,1.0,0.8895027624309392,0.8839779005524862,0.8232044198895028,True,2024/2025,SLF_IMIS_DAILY_SNOW,Plang Bi,True,9.604385,46.733116,2495,SNOW_FLAT
ROT3,2025,181,0,89.41436464088397,74.0,212.0,181,167,162,181,673.3000000000001,181,1.0,1.0,0.9226519337016574,0.8950276243093923,True,2025/2026,SLF_IMIS_DAILY_SNOW,Plang Bi,True,9.604385,46.733116,2495,SNOW_FLAT
SAA2,2013,181,0,57.850828729281766,59.0,124.0,174,157,136,181,617.2,181,1.0,0.9613259668508287,0.8674033149171271,0.7513812154696132,True,2013/2014,SLF_IMIS_DAILY_SNOW,Seetal,True,7.879353,46.171835,2480,SNOW_FLAT
SAA2,2014,181,0,59.972375690607734,61.0,92.0,176,176,176,181,443.0,181,1.0,0.9723756906077348,0.9723756906077348,0.9723756906077348,True,2014/2015,SLF_IMIS_DAILY_SNOW,Seetal,True,7.879353,46.171835,2480,SNOW_FLAT
SAA2,2015,182,0,48.3021978021978,54.5,101.0,161,146,118,182,447.9,182,1.0,0.8846153846153846,0.8021978021978022,0.6483516483516484,True,2015/2016,SLF_IMIS_DAILY_SNOW,Seetal,True,7.879353,46.171835,2480,SNOW_FLAT
SAA2,2016,151,0,37.04635761589404,36.0,80.0,151,130,90,151,340.80000000000007,181,0.8342541436464088,1.0,0.8609271523178808,0.5960264900662252,True,2016/2017,SLF_IMIS_DAILY_SNOW,Seetal,True,7.879353,46.171835,2480,SNOW_FLAT
SAA2,2017,168,0,119.82738095238095,164.0,212.0,157,140,135,181,718.9999999999999,181,0.9281767955801105,0.9345238095238095,0.8333333333333334,0.8035714285714286,True,2017/2018,SLF_IMIS_DAILY_SNOW,Seetal,True,7.879353,46.171835,2480,SNOW_FLAT
SAA2,2018,181,0,87.98342541436465,88.0,156.0,181,181,181,181,514.7,181,1.0,1.0,1.0,1.0,True,2018/2019,SLF_IMIS_DAILY_SNOW,Seetal,True,7.879353,46.171835,2480,SNOW_FLAT
SAA2,2019,182,0,69.68681318681318,63.5,128.0,174,170,166,182,485.90000000000003,182,1.0,0.9560439560439561,0.9340659340659341,0.9120879120879121,True,2019/2020,SLF_IMIS_DAILY_SNOW,Seetal,True,7.879353,46.171835,2480,SNOW_FLAT
SAA2,2020,181,0,35.988950276243095,36.0,73.0,146,144,129,181,301.3,181,1.0,0.8066298342541437,0.7955801104972375,0.712707182320442,True,2020/2021,SLF_IMIS_DAILY_SNOW,Seetal,True,7.879353,46.171835,2480,SNOW_FLAT
SAA2,2021,180,0,24.783333333333335,26.0,45.0,166,122,59,181,324.0,181,0.994475138121547,0.9222222222222223,0.6777777777777778,0.3277777777777778,True,2021/2022,SLF_IMIS_DAILY_SNOW,Seetal,True,7.879353,46.171835,2480,SNOW_FLAT
SAA2,2022,181,0,46.68508287292818,50.0,87.0,164,157,147,181,431.6,181,1.0,0.9060773480662984,0.8674033149171271,0.8121546961325967,True,2022/2023,SLF_IMIS_DAILY_SNOW,Seetal,True,7.879353,46.171835,2480,SNOW_FLAT
SAA2,2023,182,0,69.2032967032967,68.0,139.0,180,168,154,182,646.4,182,1.0,0.989010989010989,0.9230769230769231,0.8461538461538461,True,2023/2024,SLF_IMIS_DAILY_SNOW,Seetal,True,7.879353,46.171835,2480,SNOW_FLAT
SAA2,2024,181,0,43.31491712707182,49.0,145.0,161,160,126,181,569.4000000000001,181,1.0,0.8895027624309392,0.8839779005524862,0.6961325966850829,True,2024/2025,SLF_IMIS_DAILY_SNOW,Seetal,True,7.879353,46.171835,2480,SNOW_FLAT
SAA2,2025,181,0,37.18232044198895,34.0,102.0,154,137,103,181,347.4,181,1.0,0.850828729281768,0.7569060773480663,0.569060773480663,True,2025/2026,SLF_IMIS_DAILY_SNOW,Seetal,True,7.879353,46.171835,2480,SNOW_FLAT
SAA3,2013,181,0,23.91160220994475,18.0,126.0,109,87,66,0,NA,181,1.0,0.6022099447513812,0.48066298342541436,0.36464088397790057,True,2013/2014,SLF_IMIS_DAILY_SNOW,Schwarzmies,False,7.973755,46.123822,2804,SNOW_FLAT
SAA3,2014,181,0,32.35911602209945,31.0,85.0,167,133,96,0,NA,181,1.0,0.9226519337016574,0.7348066298342542,0.5303867403314917,True,2014/2015,SLF_IMIS_DAILY_SNOW,Schwarzmies,False,7.973755,46.123822,2804,SNOW_FLAT
SAA3,2015,182,0,16.714285714285715,13.0,96.0,145,42,21,0,NA,182,1.0,0.7967032967032966,0.23076923076923078,0.11538461538461539,True,2015/2016,SLF_IMIS_DAILY_SNOW,Schwarzmies,False,7.973755,46.123822,2804,SNOW_FLAT
SAA3,2016,181,0,16.977900552486187,14.0,68.0,131,58,22,0,NA,181,1.0,0.7237569060773481,0.32044198895027626,0.12154696132596685,True,2016/2017,SLF_IMIS_DAILY_SNOW,Schwarzmies,False,7.973755,46.123822,2804,SNOW_FLAT
SAA3,2017,17,0,10.764705882352942,7.0,32.0,7,4,1,0,NA,181,0.09392265193370165,0.4117647058823529,0.23529411764705882,0.058823529411764705,False,2017/2018,SLF_IMIS_DAILY_SNOW,Schwarzmies,False,7.973755,46.123822,2804,SNOW_FLAT
SAA3,2018,0,0,NA,NA,NA,0,0,0,0,NA,181,0.0,NA,NA,NA,False,2018/2019,SLF_IMIS_DAILY_SNOW,Schwarzmies,False,7.973755,46.123822,2804,SNOW_FLAT
SAA3,2019,0,0,NA,NA,NA,0,0,0,0,NA,182,0.0,NA,NA,NA,False,2019/2020,SLF_IMIS_DAILY_SNOW,Schwarzmies,False,7.973755,46.123822,2804,SNOW_FLAT
SAA3,2020,0,0,NA,NA,NA,0,0,0,0,NA,181,0.0,NA,NA,NA,False,2020/2021,SLF_IMIS_DAILY_SNOW,Schwarzmies,False,7.973755,46.123822,2804,SNOW_FLAT
SAA3,2021,0,0,NA,NA,NA,0,0,0,0,NA,181,0.0,NA,NA,NA,False,2021/2022,SLF_IMIS_DAILY_SNOW,Schwarzmies,False,7.973755,46.123822,2804,SNOW_FLAT
SAA3,2022,0,0,NA,NA,NA,0,0,0,0,NA,181,0.0,NA,NA,NA,False,2022/2023,SLF_IMIS_DAILY_SNOW,Schwarzmies,False,7.973755,46.123822,2804,SNOW_FLAT
SAA3,2023,0,0,NA,NA,NA,0,0,0,0,NA,182,0.0,NA,NA,NA,False,2023/2024,SLF_IMIS_DAILY_SNOW,Schwarzmies,False,7.973755,46.123822,2804,SNOW_FLAT
SAA3,2024,0,0,NA,NA,NA,0,0,0,0,NA,181,0.0,NA,NA,NA,False,2024/2025,SLF_IMIS_DAILY_SNOW,Schwarzmies,False,7.973755,46.123822,2804,SNOW_FLAT
SAA3,2025,0,0,NA,NA,NA,0,0,0,0,NA,181,0.0,NA,NA,NA,False,2025/2026,SLF_IMIS_DAILY_SNOW,Schwarzmies,False,7.973755,46.123822,2804,SNOW_FLAT
SAA4,2013,181,0,101.61325966850829,106.0,222.0,176,167,166,181,773.6,181,1.0,0.9723756906077348,0.9226519337016574,0.9171270718232044,True,2013/2014,SLF_IMIS_DAILY_SNOW,Gibidum,True,7.905531,46.124467,2680,SNOW_FLAT
SAA4,2014,181,0,98.13812154696133,94.0,150.0,177,176,176,181,562.8,181,1.0,0.9779005524861878,0.9723756906077348,0.9723756906077348,True,2014/2015,SLF_IMIS_DAILY_SNOW,Gibidum,True,7.905531,46.124467,2680,SNOW_FLAT
SAA4,2015,182,0,93.14285714285714,102.0,183.0,182,171,162,182,590.0,182,1.0,1.0,0.9395604395604396,0.8901098901098901,True,2015/2016,SLF_IMIS_DAILY_SNOW,Gibidum,True,7.905531,46.124467,2680,SNOW_FLAT
SAA4,2016,181,0,80.26519337016575,72.0,142.0,181,176,175,181,443.79999999999995,181,1.0,1.0,0.9723756906077348,0.9668508287292817,True,2016/2017,SLF_IMIS_DAILY_SNOW,Gibidum,True,7.905531,46.124467,2680,SNOW_FLAT
SAA4,2017,181,0,156.67955801104972,238.0,296.0,141,141,128,181,978.7,181,1.0,0.7790055248618785,0.7790055248618785,0.7071823204419889,True,2017/2018,SLF_IMIS_DAILY_SNOW,Gibidum,True,7.905531,46.124467,2680,SNOW_FLAT
SAA4,2018,181,0,139.07734806629836,142.0,226.0,181,181,181,181,604.3000000000001,181,1.0,1.0,1.0,1.0,True,2018/2019,SLF_IMIS_DAILY_SNOW,Gibidum,True,7.905531,46.124467,2680,SNOW_FLAT
SAA4,2019,182,0,150.66483516483515,129.0,256.0,178,174,174,182,715.2,182,1.0,0.978021978021978,0.9560439560439561,0.9560439560439561,True,2019/2020,SLF_IMIS_DAILY_SNOW,Gibidum,True,7.905531,46.124467,2680,SNOW_FLAT
SAA4,2020,181,0,83.30386740331491,103.0,145.0,181,178,148,181,468.29999999999995,181,1.0,1.0,0.9834254143646409,0.8176795580110497,True,2020/2021,SLF_IMIS_DAILY_SNOW,Gibidum,True,7.905531,46.124467,2680,SNOW_FLAT
SAA4,2021,181,0,50.27624309392265,54.0,108.0,180,166,150,181,421.5,181,1.0,0.994475138121547,0.9171270718232044,0.8287292817679558,True,2021/2022,SLF_IMIS_DAILY_SNOW,Gibidum,True,7.905531,46.124467,2680,SNOW_FLAT
SAA4,2022,181,0,76.07182320441989,72.0,160.0,163,149,147,181,604.4,181,1.0,0.9005524861878453,0.8232044198895028,0.8121546961325967,True,2022/2023,SLF_IMIS_DAILY_SNOW,Gibidum,True,7.905531,46.124467,2680,SNOW_FLAT
SAA4,2023,182,0,110.43406593406593,104.0,208.0,178,177,173,182,777.4000000000001,182,1.0,0.978021978021978,0.9725274725274725,0.9505494505494505,True,2023/2024,SLF_IMIS_DAILY_SNOW,Gibidum,True,7.905531,46.124467,2680,SNOW_FLAT
SAA4,2024,181,0,67.2486187845304,80.0,191.0,160,150,142,181,606.7,181,1.0,0.8839779005524862,0.8287292817679558,0.7845303867403315,True,2024/2025,SLF_IMIS_DAILY_SNOW,Gibidum,True,7.905531,46.124467,2680,SNOW_FLAT
SAA4,2025,181,0,67.93922651933701,65.0,162.0,181,161,145,181,450.9,181,1.0,1.0,0.8895027624309392,0.8011049723756906,True,2025/2026,SLF_IMIS_DAILY_SNOW,Gibidum,True,7.905531,46.124467,2680,SNOW_FLAT
SAA5,2013,0,0,NA,NA,NA,0,0,0,0,NA,181,0.0,NA,NA,NA,False,2013/2014,SLF_IMIS_DAILY_SNOW,Mälliga,True,7.981385,46.127483,2952,SNOW_FLAT
SAA5,2014,0,0,NA,NA,NA,0,0,0,0,NA,181,0.0,NA,NA,NA,False,2014/2015,SLF_IMIS_DAILY_SNOW,Mälliga,True,7.981385,46.127483,2952,SNOW_FLAT
SAA5,2015,0,0,NA,NA,NA,0,0,0,0,NA,182,0.0,NA,NA,NA,False,2015/2016,SLF_IMIS_DAILY_SNOW,Mälliga,True,7.981385,46.127483,2952,SNOW_FLAT
SAA5,2016,0,0,NA,NA,NA,0,0,0,0,NA,181,0.0,NA,NA,NA,False,2016/2017,SLF_IMIS_DAILY_SNOW,Mälliga,True,7.981385,46.127483,2952,SNOW_FLAT
SAA5,2017,165,0,180.5878787878788,234.0,293.0,165,165,165,165,946.3,181,0.9116022099447514,1.0,1.0,1.0,True,2017/2018,SLF_IMIS_DAILY_SNOW,Mälliga,True,7.981385,46.127483,2952,SNOW_FLAT
SAA5,2018,181,0,206.32596685082873,219.0,299.0,181,181,181,181,854.4000000000001,181,1.0,1.0,1.0,1.0,True,2018/2019,SLF_IMIS_DAILY_SNOW,Mälliga,True,7.981385,46.127483,2952,SNOW_FLAT
SAA5,2019,182,0,151.53846153846155,160.5,202.0,182,182,179,182,699.3,182,1.0,1.0,1.0,0.9835164835164835,True,2019/2020,SLF_IMIS_DAILY_SNOW,Mälliga,True,7.981385,46.127483,2952,SNOW_FLAT
SAA5,2020,181,0,137.6022099447514,167.0,219.0,181,181,181,181,519.2,181,1.0,1.0,1.0,1.0,True,2020/2021,SLF_IMIS_DAILY_SNOW,Mälliga,True,7.981385,46.127483,2952,SNOW_FLAT
SAA5,2021,181,0,82.07182320441989,87.0,136.0,180,178,171,181,466.5,181,1.0,0.994475138121547,0.9834254143646409,0.9447513812154696,True,2021/2022,SLF_IMIS_DAILY_SNOW,Mälliga,True,7.981385,46.127483,2952,SNOW_FLAT
SAA5,2022,181,0,76.61325966850829,66.0,155.0,167,163,159,181,533.3,181,1.0,0.9226519337016574,0.9005524861878453,0.8784530386740331,True,2022/2023,SLF_IMIS_DAILY_SNOW,Mälliga,True,7.981385,46.127483,2952,SNOW_FLAT
SAA5,2023,182,0,123.6978021978022,107.0,226.0,182,182,179,182,832.4,182,1.0,1.0,1.0,0.9835164835164835,True,2023/2024,SLF_IMIS_DAILY_SNOW,Mälliga,True,7.981385,46.127483,2952,SNOW_FLAT
SAA5,2024,181,0,98.1767955801105,104.0,264.0,181,167,161,181,743.5,181,1.0,1.0,0.9226519337016574,0.8895027624309392,True,2024/2025,SLF_IMIS_DAILY_SNOW,Mälliga,True,7.981385,46.127483,2952,SNOW_FLAT
SAA5,2025,181,0,93.04419889502762,82.0,204.0,181,178,156,181,604.3999999999999,181,1.0,1.0,0.9834254143646409,0.861878453038674,True,2025/2026,SLF_IMIS_DAILY_SNOW,Mälliga,True,7.981385,46.127483,2952,SNOW_FLAT
SCA2,2013,179,0,59.97206703910614,63.0,133.0,169,169,167,181,654.0,181,0.988950276243094,0.9441340782122905,0.9441340782122905,0.9329608938547486,True,2013/2014,SLF_IMIS_DAILY_SNOW,Seewli,True,8.717343,46.812955,2032,SNOW_FLAT
SCA2,2014,181,0,110.4696132596685,126.0,235.0,181,180,168,181,885.2,181,1.0,1.0,0.994475138121547,0.9281767955801105,True,2014/2015,SLF_IMIS_DAILY_SNOW,Seewli,True,8.717343,46.812955,2032,SNOW_FLAT
SCA2,2015,182,0,82.5934065934066,97.5,181.0,161,161,145,182,723.4,182,1.0,0.8846153846153846,0.8846153846153846,0.7967032967032966,True,2015/2016,SLF_IMIS_DAILY_SNOW,Seewli,True,8.717343,46.812955,2032,SNOW_FLAT
SCA2,2016,180,0,57.18888888888889,65.0,166.0,131,126,115,181,789.5,181,0.994475138121547,0.7277777777777777,0.7,0.6388888888888888,True,2016/2017,SLF_IMIS_DAILY_SNOW,Seewli,True,8.717343,46.812955,2032,SNOW_FLAT
SCA2,2017,181,0,160.8011049723757,192.0,291.0,181,176,176,181,951.0,181,1.0,1.0,0.9723756906077348,0.9723756906077348,True,2017/2018,SLF_IMIS_DAILY_SNOW,Seewli,True,8.717343,46.812955,2032,SNOW_FLAT
SCA2,2018,181,0,123.32044198895028,163.0,274.0,147,145,141,181,898.5,181,1.0,0.8121546961325967,0.8011049723756906,0.7790055248618785,True,2018/2019,SLF_IMIS_DAILY_SNOW,Seewli,True,8.717343,46.812955,2032,SNOW_FLAT
SCA2,2019,182,0,80.68131868131869,74.0,167.0,170,157,146,182,620.5,182,1.0,0.9340659340659341,0.8626373626373627,0.8021978021978022,True,2019/2020,SLF_IMIS_DAILY_SNOW,Seewli,True,8.717343,46.812955,2032,SNOW_FLAT
SCA2,2020,181,0,109.41988950276243,138.0,257.0,149,146,145,181,925.5999999999999,181,1.0,0.8232044198895028,0.8066298342541437,0.8011049723756906,True,2020/2021,SLF_IMIS_DAILY_SNOW,Seewli,True,8.717343,46.812955,2032,SNOW_FLAT
SCA2,2021,181,0,100.99447513812154,107.0,180.0,160,153,152,181,722.5,181,1.0,0.8839779005524862,0.8453038674033149,0.8397790055248618,True,2021/2022,SLF_IMIS_DAILY_SNOW,Seewli,True,8.717343,46.812955,2032,SNOW_FLAT
SCA2,2022,181,0,66.78453038674033,59.0,185.0,163,155,136,181,660.1,181,1.0,0.9005524861878453,0.856353591160221,0.7513812154696132,True,2022/2023,SLF_IMIS_DAILY_SNOW,Seewli,True,8.717343,46.812955,2032,SNOW_FLAT
SCA2,2023,182,0,117.46703296703296,120.0,226.0,178,164,158,182,983.5,182,1.0,0.978021978021978,0.9010989010989011,0.8681318681318682,True,2023/2024,SLF_IMIS_DAILY_SNOW,Seewli,True,8.717343,46.812955,2032,SNOW_FLAT
SCA2,2024,181,0,87.06629834254143,108.0,146.0,161,161,160,181,540.9000000000001,181,1.0,0.8895027624309392,0.8895027624309392,0.8839779005524862,True,2024/2025,SLF_IMIS_DAILY_SNOW,Seewli,True,8.717343,46.812955,2032,SNOW_FLAT
SCA2,2025,181,0,58.75690607734806,35.0,193.0,161,160,103,181,592.9000000000001,181,1.0,0.8895027624309392,0.8839779005524862,0.569060773480663,True,2025/2026,SLF_IMIS_DAILY_SNOW,Seewli,True,8.717343,46.812955,2032,SNOW_FLAT
SCA3,2013,181,0,132.060773480663,146.0,253.0,176,172,170,181,996.9000000000001,181,1.0,0.9723756906077348,0.9502762430939227,0.9392265193370166,True,2013/2014,SLF_IMIS_DAILY_SNOW,Alpler Tor,True,8.779539,46.891538,2338,SNOW_FLAT
SCA3,2014,180,0,214.56666666666666,238.5,392.0,180,180,180,181,1193.6999999999998,181,0.994475138121547,1.0,1.0,1.0,True,2014/2015,SLF_IMIS_DAILY_SNOW,Alpler Tor,True,8.779539,46.891538,2338,SNOW_FLAT
SCA3,2015,182,0,149.6868131868132,184.5,270.0,161,161,161,182,1143.3000000000002,182,1.0,0.8846153846153846,0.8846153846153846,0.8846153846153846,True,2015/2016,SLF_IMIS_DAILY_SNOW,Alpler Tor,True,8.779539,46.891538,2338,SNOW_FLAT
SCA3,2016,181,0,124.39226519337016,148.0,303.0,175,174,165,181,1183.6,181,1.0,0.9668508287292817,0.9613259668508287,0.9116022099447514,True,2016/2017,SLF_IMIS_DAILY_SNOW,Alpler Tor,True,8.779539,46.891538,2338,SNOW_FLAT
SCA3,2017,181,0,286.5303867403315,347.0,481.0,181,181,176,181,1487.3999999999999,181,1.0,1.0,1.0,0.9723756906077348,True,2017/2018,SLF_IMIS_DAILY_SNOW,Alpler Tor,True,8.779539,46.891538,2338,SNOW_FLAT
SCA3,2018,181,0,242.24861878453038,316.0,416.0,159,153,148,181,1461.1,181,1.0,0.8784530386740331,0.8453038674033149,0.8176795580110497,True,2018/2019,SLF_IMIS_DAILY_SNOW,Alpler Tor,True,8.779539,46.891538,2338,SNOW_FLAT
SCA3,2019,182,0,152.3956043956044,162.5,283.0,172,166,160,182,904.8,182,1.0,0.945054945054945,0.9120879120879121,0.8791208791208791,True,2019/2020,SLF_IMIS_DAILY_SNOW,Alpler Tor,True,8.779539,46.891538,2338,SNOW_FLAT
SCA3,2020,181,0,184.28729281767957,233.0,386.0,174,163,149,181,1274.3,181,1.0,0.9613259668508287,0.9005524861878453,0.8232044198895028,True,2020/2021,SLF_IMIS_DAILY_SNOW,Alpler Tor,True,8.779539,46.891538,2338,SNOW_FLAT
SCA3,2021,181,0,190.77348066298342,181.0,330.0,180,175,155,181,1211.9,181,1.0,0.994475138121547,0.9668508287292817,0.856353591160221,True,2021/2022,SLF_IMIS_DAILY_SNOW,Alpler Tor,True,8.779539,46.891538,2338,SNOW_FLAT
SCA3,2022,181,0,116.92817679558011,109.0,306.0,166,161,153,181,1012.9000000000001,181,1.0,0.9171270718232044,0.8895027624309392,0.8453038674033149,True,2022/2023,SLF_IMIS_DAILY_SNOW,Alpler Tor,True,8.779539,46.891538,2338,SNOW_FLAT
SCA3,2023,182,0,247.67582417582418,270.0,391.0,181,179,172,182,1442.5,182,1.0,0.9945054945054945,0.9835164835164835,0.945054945054945,True,2023/2024,SLF_IMIS_DAILY_SNOW,Alpler Tor,True,8.779539,46.891538,2338,SNOW_FLAT
SCA3,2024,181,0,132.8232044198895,163.0,232.0,162,161,161,181,764.5,181,1.0,0.8950276243093923,0.8895027624309392,0.8895027624309392,True,2024/2025,SLF_IMIS_DAILY_SNOW,Alpler Tor,True,8.779539,46.891538,2338,SNOW_FLAT
SCA3,2025,181,0,143.86740331491714,110.0,334.0,181,181,179,181,891.7,181,1.0,1.0,1.0,0.988950276243094,True,2025/2026,SLF_IMIS_DAILY_SNOW,Alpler Tor,True,8.779539,46.891538,2338,SNOW_FLAT
SCB2,2013,181,0,98.1657458563536,93.0,174.0,173,171,171,181,690.3,181,1.0,0.9558011049723757,0.9447513812154696,0.9447513812154696,True,2013/2014,SLF_IMIS_DAILY_SNOW,Schönbüel,True,8.103438,46.779375,1777,SNOW_FLAT
SCB2,2014,181,0,112.7513812154696,141.0,246.0,158,145,129,181,1012.3,181,1.0,0.8729281767955801,0.8011049723756906,0.712707182320442,True,2014/2015,SLF_IMIS_DAILY_SNOW,Schönbüel,True,8.103438,46.779375,1777,SNOW_FLAT
SCB2,2015,182,0,136.8901098901099,158.5,283.0,161,161,161,182,1055.1,182,1.0,0.8846153846153846,0.8846153846153846,0.8846153846153846,True,2015/2016,SLF_IMIS_DAILY_SNOW,Schönbüel,True,8.103438,46.779375,1777,SNOW_FLAT
SCB2,2016,181,0,86.83977900552486,98.0,211.0,175,174,130,181,883.4000000000001,181,1.0,0.9668508287292817,0.9613259668508287,0.7182320441988951,True,2016/2017,SLF_IMIS_DAILY_SNOW,Schönbüel,True,8.103438,46.779375,1777,SNOW_FLAT
SCB2,2017,181,0,230.44198895027625,281.0,388.0,176,176,175,181,1305.8000000000002,181,1.0,0.9723756906077348,0.9723756906077348,0.9668508287292817,True,2017/2018,SLF_IMIS_DAILY_SNOW,Schönbüel,True,8.103438,46.779375,1777,SNOW_FLAT
SCB2,2018,181,0,162.95027624309392,217.0,298.0,152,143,142,181,1080.8,181,1.0,0.8397790055248618,0.7900552486187845,0.7845303867403315,True,2018/2019,SLF_IMIS_DAILY_SNOW,Schönbüel,True,8.103438,46.779375,1777,SNOW_FLAT
SCB2,2019,182,0,150.5879120879121,157.0,288.0,176,174,167,182,914.8,182,1.0,0.967032967032967,0.9560439560439561,0.9175824175824175,True,2019/2020,SLF_IMIS_DAILY_SNOW,Schönbüel,True,8.103438,46.779375,1777,SNOW_FLAT
SCB2,2020,181,0,158.0,217.0,342.0,150,149,145,181,1098.2,181,1.0,0.8287292817679558,0.8232044198895028,0.8011049723756906,True,2020/2021,SLF_IMIS_DAILY_SNOW,Schönbüel,True,8.103438,46.779375,1777,SNOW_FLAT
SCB2,2021,181,0,152.48618784530387,156.0,267.0,163,153,153,181,958.0999999999999,181,1.0,0.9005524861878453,0.8453038674033149,0.8453038674033149,True,2021/2022,SLF_IMIS_DAILY_SNOW,Schönbüel,True,8.103438,46.779375,1777,SNOW_FLAT
SCB2,2022,181,0,75.11049723756906,76.0,168.0,168,161,156,181,708.5,181,1.0,0.9281767955801105,0.8895027624309392,0.861878453038674,True,2022/2023,SLF_IMIS_DAILY_SNOW,Schönbüel,True,8.103438,46.779375,1777,SNOW_FLAT
SCB2,2023,182,0,163.45054945054946,175.0,290.0,179,177,167,182,1163.2,182,1.0,0.9835164835164835,0.9725274725274725,0.9175824175824175,True,2023/2024,SLF_IMIS_DAILY_SNOW,Schönbüel,True,8.103438,46.779375,1777,SNOW_FLAT
SCB2,2024,181,0,112.20441988950276,134.0,195.0,163,161,160,181,596.6,181,1.0,0.9005524861878453,0.8895027624309392,0.8839779005524862,True,2024/2025,SLF_IMIS_DAILY_SNOW,Schönbüel,True,8.103438,46.779375,1777,SNOW_FLAT
SCB2,2025,181,0,134.69060773480663,126.0,303.0,181,172,162,181,979.5,181,1.0,1.0,0.9502762430939227,0.8950276243093923,True,2025/2026,SLF_IMIS_DAILY_SNOW,Schönbüel,True,8.103438,46.779375,1777,SNOW_FLAT
SCH2,2013,181,0,119.13812154696133,134.0,225.0,176,171,171,181,870.0,181,1.0,0.9723756906077348,0.9447513812154696,0.9447513812154696,True,2013/2014,SLF_IMIS_DAILY_SNOW,Türliboden,True,7.834732,46.576916,2332,SNOW_FLAT
SCH2,2014,181,0,128.86740331491714,151.0,297.0,176,175,152,181,957.7,181,1.0,0.9723756906077348,0.9668508287292817,0.8397790055248618,True,2014/2015,SLF_IMIS_DAILY_SNOW,Türliboden,True,7.834732,46.576916,2332,SNOW_FLAT
SCH2,2015,182,0,171.66483516483515,169.0,342.0,161,161,161,182,1159.8,182,1.0,0.8846153846153846,0.8846153846153846,0.8846153846153846,True,2015/2016,SLF_IMIS_DAILY_SNOW,Türliboden,True,7.834732,46.576916,2332,SNOW_FLAT
SCH2,2016,181,0,118.5524861878453,114.0,278.0,175,132,125,181,997.7999999999998,181,1.0,0.9668508287292817,0.7292817679558011,0.6906077348066298,True,2016/2017,SLF_IMIS_DAILY_SNOW,Türliboden,True,7.834732,46.576916,2332,SNOW_FLAT
SCH2,2017,181,0,298.7348066298343,382.0,479.0,181,176,176,181,1485.1999999999998,181,1.0,1.0,0.9723756906077348,0.9723756906077348,True,2017/2018,SLF_IMIS_DAILY_SNOW,Türliboden,True,7.834732,46.576916,2332,SNOW_FLAT
SCH2,2018,181,0,203.71823204419888,250.0,374.0,151,148,147,181,1236.8,181,1.0,0.8342541436464088,0.8176795580110497,0.8121546961325967,True,2018/2019,SLF_IMIS_DAILY_SNOW,Türliboden,True,7.834732,46.576916,2332,SNOW_FLAT
SCH2,2019,178,0,170.73595505617976,185.5,340.0,167,158,149,182,981.3,182,0.978021978021978,0.9382022471910112,0.8876404494382022,0.8370786516853933,True,2019/2020,SLF_IMIS_DAILY_SNOW,Türliboden,True,7.834732,46.576916,2332,SNOW_FLAT
SCH2,2020,181,0,168.71823204419888,240.0,372.0,152,149,145,181,1140.4,181,1.0,0.8397790055248618,0.8232044198895028,0.8011049723756906,True,2020/2021,SLF_IMIS_DAILY_SNOW,Türliboden,True,7.834732,46.576916,2332,SNOW_FLAT
SCH2,2021,181,0,150.15469613259668,155.0,273.0,180,161,154,181,1012.1,181,1.0,0.994475138121547,0.8895027624309392,0.850828729281768,True,2021/2022,SLF_IMIS_DAILY_SNOW,Türliboden,True,7.834732,46.576916,2332,SNOW_FLAT
SCH2,2022,181,0,129.44751381215468,138.0,300.0,172,160,159,181,975.0,181,1.0,0.9502762430939227,0.8839779005524862,0.8784530386740331,True,2022/2023,SLF_IMIS_DAILY_SNOW,Türliboden,True,7.834732,46.576916,2332,SNOW_FLAT
SCH2,2023,182,0,224.57692307692307,246.0,388.0,180,177,176,182,1343.6999999999998,182,1.0,0.989010989010989,0.9725274725274725,0.967032967032967,True,2023/2024,SLF_IMIS_DAILY_SNOW,Türliboden,True,7.834732,46.576916,2332,SNOW_FLAT
SCH2,2024,181,0,153.51933701657458,187.0,246.0,161,159,159,181,821.5,181,1.0,0.8895027624309392,0.8784530386740331,0.8784530386740331,True,2024/2025,SLF_IMIS_DAILY_SNOW,Türliboden,True,7.834732,46.576916,2332,SNOW_FLAT
SCH2,2025,181,0,158.46408839779005,150.0,342.0,181,179,164,181,949.9,181,1.0,1.0,0.988950276243094,0.9060773480662984,True,2025/2026,SLF_IMIS_DAILY_SNOW,Türliboden,True,7.834732,46.576916,2332,SNOW_FLAT
SHE2,2013,181,0,72.83977900552486,68.0,162.0,160,128,125,181,679.8999999999999,181,1.0,0.8839779005524862,0.7071823204419889,0.6906077348066298,True,2013/2014,SLF_IMIS_DAILY_SNOW,Schibe,True,7.812449,46.748825,1852,SNOW_FLAT
SHE2,2014,156,0,91.83974358974359,120.5,172.0,144,134,120,154,755.6,181,0.861878453038674,0.9230769230769231,0.8589743589743589,0.7692307692307693,True,2014/2015,SLF_IMIS_DAILY_SNOW,Schibe,True,7.812449,46.748825,1852,SNOW_FLAT
SHE2,2015,182,0,96.70879120879121,105.5,208.0,161,161,157,182,744.0,182,1.0,0.8846153846153846,0.8846153846153846,0.8626373626373627,True,2015/2016,SLF_IMIS_DAILY_SNOW,Schibe,True,7.812449,46.748825,1852,SNOW_FLAT
SHE2,2016,181,0,47.59668508287293,45.0,150.0,129,119,113,181,628.3000000000001,181,1.0,0.712707182320442,0.6574585635359116,0.6243093922651933,True,2016/2017,SLF_IMIS_DAILY_SNOW,Schibe,True,7.812449,46.748825,1852,SNOW_FLAT
SHE2,2017,181,0,150.71823204419888,170.0,274.0,171,169,159,181,963.5,181,1.0,0.9447513812154696,0.9337016574585635,0.8784530386740331,True,2017/2018,SLF_IMIS_DAILY_SNOW,Schibe,True,7.812449,46.748825,1852,SNOW_FLAT
SHE2,2018,181,0,92.69613259668509,125.0,178.0,142,140,126,181,644.9999999999999,181,1.0,0.7845303867403315,0.7734806629834254,0.6961325966850829,True,2018/2019,SLF_IMIS_DAILY_SNOW,Schibe,True,7.812449,46.748825,1852,SNOW_FLAT
SHE2,2019,182,0,56.7967032967033,62.0,143.0,161,141,128,182,560.5,182,1.0,0.8846153846153846,0.7747252747252747,0.7032967032967034,True,2019/2020,SLF_IMIS_DAILY_SNOW,Schibe,True,7.812449,46.748825,1852,SNOW_FLAT
SHE2,2020,181,0,121.80662983425414,173.0,257.0,149,146,142,181,894.4,181,1.0,0.8232044198895028,0.8066298342541437,0.7845303867403315,True,2020/2021,SLF_IMIS_DAILY_SNOW,Schibe,True,7.812449,46.748825,1852,SNOW_FLAT
SHE2,2021,181,0,104.56906077348066,114.0,171.0,158,153,151,181,707.0,181,1.0,0.8729281767955801,0.8453038674033149,0.8342541436464088,True,2021/2022,SLF_IMIS_DAILY_SNOW,Schibe,True,7.812449,46.748825,1852,SNOW_FLAT
SHE2,2022,181,0,41.21546961325967,35.0,131.0,140,125,110,181,595.2,181,1.0,0.7734806629834254,0.6906077348066298,0.6077348066298343,True,2022/2023,SLF_IMIS_DAILY_SNOW,Schibe,True,7.812449,46.748825,1852,SNOW_FLAT
SHE2,2023,182,0,101.2032967032967,108.5,203.0,168,154,154,182,924.7,182,1.0,0.9230769230769231,0.8461538461538461,0.8461538461538461,True,2023/2024,SLF_IMIS_DAILY_SNOW,Schibe,True,7.812449,46.748825,1852,SNOW_FLAT
SHE2,2024,181,0,72.08839779005525,82.0,135.0,154,146,136,181,524.0,181,1.0,0.850828729281768,0.8066298342541437,0.7513812154696132,True,2024/2025,SLF_IMIS_DAILY_SNOW,Schibe,True,7.812449,46.748825,1852,SNOW_FLAT
SHE2,2025,175,0,85.14857142857143,82.0,180.0,173,155,152,181,598.0999999999999,181,0.9668508287292817,0.9885714285714285,0.8857142857142857,0.8685714285714285,True,2025/2026,SLF_IMIS_DAILY_SNOW,Schibe,True,7.812449,46.748825,1852,SNOW_FLAT
SIM2,2013,181,0,174.5745856353591,219.0,307.0,178,173,166,181,1217.3000000000002,181,1.0,0.9834254143646409,0.9558011049723757,0.9171270718232044,True,2013/2014,SLF_IMIS_DAILY_SNOW,Piano del Simano,True,8.980823,46.467455,2450,SNOW_FLAT
SIM2,2014,181,0,168.84530386740332,170.0,236.0,177,176,176,181,896.0999999999999,181,1.0,0.9779005524861878,0.9723756906077348,0.9723756906077348,True,2014/2015,SLF_IMIS_DAILY_SNOW,Piano del Simano,True,8.980823,46.467455,2450,SNOW_FLAT
SIM2,2015,182,0,43.11538461538461,19.0,141.0,114,91,83,182,467.2,182,1.0,0.6263736263736264,0.5,0.45604395604395603,True,2015/2016,SLF_IMIS_DAILY_SNOW,Piano del Simano,True,8.980823,46.467455,2450,SNOW_FLAT
SIM2,2016,179,0,71.84357541899442,61.0,157.0,173,164,158,181,623.0999999999999,181,0.988950276243094,0.9664804469273743,0.9162011173184358,0.88268156424581,True,2016/2017,SLF_IMIS_DAILY_SNOW,Piano del Simano,True,8.980823,46.467455,2450,SNOW_FLAT
SIM2,2017,181,0,136.08839779005524,164.0,259.0,176,176,170,181,888.4,181,1.0,0.9723756906077348,0.9723756906077348,0.9392265193370166,True,2017/2018,SLF_IMIS_DAILY_SNOW,Piano del Simano,True,8.980823,46.467455,2450,SNOW_FLAT
SIM2,2018,176,0,131.48863636363637,119.5,233.0,176,176,176,172,822.7,181,0.9723756906077348,1.0,1.0,1.0,True,2018/2019,SLF_IMIS_DAILY_SNOW,Piano del Simano,True,8.980823,46.467455,2450,SNOW_FLAT
SIM2,2019,179,0,127.56424581005587,141.0,174.0,176,174,171,182,662.5,182,0.9835164835164835,0.9832402234636871,0.9720670391061452,0.9553072625698324,True,2019/2020,SLF_IMIS_DAILY_SNOW,Piano del Simano,True,8.980823,46.467455,2450,SNOW_FLAT
SIM2,2020,181,0,122.81767955801105,140.0,199.0,181,180,147,181,608.9000000000001,181,1.0,1.0,0.994475138121547,0.8121546961325967,True,2020/2021,SLF_IMIS_DAILY_SNOW,Piano del Simano,True,8.980823,46.467455,2450,SNOW_FLAT
SIM2,2021,181,0,45.1767955801105,47.0,84.0,179,173,167,181,345.70000000000005,181,1.0,0.988950276243094,0.9558011049723757,0.9226519337016574,True,2021/2022,SLF_IMIS_DAILY_SNOW,Piano del Simano,True,8.980823,46.467455,2450,SNOW_FLAT
SIM2,2022,181,0,54.651933701657455,57.0,128.0,173,148,147,181,416.0,181,1.0,0.9558011049723757,0.8176795580110497,0.8121546961325967,True,2022/2023,SLF_IMIS_DAILY_SNOW,Piano del Simano,True,8.980823,46.467455,2450,SNOW_FLAT
SIM2,2023,176,0,117.70454545454545,86.5,286.0,176,176,155,179,919.5,182,0.967032967032967,1.0,1.0,0.8806818181818182,True,2023/2024,SLF_IMIS_DAILY_SNOW,Piano del Simano,True,8.980823,46.467455,2450,SNOW_FLAT
SIM2,2024,181,0,69.1767955801105,87.0,159.0,160,119,111,181,643.7,181,1.0,0.8839779005524862,0.6574585635359116,0.6132596685082873,True,2024/2025,SLF_IMIS_DAILY_SNOW,Piano del Simano,True,8.980823,46.467455,2450,SNOW_FLAT
SIM2,2025,181,0,67.40883977900552,64.0,147.0,165,165,148,181,433.79999999999995,181,1.0,0.9116022099447514,0.9116022099447514,0.8176795580110497,True,2025/2026,SLF_IMIS_DAILY_SNOW,Piano del Simano,True,8.980823,46.467455,2450,SNOW_FLAT
SLF2,2013,181,0,32.392265193370164,27.0,77.0,140,118,79,181,268.2,181,1.0,0.7734806629834254,0.6519337016574586,0.43646408839779005,True,2013/2014,SLF_IMIS_DAILY_SNOW,Davos Stilli (SLF),True,9.848265,46.812767,1563,SNOW_FLAT
SLF2,2014,181,0,22.994475138121548,18.0,68.0,112,88,73,181,273.0,181,1.0,0.6187845303867403,0.4861878453038674,0.40331491712707185,True,2014/2015,SLF_IMIS_DAILY_SNOW,Davos Stilli (SLF),True,9.848265,46.812767,1563,SNOW_FLAT
SLF2,2015,182,0,25.516483516483518,8.5,81.0,90,83,81,182,314.90000000000003,182,1.0,0.4945054945054945,0.45604395604395603,0.44505494505494503,True,2015/2016,SLF_IMIS_DAILY_SNOW,Davos Stilli (SLF),True,9.848265,46.812767,1563,SNOW_FLAT
SLF2,2016,181,0,21.29281767955801,11.0,79.0,96,78,65,181,272.5,181,1.0,0.5303867403314917,0.430939226519337,0.35911602209944754,True,2016/2017,SLF_IMIS_DAILY_SNOW,Davos Stilli (SLF),True,9.848265,46.812767,1563,SNOW_FLAT
SLF2,2017,179,0,74.03351955307262,77.0,173.0,153,143,130,143,526.9,181,0.988950276243094,0.8547486033519553,0.7988826815642458,0.7262569832402235,True,2017/2018,SLF_IMIS_DAILY_SNOW,Davos Stilli (SLF),True,9.848265,46.812767,1563,SNOW_FLAT
SLF2,2018,180,0,68.31111111111112,86.0,158.0,142,142,125,181,494.0,181,0.994475138121547,0.7888888888888889,0.7888888888888889,0.6944444444444444,True,2018/2019,SLF_IMIS_DAILY_SNOW,Davos Stilli (SLF),True,9.848265,46.812767,1563,SNOW_FLAT
SLF2,2019,182,0,46.18131868131868,50.0,112.0,151,140,122,182,367.8,182,1.0,0.8296703296703297,0.7692307692307693,0.6703296703296703,True,2019/2020,SLF_IMIS_DAILY_SNOW,Davos Stilli (SLF),True,9.848265,46.812767,1563,SNOW_FLAT
SLF2,2020,181,0,62.331491712707184,77.0,128.0,146,146,143,181,438.2,181,1.0,0.8066298342541437,0.8066298342541437,0.7900552486187845,True,2020/2021,SLF_IMIS_DAILY_SNOW,Davos Stilli (SLF),True,9.848265,46.812767,1563,SNOW_FLAT
SLF2,2021,181,0,52.32596685082873,49.0,120.0,164,140,134,181,327.0,181,1.0,0.9060773480662984,0.7734806629834254,0.7403314917127072,True,2021/2022,SLF_IMIS_DAILY_SNOW,Davos Stilli (SLF),True,9.848265,46.812767,1563,SNOW_FLAT
SLF2,2022,181,0,15.193370165745856,13.0,43.0,110,69,25,181,167.8,181,1.0,0.6077348066298343,0.3812154696132597,0.13812154696132597,True,2022/2023,SLF_IMIS_DAILY_SNOW,Davos Stilli (SLF),True,9.848265,46.812767,1563,SNOW_FLAT
SLF2,2023,182,0,50.93956043956044,66.0,97.0,137,133,129,182,377.40000000000003,182,1.0,0.7527472527472527,0.7307692307692307,0.7087912087912088,True,2023/2024,SLF_IMIS_DAILY_SNOW,Davos Stilli (SLF),True,9.848265,46.812767,1563,SNOW_FLAT
SLF2,2024,181,0,25.1878453038674,26.0,61.0,126,103,89,181,156.3,181,1.0,0.6961325966850829,0.569060773480663,0.49171270718232046,True,2024/2025,SLF_IMIS_DAILY_SNOW,Davos Stilli (SLF),True,9.848265,46.812767,1563,SNOW_FLAT
SLF2,2025,181,0,28.679558011049725,29.0,101.0,140,96,88,181,243.6,181,1.0,0.7734806629834254,0.5303867403314917,0.4861878453038674,True,2025/2026,SLF_IMIS_DAILY_SNOW,Davos Stilli (SLF),True,9.848265,46.812767,1563,SNOW_FLAT
SMN2,2013,181,0,73.98895027624309,84.0,136.0,174,170,161,181,511.6,181,1.0,0.9613259668508287,0.9392265193370166,0.8895027624309392,True,2013/2014,SLF_IMIS_DAILY_SNOW,Ravaischer Salaas,True,10.33834,46.95638,2512,SNOW_FLAT
SMN2,2014,181,0,101.68508287292818,118.0,210.0,176,176,166,181,683.6,181,1.0,0.9723756906077348,0.9723756906077348,0.9171270718232044,True,2014/2015,SLF_IMIS_DAILY_SNOW,Ravaischer Salaas,True,10.33834,46.95638,2512,SNOW_FLAT
SMN2,2015,182,0,74.68681318681318,72.0,145.0,162,145,121,182,648.9000000000001,182,1.0,0.8901098901098901,0.7967032967032966,0.6648351648351648,True,2015/2016,SLF_IMIS_DAILY_SNOW,Ravaischer Salaas,True,10.33834,46.95638,2512,SNOW_FLAT
SMN2,2016,181,0,69.37569060773481,61.0,151.0,175,175,120,181,610.2,181,1.0,0.9668508287292817,0.9668508287292817,0.6629834254143646,True,2016/2017,SLF_IMIS_DAILY_SNOW,Ravaischer Salaas,True,10.33834,46.95638,2512,SNOW_FLAT
SMN2,2017,181,0,146.73480662983425,183.0,242.0,181,176,176,181,873.8000000000001,181,1.0,1.0,0.9723756906077348,0.9723756906077348,True,2017/2018,SLF_IMIS_DAILY_SNOW,Ravaischer Salaas,True,10.33834,46.95638,2512,SNOW_FLAT
SMN2,2018,181,0,161.24309392265192,193.0,274.0,181,181,161,181,949.8,181,1.0,1.0,1.0,0.8895027624309392,True,2018/2019,SLF_IMIS_DAILY_SNOW,Ravaischer Salaas,True,10.33834,46.95638,2512,SNOW_FLAT
SMN2,2019,182,0,104.9010989010989,114.5,188.0,177,172,168,182,695.0,182,1.0,0.9725274725274725,0.945054945054945,0.9230769230769231,True,2019/2020,SLF_IMIS_DAILY_SNOW,Ravaischer Salaas,True,10.33834,46.95638,2512,SNOW_FLAT
SMN2,2020,181,0,112.72375690607734,146.0,200.0,168,152,146,181,701.0,181,1.0,0.9281767955801105,0.8397790055248618,0.8066298342541437,True,2020/2021,SLF_IMIS_DAILY_SNOW,Ravaischer Salaas,True,10.33834,46.95638,2512,SNOW_FLAT
SMN2,2021,181,0,87.15469613259668,78.0,146.0,180,179,170,181,487.0,181,1.0,0.994475138121547,0.988950276243094,0.9392265193370166,True,2021/2022,SLF_IMIS_DAILY_SNOW,Ravaischer Salaas,True,10.33834,46.95638,2512,SNOW_FLAT
SMN2,2022,181,0,75.69613259668509,63.0,174.0,177,161,159,181,702.9,181,1.0,0.9779005524861878,0.8895027624309392,0.8784530386740331,True,2022/2023,SLF_IMIS_DAILY_SNOW,Ravaischer Salaas,True,10.33834,46.95638,2512,SNOW_FLAT
SMN2,2023,179,0,162.0391061452514,178.0,243.0,179,178,170,182,936.8,182,0.9835164835164835,1.0,0.994413407821229,0.9497206703910615,True,2023/2024,SLF_IMIS_DAILY_SNOW,Ravaischer Salaas,True,10.33834,46.95638,2512,SNOW_FLAT
SMN2,2024,181,0,56.51381215469613,63.0,117.0,160,148,132,181,396.9,181,1.0,0.8839779005524862,0.8176795580110497,0.7292817679558011,True,2024/2025,SLF_IMIS_DAILY_SNOW,Ravaischer Salaas,True,10.33834,46.95638,2512,SNOW_FLAT
SMN2,2025,181,0,65.2817679558011,52.0,144.0,166,157,155,181,504.5,181,1.0,0.9171270718232044,0.8674033149171271,0.856353591160221,True,2025/2026,SLF_IMIS_DAILY_SNOW,Ravaischer Salaas,True,10.33834,46.95638,2512,SNOW_FLAT
SPN2,2013,181,0,23.060773480662984,15.0,114.0,104,85,56,181,1020.0,181,1.0,0.574585635359116,0.4696132596685083,0.30939226519337015,True,2013/2014,SLF_IMIS_DAILY_SNOW,Ze Seewe,True,8.117624,46.229444,2620,SNOW_FLAT
SPN2,2014,152,0,216.53947368421052,218.0,342.0,148,148,148,150,1340.0,181,0.8397790055248618,0.9736842105263158,0.9736842105263158,0.9736842105263158,True,2014/2015,SLF_IMIS_DAILY_SNOW,Ze Seewe,True,8.117624,46.229444,2620,SNOW_FLAT
SPN2,2015,163,0,30.171779141104295,25.0,98.0,93,84,72,163,697.8,182,0.8956043956043956,0.5705521472392638,0.5153374233128835,0.44171779141104295,True,2015/2016,SLF_IMIS_DAILY_SNOW,Ze Seewe,True,8.117624,46.229444,2620,SNOW_FLAT
SPN2,2016,181,0,53.74033149171271,44.0,163.0,181,164,107,181,831.0,181,1.0,1.0,0.9060773480662984,0.5911602209944752,True,2016/2017,SLF_IMIS_DAILY_SNOW,Ze Seewe,True,8.117624,46.229444,2620,SNOW_FLAT
SPN2,2017,181,0,102.69613259668509,133.0,251.0,129,124,120,181,1255.5,181,1.0,0.712707182320442,0.6850828729281768,0.6629834254143646,True,2017/2018,SLF_IMIS_DAILY_SNOW,Ze Seewe,True,8.117624,46.229444,2620,SNOW_FLAT
SPN2,2018,181,0,166.6961325966851,161.0,242.0,181,181,181,181,1045.9,181,1.0,1.0,1.0,1.0,True,2018/2019,SLF_IMIS_DAILY_SNOW,Ze Seewe,True,8.117624,46.229444,2620,SNOW_FLAT
SPN2,2019,182,0,91.39010989010988,88.0,186.0,173,169,168,182,892.7,182,1.0,0.9505494505494505,0.9285714285714286,0.9230769230769231,True,2019/2020,SLF_IMIS_DAILY_SNOW,Ze Seewe,True,8.117624,46.229444,2620,SNOW_FLAT
SPN2,2020,178,0,59.87078651685393,53.0,141.0,178,163,149,181,648.9,181,0.9834254143646409,1.0,0.9157303370786517,0.8370786516853933,True,2020/2021,SLF_IMIS_DAILY_SNOW,Ze Seewe,True,8.117624,46.229444,2620,SNOW_FLAT
SPN2,2021,181,0,12.513812154696133,9.0,68.0,90,34,14,181,388.0,181,1.0,0.4972375690607735,0.1878453038674033,0.07734806629834254,True,2021/2022,SLF_IMIS_DAILY_SNOW,Ze Seewe,True,8.117624,46.229444,2620,SNOW_FLAT
SPN2,2022,181,0,21.613259668508288,20.0,60.0,100,91,77,181,476.5999999999999,181,1.0,0.5524861878453039,0.5027624309392266,0.425414364640884,True,2022/2023,SLF_IMIS_DAILY_SNOW,Ze Seewe,True,8.117624,46.229444,2620,SNOW_FLAT
SPN2,2023,182,0,59.917582417582416,25.5,219.0,178,121,86,182,1090.1,182,1.0,0.978021978021978,0.6648351648351648,0.4725274725274725,True,2023/2024,SLF_IMIS_DAILY_SNOW,Ze Seewe,True,8.117624,46.229444,2620,SNOW_FLAT
SPN2,2024,181,0,37.50828729281768,26.0,188.0,128,119,76,181,810.5,181,1.0,0.7071823204419889,0.6574585635359116,0.4198895027624309,True,2024/2025,SLF_IMIS_DAILY_SNOW,Ze Seewe,True,8.117624,46.229444,2620,SNOW_FLAT
SPN2,2025,181,0,25.12707182320442,17.0,115.0,152,84,50,181,573.2,181,1.0,0.8397790055248618,0.46408839779005523,0.27624309392265195,True,2025/2026,SLF_IMIS_DAILY_SNOW,Ze Seewe,True,8.117624,46.229444,2620,SNOW_FLAT
SPN3,2013,181,0,202.71823204419888,222.0,358.0,172,171,168,181,1237.2000000000003,181,1.0,0.9502762430939227,0.9447513812154696,0.9281767955801105,True,2013/2014,SLF_IMIS_DAILY_SNOW,Wenghorn,True,8.045175,46.178012,2424,SNOW_FLAT
SPN3,2014,181,0,268.2596685082873,274.0,400.0,177,176,176,181,1307.1,181,1.0,0.9779005524861878,0.9723756906077348,0.9723756906077348,True,2014/2015,SLF_IMIS_DAILY_SNOW,Wenghorn,True,8.045175,46.178012,2424,SNOW_FLAT
SPN3,2015,182,0,115.92307692307692,96.0,252.0,182,181,127,182,852.3000000000001,182,1.0,1.0,0.9945054945054945,0.6978021978021978,True,2015/2016,SLF_IMIS_DAILY_SNOW,Wenghorn,True,8.045175,46.178012,2424,SNOW_FLAT
SPN3,2016,181,0,173.6685082872928,165.0,300.0,181,171,170,181,947.3,181,1.0,1.0,0.9447513812154696,0.9392265193370166,True,2016/2017,SLF_IMIS_DAILY_SNOW,Wenghorn,True,8.045175,46.178012,2424,SNOW_FLAT
SPN3,2017,181,0,243.40331491712706,330.0,464.0,176,173,172,181,1551.8,181,1.0,0.9723756906077348,0.9558011049723757,0.9502762430939227,True,2017/2018,SLF_IMIS_DAILY_SNOW,Wenghorn,True,8.045175,46.178012,2424,SNOW_FLAT
SPN3,2018,181,0,303.1878453038674,297.0,485.0,181,181,181,181,1271.4,181,1.0,1.0,1.0,1.0,True,2018/2019,SLF_IMIS_DAILY_SNOW,Wenghorn,True,8.045175,46.178012,2424,SNOW_FLAT
SPN3,2019,182,0,224.42857142857142,238.0,328.0,177,174,173,182,989.5999999999999,182,1.0,0.9725274725274725,0.9560439560439561,0.9505494505494505,True,2019/2020,SLF_IMIS_DAILY_SNOW,Wenghorn,True,8.045175,46.178012,2424,SNOW_FLAT
SPN3,2020,181,0,160.50828729281767,208.0,240.0,181,161,147,181,767.0,181,1.0,1.0,0.8895027624309392,0.8121546961325967,True,2020/2021,SLF_IMIS_DAILY_SNOW,Wenghorn,True,8.045175,46.178012,2424,SNOW_FLAT
SPN3,2021,181,0,93.1657458563536,98.0,165.0,181,181,173,181,560.0,181,1.0,1.0,1.0,0.9558011049723757,True,2021/2022,SLF_IMIS_DAILY_SNOW,Wenghorn,True,8.045175,46.178012,2424,SNOW_FLAT
SPN3,2022,181,0,87.98342541436465,88.0,177.0,155,148,148,181,578.3,181,1.0,0.856353591160221,0.8176795580110497,0.8176795580110497,True,2022/2023,SLF_IMIS_DAILY_SNOW,Wenghorn,True,8.045175,46.178012,2424,SNOW_FLAT
SPN3,2023,182,0,180.2032967032967,126.0,443.0,180,179,178,182,1386.2000000000003,182,1.0,0.989010989010989,0.9835164835164835,0.978021978021978,True,2023/2024,SLF_IMIS_DAILY_SNOW,Wenghorn,True,8.045175,46.178012,2424,SNOW_FLAT
SPN3,2024,181,0,120.0939226519337,135.0,298.0,161,161,160,181,972.0,181,1.0,0.8895027624309392,0.8895027624309392,0.8839779005524862,True,2024/2025,SLF_IMIS_DAILY_SNOW,Wenghorn,True,8.045175,46.178012,2424,SNOW_FLAT
SPN3,2025,181,0,130.21546961325967,154.0,266.0,181,167,161,181,813.2,181,1.0,1.0,0.9226519337016574,0.8895027624309392,True,2025/2026,SLF_IMIS_DAILY_SNOW,Wenghorn,True,8.045175,46.178012,2424,SNOW_FLAT
STE2,2013,0,0,NA,NA,NA,0,0,0,0,NA,181,0.0,NA,NA,NA,False,2013/2014,SLF_IMIS_DAILY_SNOW,Steingletscher,False,8.422448,46.730059,1900,SNOW_FLAT
STE2,2014,0,0,NA,NA,NA,0,0,0,0,NA,181,0.0,NA,NA,NA,False,2014/2015,SLF_IMIS_DAILY_SNOW,Steingletscher,False,8.422448,46.730059,1900,SNOW_FLAT
STE2,2015,0,0,NA,NA,NA,0,0,0,0,NA,182,0.0,NA,NA,NA,False,2015/2016,SLF_IMIS_DAILY_SNOW,Steingletscher,False,8.422448,46.730059,1900,SNOW_FLAT
STE2,2016,0,0,NA,NA,NA,0,0,0,0,NA,181,0.0,NA,NA,NA,False,2016/2017,SLF_IMIS_DAILY_SNOW,Steingletscher,False,8.422448,46.730059,1900,SNOW_FLAT
STE2,2017,0,0,NA,NA,NA,0,0,0,0,NA,181,0.0,NA,NA,NA,False,2017/2018,SLF_IMIS_DAILY_SNOW,Steingletscher,False,8.422448,46.730059,1900,SNOW_FLAT
STE2,2018,0,0,NA,NA,NA,0,0,0,0,NA,181,0.0,NA,NA,NA,False,2018/2019,SLF_IMIS_DAILY_SNOW,Steingletscher,False,8.422448,46.730059,1900,SNOW_FLAT
STE2,2019,0,0,NA,NA,NA,0,0,0,0,NA,182,0.0,NA,NA,NA,False,2019/2020,SLF_IMIS_DAILY_SNOW,Steingletscher,False,8.422448,46.730059,1900,SNOW_FLAT
STE2,2020,0,0,NA,NA,NA,0,0,0,0,NA,181,0.0,NA,NA,NA,False,2020/2021,SLF_IMIS_DAILY_SNOW,Steingletscher,False,8.422448,46.730059,1900,SNOW_FLAT
STE2,2021,0,0,NA,NA,NA,0,0,0,0,NA,181,0.0,NA,NA,NA,False,2021/2022,SLF_IMIS_DAILY_SNOW,Steingletscher,False,8.422448,46.730059,1900,SNOW_FLAT
STE2,2022,0,0,NA,NA,NA,0,0,0,0,NA,181,0.0,NA,NA,NA,False,2022/2023,SLF_IMIS_DAILY_SNOW,Steingletscher,False,8.422448,46.730059,1900,SNOW_FLAT
STE2,2023,0,0,NA,NA,NA,0,0,0,0,NA,182,0.0,NA,NA,NA,False,2023/2024,SLF_IMIS_DAILY_SNOW,Steingletscher,False,8.422448,46.730059,1900,SNOW_FLAT
STE2,2024,0,0,NA,NA,NA,0,0,0,0,NA,181,0.0,NA,NA,NA,False,2024/2025,SLF_IMIS_DAILY_SNOW,Steingletscher,False,8.422448,46.730059,1900,SNOW_FLAT
STE2,2025,0,0,NA,NA,NA,0,0,0,0,NA,181,0.0,NA,NA,NA,False,2025/2026,SLF_IMIS_DAILY_SNOW,Steingletscher,False,8.422448,46.730059,1900,SNOW_FLAT
STH2,2013,181,0,85.07182320441989,86.0,158.0,174,171,171,181,822.4000000000001,181,1.0,0.9613259668508287,0.9447513812154696,0.9447513812154696,True,2013/2014,SLF_IMIS_DAILY_SNOW,Vorderstocken,True,7.519649,46.682049,1791,SNOW_FLAT
STH2,2014,181,0,86.93922651933701,92.0,178.0,156,144,131,181,697.3000000000001,181,1.0,0.861878453038674,0.7955801104972375,0.7237569060773481,True,2014/2015,SLF_IMIS_DAILY_SNOW,Vorderstocken,True,7.519649,46.682049,1791,SNOW_FLAT
STH2,2015,182,0,107.5934065934066,125.0,215.0,161,161,161,182,816.5999999999999,182,1.0,0.8846153846153846,0.8846153846153846,0.8846153846153846,True,2015/2016,SLF_IMIS_DAILY_SNOW,Vorderstocken,True,7.519649,46.682049,1791,SNOW_FLAT
STH2,2016,181,0,70.28729281767956,73.0,169.0,175,144,127,181,650.9000000000001,181,1.0,0.9668508287292817,0.7955801104972375,0.7016574585635359,True,2016/2017,SLF_IMIS_DAILY_SNOW,Vorderstocken,True,7.519649,46.682049,1791,SNOW_FLAT
STH2,2017,178,0,153.8988764044944,175.0,249.0,176,175,175,178,842.9000000000001,181,0.9834254143646409,0.9887640449438202,0.9831460674157303,0.9831460674157303,True,2017/2018,SLF_IMIS_DAILY_SNOW,Vorderstocken,True,7.519649,46.682049,1791,SNOW_FLAT
STH2,2018,181,0,101.8121546961326,120.0,187.0,147,143,142,181,851.0,181,1.0,0.8121546961325967,0.7900552486187845,0.7845303867403315,True,2018/2019,SLF_IMIS_DAILY_SNOW,Vorderstocken,True,7.519649,46.682049,1791,SNOW_FLAT
STH2,2019,182,0,72.67582417582418,85.0,152.0,164,147,144,182,601.5,182,1.0,0.9010989010989011,0.8076923076923077,0.7912087912087912,True,2019/2020,SLF_IMIS_DAILY_SNOW,Vorderstocken,True,7.519649,46.682049,1791,SNOW_FLAT
STH2,2020,181,0,105.29281767955801,142.0,200.0,150,146,145,181,810.7,181,1.0,0.8287292817679558,0.8066298342541437,0.8011049723756906,True,2020/2021,SLF_IMIS_DAILY_SNOW,Vorderstocken,True,7.519649,46.682049,1791,SNOW_FLAT
STH2,2021,181,0,93.81767955801105,101.0,152.0,155,153,153,181,651.3,181,1.0,0.856353591160221,0.8453038674033149,0.8453038674033149,True,2021/2022,SLF_IMIS_DAILY_SNOW,Vorderstocken,True,7.519649,46.682049,1791,SNOW_FLAT
STH2,2022,181,0,55.370165745856355,59.0,116.0,164,148,131,181,577.8,181,1.0,0.9060773480662984,0.8176795580110497,0.7237569060773481,True,2022/2023,SLF_IMIS_DAILY_SNOW,Vorderstocken,True,7.519649,46.682049,1791,SNOW_FLAT
STH2,2023,182,0,92.88461538461539,104.0,146.0,178,169,166,182,933.2,182,1.0,0.978021978021978,0.9285714285714286,0.9120879120879121,True,2023/2024,SLF_IMIS_DAILY_SNOW,Vorderstocken,True,7.519649,46.682049,1791,SNOW_FLAT
STH2,2024,181,0,74.353591160221,83.0,130.0,163,161,156,181,455.5,181,1.0,0.9005524861878453,0.8895027624309392,0.861878453038674,True,2024/2025,SLF_IMIS_DAILY_SNOW,Vorderstocken,True,7.519649,46.682049,1791,SNOW_FLAT
STH2,2025,181,0,103.43646408839778,106.0,196.0,181,168,161,181,651.4000000000001,181,1.0,1.0,0.9281767955801105,0.8895027624309392,True,2025/2026,SLF_IMIS_DAILY_SNOW,Vorderstocken,True,7.519649,46.682049,1791,SNOW_FLAT
STN2,2013,181,0,99.12707182320442,102.0,164.0,176,176,175,181,736.5000000000001,181,1.0,0.9723756906077348,0.9723756906077348,0.9668508287292817,True,2013/2014,SLF_IMIS_DAILY_SNOW,Oberer Stelligletscher,True,7.750559,46.167811,2914,SNOW_FLAT
STN2,2014,178,0,55.140449438202246,42.5,154.0,168,166,158,181,809.9000000000001,181,0.9834254143646409,0.9438202247191011,0.9325842696629213,0.8876404494382022,True,2014/2015,SLF_IMIS_DAILY_SNOW,Oberer Stelligletscher,True,7.750559,46.167811,2914,SNOW_FLAT
STN2,2015,182,0,91.2967032967033,106.0,187.0,155,123,119,182,938.9000000000001,182,1.0,0.8516483516483516,0.6758241758241759,0.6538461538461539,True,2015/2016,SLF_IMIS_DAILY_SNOW,Oberer Stelligletscher,True,7.750559,46.167811,2914,SNOW_FLAT
STN2,2016,181,0,63.58011049723757,54.0,154.0,156,155,154,181,904.0,181,1.0,0.861878453038674,0.856353591160221,0.850828729281768,True,2016/2017,SLF_IMIS_DAILY_SNOW,Oberer Stelligletscher,True,7.750559,46.167811,2914,SNOW_FLAT
STN2,2017,146,0,183.72602739726028,208.0,372.0,99,97,94,145,2151.0,181,0.8066298342541437,0.678082191780822,0.6643835616438356,0.6438356164383562,True,2017/2018,SLF_IMIS_DAILY_SNOW,Oberer Stelligletscher,True,7.750559,46.167811,2914,SNOW_FLAT
STN2,2018,181,0,133.2707182320442,137.0,253.0,181,181,169,181,965.3999999999999,181,1.0,1.0,1.0,0.9337016574585635,True,2018/2019,SLF_IMIS_DAILY_SNOW,Oberer Stelligletscher,True,7.750559,46.167811,2914,SNOW_FLAT
STN2,2019,182,0,137.2912087912088,160.0,233.0,174,167,162,182,1074.8,182,1.0,0.9560439560439561,0.9175824175824175,0.8901098901098901,True,2019/2020,SLF_IMIS_DAILY_SNOW,Oberer Stelligletscher,True,7.750559,46.167811,2914,SNOW_FLAT
STN2,2020,181,0,132.88950276243094,188.0,279.0,181,153,147,181,980.3,181,1.0,1.0,0.8453038674033149,0.8121546961325967,True,2020/2021,SLF_IMIS_DAILY_SNOW,Oberer Stelligletscher,True,7.750559,46.167811,2914,SNOW_FLAT
STN2,2021,181,0,78.08839779005525,90.0,146.0,150,147,144,181,644.2,181,1.0,0.8287292817679558,0.8121546961325967,0.7955801104972375,True,2021/2022,SLF_IMIS_DAILY_SNOW,Oberer Stelligletscher,True,7.750559,46.167811,2914,SNOW_FLAT
STN2,2022,181,0,80.69060773480663,65.0,206.0,156,144,128,181,894.5999999999999,181,1.0,0.861878453038674,0.7955801104972375,0.7071823204419889,True,2022/2023,SLF_IMIS_DAILY_SNOW,Oberer Stelligletscher,True,7.750559,46.167811,2914,SNOW_FLAT
STN2,2023,182,0,141.2087912087912,147.0,228.0,178,176,172,182,985.2,182,1.0,0.978021978021978,0.967032967032967,0.945054945054945,True,2023/2024,SLF_IMIS_DAILY_SNOW,Oberer Stelligletscher,True,7.750559,46.167811,2914,SNOW_FLAT
STN2,2024,179,0,83.05027932960894,101.0,214.0,159,157,152,181,756.7,181,0.988950276243094,0.888268156424581,0.8770949720670391,0.8491620111731844,True,2024/2025,SLF_IMIS_DAILY_SNOW,Oberer Stelligletscher,True,7.750559,46.167811,2914,SNOW_FLAT
STN2,2025,181,0,101.78453038674033,88.0,226.0,181,181,160,181,709.3000000000001,181,1.0,1.0,1.0,0.8839779005524862,True,2025/2026,SLF_IMIS_DAILY_SNOW,Oberer Stelligletscher,True,7.750559,46.167811,2914,SNOW_FLAT
SWM2,2013,0,0,NA,NA,NA,0,0,0,0,NA,181,0.0,NA,NA,NA,False,2013/2014,SLF_IMIS_DAILY_SNOW,Dirlocherhorn,False,7.920184,46.520148,2260,SNOW_SLOPE
SWM2,2014,0,0,NA,NA,NA,0,0,0,0,NA,181,0.0,NA,NA,NA,False,2014/2015,SLF_IMIS_DAILY_SNOW,Dirlocherhorn,False,7.920184,46.520148,2260,SNOW_SLOPE
SWM2,2015,0,0,NA,NA,NA,0,0,0,0,NA,182,0.0,NA,NA,NA,False,2015/2016,SLF_IMIS_DAILY_SNOW,Dirlocherhorn,False,7.920184,46.520148,2260,SNOW_SLOPE
SWM2,2016,0,0,NA,NA,NA,0,0,0,0,NA,181,0.0,NA,NA,NA,False,2016/2017,SLF_IMIS_DAILY_SNOW,Dirlocherhorn,False,7.920184,46.520148,2260,SNOW_SLOPE
SWM2,2017,0,0,NA,NA,NA,0,0,0,0,NA,181,0.0,NA,NA,NA,False,2017/2018,SLF_IMIS_DAILY_SNOW,Dirlocherhorn,False,7.920184,46.520148,2260,SNOW_SLOPE
SWM2,2018,0,0,NA,NA,NA,0,0,0,0,NA,181,0.0,NA,NA,NA,False,2018/2019,SLF_IMIS_DAILY_SNOW,Dirlocherhorn,False,7.920184,46.520148,2260,SNOW_SLOPE
SWM2,2019,0,0,NA,NA,NA,0,0,0,0,NA,182,0.0,NA,NA,NA,False,2019/2020,SLF_IMIS_DAILY_SNOW,Dirlocherhorn,False,7.920184,46.520148,2260,SNOW_SLOPE
SWM2,2020,0,0,NA,NA,NA,0,0,0,0,NA,181,0.0,NA,NA,NA,False,2020/2021,SLF_IMIS_DAILY_SNOW,Dirlocherhorn,False,7.920184,46.520148,2260,SNOW_SLOPE
SWM2,2021,0,0,NA,NA,NA,0,0,0,0,NA,181,0.0,NA,NA,NA,False,2021/2022,SLF_IMIS_DAILY_SNOW,Dirlocherhorn,False,7.920184,46.520148,2260,SNOW_SLOPE
SWM2,2022,0,0,NA,NA,NA,0,0,0,0,NA,181,0.0,NA,NA,NA,False,2022/2023,SLF_IMIS_DAILY_SNOW,Dirlocherhorn,False,7.920184,46.520148,2260,SNOW_SLOPE
SWM2,2023,0,0,NA,NA,NA,0,0,0,0,NA,182,0.0,NA,NA,NA,False,2023/2024,SLF_IMIS_DAILY_SNOW,Dirlocherhorn,False,7.920184,46.520148,2260,SNOW_SLOPE
SWM2,2024,0,0,NA,NA,NA,0,0,0,0,NA,181,0.0,NA,NA,NA,False,2024/2025,SLF_IMIS_DAILY_SNOW,Dirlocherhorn,False,7.920184,46.520148,2260,SNOW_SLOPE
SWM2,2025,0,0,NA,NA,NA,0,0,0,0,NA,181,0.0,NA,NA,NA,False,2025/2026,SLF_IMIS_DAILY_SNOW,Dirlocherhorn,False,7.920184,46.520148,2260,SNOW_SLOPE
TAM2,2013,181,0,101.85635359116021,86.0,262.0,173,171,171,181,815.3,181,1.0,0.9558011049723757,0.9447513812154696,0.9447513812154696,True,2013/2014,SLF_IMIS_DAILY_SNOW,Wildsee,True,9.390925,46.968364,2468,SNOW_FLAT
TAM2,2014,181,0,169.060773480663,163.0,380.0,181,178,176,181,1233.2000000000003,181,1.0,1.0,0.9834254143646409,0.9723756906077348,True,2014/2015,SLF_IMIS_DAILY_SNOW,Wildsee,True,9.390925,46.968364,2468,SNOW_FLAT
TAM2,2015,182,0,98.51648351648352,112.5,239.0,155,144,127,182,986.3999999999999,182,1.0,0.8516483516483516,0.7912087912087912,0.6978021978021978,True,2015/2016,SLF_IMIS_DAILY_SNOW,Wildsee,True,9.390925,46.968364,2468,SNOW_FLAT
TAM2,2016,181,0,91.0828729281768,77.0,230.0,175,175,175,181,873.7,181,1.0,0.9668508287292817,0.9668508287292817,0.9668508287292817,True,2016/2017,SLF_IMIS_DAILY_SNOW,Wildsee,True,9.390925,46.968364,2468,SNOW_FLAT
TAM2,2017,181,0,186.38674033149172,229.0,336.0,181,176,176,181,1160.1,181,1.0,1.0,0.9723756906077348,0.9723756906077348,True,2017/2018,SLF_IMIS_DAILY_SNOW,Wildsee,True,9.390925,46.968364,2468,SNOW_FLAT
TAM2,2018,181,0,171.65745856353593,210.0,263.0,181,181,181,181,988.2,181,1.0,1.0,1.0,1.0,True,2018/2019,SLF_IMIS_DAILY_SNOW,Wildsee,True,9.390925,46.968364,2468,SNOW_FLAT
TAM2,2019,182,0,104.36263736263736,96.5,190.0,177,174,162,182,758.5,182,1.0,0.9725274725274725,0.9560439560439561,0.8901098901098901,True,2019/2020,SLF_IMIS_DAILY_SNOW,Wildsee,True,9.390925,46.968364,2468,SNOW_FLAT
TAM2,2020,173,0,159.7514450867052,162.0,303.0,173,173,148,172,1004.1999999999999,181,0.9558011049723757,1.0,1.0,0.8554913294797688,True,2020/2021,SLF_IMIS_DAILY_SNOW,Wildsee,True,9.390925,46.968364,2468,SNOW_FLAT
TAM2,2021,181,0,95.91160220994475,102.0,155.0,180,178,172,181,670.1,181,1.0,0.994475138121547,0.9834254143646409,0.9502762430939227,True,2021/2022,SLF_IMIS_DAILY_SNOW,Wildsee,True,9.390925,46.968364,2468,SNOW_FLAT
TAM2,2022,173,0,87.35838150289017,73.0,259.0,151,144,121,181,816.6000000000001,181,0.9558011049723757,0.8728323699421965,0.8323699421965318,0.6994219653179191,True,2022/2023,SLF_IMIS_DAILY_SNOW,Wildsee,True,9.390925,46.968364,2468,SNOW_FLAT
TAM2,2023,182,0,157.64285714285714,172.0,288.0,182,178,167,182,1218.5,182,1.0,1.0,0.978021978021978,0.9175824175824175,True,2023/2024,SLF_IMIS_DAILY_SNOW,Wildsee,True,9.390925,46.968364,2468,SNOW_FLAT
TAM2,2024,181,0,85.92817679558011,105.0,153.0,161,160,151,181,610.6,181,1.0,0.8895027624309392,0.8839779005524862,0.8342541436464088,True,2024/2025,SLF_IMIS_DAILY_SNOW,Wildsee,True,9.390925,46.968364,2468,SNOW_FLAT
TAM2,2025,181,0,126.67955801104972,82.0,312.0,179,164,161,181,832.3000000000001,181,1.0,0.988950276243094,0.9060773480662984,0.8895027624309392,True,2025/2026,SLF_IMIS_DAILY_SNOW,Wildsee,True,9.390925,46.968364,2468,SNOW_FLAT
TAM3,2013,181,0,94.76243093922652,97.0,171.0,178,175,171,181,675.5,181,1.0,0.9834254143646409,0.9668508287292817,0.9447513812154696,True,2013/2014,SLF_IMIS_DAILY_SNOW,Schaftäli,True,9.458167,46.890984,2166,SNOW_FLAT
TAM3,2014,181,0,94.32044198895028,101.0,209.0,181,181,172,181,687.5,181,1.0,1.0,1.0,0.9502762430939227,True,2014/2015,SLF_IMIS_DAILY_SNOW,Schaftäli,True,9.458167,46.890984,2166,SNOW_FLAT
TAM3,2015,182,0,79.51648351648352,95.0,168.0,161,157,133,182,690.5,182,1.0,0.8846153846153846,0.8626373626373627,0.7307692307692307,True,2015/2016,SLF_IMIS_DAILY_SNOW,Schaftäli,True,9.458167,46.890984,2166,SNOW_FLAT
TAM3,2016,181,0,58.430939226519335,55.0,159.0,177,128,118,181,684.2,181,1.0,0.9779005524861878,0.7071823204419889,0.6519337016574586,True,2016/2017,SLF_IMIS_DAILY_SNOW,Schaftäli,True,9.458167,46.890984,2166,SNOW_FLAT
TAM3,2017,181,0,202.48618784530387,245.0,325.0,181,176,176,181,1097.8999999999999,181,1.0,1.0,0.9723756906077348,0.9723756906077348,True,2017/2018,SLF_IMIS_DAILY_SNOW,Schaftäli,True,9.458167,46.890984,2166,SNOW_FLAT
TAM3,2018,181,0,118.66298342541437,141.0,203.0,157,151,147,181,838.7000000000002,181,1.0,0.8674033149171271,0.8342541436464088,0.8121546961325967,True,2018/2019,SLF_IMIS_DAILY_SNOW,Schaftäli,True,9.458167,46.890984,2166,SNOW_FLAT
TAM3,2019,182,0,88.57692307692308,87.5,176.0,182,173,154,182,704.1999999999998,182,1.0,1.0,0.9505494505494505,0.8461538461538461,True,2019/2020,SLF_IMIS_DAILY_SNOW,Schaftäli,True,9.458167,46.890984,2166,SNOW_FLAT
TAM3,2020,161,0,77.20496894409938,88.0,189.0,126,98,90,160,693.5,181,0.8895027624309392,0.782608695652174,0.6086956521739131,0.5590062111801242,True,2020/2021,SLF_IMIS_DAILY_SNOW,Schaftäli,True,9.458167,46.890984,2166,SNOW_FLAT
TAM3,2021,181,0,92.81767955801105,91.0,154.0,180,178,165,181,515.1999999999999,181,1.0,0.994475138121547,0.9834254143646409,0.9116022099447514,True,2021/2022,SLF_IMIS_DAILY_SNOW,Schaftäli,True,9.458167,46.890984,2166,SNOW_FLAT
TAM3,2022,181,0,65.56353591160222,60.0,153.0,167,160,157,181,568.3000000000001,181,1.0,0.9226519337016574,0.8839779005524862,0.8674033149171271,True,2022/2023,SLF_IMIS_DAILY_SNOW,Schaftäli,True,9.458167,46.890984,2166,SNOW_FLAT
TAM3,2023,182,0,125.37912087912088,128.0,213.0,182,182,179,182,940.3,182,1.0,1.0,1.0,0.9835164835164835,True,2023/2024,SLF_IMIS_DAILY_SNOW,Schaftäli,True,9.458167,46.890984,2166,SNOW_FLAT
TAM3,2024,181,0,64.60220994475138,72.0,105.0,170,161,159,181,386.9,181,1.0,0.9392265193370166,0.8895027624309392,0.8784530386740331,True,2024/2025,SLF_IMIS_DAILY_SNOW,Schaftäli,True,9.458167,46.890984,2166,SNOW_FLAT
TAM3,2025,181,0,61.12707182320442,40.0,159.0,178,163,144,181,487.6,181,1.0,0.9834254143646409,0.9005524861878453,0.7955801104972375,True,2025/2026,SLF_IMIS_DAILY_SNOW,Schaftäli,True,9.458167,46.890984,2166,SNOW_FLAT
TGL2,2013,0,0,NA,NA,NA,0,0,0,0,NA,181,0.0,NA,NA,NA,False,2013/2014,SLF_IMIS_DAILY_SNOW,Teststation Trigl,False,10.352803,46.748852,2918,SNOW_FLAT
TGL2,2014,0,0,NA,NA,NA,0,0,0,0,NA,181,0.0,NA,NA,NA,False,2014/2015,SLF_IMIS_DAILY_SNOW,Teststation Trigl,False,10.352803,46.748852,2918,SNOW_FLAT
TGL2,2015,0,0,NA,NA,NA,0,0,0,0,NA,182,0.0,NA,NA,NA,False,2015/2016,SLF_IMIS_DAILY_SNOW,Teststation Trigl,False,10.352803,46.748852,2918,SNOW_FLAT
TGL2,2016,0,0,NA,NA,NA,0,0,0,0,NA,181,0.0,NA,NA,NA,False,2016/2017,SLF_IMIS_DAILY_SNOW,Teststation Trigl,False,10.352803,46.748852,2918,SNOW_FLAT
TGL2,2017,0,0,NA,NA,NA,0,0,0,0,NA,181,0.0,NA,NA,NA,False,2017/2018,SLF_IMIS_DAILY_SNOW,Teststation Trigl,False,10.352803,46.748852,2918,SNOW_FLAT
TGL2,2018,0,0,NA,NA,NA,0,0,0,0,NA,181,0.0,NA,NA,NA,False,2018/2019,SLF_IMIS_DAILY_SNOW,Teststation Trigl,False,10.352803,46.748852,2918,SNOW_FLAT
TGL2,2019,176,0,197.66477272727272,208.0,318.0,176,173,173,0,NA,182,0.967032967032967,1.0,0.9829545454545454,0.9829545454545454,True,2019/2020,SLF_IMIS_DAILY_SNOW,Teststation Trigl,False,10.352803,46.748852,2918,SNOW_FLAT
TGL2,2020,0,0,NA,NA,NA,0,0,0,0,NA,181,0.0,NA,NA,NA,False,2020/2021,SLF_IMIS_DAILY_SNOW,Teststation Trigl,False,10.352803,46.748852,2918,SNOW_FLAT
TGL2,2021,0,0,NA,NA,NA,0,0,0,0,NA,181,0.0,NA,NA,NA,False,2021/2022,SLF_IMIS_DAILY_SNOW,Teststation Trigl,False,10.352803,46.748852,2918,SNOW_FLAT
TGL2,2022,0,0,NA,NA,NA,0,0,0,0,NA,181,0.0,NA,NA,NA,False,2022/2023,SLF_IMIS_DAILY_SNOW,Teststation Trigl,False,10.352803,46.748852,2918,SNOW_FLAT
TGL2,2023,0,0,NA,NA,NA,0,0,0,0,NA,182,0.0,NA,NA,NA,False,2023/2024,SLF_IMIS_DAILY_SNOW,Teststation Trigl,False,10.352803,46.748852,2918,SNOW_FLAT
TGL2,2024,0,0,NA,NA,NA,0,0,0,0,NA,181,0.0,NA,NA,NA,False,2024/2025,SLF_IMIS_DAILY_SNOW,Teststation Trigl,False,10.352803,46.748852,2918,SNOW_FLAT
TGL2,2025,0,0,NA,NA,NA,0,0,0,0,NA,181,0.0,NA,NA,NA,False,2025/2026,SLF_IMIS_DAILY_SNOW,Teststation Trigl,False,10.352803,46.748852,2918,SNOW_FLAT
TIT2,2013,181,0,63.31491712707182,65.0,139.0,179,177,155,181,1241.7000000000003,181,1.0,0.988950276243094,0.9779005524861878,0.856353591160221,True,2013/2014,SLF_IMIS_DAILY_SNOW,Titlisboden,True,8.409482,46.786009,2149,SNOW_FLAT
TIT2,2014,181,0,157.66298342541435,166.0,365.0,181,176,158,181,1833.8,181,1.0,1.0,0.9723756906077348,0.8729281767955801,True,2014/2015,SLF_IMIS_DAILY_SNOW,Titlisboden,True,8.409482,46.786009,2149,SNOW_FLAT
TIT2,2015,182,0,124.48351648351648,143.0,258.0,161,161,161,182,1140.1,182,1.0,0.8846153846153846,0.8846153846153846,0.8846153846153846,True,2015/2016,SLF_IMIS_DAILY_SNOW,Titlisboden,True,8.409482,46.786009,2149,SNOW_FLAT
TIT2,2016,181,0,82.74033149171271,90.0,234.0,175,132,124,181,1023.0000000000002,181,1.0,0.9668508287292817,0.7292817679558011,0.6850828729281768,True,2016/2017,SLF_IMIS_DAILY_SNOW,Titlisboden,True,8.409482,46.786009,2149,SNOW_FLAT
TIT2,2017,181,0,264.8453038674033,317.0,429.0,181,178,176,181,1497.4,181,1.0,1.0,0.9834254143646409,0.9723756906077348,True,2017/2018,SLF_IMIS_DAILY_SNOW,Titlisboden,True,8.409482,46.786009,2149,SNOW_FLAT
TIT2,2018,181,0,205.37016574585635,263.0,426.0,158,147,142,181,1609.5,181,1.0,0.8729281767955801,0.8121546961325967,0.7845303867403315,True,2018/2019,SLF_IMIS_DAILY_SNOW,Titlisboden,True,8.409482,46.786009,2149,SNOW_FLAT
TIT2,2019,182,0,106.38461538461539,110.0,216.0,160,155,149,182,1248.1999999999998,182,1.0,0.8791208791208791,0.8516483516483516,0.8186813186813187,True,2019/2020,SLF_IMIS_DAILY_SNOW,Titlisboden,True,8.409482,46.786009,2149,SNOW_FLAT
TIT2,2020,181,0,173.1657458563536,241.0,364.0,162,151,149,181,1435.8,181,1.0,0.8950276243093923,0.8342541436464088,0.8232044198895028,True,2020/2021,SLF_IMIS_DAILY_SNOW,Titlisboden,True,8.409482,46.786009,2149,SNOW_FLAT
TIT2,2021,181,0,155.61878453038673,147.0,285.0,161,159,154,181,1095.0,181,1.0,0.8895027624309392,0.8784530386740331,0.850828729281768,True,2021/2022,SLF_IMIS_DAILY_SNOW,Titlisboden,True,8.409482,46.786009,2149,SNOW_FLAT
TIT2,2022,181,0,92.5524861878453,86.0,250.0,168,164,159,181,1398.1999999999998,181,1.0,0.9281767955801105,0.9060773480662984,0.8784530386740331,True,2022/2023,SLF_IMIS_DAILY_SNOW,Titlisboden,True,8.409482,46.786009,2149,SNOW_FLAT
TIT2,2023,182,0,231.04945054945054,277.0,395.0,174,168,163,182,1573.1,182,1.0,0.9560439560439561,0.9230769230769231,0.8956043956043956,True,2023/2024,SLF_IMIS_DAILY_SNOW,Titlisboden,True,8.409482,46.786009,2149,SNOW_FLAT
TIT2,2024,181,0,103.8342541436464,125.0,161.0,161,160,160,181,732.3000000000001,181,1.0,0.8895027624309392,0.8839779005524862,0.8839779005524862,True,2024/2025,SLF_IMIS_DAILY_SNOW,Titlisboden,True,8.409482,46.786009,2149,SNOW_FLAT
TIT2,2025,181,0,134.56906077348066,100.0,344.0,178,165,161,181,1026.1000000000001,181,1.0,0.9834254143646409,0.9116022099447514,0.8895027624309392,True,2025/2026,SLF_IMIS_DAILY_SNOW,Titlisboden,True,8.409482,46.786009,2149,SNOW_FLAT
TRU2,2013,181,0,123.80662983425414,134.0,199.0,178,178,178,181,763.3,181,1.0,0.9834254143646409,0.9834254143646409,0.9834254143646409,True,2013/2014,SLF_IMIS_DAILY_SNOW,Trubelboden,True,7.585572,46.370951,2459,SNOW_FLAT
TRU2,2014,181,0,124.08839779005525,151.0,276.0,176,174,153,181,916.0,181,1.0,0.9723756906077348,0.9613259668508287,0.8453038674033149,True,2014/2015,SLF_IMIS_DAILY_SNOW,Trubelboden,True,7.585572,46.370951,2459,SNOW_FLAT
TRU2,2015,182,0,185.13186813186815,228.0,331.0,162,162,161,182,1193.0,182,1.0,0.8901098901098901,0.8901098901098901,0.8846153846153846,True,2015/2016,SLF_IMIS_DAILY_SNOW,Trubelboden,True,7.585572,46.370951,2459,SNOW_FLAT
TRU2,2016,181,0,130.060773480663,119.0,262.0,176,175,175,181,926.5,181,1.0,0.9723756906077348,0.9668508287292817,0.9668508287292817,True,2016/2017,SLF_IMIS_DAILY_SNOW,Trubelboden,True,7.585572,46.370951,2459,SNOW_FLAT
TRU2,2017,181,0,254.22651933701658,322.0,402.0,176,172,170,181,1449.2,181,1.0,0.9723756906077348,0.9502762430939227,0.9392265193370166,True,2017/2018,SLF_IMIS_DAILY_SNOW,Trubelboden,True,7.585572,46.370951,2459,SNOW_FLAT
TRU2,2018,181,0,166.20441988950276,194.0,302.0,169,157,149,181,986.8,181,1.0,0.9337016574585635,0.8674033149171271,0.8232044198895028,True,2018/2019,SLF_IMIS_DAILY_SNOW,Trubelboden,True,7.585572,46.370951,2459,SNOW_FLAT
TRU2,2019,182,0,183.65384615384616,199.5,329.0,179,178,178,182,1135.1,182,1.0,0.9835164835164835,0.978021978021978,0.978021978021978,True,2019/2020,SLF_IMIS_DAILY_SNOW,Trubelboden,True,7.585572,46.370951,2459,SNOW_FLAT
TRU2,2020,181,0,158.32044198895028,216.0,302.0,181,169,152,181,985.5,181,1.0,1.0,0.9337016574585635,0.8397790055248618,True,2020/2021,SLF_IMIS_DAILY_SNOW,Trubelboden,True,7.585572,46.370951,2459,SNOW_FLAT
TRU2,2021,180,0,138.24444444444444,158.0,247.0,180,157,153,174,871.8,181,0.994475138121547,1.0,0.8722222222222222,0.85,True,2021/2022,SLF_IMIS_DAILY_SNOW,Trubelboden,True,7.585572,46.370951,2459,SNOW_FLAT
TRU2,2022,181,0,151.37016574585635,149.0,306.0,177,168,167,181,1211.0,181,1.0,0.9779005524861878,0.9281767955801105,0.9226519337016574,True,2022/2023,SLF_IMIS_DAILY_SNOW,Trubelboden,True,7.585572,46.370951,2459,SNOW_FLAT
TRU2,2023,182,0,262.5879120879121,291.5,352.0,182,182,182,182,1387.5,182,1.0,1.0,1.0,1.0,True,2023/2024,SLF_IMIS_DAILY_SNOW,Trubelboden,True,7.585572,46.370951,2459,SNOW_FLAT
TRU2,2024,181,0,151.93370165745856,178.0,258.0,162,162,161,181,928.3000000000001,181,1.0,0.8950276243093923,0.8950276243093923,0.8895027624309392,True,2024/2025,SLF_IMIS_DAILY_SNOW,Trubelboden,True,7.585572,46.370951,2459,SNOW_FLAT
TRU2,2025,181,0,191.67955801104972,182.0,317.0,181,181,181,181,923.4000000000001,181,1.0,1.0,1.0,1.0,True,2025/2026,SLF_IMIS_DAILY_SNOW,Trubelboden,True,7.585572,46.370951,2459,SNOW_FLAT
TUJ2,2013,180,0,77.48333333333333,79.0,138.0,174,172,170,181,719.9,181,0.994475138121547,0.9666666666666667,0.9555555555555556,0.9444444444444444,True,2013/2014,SLF_IMIS_DAILY_SNOW,Culmatsch,True,8.723751,46.68388,2262,SNOW_FLAT
TUJ2,2014,181,0,127.31491712707182,135.0,254.0,176,176,176,181,970.3000000000001,181,1.0,0.9723756906077348,0.9723756906077348,0.9723756906077348,True,2014/2015,SLF_IMIS_DAILY_SNOW,Culmatsch,True,8.723751,46.68388,2262,SNOW_FLAT
TUJ2,2015,182,0,68.88461538461539,81.5,136.0,161,161,159,182,627.7,182,1.0,0.8846153846153846,0.8846153846153846,0.8736263736263736,True,2015/2016,SLF_IMIS_DAILY_SNOW,Culmatsch,True,8.723751,46.68388,2262,SNOW_FLAT
TUJ2,2016,181,0,71.0,80.0,165.0,175,171,123,181,844.3999999999999,181,1.0,0.9668508287292817,0.9447513812154696,0.6795580110497238,True,2016/2017,SLF_IMIS_DAILY_SNOW,Culmatsch,True,8.723751,46.68388,2262,SNOW_FLAT
TUJ2,2017,181,0,123.88950276243094,153.0,233.0,176,176,172,181,921.6000000000001,181,1.0,0.9723756906077348,0.9723756906077348,0.9502762430939227,True,2017/2018,SLF_IMIS_DAILY_SNOW,Culmatsch,True,8.723751,46.68388,2262,SNOW_FLAT
TUJ2,2018,181,0,151.20441988950276,174.0,286.0,181,181,181,181,965.6999999999999,181,1.0,1.0,1.0,1.0,True,2018/2019,SLF_IMIS_DAILY_SNOW,Culmatsch,True,8.723751,46.68388,2262,SNOW_FLAT
TUJ2,2019,182,0,87.64835164835165,91.0,148.0,177,174,169,182,728.8,182,1.0,0.9725274725274725,0.9560439560439561,0.9285714285714286,True,2019/2020,SLF_IMIS_DAILY_SNOW,Culmatsch,True,8.723751,46.68388,2262,SNOW_FLAT
TUJ2,2020,181,0,122.33149171270718,158.0,264.0,149,147,146,181,1081.8,181,1.0,0.8232044198895028,0.8121546961325967,0.8066298342541437,True,2020/2021,SLF_IMIS_DAILY_SNOW,Culmatsch,True,8.723751,46.68388,2262,SNOW_FLAT
TUJ2,2021,181,0,74.7182320441989,73.0,141.0,179,161,153,181,560.2,181,1.0,0.988950276243094,0.8895027624309392,0.8453038674033149,True,2021/2022,SLF_IMIS_DAILY_SNOW,Culmatsch,True,8.723751,46.68388,2262,SNOW_FLAT
TUJ2,2022,181,0,58.28729281767956,54.0,130.0,165,159,147,181,624.9,181,1.0,0.9116022099447514,0.8784530386740331,0.8121546961325967,True,2022/2023,SLF_IMIS_DAILY_SNOW,Culmatsch,True,8.723751,46.68388,2262,SNOW_FLAT
TUJ2,2023,182,0,128.72527472527472,126.0,234.0,182,180,169,182,1080.7999999999997,182,1.0,1.0,0.989010989010989,0.9285714285714286,True,2023/2024,SLF_IMIS_DAILY_SNOW,Culmatsch,True,8.723751,46.68388,2262,SNOW_FLAT
TUJ2,2024,181,0,75.94475138121547,93.0,141.0,162,161,161,181,569.7,181,1.0,0.8950276243093923,0.8895027624309392,0.8895027624309392,True,2024/2025,SLF_IMIS_DAILY_SNOW,Culmatsch,True,8.723751,46.68388,2262,SNOW_FLAT
TUJ2,2025,181,0,73.8342541436464,60.0,215.0,169,157,153,181,715.5,181,1.0,0.9337016574585635,0.8674033149171271,0.8453038674033149,True,2025/2026,SLF_IMIS_DAILY_SNOW,Culmatsch,True,8.723751,46.68388,2262,SNOW_FLAT
TUJ3,2013,181,0,114.25414364640883,125.0,193.0,175,171,169,181,790.4,181,1.0,0.9668508287292817,0.9447513812154696,0.9337016574585635,True,2013/2014,SLF_IMIS_DAILY_SNOW,Nual,True,8.740223,46.647031,2211,SNOW_FLAT
TUJ3,2014,181,0,154.23756906077347,165.0,258.0,181,176,176,181,861.4,181,1.0,1.0,0.9723756906077348,0.9723756906077348,True,2014/2015,SLF_IMIS_DAILY_SNOW,Nual,True,8.740223,46.647031,2211,SNOW_FLAT
TUJ3,2015,181,0,74.87292817679558,80.0,165.0,160,160,148,182,537.3999999999999,182,0.9945054945054945,0.8839779005524862,0.8839779005524862,0.8176795580110497,True,2015/2016,SLF_IMIS_DAILY_SNOW,Nual,True,8.740223,46.647031,2211,SNOW_FLAT
TUJ3,2016,179,0,79.58100558659218,94.0,171.0,173,169,122,181,723.4000000000001,181,0.988950276243094,0.9664804469273743,0.9441340782122905,0.6815642458100558,True,2016/2017,SLF_IMIS_DAILY_SNOW,Nual,True,8.740223,46.647031,2211,SNOW_FLAT
TUJ3,2017,181,0,162.4972375690608,189.0,373.0,176,176,174,181,1093.2,181,1.0,0.9723756906077348,0.9723756906077348,0.9613259668508287,True,2017/2018,SLF_IMIS_DAILY_SNOW,Nual,True,8.740223,46.647031,2211,SNOW_FLAT
TUJ3,2018,181,0,173.87845303867402,195.0,326.0,181,181,181,181,879.1,181,1.0,1.0,1.0,1.0,True,2018/2019,SLF_IMIS_DAILY_SNOW,Nual,True,8.740223,46.647031,2211,SNOW_FLAT
TUJ3,2019,182,0,117.57692307692308,117.0,180.0,179,174,174,182,670.3,182,1.0,0.9835164835164835,0.9560439560439561,0.9560439560439561,True,2019/2020,SLF_IMIS_DAILY_SNOW,Nual,True,8.740223,46.647031,2211,SNOW_FLAT
TUJ3,2020,181,0,123.04419889502762,158.0,238.0,154,149,147,181,796.4000000000001,181,1.0,0.850828729281768,0.8232044198895028,0.8121546961325967,True,2020/2021,SLF_IMIS_DAILY_SNOW,Nual,True,8.740223,46.647031,2211,SNOW_FLAT
TUJ3,2021,181,0,83.43646408839778,79.0,152.0,180,175,161,181,760.7,181,1.0,0.994475138121547,0.9668508287292817,0.8895027624309392,True,2021/2022,SLF_IMIS_DAILY_SNOW,Nual,True,8.740223,46.647031,2211,SNOW_FLAT
TUJ3,2022,181,0,57.28729281767956,59.0,119.0,161,148,147,181,446.49999999999994,181,1.0,0.8895027624309392,0.8176795580110497,0.8121546961325967,True,2022/2023,SLF_IMIS_DAILY_SNOW,Nual,True,8.740223,46.647031,2211,SNOW_FLAT
TUJ3,2023,182,0,125.67032967032966,125.0,243.0,182,180,166,182,912.0999999999999,182,1.0,1.0,0.989010989010989,0.9120879120879121,True,2023/2024,SLF_IMIS_DAILY_SNOW,Nual,True,8.740223,46.647031,2211,SNOW_FLAT
TUJ3,2024,181,0,84.79005524861878,100.0,144.0,164,161,161,181,519.2,181,1.0,0.9060773480662984,0.8895027624309392,0.8895027624309392,True,2024/2025,SLF_IMIS_DAILY_SNOW,Nual,True,8.740223,46.647031,2211,SNOW_FLAT
TUJ3,2025,181,0,70.05524861878453,64.0,180.0,180,161,155,181,509.5,181,1.0,0.994475138121547,0.8895027624309392,0.856353591160221,True,2025/2026,SLF_IMIS_DAILY_SNOW,Nual,True,8.740223,46.647031,2211,SNOW_FLAT
TUJ4,2013,0,0,NA,NA,NA,0,0,0,0,NA,181,0.0,NA,NA,NA,False,2013/2014,SLF_IMIS_DAILY_SNOW,Maighels,False,8.684848,46.591646,2410,SNOW_FLAT
TUJ4,2014,0,0,NA,NA,NA,0,0,0,0,NA,181,0.0,NA,NA,NA,False,2014/2015,SLF_IMIS_DAILY_SNOW,Maighels,False,8.684848,46.591646,2410,SNOW_FLAT
TUJ4,2015,0,0,NA,NA,NA,0,0,0,0,NA,182,0.0,NA,NA,NA,False,2015/2016,SLF_IMIS_DAILY_SNOW,Maighels,False,8.684848,46.591646,2410,SNOW_FLAT
TUJ4,2016,0,0,NA,NA,NA,0,0,0,0,NA,181,0.0,NA,NA,NA,False,2016/2017,SLF_IMIS_DAILY_SNOW,Maighels,False,8.684848,46.591646,2410,SNOW_FLAT
TUJ4,2017,0,0,NA,NA,NA,0,0,0,0,NA,181,0.0,NA,NA,NA,False,2017/2018,SLF_IMIS_DAILY_SNOW,Maighels,False,8.684848,46.591646,2410,SNOW_FLAT
TUJ4,2018,0,0,NA,NA,NA,0,0,0,0,NA,181,0.0,NA,NA,NA,False,2018/2019,SLF_IMIS_DAILY_SNOW,Maighels,False,8.684848,46.591646,2410,SNOW_FLAT
TUJ4,2019,0,0,NA,NA,NA,0,0,0,0,NA,182,0.0,NA,NA,NA,False,2019/2020,SLF_IMIS_DAILY_SNOW,Maighels,False,8.684848,46.591646,2410,SNOW_FLAT
TUJ4,2020,0,0,NA,NA,NA,0,0,0,0,NA,181,0.0,NA,NA,NA,False,2020/2021,SLF_IMIS_DAILY_SNOW,Maighels,False,8.684848,46.591646,2410,SNOW_FLAT
TUJ4,2021,0,0,NA,NA,NA,0,0,0,0,NA,181,0.0,NA,NA,NA,False,2021/2022,SLF_IMIS_DAILY_SNOW,Maighels,False,8.684848,46.591646,2410,SNOW_FLAT
TUJ4,2022,0,0,NA,NA,NA,0,0,0,0,NA,181,0.0,NA,NA,NA,False,2022/2023,SLF_IMIS_DAILY_SNOW,Maighels,False,8.684848,46.591646,2410,SNOW_FLAT
TUJ4,2023,0,0,NA,NA,NA,0,0,0,0,NA,182,0.0,NA,NA,NA,False,2023/2024,SLF_IMIS_DAILY_SNOW,Maighels,False,8.684848,46.591646,2410,SNOW_FLAT
TUJ4,2024,0,0,NA,NA,NA,0,0,0,0,NA,181,0.0,NA,NA,NA,False,2024/2025,SLF_IMIS_DAILY_SNOW,Maighels,False,8.684848,46.591646,2410,SNOW_FLAT
TUJ4,2025,0,0,NA,NA,NA,0,0,0,0,NA,181,0.0,NA,NA,NA,False,2025/2026,SLF_IMIS_DAILY_SNOW,Maighels,False,8.684848,46.591646,2410,SNOW_FLAT
TUM2,2013,181,0,43.74585635359116,42.0,86.0,175,171,125,181,511.3,181,1.0,0.9668508287292817,0.9447513812154696,0.6906077348066298,True,2013/2014,SLF_IMIS_DAILY_SNOW,Val Miez,True,9.021468,46.781066,2191,SNOW_FLAT
TUM2,2014,181,0,98.22651933701657,106.0,216.0,176,176,176,181,798.5,181,1.0,0.9723756906077348,0.9723756906077348,0.9723756906077348,True,2014/2015,SLF_IMIS_DAILY_SNOW,Val Miez,True,9.021468,46.781066,2191,SNOW_FLAT
TUM2,2015,182,0,72.70879120879121,88.5,148.0,161,161,160,182,662.9000000000001,182,1.0,0.8846153846153846,0.8846153846153846,0.8791208791208791,True,2015/2016,SLF_IMIS_DAILY_SNOW,Val Miez,True,9.021468,46.781066,2191,SNOW_FLAT
TUM2,2016,181,0,66.10497237569061,73.0,168.0,175,175,131,181,738.1,181,1.0,0.9668508287292817,0.9668508287292817,0.7237569060773481,True,2016/2017,SLF_IMIS_DAILY_SNOW,Val Miez,True,9.021468,46.781066,2191,SNOW_FLAT
TUM2,2017,181,0,137.6353591160221,165.0,263.0,181,176,174,181,866.5999999999999,181,1.0,1.0,0.9723756906077348,0.9613259668508287,True,2017/2018,SLF_IMIS_DAILY_SNOW,Val Miez,True,9.021468,46.781066,2191,SNOW_FLAT
TUM2,2018,181,0,123.98895027624309,144.0,221.0,168,160,154,181,928.8,181,1.0,0.9281767955801105,0.8839779005524862,0.850828729281768,True,2018/2019,SLF_IMIS_DAILY_SNOW,Val Miez,True,9.021468,46.781066,2191,SNOW_FLAT
TUM2,2019,182,0,79.29120879120879,78.5,159.0,178,174,157,182,709.1,182,1.0,0.978021978021978,0.9560439560439561,0.8626373626373627,True,2019/2020,SLF_IMIS_DAILY_SNOW,Val Miez,True,9.021468,46.781066,2191,SNOW_FLAT
TUM2,2020,181,0,82.79005524861878,108.0,202.0,147,145,110,181,761.3000000000001,181,1.0,0.8121546961325967,0.8011049723756906,0.6077348066298343,True,2020/2021,SLF_IMIS_DAILY_SNOW,Val Miez,True,9.021468,46.781066,2191,SNOW_FLAT
TUM2,2021,181,0,90.1988950276243,88.0,174.0,180,166,156,181,625.9,181,1.0,0.994475138121547,0.9171270718232044,0.861878453038674,True,2021/2022,SLF_IMIS_DAILY_SNOW,Val Miez,True,9.021468,46.781066,2191,SNOW_FLAT
TUM2,2022,181,0,57.0939226519337,54.0,134.0,164,160,145,181,615.7,181,1.0,0.9060773480662984,0.8839779005524862,0.8011049723756906,True,2022/2023,SLF_IMIS_DAILY_SNOW,Val Miez,True,9.021468,46.781066,2191,SNOW_FLAT
TUM2,2023,182,0,129.94505494505495,134.0,199.0,182,182,171,182,1225.6000000000001,182,1.0,1.0,1.0,0.9395604395604396,True,2023/2024,SLF_IMIS_DAILY_SNOW,Val Miez,True,9.021468,46.781066,2191,SNOW_FLAT
TUM2,2024,181,0,59.90055248618785,72.0,118.0,161,158,148,181,478.0,181,1.0,0.8895027624309392,0.8729281767955801,0.8176795580110497,True,2024/2025,SLF_IMIS_DAILY_SNOW,Val Miez,True,9.021468,46.781066,2191,SNOW_FLAT
TUM2,2025,181,0,68.69060773480663,58.0,168.0,179,161,156,181,540.4000000000001,181,1.0,0.988950276243094,0.8895027624309392,0.861878453038674,True,2025/2026,SLF_IMIS_DAILY_SNOW,Val Miez,True,9.021468,46.781066,2191,SNOW_FLAT
URS2,2013,181,0,52.049723756906076,47.0,124.0,176,166,159,181,756.9,181,1.0,0.9723756906077348,0.9171270718232044,0.8784530386740331,True,2013/2014,SLF_IMIS_DAILY_SNOW,Giltnasen,True,8.513859,46.586786,2169,SNOW_FLAT
URS2,2014,181,0,146.292817679558,150.0,218.0,177,177,176,181,906.7,181,1.0,0.9779005524861878,0.9779005524861878,0.9723756906077348,True,2014/2015,SLF_IMIS_DAILY_SNOW,Giltnasen,True,8.513859,46.586786,2169,SNOW_FLAT
URS2,2015,182,0,47.03846153846154,42.0,118.0,161,127,112,182,470.29999999999995,182,1.0,0.8846153846153846,0.6978021978021978,0.6153846153846154,True,2015/2016,SLF_IMIS_DAILY_SNOW,Giltnasen,True,8.513859,46.586786,2169,SNOW_FLAT
URS2,2016,181,0,67.49171270718232,62.0,172.0,175,171,163,181,634.6,181,1.0,0.9668508287292817,0.9447513812154696,0.9005524861878453,True,2016/2017,SLF_IMIS_DAILY_SNOW,Giltnasen,True,8.513859,46.586786,2169,SNOW_FLAT
URS2,2017,181,0,101.30386740331491,128.0,216.0,176,161,138,181,865.6,181,1.0,0.9723756906077348,0.8895027624309392,0.7624309392265194,True,2017/2018,SLF_IMIS_DAILY_SNOW,Giltnasen,True,8.513859,46.586786,2169,SNOW_FLAT
URS2,2018,181,0,128.83977900552486,125.0,272.0,181,181,181,181,815.7,181,1.0,1.0,1.0,1.0,True,2018/2019,SLF_IMIS_DAILY_SNOW,Giltnasen,True,8.513859,46.586786,2169,SNOW_FLAT
URS2,2019,182,0,84.46153846153847,91.5,146.0,176,168,165,182,728.9,182,1.0,0.967032967032967,0.9230769230769231,0.9065934065934066,True,2019/2020,SLF_IMIS_DAILY_SNOW,Giltnasen,True,8.513859,46.586786,2169,SNOW_FLAT
URS2,2020,181,0,74.29281767955801,89.0,145.0,150,147,147,181,690.0,181,1.0,0.8287292817679558,0.8121546961325967,0.8121546961325967,True,2020/2021,SLF_IMIS_DAILY_SNOW,Giltnasen,True,8.513859,46.586786,2169,SNOW_FLAT
URS2,2021,181,0,36.972375690607734,39.0,79.0,172,162,115,181,388.70000000000005,181,1.0,0.9502762430939227,0.8950276243093923,0.6353591160220995,True,2021/2022,SLF_IMIS_DAILY_SNOW,Giltnasen,True,8.513859,46.586786,2169,SNOW_FLAT
URS2,2022,181,0,33.149171270718234,31.0,74.0,161,144,107,181,410.7,181,1.0,0.8895027624309392,0.7955801104972375,0.5911602209944752,True,2022/2023,SLF_IMIS_DAILY_SNOW,Giltnasen,True,8.513859,46.586786,2169,SNOW_FLAT
URS2,2023,182,0,99.71978021978022,80.0,271.0,180,177,161,182,1045.1,182,1.0,0.989010989010989,0.9725274725274725,0.8846153846153846,True,2023/2024,SLF_IMIS_DAILY_SNOW,Giltnasen,True,8.513859,46.586786,2169,SNOW_FLAT
URS2,2024,181,0,33.6353591160221,37.0,74.0,162,147,120,181,470.79999999999995,181,1.0,0.8950276243093923,0.8121546961325967,0.6629834254143646,True,2024/2025,SLF_IMIS_DAILY_SNOW,Giltnasen,True,8.513859,46.586786,2169,SNOW_FLAT
URS2,2025,181,0,36.93922651933702,29.0,106.0,163,139,87,181,427.6,181,1.0,0.9005524861878453,0.7679558011049724,0.48066298342541436,True,2025/2026,SLF_IMIS_DAILY_SNOW,Giltnasen,True,8.513859,46.586786,2169,SNOW_FLAT
VAL2,2013,181,0,155.25414364640883,176.0,287.0,175,171,159,181,1207.1,181,1.0,0.9668508287292817,0.9447513812154696,0.8784530386740331,True,2013/2014,SLF_IMIS_DAILY_SNOW,Vallascia,True,8.61379,46.549038,2268,SNOW_FLAT
VAL2,2014,181,0,189.01657458563537,205.0,264.0,177,176,176,181,1208.9,181,1.0,0.9779005524861878,0.9723756906077348,0.9723756906077348,True,2014/2015,SLF_IMIS_DAILY_SNOW,Vallascia,True,8.61379,46.549038,2268,SNOW_FLAT
VAL2,2015,182,0,88.17032967032966,91.0,198.0,164,160,118,182,787.8999999999999,182,1.0,0.9010989010989011,0.8791208791208791,0.6483516483516484,True,2015/2016,SLF_IMIS_DAILY_SNOW,Vallascia,True,8.61379,46.549038,2268,SNOW_FLAT
VAL2,2016,181,0,90.26519337016575,81.0,202.0,175,169,163,181,947.3,181,1.0,0.9668508287292817,0.9337016574585635,0.9005524861878453,True,2016/2017,SLF_IMIS_DAILY_SNOW,Vallascia,True,8.61379,46.549038,2268,SNOW_FLAT
VAL2,2017,181,0,170.77900552486187,208.0,305.0,178,176,176,181,1195.0,181,1.0,0.9834254143646409,0.9723756906077348,0.9723756906077348,True,2017/2018,SLF_IMIS_DAILY_SNOW,Vallascia,True,8.61379,46.549038,2268,SNOW_FLAT
VAL2,2018,181,0,180.0110497237569,182.0,307.0,181,181,181,131,664.0999999999999,181,1.0,1.0,1.0,1.0,True,2018/2019,SLF_IMIS_DAILY_SNOW,Vallascia,True,8.61379,46.549038,2268,SNOW_FLAT
VAL2,2019,182,0,154.6868131868132,162.0,220.0,180,179,178,182,940.7,182,1.0,0.989010989010989,0.9835164835164835,0.978021978021978,True,2019/2020,SLF_IMIS_DAILY_SNOW,Vallascia,True,8.61379,46.549038,2268,SNOW_FLAT
VAL2,2020,181,0,113.77900552486187,140.0,207.0,150,147,147,181,777.4000000000001,181,1.0,0.8287292817679558,0.8121546961325967,0.8121546961325967,True,2020/2021,SLF_IMIS_DAILY_SNOW,Vallascia,True,8.61379,46.549038,2268,SNOW_FLAT
VAL2,2021,181,0,55.77900552486188,57.0,96.0,180,169,153,181,464.0,181,1.0,0.994475138121547,0.9337016574585635,0.8453038674033149,True,2021/2022,SLF_IMIS_DAILY_SNOW,Vallascia,True,8.61379,46.549038,2268,SNOW_FLAT
VAL2,2022,181,0,64.5524861878453,65.0,130.0,168,148,147,181,534.9,181,1.0,0.9281767955801105,0.8176795580110497,0.8121546961325967,True,2022/2023,SLF_IMIS_DAILY_SNOW,Vallascia,True,8.61379,46.549038,2268,SNOW_FLAT
VAL2,2023,182,0,150.8846153846154,127.5,326.0,180,180,180,182,1302.6000000000001,182,1.0,0.989010989010989,0.989010989010989,0.989010989010989,True,2023/2024,SLF_IMIS_DAILY_SNOW,Vallascia,True,8.61379,46.549038,2268,SNOW_FLAT
VAL2,2024,181,0,95.05524861878453,112.0,169.0,164,161,160,181,735.4,181,1.0,0.9060773480662984,0.8895027624309392,0.8839779005524862,True,2024/2025,SLF_IMIS_DAILY_SNOW,Vallascia,True,8.61379,46.549038,2268,SNOW_FLAT
VAL2,2025,181,0,84.8121546961326,83.0,173.0,181,167,157,181,639.1,181,1.0,1.0,0.9226519337016574,0.8674033149171271,True,2025/2026,SLF_IMIS_DAILY_SNOW,Vallascia,True,8.61379,46.549038,2268,SNOW_FLAT
VDS2,2013,181,0,123.25414364640883,134.0,223.0,178,178,178,181,839.0,181,1.0,0.9834254143646409,0.9834254143646409,0.9834254143646409,True,2013/2014,SLF_IMIS_DAILY_SNOW,Donin du Jour,True,7.367505,46.321511,2385,SNOW_FLAT
VDS2,2014,181,0,133.79005524861878,160.0,279.0,176,173,163,181,1027.7,181,1.0,0.9723756906077348,0.9558011049723757,0.9005524861878453,True,2014/2015,SLF_IMIS_DAILY_SNOW,Donin du Jour,True,7.367505,46.321511,2385,SNOW_FLAT
VDS2,2015,182,0,194.97802197802199,235.0,369.0,162,161,161,182,1324.6999999999998,182,1.0,0.8901098901098901,0.8846153846153846,0.8846153846153846,True,2015/2016,SLF_IMIS_DAILY_SNOW,Donin du Jour,True,7.367505,46.321511,2385,SNOW_FLAT
VDS2,2016,181,0,132.75138121546962,132.0,281.0,176,176,175,181,962.8000000000001,181,1.0,0.9723756906077348,0.9723756906077348,0.9668508287292817,True,2016/2017,SLF_IMIS_DAILY_SNOW,Donin du Jour,True,7.367505,46.321511,2385,SNOW_FLAT
VDS2,2017,181,0,276.6740331491713,360.0,436.0,176,170,169,181,1543.8,181,1.0,0.9723756906077348,0.9392265193370166,0.9337016574585635,True,2017/2018,SLF_IMIS_DAILY_SNOW,Donin du Jour,True,7.367505,46.321511,2385,SNOW_FLAT
VDS2,2018,181,0,206.09944751381215,240.0,363.0,181,181,161,181,1131.2,181,1.0,1.0,1.0,0.8895027624309392,True,2018/2019,SLF_IMIS_DAILY_SNOW,Donin du Jour,True,7.367505,46.321511,2385,SNOW_FLAT
VDS2,2019,182,0,201.16483516483515,216.0,374.0,179,178,178,182,1226.4,182,1.0,0.9835164835164835,0.978021978021978,0.978021978021978,True,2019/2020,SLF_IMIS_DAILY_SNOW,Donin du Jour,True,7.367505,46.321511,2385,SNOW_FLAT
VDS2,2020,181,0,159.68508287292818,218.0,339.0,181,155,149,181,1100.9,181,1.0,1.0,0.856353591160221,0.8232044198895028,True,2020/2021,SLF_IMIS_DAILY_SNOW,Donin du Jour,True,7.367505,46.321511,2385,SNOW_FLAT
VDS2,2021,181,0,129.22651933701658,143.0,261.0,162,150,148,181,961.2,181,1.0,0.8950276243093923,0.8287292817679558,0.8176795580110497,True,2021/2022,SLF_IMIS_DAILY_SNOW,Donin du Jour,True,7.367505,46.321511,2385,SNOW_FLAT
VDS2,2022,181,0,161.51381215469613,160.0,316.0,177,168,165,181,1210.6,181,1.0,0.9779005524861878,0.9281767955801105,0.9116022099447514,True,2022/2023,SLF_IMIS_DAILY_SNOW,Donin du Jour,True,7.367505,46.321511,2385,SNOW_FLAT
VDS2,2023,182,0,283.95054945054943,313.5,399.0,182,182,180,182,1983.4,182,1.0,1.0,1.0,0.989010989010989,True,2023/2024,SLF_IMIS_DAILY_SNOW,Donin du Jour,True,7.367505,46.321511,2385,SNOW_FLAT
VDS2,2024,181,0,158.49171270718233,190.0,258.0,162,162,161,181,867.2,181,1.0,0.8950276243093923,0.8950276243093923,0.8895027624309392,True,2024/2025,SLF_IMIS_DAILY_SNOW,Donin du Jour,True,7.367505,46.321511,2385,SNOW_FLAT
VDS2,2025,181,0,189.92265193370164,177.0,332.0,181,181,181,181,961.5999999999999,181,1.0,1.0,1.0,1.0,True,2025/2026,SLF_IMIS_DAILY_SNOW,Donin du Jour,True,7.367505,46.321511,2385,SNOW_FLAT
VIA2,2013,0,0,NA,NA,NA,0,0,0,0,NA,181,0.0,NA,NA,NA,False,2013/2014,SLF_IMIS_DAILY_SNOW,Teststation Viano,False,10.16702,46.26169,2355,SNOW_FLAT
VIA2,2014,0,0,NA,NA,NA,0,0,0,0,NA,181,0.0,NA,NA,NA,False,2014/2015,SLF_IMIS_DAILY_SNOW,Teststation Viano,False,10.16702,46.26169,2355,SNOW_FLAT
VIA2,2015,0,0,NA,NA,NA,0,0,0,0,NA,182,0.0,NA,NA,NA,False,2015/2016,SLF_IMIS_DAILY_SNOW,Teststation Viano,False,10.16702,46.26169,2355,SNOW_FLAT
VIA2,2016,0,0,NA,NA,NA,0,0,0,0,NA,181,0.0,NA,NA,NA,False,2016/2017,SLF_IMIS_DAILY_SNOW,Teststation Viano,False,10.16702,46.26169,2355,SNOW_FLAT
VIA2,2017,0,0,NA,NA,NA,0,0,0,0,NA,181,0.0,NA,NA,NA,False,2017/2018,SLF_IMIS_DAILY_SNOW,Teststation Viano,False,10.16702,46.26169,2355,SNOW_FLAT
VIA2,2018,0,0,NA,NA,NA,0,0,0,0,NA,181,0.0,NA,NA,NA,False,2018/2019,SLF_IMIS_DAILY_SNOW,Teststation Viano,False,10.16702,46.26169,2355,SNOW_FLAT
VIA2,2019,0,0,NA,NA,NA,0,0,0,0,NA,182,0.0,NA,NA,NA,False,2019/2020,SLF_IMIS_DAILY_SNOW,Teststation Viano,False,10.16702,46.26169,2355,SNOW_FLAT
VIA2,2020,0,0,NA,NA,NA,0,0,0,0,NA,181,0.0,NA,NA,NA,False,2020/2021,SLF_IMIS_DAILY_SNOW,Teststation Viano,False,10.16702,46.26169,2355,SNOW_FLAT
VIA2,2021,0,0,NA,NA,NA,0,0,0,0,NA,181,0.0,NA,NA,NA,False,2021/2022,SLF_IMIS_DAILY_SNOW,Teststation Viano,False,10.16702,46.26169,2355,SNOW_FLAT
VIA2,2022,0,0,NA,NA,NA,0,0,0,0,NA,181,0.0,NA,NA,NA,False,2022/2023,SLF_IMIS_DAILY_SNOW,Teststation Viano,False,10.16702,46.26169,2355,SNOW_FLAT
VIA2,2023,0,0,NA,NA,NA,0,0,0,0,NA,182,0.0,NA,NA,NA,False,2023/2024,SLF_IMIS_DAILY_SNOW,Teststation Viano,False,10.16702,46.26169,2355,SNOW_FLAT
VIA2,2024,161,20,49.409937888198755,58.0,93.0,147,114,113,0,NA,181,0.8895027624309392,0.9130434782608695,0.7080745341614907,0.7018633540372671,True,2024/2025,SLF_IMIS_DAILY_SNOW,Teststation Viano,False,10.16702,46.26169,2355,SNOW_FLAT
VIA2,2025,177,4,48.24858757062147,42.0,99.0,159,150,131,0,NA,181,0.9779005524861878,0.8983050847457628,0.847457627118644,0.7401129943502824,True,2025/2026,SLF_IMIS_DAILY_SNOW,Teststation Viano,False,10.16702,46.26169,2355,SNOW_FLAT
VIN2,2013,181,0,74.03314917127072,77.0,107.0,181,181,181,181,480.00000000000006,181,1.0,1.0,1.0,1.0,True,2013/2014,SLF_IMIS_DAILY_SNOW,Alpetta,True,10.442846,46.931767,2729,SNOW_FLAT
VIN2,2014,180,0,77.59444444444445,86.0,167.0,175,174,162,181,628.9000000000001,181,0.994475138121547,0.9722222222222222,0.9666666666666667,0.9,True,2014/2015,SLF_IMIS_DAILY_SNOW,Alpetta,True,10.442846,46.931767,2729,SNOW_FLAT
VIN2,2015,182,0,73.28021978021978,77.0,132.0,170,161,161,182,631.3,182,1.0,0.9340659340659341,0.8846153846153846,0.8846153846153846,True,2015/2016,SLF_IMIS_DAILY_SNOW,Alpetta,True,10.442846,46.931767,2729,SNOW_FLAT
VIN2,2016,181,0,61.94475138121547,57.0,140.0,175,175,152,181,574.1,181,1.0,0.9668508287292817,0.9668508287292817,0.8397790055248618,True,2016/2017,SLF_IMIS_DAILY_SNOW,Alpetta,True,10.442846,46.931767,2729,SNOW_FLAT
VIN2,2017,181,0,122.76243093922652,141.0,248.0,181,176,176,181,884.0,181,1.0,1.0,0.9723756906077348,0.9723756906077348,True,2017/2018,SLF_IMIS_DAILY_SNOW,Alpetta,True,10.442846,46.931767,2729,SNOW_FLAT
VIN2,2018,181,0,146.47513812154696,165.0,257.0,181,169,149,181,1008.0999999999999,181,1.0,1.0,0.9337016574585635,0.8232044198895028,True,2018/2019,SLF_IMIS_DAILY_SNOW,Alpetta,True,10.442846,46.931767,2729,SNOW_FLAT
VIN2,2019,182,0,83.93406593406593,89.5,173.0,178,178,177,182,778.9000000000001,182,1.0,0.978021978021978,0.978021978021978,0.9725274725274725,True,2019/2020,SLF_IMIS_DAILY_SNOW,Alpetta,True,10.442846,46.931767,2729,SNOW_FLAT
VIN2,2020,181,0,119.13259668508287,146.0,190.0,181,181,181,181,700.7,181,1.0,1.0,1.0,1.0,True,2020/2021,SLF_IMIS_DAILY_SNOW,Alpetta,True,10.442846,46.931767,2729,SNOW_FLAT
VIN2,2021,181,0,87.05524861878453,95.0,153.0,180,177,171,181,570.5,181,1.0,0.994475138121547,0.9779005524861878,0.9447513812154696,True,2021/2022,SLF_IMIS_DAILY_SNOW,Alpetta,True,10.442846,46.931767,2729,SNOW_FLAT
VIN2,2022,181,0,80.2486187845304,74.0,169.0,177,174,163,181,705.5,181,1.0,0.9779005524861878,0.9613259668508287,0.9005524861878453,True,2022/2023,SLF_IMIS_DAILY_SNOW,Alpetta,True,10.442846,46.931767,2729,SNOW_FLAT
VIN2,2023,182,0,159.9065934065934,177.0,217.0,182,182,181,182,1000.0,182,1.0,1.0,1.0,0.9945054945054945,True,2023/2024,SLF_IMIS_DAILY_SNOW,Alpetta,True,10.442846,46.931767,2729,SNOW_FLAT
VIN2,2024,181,0,60.50828729281768,67.0,112.0,159,158,151,181,458.9,181,1.0,0.8784530386740331,0.8729281767955801,0.8342541436464088,True,2024/2025,SLF_IMIS_DAILY_SNOW,Alpetta,True,10.442846,46.931767,2729,SNOW_FLAT
VIN2,2025,181,0,84.27624309392266,70.0,162.0,181,181,181,181,519.0,181,1.0,1.0,1.0,1.0,True,2025/2026,SLF_IMIS_DAILY_SNOW,Alpetta,True,10.442846,46.931767,2729,SNOW_FLAT
VLS2,2013,181,0,87.26519337016575,100.0,156.0,172,166,161,181,608.5999999999999,181,1.0,0.9502762430939227,0.9171270718232044,0.8895027624309392,True,2013/2014,SLF_IMIS_DAILY_SNOW,Alp Calasa,True,9.205241,46.674411,2064,SNOW_FLAT
VLS2,2014,181,0,77.68508287292818,91.0,138.0,178,176,174,181,509.4,181,1.0,0.9834254143646409,0.9723756906077348,0.9613259668508287,True,2014/2015,SLF_IMIS_DAILY_SNOW,Alp Calasa,True,9.205241,46.674411,2064,SNOW_FLAT
VLS2,2015,182,0,44.29120879120879,42.0,125.0,159,115,110,182,383.20000000000005,182,1.0,0.8736263736263736,0.6318681318681318,0.6043956043956044,True,2015/2016,SLF_IMIS_DAILY_SNOW,Alp Calasa,True,9.205241,46.674411,2064,SNOW_FLAT
VLS2,2016,181,0,38.193370165745854,35.0,98.0,151,128,103,181,380.69999999999993,181,1.0,0.8342541436464088,0.7071823204419889,0.569060773480663,True,2016/2017,SLF_IMIS_DAILY_SNOW,Alp Calasa,True,9.205241,46.674411,2064,SNOW_FLAT
VLS2,2017,181,0,108.62430939226519,130.0,178.0,176,176,166,181,574.2,181,1.0,0.9723756906077348,0.9723756906077348,0.9171270718232044,True,2017/2018,SLF_IMIS_DAILY_SNOW,Alp Calasa,True,9.205241,46.674411,2064,SNOW_FLAT
VLS2,2018,181,0,98.31491712707182,116.0,189.0,181,169,151,181,568.7,181,1.0,1.0,0.9337016574585635,0.8342541436464088,True,2018/2019,SLF_IMIS_DAILY_SNOW,Alp Calasa,True,9.205241,46.674411,2064,SNOW_FLAT
VLS2,2019,182,0,73.15384615384616,77.0,124.0,174,169,164,182,438.0,182,1.0,0.9560439560439561,0.9285714285714286,0.9010989010989011,True,2019/2020,SLF_IMIS_DAILY_SNOW,Alp Calasa,True,9.205241,46.674411,2064,SNOW_FLAT
VLS2,2020,181,0,93.07734806629834,120.0,165.0,149,147,147,181,577.8,181,1.0,0.8232044198895028,0.8121546961325967,0.8121546961325967,True,2020/2021,SLF_IMIS_DAILY_SNOW,Alp Calasa,True,9.205241,46.674411,2064,SNOW_FLAT
VLS2,2021,181,0,70.66298342541437,66.0,126.0,180,177,174,181,375.8,181,1.0,0.994475138121547,0.9779005524861878,0.9613259668508287,True,2021/2022,SLF_IMIS_DAILY_SNOW,Alp Calasa,True,9.205241,46.674411,2064,SNOW_FLAT
VLS2,2022,181,0,32.91160220994475,39.0,66.0,154,144,113,181,332.40000000000003,181,1.0,0.850828729281768,0.7955801104972375,0.6243093922651933,True,2022/2023,SLF_IMIS_DAILY_SNOW,Alp Calasa,True,9.205241,46.674411,2064,SNOW_FLAT
VLS2,2023,182,0,98.03296703296704,98.0,173.0,182,176,161,182,717.2,182,1.0,1.0,0.967032967032967,0.8846153846153846,True,2023/2024,SLF_IMIS_DAILY_SNOW,Alp Calasa,True,9.205241,46.674411,2064,SNOW_FLAT
VLS2,2024,181,0,52.52486187845304,56.0,120.0,158,149,122,181,330.4,181,1.0,0.8729281767955801,0.8232044198895028,0.6740331491712708,True,2024/2025,SLF_IMIS_DAILY_SNOW,Alp Calasa,True,9.205241,46.674411,2064,SNOW_FLAT
VLS2,2025,181,0,41.05524861878453,33.0,103.0,163,148,102,181,291.8,181,1.0,0.9005524861878453,0.8176795580110497,0.56353591160221,True,2025/2026,SLF_IMIS_DAILY_SNOW,Alp Calasa,True,9.205241,46.674411,2064,SNOW_FLAT
VMA2,2013,181,0,139.97237569060775,170.0,240.0,179,176,170,0,NA,181,1.0,0.988950276243094,0.9723756906077348,0.9392265193370166,True,2013/2014,SLF_IMIS_DAILY_SNOW,Schwarzseen,False,9.465284,46.422,2530,SNOW_FLAT
VMA2,2014,0,0,NA,NA,NA,0,0,0,0,NA,181,0.0,NA,NA,NA,False,2014/2015,SLF_IMIS_DAILY_SNOW,Schwarzseen,False,9.465284,46.422,2530,SNOW_FLAT
VMA2,2015,0,0,NA,NA,NA,0,0,0,0,NA,182,0.0,NA,NA,NA,False,2015/2016,SLF_IMIS_DAILY_SNOW,Schwarzseen,False,9.465284,46.422,2530,SNOW_FLAT
VMA2,2016,0,0,NA,NA,NA,0,0,0,0,NA,181,0.0,NA,NA,NA,False,2016/2017,SLF_IMIS_DAILY_SNOW,Schwarzseen,False,9.465284,46.422,2530,SNOW_FLAT
VMA2,2017,0,0,NA,NA,NA,0,0,0,0,NA,181,0.0,NA,NA,NA,False,2017/2018,SLF_IMIS_DAILY_SNOW,Schwarzseen,False,9.465284,46.422,2530,SNOW_FLAT
VMA2,2018,0,0,NA,NA,NA,0,0,0,0,NA,181,0.0,NA,NA,NA,False,2018/2019,SLF_IMIS_DAILY_SNOW,Schwarzseen,False,9.465284,46.422,2530,SNOW_FLAT
VMA2,2019,0,0,NA,NA,NA,0,0,0,0,NA,182,0.0,NA,NA,NA,False,2019/2020,SLF_IMIS_DAILY_SNOW,Schwarzseen,False,9.465284,46.422,2530,SNOW_FLAT
VMA2,2020,0,0,NA,NA,NA,0,0,0,0,NA,181,0.0,NA,NA,NA,False,2020/2021,SLF_IMIS_DAILY_SNOW,Schwarzseen,False,9.465284,46.422,2530,SNOW_FLAT
VMA2,2021,0,0,NA,NA,NA,0,0,0,0,NA,181,0.0,NA,NA,NA,False,2021/2022,SLF_IMIS_DAILY_SNOW,Schwarzseen,False,9.465284,46.422,2530,SNOW_FLAT
VMA2,2022,0,0,NA,NA,NA,0,0,0,0,NA,181,0.0,NA,NA,NA,False,2022/2023,SLF_IMIS_DAILY_SNOW,Schwarzseen,False,9.465284,46.422,2530,SNOW_FLAT
VMA2,2023,0,0,NA,NA,NA,0,0,0,0,NA,182,0.0,NA,NA,NA,False,2023/2024,SLF_IMIS_DAILY_SNOW,Schwarzseen,False,9.465284,46.422,2530,SNOW_FLAT
VMA2,2024,0,0,NA,NA,NA,0,0,0,0,NA,181,0.0,NA,NA,NA,False,2024/2025,SLF_IMIS_DAILY_SNOW,Schwarzseen,False,9.465284,46.422,2530,SNOW_FLAT
VMA2,2025,0,0,NA,NA,NA,0,0,0,0,NA,181,0.0,NA,NA,NA,False,2025/2026,SLF_IMIS_DAILY_SNOW,Schwarzseen,False,9.465284,46.422,2530,SNOW_FLAT
VRG2,2013,0,0,NA,NA,NA,0,0,0,0,NA,181,0.0,NA,NA,NA,False,2013/2014,SLF_IMIS_DAILY_SNOW,Teststation Vergeletto,False,8.475249,46.240234,2040,SNOW_FLAT
VRG2,2014,0,0,NA,NA,NA,0,0,0,0,NA,181,0.0,NA,NA,NA,False,2014/2015,SLF_IMIS_DAILY_SNOW,Teststation Vergeletto,False,8.475249,46.240234,2040,SNOW_FLAT
VRG2,2015,0,0,NA,NA,NA,0,0,0,0,NA,182,0.0,NA,NA,NA,False,2015/2016,SLF_IMIS_DAILY_SNOW,Teststation Vergeletto,False,8.475249,46.240234,2040,SNOW_FLAT
VRG2,2016,0,0,NA,NA,NA,0,0,0,0,NA,181,0.0,NA,NA,NA,False,2016/2017,SLF_IMIS_DAILY_SNOW,Teststation Vergeletto,False,8.475249,46.240234,2040,SNOW_FLAT
VRG2,2017,0,0,NA,NA,NA,0,0,0,0,NA,181,0.0,NA,NA,NA,False,2017/2018,SLF_IMIS_DAILY_SNOW,Teststation Vergeletto,False,8.475249,46.240234,2040,SNOW_FLAT
VRG2,2018,0,0,NA,NA,NA,0,0,0,0,NA,181,0.0,NA,NA,NA,False,2018/2019,SLF_IMIS_DAILY_SNOW,Teststation Vergeletto,False,8.475249,46.240234,2040,SNOW_FLAT
VRG2,2019,0,0,NA,NA,NA,0,0,0,0,NA,182,0.0,NA,NA,NA,False,2019/2020,SLF_IMIS_DAILY_SNOW,Teststation Vergeletto,False,8.475249,46.240234,2040,SNOW_FLAT
VRG2,2020,0,0,NA,NA,NA,0,0,0,0,NA,181,0.0,NA,NA,NA,False,2020/2021,SLF_IMIS_DAILY_SNOW,Teststation Vergeletto,False,8.475249,46.240234,2040,SNOW_FLAT
VRG2,2021,181,0,59.07182320441989,66.0,87.0,179,173,163,0,NA,181,1.0,0.988950276243094,0.9558011049723757,0.9005524861878453,True,2021/2022,SLF_IMIS_DAILY_SNOW,Teststation Vergeletto,False,8.475249,46.240234,2040,SNOW_FLAT
VRG2,2022,0,0,NA,NA,NA,0,0,0,0,NA,181,0.0,NA,NA,NA,False,2022/2023,SLF_IMIS_DAILY_SNOW,Teststation Vergeletto,False,8.475249,46.240234,2040,SNOW_FLAT
VRG2,2023,0,0,NA,NA,NA,0,0,0,0,NA,182,0.0,NA,NA,NA,False,2023/2024,SLF_IMIS_DAILY_SNOW,Teststation Vergeletto,False,8.475249,46.240234,2040,SNOW_FLAT
VRG2,2024,0,0,NA,NA,NA,0,0,0,0,NA,181,0.0,NA,NA,NA,False,2024/2025,SLF_IMIS_DAILY_SNOW,Teststation Vergeletto,False,8.475249,46.240234,2040,SNOW_FLAT
VRG2,2025,0,0,NA,NA,NA,0,0,0,0,NA,181,0.0,NA,NA,NA,False,2025/2026,SLF_IMIS_DAILY_SNOW,Teststation Vergeletto,False,8.475249,46.240234,2040,SNOW_FLAT
VRG3,2013,0,0,NA,NA,NA,0,0,0,0,NA,181,0.0,NA,NA,NA,False,2013/2014,SLF_IMIS_DAILY_SNOW,Porcaresc,True,8.474954,46.240399,2038,SNOW_FLAT
VRG3,2014,0,0,NA,NA,NA,0,0,0,0,NA,181,0.0,NA,NA,NA,False,2014/2015,SLF_IMIS_DAILY_SNOW,Porcaresc,True,8.474954,46.240399,2038,SNOW_FLAT
VRG3,2015,0,0,NA,NA,NA,0,0,0,0,NA,182,0.0,NA,NA,NA,False,2015/2016,SLF_IMIS_DAILY_SNOW,Porcaresc,True,8.474954,46.240399,2038,SNOW_FLAT
VRG3,2016,0,0,NA,NA,NA,0,0,0,0,NA,181,0.0,NA,NA,NA,False,2016/2017,SLF_IMIS_DAILY_SNOW,Porcaresc,True,8.474954,46.240399,2038,SNOW_FLAT
VRG3,2017,0,0,NA,NA,NA,0,0,0,0,NA,181,0.0,NA,NA,NA,False,2017/2018,SLF_IMIS_DAILY_SNOW,Porcaresc,True,8.474954,46.240399,2038,SNOW_FLAT
VRG3,2018,0,0,NA,NA,NA,0,0,0,0,NA,181,0.0,NA,NA,NA,False,2018/2019,SLF_IMIS_DAILY_SNOW,Porcaresc,True,8.474954,46.240399,2038,SNOW_FLAT
VRG3,2019,0,0,NA,NA,NA,0,0,0,0,NA,182,0.0,NA,NA,NA,False,2019/2020,SLF_IMIS_DAILY_SNOW,Porcaresc,True,8.474954,46.240399,2038,SNOW_FLAT
VRG3,2020,0,0,NA,NA,NA,0,0,0,0,NA,181,0.0,NA,NA,NA,False,2020/2021,SLF_IMIS_DAILY_SNOW,Porcaresc,True,8.474954,46.240399,2038,SNOW_FLAT
VRG3,2021,0,0,NA,NA,NA,0,0,0,0,NA,181,0.0,NA,NA,NA,False,2021/2022,SLF_IMIS_DAILY_SNOW,Porcaresc,True,8.474954,46.240399,2038,SNOW_FLAT
VRG3,2022,181,0,69.24309392265194,80.0,116.0,167,148,148,181,389.5,181,1.0,0.9226519337016574,0.8176795580110497,0.8176795580110497,True,2022/2023,SLF_IMIS_DAILY_SNOW,Porcaresc,True,8.474954,46.240399,2038,SNOW_FLAT
VRG3,2023,181,0,151.71270718232043,100.0,376.0,179,179,160,182,1376.0,182,0.9945054945054945,0.988950276243094,0.988950276243094,0.8839779005524862,True,2023/2024,SLF_IMIS_DAILY_SNOW,Porcaresc,True,8.474954,46.240399,2038,SNOW_FLAT
VRG3,2024,176,0,110.86931818181819,143.0,231.0,162,160,147,176,805.3,181,0.9723756906077348,0.9204545454545454,0.9090909090909091,0.8352272727272727,True,2024/2025,SLF_IMIS_DAILY_SNOW,Porcaresc,True,8.474954,46.240399,2038,SNOW_FLAT
VRG3,2025,181,0,103.22651933701657,101.0,254.0,161,148,137,181,659.8,181,1.0,0.8895027624309392,0.8176795580110497,0.7569060773480663,True,2025/2026,SLF_IMIS_DAILY_SNOW,Porcaresc,True,8.474954,46.240399,2038,SNOW_FLAT
VSC2,2013,0,0,NA,NA,NA,0,0,0,0,NA,181,0.0,NA,NA,NA,False,2013/2014,SLF_IMIS_DAILY_SNOW,Trigl,True,10.352906,46.748822,2914,SNOW_FLAT
VSC2,2014,0,0,NA,NA,NA,0,0,0,0,NA,181,0.0,NA,NA,NA,False,2014/2015,SLF_IMIS_DAILY_SNOW,Trigl,True,10.352906,46.748822,2914,SNOW_FLAT
VSC2,2015,0,0,NA,NA,NA,0,0,0,0,NA,182,0.0,NA,NA,NA,False,2015/2016,SLF_IMIS_DAILY_SNOW,Trigl,True,10.352906,46.748822,2914,SNOW_FLAT
VSC2,2016,0,0,NA,NA,NA,0,0,0,0,NA,181,0.0,NA,NA,NA,False,2016/2017,SLF_IMIS_DAILY_SNOW,Trigl,True,10.352906,46.748822,2914,SNOW_FLAT
VSC2,2017,0,0,NA,NA,NA,0,0,0,0,NA,181,0.0,NA,NA,NA,False,2017/2018,SLF_IMIS_DAILY_SNOW,Trigl,True,10.352906,46.748822,2914,SNOW_FLAT
VSC2,2018,0,0,NA,NA,NA,0,0,0,0,NA,181,0.0,NA,NA,NA,False,2018/2019,SLF_IMIS_DAILY_SNOW,Trigl,True,10.352906,46.748822,2914,SNOW_FLAT
VSC2,2019,0,0,NA,NA,NA,0,0,0,0,NA,182,0.0,NA,NA,NA,False,2019/2020,SLF_IMIS_DAILY_SNOW,Trigl,True,10.352906,46.748822,2914,SNOW_FLAT
VSC2,2020,181,0,183.61325966850828,226.0,298.0,181,181,181,181,859.8,181,1.0,1.0,1.0,1.0,True,2020/2021,SLF_IMIS_DAILY_SNOW,Trigl,True,10.352906,46.748822,2914,SNOW_FLAT
VSC2,2021,181,0,112.2486187845304,108.0,181.0,180,180,178,181,651.4000000000001,181,1.0,0.994475138121547,0.994475138121547,0.9834254143646409,True,2021/2022,SLF_IMIS_DAILY_SNOW,Trigl,True,10.352906,46.748822,2914,SNOW_FLAT
VSC2,2022,181,0,100.7513812154696,99.0,197.0,181,177,174,181,601.5,181,1.0,1.0,0.9779005524861878,0.9613259668508287,True,2022/2023,SLF_IMIS_DAILY_SNOW,Trigl,True,10.352906,46.748822,2914,SNOW_FLAT
VSC2,2023,182,0,228.3846153846154,233.0,386.0,182,182,182,182,1335.3000000000002,182,1.0,1.0,1.0,1.0,True,2023/2024,SLF_IMIS_DAILY_SNOW,Trigl,True,10.352906,46.748822,2914,SNOW_FLAT
VSC2,2024,181,0,88.40883977900552,104.0,161.0,163,160,159,181,516.0,181,1.0,0.9005524861878453,0.8839779005524862,0.8784530386740331,True,2024/2025,SLF_IMIS_DAILY_SNOW,Trigl,True,10.352906,46.748822,2914,SNOW_FLAT
VSC2,2025,181,0,94.01657458563535,86.0,179.0,181,179,167,181,507.8,181,1.0,1.0,0.988950276243094,0.9226519337016574,True,2025/2026,SLF_IMIS_DAILY_SNOW,Trigl,True,10.352906,46.748822,2914,SNOW_FLAT
WAS2,2013,0,0,NA,NA,NA,0,0,0,0,NA,181,0.0,NA,NA,NA,False,2013/2014,SLF_IMIS_DAILY_SNOW,Teststation Rienzenstock,False,8.625968,46.684788,2390,SNOW_FLAT
WAS2,2014,0,0,NA,NA,NA,0,0,0,0,NA,181,0.0,NA,NA,NA,False,2014/2015,SLF_IMIS_DAILY_SNOW,Teststation Rienzenstock,False,8.625968,46.684788,2390,SNOW_FLAT
WAS2,2015,0,0,NA,NA,NA,0,0,0,0,NA,182,0.0,NA,NA,NA,False,2015/2016,SLF_IMIS_DAILY_SNOW,Teststation Rienzenstock,False,8.625968,46.684788,2390,SNOW_FLAT
WAS2,2016,0,0,NA,NA,NA,0,0,0,0,NA,181,0.0,NA,NA,NA,False,2016/2017,SLF_IMIS_DAILY_SNOW,Teststation Rienzenstock,False,8.625968,46.684788,2390,SNOW_FLAT
WAS2,2017,0,0,NA,NA,NA,0,0,0,0,NA,181,0.0,NA,NA,NA,False,2017/2018,SLF_IMIS_DAILY_SNOW,Teststation Rienzenstock,False,8.625968,46.684788,2390,SNOW_FLAT
WAS2,2018,0,0,NA,NA,NA,0,0,0,0,NA,181,0.0,NA,NA,NA,False,2018/2019,SLF_IMIS_DAILY_SNOW,Teststation Rienzenstock,False,8.625968,46.684788,2390,SNOW_FLAT
WAS2,2019,0,0,NA,NA,NA,0,0,0,0,NA,182,0.0,NA,NA,NA,False,2019/2020,SLF_IMIS_DAILY_SNOW,Teststation Rienzenstock,False,8.625968,46.684788,2390,SNOW_FLAT
WAS2,2020,0,0,NA,NA,NA,0,0,0,0,NA,181,0.0,NA,NA,NA,False,2020/2021,SLF_IMIS_DAILY_SNOW,Teststation Rienzenstock,False,8.625968,46.684788,2390,SNOW_FLAT
WAS2,2021,0,0,NA,NA,NA,0,0,0,0,NA,181,0.0,NA,NA,NA,False,2021/2022,SLF_IMIS_DAILY_SNOW,Teststation Rienzenstock,False,8.625968,46.684788,2390,SNOW_FLAT
WAS2,2022,0,0,NA,NA,NA,0,0,0,0,NA,181,0.0,NA,NA,NA,False,2022/2023,SLF_IMIS_DAILY_SNOW,Teststation Rienzenstock,False,8.625968,46.684788,2390,SNOW_FLAT
WAS2,2023,177,0,99.13559322033899,85.0,202.0,175,174,163,0,NA,182,0.9725274725274725,0.9887005649717514,0.9830508474576272,0.9209039548022598,True,2023/2024,SLF_IMIS_DAILY_SNOW,Teststation Rienzenstock,False,8.625968,46.684788,2390,SNOW_FLAT
WAS2,2024,0,0,NA,NA,NA,0,0,0,0,NA,181,0.0,NA,NA,NA,False,2024/2025,SLF_IMIS_DAILY_SNOW,Teststation Rienzenstock,False,8.625968,46.684788,2390,SNOW_FLAT
WAS2,2025,0,0,NA,NA,NA,0,0,0,0,NA,181,0.0,NA,NA,NA,False,2025/2026,SLF_IMIS_DAILY_SNOW,Teststation Rienzenstock,False,8.625968,46.684788,2390,SNOW_FLAT
WFJ2,2013,181,0,100.48066298342542,120.0,175.0,176,175,173,181,580.5999999999999,181,1.0,0.9723756906077348,0.9668508287292817,0.9558011049723757,True,2013/2014,SLF_IMIS_DAILY_SNOW,Weissfluhjoch,True,9.809289,46.829638,2536,SNOW_FLAT
WFJ2,2014,181,0,130.9060773480663,144.0,236.0,181,181,181,181,756.9,181,1.0,1.0,1.0,1.0,True,2014/2015,SLF_IMIS_DAILY_SNOW,Weissfluhjoch,True,9.809289,46.829638,2536,SNOW_FLAT
WFJ2,2015,182,0,104.08791208791209,123.5,204.0,162,161,161,182,772.6,182,1.0,0.8901098901098901,0.8846153846153846,0.8846153846153846,True,2015/2016,SLF_IMIS_DAILY_SNOW,Weissfluhjoch,True,9.809289,46.829638,2536,SNOW_FLAT
WFJ2,2016,181,0,87.7513812154696,92.0,192.0,175,171,130,181,697.0,181,1.0,0.9668508287292817,0.9447513812154696,0.7182320441988951,True,2016/2017,SLF_IMIS_DAILY_SNOW,Weissfluhjoch,True,9.809289,46.829638,2536,SNOW_FLAT
WFJ2,2017,181,0,183.6243093922652,230.0,304.0,181,176,176,181,994.8000000000002,181,1.0,1.0,0.9723756906077348,0.9723756906077348,True,2017/2018,SLF_IMIS_DAILY_SNOW,Weissfluhjoch,True,9.809289,46.829638,2536,SNOW_FLAT
WFJ2,2018,181,0,179.12707182320443,212.0,305.0,181,181,181,181,959.1,181,1.0,1.0,1.0,1.0,True,2018/2019,SLF_IMIS_DAILY_SNOW,Weissfluhjoch,True,9.809289,46.829638,2536,SNOW_FLAT
WFJ2,2019,182,0,128.9065934065934,138.0,232.0,177,177,171,182,763.8,182,1.0,0.9725274725274725,0.9725274725274725,0.9395604395604396,True,2019/2020,SLF_IMIS_DAILY_SNOW,Weissfluhjoch,True,9.809289,46.829638,2536,SNOW_FLAT
WFJ2,2020,181,0,153.24861878453038,189.0,271.0,181,181,181,181,815.7,181,1.0,1.0,1.0,1.0,True,2020/2021,SLF_IMIS_DAILY_SNOW,Weissfluhjoch,True,9.809289,46.829638,2536,SNOW_FLAT
WFJ2,2021,181,0,117.98342541436465,116.0,187.0,180,178,172,181,673.2,181,1.0,0.994475138121547,0.9834254143646409,0.9502762430939227,True,2021/2022,SLF_IMIS_DAILY_SNOW,Weissfluhjoch,True,9.809289,46.829638,2536,SNOW_FLAT
WFJ2,2022,181,0,89.45856353591161,91.0,186.0,177,162,159,181,727.5,181,1.0,0.9779005524861878,0.8950276243093923,0.8784530386740331,True,2022/2023,SLF_IMIS_DAILY_SNOW,Weissfluhjoch,True,9.809289,46.829638,2536,SNOW_FLAT
WFJ2,2023,182,0,182.54945054945054,190.0,278.0,182,181,180,182,1062.1999999999998,182,1.0,1.0,0.9945054945054945,0.989010989010989,True,2023/2024,SLF_IMIS_DAILY_SNOW,Weissfluhjoch,True,9.809289,46.829638,2536,SNOW_FLAT
WFJ2,2024,181,0,76.50828729281768,90.0,139.0,160,159,148,181,440.20000000000005,181,1.0,0.8839779005524862,0.8784530386740331,0.8176795580110497,True,2024/2025,SLF_IMIS_DAILY_SNOW,Weissfluhjoch,True,9.809289,46.829638,2536,SNOW_FLAT
WFJ2,2025,181,0,99.18232044198895,88.0,188.0,181,179,165,181,521.4000000000001,181,1.0,1.0,0.988950276243094,0.9116022099447514,True,2025/2026,SLF_IMIS_DAILY_SNOW,Weissfluhjoch,True,9.809289,46.829638,2536,SNOW_FLAT
YBR2,2013,181,0,35.27624309392265,39.0,82.0,152,148,123,181,577.8,181,1.0,0.8397790055248618,0.8176795580110497,0.6795580110497238,True,2013/2014,SLF_IMIS_DAILY_SNOW,Wanne,True,8.825416,47.035458,1701,SNOW_FLAT
YBR2,2014,181,0,66.07182320441989,77.0,141.0,155,141,132,181,697.9,181,1.0,0.856353591160221,0.7790055248618785,0.7292817679558011,True,2014/2015,SLF_IMIS_DAILY_SNOW,Wanne,True,8.825416,47.035458,1701,SNOW_FLAT
YBR2,2015,182,0,70.01648351648352,66.5,141.0,161,161,151,182,669.4000000000001,182,1.0,0.8846153846153846,0.8846153846153846,0.8296703296703297,True,2015/2016,SLF_IMIS_DAILY_SNOW,Wanne,True,8.825416,47.035458,1701,SNOW_FLAT
YBR2,2016,181,0,32.28176795580111,30.0,101.0,124,119,91,181,685.6,181,1.0,0.6850828729281768,0.6574585635359116,0.5027624309392266,True,2016/2017,SLF_IMIS_DAILY_SNOW,Wanne,True,8.825416,47.035458,1701,SNOW_FLAT
YBR2,2017,181,0,121.23756906077348,134.0,234.0,176,176,175,181,802.0,181,1.0,0.9723756906077348,0.9723756906077348,0.9668508287292817,True,2017/2018,SLF_IMIS_DAILY_SNOW,Wanne,True,8.825416,47.035458,1701,SNOW_FLAT
YBR2,2018,181,0,62.92817679558011,82.0,137.0,150,135,116,181,599.6,181,1.0,0.8287292817679558,0.7458563535911602,0.6408839779005525,True,2018/2019,SLF_IMIS_DAILY_SNOW,Wanne,True,8.825416,47.035458,1701,SNOW_FLAT
YBR2,2019,181,0,31.61878453038674,37.0,74.0,148,134,113,182,389.9,182,0.9945054945054945,0.8176795580110497,0.7403314917127072,0.6243093922651933,True,2019/2020,SLF_IMIS_DAILY_SNOW,Wanne,True,8.825416,47.035458,1701,SNOW_FLAT
YBR2,2020,181,0,73.73480662983425,91.0,164.0,162,150,134,181,939.9999999999999,181,1.0,0.8950276243093923,0.8287292817679558,0.7403314917127072,True,2020/2021,SLF_IMIS_DAILY_SNOW,Wanne,True,8.825416,47.035458,1701,SNOW_FLAT
YBR2,2021,181,0,72.11049723756906,81.0,119.0,165,155,153,181,577.7,181,1.0,0.9116022099447514,0.856353591160221,0.8453038674033149,True,2021/2022,SLF_IMIS_DAILY_SNOW,Wanne,True,8.825416,47.035458,1701,SNOW_FLAT
YBR2,2022,181,0,43.64088397790055,42.0,111.0,157,145,121,181,567.0,181,1.0,0.8674033149171271,0.8011049723756906,0.6685082872928176,True,2022/2023,SLF_IMIS_DAILY_SNOW,Wanne,True,8.825416,47.035458,1701,SNOW_FLAT
YBR2,2023,182,0,68.52747252747253,73.0,122.0,166,157,151,182,787.8999999999999,182,1.0,0.9120879120879121,0.8626373626373627,0.8296703296703297,True,2023/2024,SLF_IMIS_DAILY_SNOW,Wanne,True,8.825416,47.035458,1701,SNOW_FLAT
YBR2,2024,181,0,68.49171270718232,79.0,133.0,161,158,150,181,488.20000000000005,181,1.0,0.8895027624309392,0.8729281767955801,0.8287292817679558,True,2024/2025,SLF_IMIS_DAILY_SNOW,Wanne,True,8.825416,47.035458,1701,SNOW_FLAT
YBR2,2025,181,0,57.45303867403315,58.0,153.0,163,159,133,181,556.9,181,1.0,0.9005524861878453,0.8784530386740331,0.7348066298342542,True,2025/2026,SLF_IMIS_DAILY_SNOW,Wanne,True,8.825416,47.035458,1701,SNOW_FLAT
ZER2,2013,181,0,123.69613259668509,134.0,200.0,176,176,175,181,859.5,181,1.0,0.9723756906077348,0.9723756906077348,0.9668508287292817,True,2013/2014,SLF_IMIS_DAILY_SNOW,Triftchumme,True,7.727405,46.042177,2752,SNOW_FLAT
ZER2,2014,181,0,123.4696132596685,139.0,244.0,177,177,176,181,937.3,181,1.0,0.9779005524861878,0.9779005524861878,0.9723756906077348,True,2014/2015,SLF_IMIS_DAILY_SNOW,Triftchumme,True,7.727405,46.042177,2752,SNOW_FLAT
ZER2,2015,182,0,89.97252747252747,103.5,176.0,161,161,140,182,684.8,182,1.0,0.8846153846153846,0.8846153846153846,0.7692307692307693,True,2015/2016,SLF_IMIS_DAILY_SNOW,Triftchumme,True,7.727405,46.042177,2752,SNOW_FLAT
ZER2,2016,181,0,91.70718232044199,99.0,193.0,175,171,171,181,691.3,181,1.0,0.9668508287292817,0.9447513812154696,0.9447513812154696,True,2016/2017,SLF_IMIS_DAILY_SNOW,Triftchumme,True,7.727405,46.042177,2752,SNOW_FLAT
ZER2,2017,181,0,230.15469613259668,315.0,444.0,176,176,169,181,1304.7,181,1.0,0.9723756906077348,0.9723756906077348,0.9337016574585635,True,2017/2018,SLF_IMIS_DAILY_SNOW,Triftchumme,True,7.727405,46.042177,2752,SNOW_FLAT
ZER2,2018,181,0,183.86187845303868,215.0,302.0,181,181,181,181,995.2,181,1.0,1.0,1.0,1.0,True,2018/2019,SLF_IMIS_DAILY_SNOW,Triftchumme,True,7.727405,46.042177,2752,SNOW_FLAT
ZER2,2019,182,0,152.57142857142858,167.0,250.0,179,174,168,182,934.3,182,1.0,0.9835164835164835,0.9560439560439561,0.9230769230769231,True,2019/2020,SLF_IMIS_DAILY_SNOW,Triftchumme,True,7.727405,46.042177,2752,SNOW_FLAT
ZER2,2020,153,0,137.47058823529412,120.0,316.0,153,153,120,152,915.9,181,0.8453038674033149,1.0,1.0,0.7843137254901961,True,2020/2021,SLF_IMIS_DAILY_SNOW,Triftchumme,True,7.727405,46.042177,2752,SNOW_FLAT
ZER2,2021,181,0,97.6353591160221,113.0,165.0,180,172,156,181,633.5,181,1.0,0.994475138121547,0.9502762430939227,0.861878453038674,True,2021/2022,SLF_IMIS_DAILY_SNOW,Triftchumme,True,7.727405,46.042177,2752,SNOW_FLAT
ZER2,2022,181,0,99.25414364640883,84.0,232.0,167,163,148,181,827.0000000000001,181,1.0,0.9226519337016574,0.9005524861878453,0.8176795580110497,True,2022/2023,SLF_IMIS_DAILY_SNOW,Triftchumme,True,7.727405,46.042177,2752,SNOW_FLAT
ZER2,2023,182,0,141.44505494505495,149.0,231.0,180,178,174,182,950.5,182,1.0,0.989010989010989,0.978021978021978,0.9560439560439561,True,2023/2024,SLF_IMIS_DAILY_SNOW,Triftchumme,True,7.727405,46.042177,2752,SNOW_FLAT
ZER2,2024,181,0,87.0939226519337,106.0,189.0,161,161,161,181,635.5,181,1.0,0.8895027624309392,0.8895027624309392,0.8895027624309392,True,2024/2025,SLF_IMIS_DAILY_SNOW,Triftchumme,True,7.727405,46.042177,2752,SNOW_FLAT
ZER2,2025,181,0,124.17127071823204,96.0,284.0,181,181,181,181,779.5,181,1.0,1.0,1.0,1.0,True,2025/2026,SLF_IMIS_DAILY_SNOW,Triftchumme,True,7.727405,46.042177,2752,SNOW_FLAT
ZER3,2013,0,0,NA,NA,NA,0,0,0,0,NA,181,0.0,NA,NA,NA,False,2013/2014,SLF_IMIS_DAILY_SNOW,Wisshorn,False,7.734434,46.037652,2930,SNOW_FLAT
ZER3,2014,0,0,NA,NA,NA,0,0,0,0,NA,181,0.0,NA,NA,NA,False,2014/2015,SLF_IMIS_DAILY_SNOW,Wisshorn,False,7.734434,46.037652,2930,SNOW_FLAT
ZER3,2015,0,0,NA,NA,NA,0,0,0,0,NA,182,0.0,NA,NA,NA,False,2015/2016,SLF_IMIS_DAILY_SNOW,Wisshorn,False,7.734434,46.037652,2930,SNOW_FLAT
ZER3,2016,0,0,NA,NA,NA,0,0,0,0,NA,181,0.0,NA,NA,NA,False,2016/2017,SLF_IMIS_DAILY_SNOW,Wisshorn,False,7.734434,46.037652,2930,SNOW_FLAT
ZER3,2017,0,0,NA,NA,NA,0,0,0,0,NA,181,0.0,NA,NA,NA,False,2017/2018,SLF_IMIS_DAILY_SNOW,Wisshorn,False,7.734434,46.037652,2930,SNOW_FLAT
ZER3,2018,0,0,NA,NA,NA,0,0,0,0,NA,181,0.0,NA,NA,NA,False,2018/2019,SLF_IMIS_DAILY_SNOW,Wisshorn,False,7.734434,46.037652,2930,SNOW_FLAT
ZER3,2019,0,0,NA,NA,NA,0,0,0,0,NA,182,0.0,NA,NA,NA,False,2019/2020,SLF_IMIS_DAILY_SNOW,Wisshorn,False,7.734434,46.037652,2930,SNOW_FLAT
ZER3,2020,0,0,NA,NA,NA,0,0,0,0,NA,181,0.0,NA,NA,NA,False,2020/2021,SLF_IMIS_DAILY_SNOW,Wisshorn,False,7.734434,46.037652,2930,SNOW_FLAT
ZER3,2021,0,0,NA,NA,NA,0,0,0,0,NA,181,0.0,NA,NA,NA,False,2021/2022,SLF_IMIS_DAILY_SNOW,Wisshorn,False,7.734434,46.037652,2930,SNOW_FLAT
ZER3,2022,0,0,NA,NA,NA,0,0,0,0,NA,181,0.0,NA,NA,NA,False,2022/2023,SLF_IMIS_DAILY_SNOW,Wisshorn,False,7.734434,46.037652,2930,SNOW_FLAT
ZER3,2023,0,0,NA,NA,NA,0,0,0,0,NA,182,0.0,NA,NA,NA,False,2023/2024,SLF_IMIS_DAILY_SNOW,Wisshorn,False,7.734434,46.037652,2930,SNOW_FLAT
ZER3,2024,0,0,NA,NA,NA,0,0,0,0,NA,181,0.0,NA,NA,NA,False,2024/2025,SLF_IMIS_DAILY_SNOW,Wisshorn,False,7.734434,46.037652,2930,SNOW_FLAT
ZER3,2025,0,0,NA,NA,NA,0,0,0,0,NA,181,0.0,NA,NA,NA,False,2025/2026,SLF_IMIS_DAILY_SNOW,Wisshorn,False,7.734434,46.037652,2930,SNOW_FLAT
ZER4,2013,181,0,109.23204419889503,118.0,177.0,176,175,171,181,728.3000000000001,181,1.0,0.9723756906077348,0.9668508287292817,0.9447513812154696,True,2013/2014,SLF_IMIS_DAILY_SNOW,Stafelalp,True,7.702391,45.997989,2408,SNOW_FLAT
ZER4,2014,181,0,98.90055248618785,100.0,159.0,177,177,177,181,592.5,181,1.0,0.9779005524861878,0.9779005524861878,0.9779005524861878,True,2014/2015,SLF_IMIS_DAILY_SNOW,Stafelalp,True,7.702391,45.997989,2408,SNOW_FLAT
ZER4,2015,182,0,62.60989010989011,68.5,134.0,161,131,117,182,489.49999999999994,182,1.0,0.8846153846153846,0.7197802197802198,0.6428571428571429,True,2015/2016,SLF_IMIS_DAILY_SNOW,Stafelalp,True,7.702391,45.997989,2408,SNOW_FLAT
ZER4,2016,181,0,69.61325966850829,62.0,125.0,175,171,170,181,484.1,181,1.0,0.9668508287292817,0.9447513812154696,0.9392265193370166,True,2016/2017,SLF_IMIS_DAILY_SNOW,Stafelalp,True,7.702391,45.997989,2408,SNOW_FLAT
ZER4,2017,181,0,143.19337016574585,191.0,236.0,176,175,162,181,813.0,181,1.0,0.9723756906077348,0.9668508287292817,0.8950276243093923,True,2017/2018,SLF_IMIS_DAILY_SNOW,Stafelalp,True,7.702391,45.997989,2408,SNOW_FLAT
ZER4,2018,181,0,124.29834254143647,137.0,188.0,181,181,181,181,533.0,181,1.0,1.0,1.0,1.0,True,2018/2019,SLF_IMIS_DAILY_SNOW,Stafelalp,True,7.702391,45.997989,2408,SNOW_FLAT
ZER4,2019,182,0,87.56593406593407,96.5,138.0,178,174,168,182,522.6,182,1.0,0.978021978021978,0.9560439560439561,0.9230769230769231,True,2019/2020,SLF_IMIS_DAILY_SNOW,Stafelalp,True,7.702391,45.997989,2408,SNOW_FLAT
ZER4,2020,181,0,71.16022099447514,82.0,144.0,147,147,137,181,472.4000000000001,181,1.0,0.8121546961325967,0.8121546961325967,0.7569060773480663,True,2020/2021,SLF_IMIS_DAILY_SNOW,Stafelalp,True,7.702391,45.997989,2408,SNOW_FLAT
ZER4,2021,181,0,67.55801104972376,78.0,104.0,178,172,152,181,374.1,181,1.0,0.9834254143646409,0.9502762430939227,0.8397790055248618,True,2021/2022,SLF_IMIS_DAILY_SNOW,Stafelalp,True,7.702391,45.997989,2408,SNOW_FLAT
ZER4,2022,181,0,69.56353591160222,65.0,131.0,171,163,149,181,477.0,181,1.0,0.9447513812154696,0.9005524861878453,0.8232044198895028,True,2022/2023,SLF_IMIS_DAILY_SNOW,Stafelalp,True,7.702391,45.997989,2408,SNOW_FLAT
ZER4,2023,182,0,84.92857142857143,82.0,169.0,180,167,156,182,693.7,182,1.0,0.989010989010989,0.9175824175824175,0.8571428571428571,True,2023/2024,SLF_IMIS_DAILY_SNOW,Stafelalp,True,7.702391,45.997989,2408,SNOW_FLAT
ZER4,2024,181,0,77.79558011049724,85.0,175.0,170,161,160,181,522.3,181,1.0,0.9392265193370166,0.8895027624309392,0.8839779005524862,True,2024/2025,SLF_IMIS_DAILY_SNOW,Stafelalp,True,7.702391,45.997989,2408,SNOW_FLAT
ZER4,2025,181,0,70.24309392265194,65.0,152.0,181,161,155,181,415.90000000000003,181,1.0,1.0,0.8895027624309392,0.856353591160221,True,2025/2026,SLF_IMIS_DAILY_SNOW,Stafelalp,True,7.702391,45.997989,2408,SNOW_FLAT
ZER5,2013,0,0,NA,NA,NA,0,0,0,0,NA,181,0.0,NA,NA,NA,False,2013/2014,SLF_IMIS_DAILY_SNOW,Alp Hermetje,False,7.712915,45.996327,2380,SNOW_FLAT
ZER5,2014,0,0,NA,NA,NA,0,0,0,0,NA,181,0.0,NA,NA,NA,False,2014/2015,SLF_IMIS_DAILY_SNOW,Alp Hermetje,False,7.712915,45.996327,2380,SNOW_FLAT
ZER5,2015,0,0,NA,NA,NA,0,0,0,0,NA,182,0.0,NA,NA,NA,False,2015/2016,SLF_IMIS_DAILY_SNOW,Alp Hermetje,False,7.712915,45.996327,2380,SNOW_FLAT
ZER5,2016,0,0,NA,NA,NA,0,0,0,0,NA,181,0.0,NA,NA,NA,False,2016/2017,SLF_IMIS_DAILY_SNOW,Alp Hermetje,False,7.712915,45.996327,2380,SNOW_FLAT
ZER5,2017,0,0,NA,NA,NA,0,0,0,0,NA,181,0.0,NA,NA,NA,False,2017/2018,SLF_IMIS_DAILY_SNOW,Alp Hermetje,False,7.712915,45.996327,2380,SNOW_FLAT
ZER5,2018,0,0,NA,NA,NA,0,0,0,0,NA,181,0.0,NA,NA,NA,False,2018/2019,SLF_IMIS_DAILY_SNOW,Alp Hermetje,False,7.712915,45.996327,2380,SNOW_FLAT
ZER5,2019,0,0,NA,NA,NA,0,0,0,0,NA,182,0.0,NA,NA,NA,False,2019/2020,SLF_IMIS_DAILY_SNOW,Alp Hermetje,False,7.712915,45.996327,2380,SNOW_FLAT
ZER5,2020,0,0,NA,NA,NA,0,0,0,0,NA,181,0.0,NA,NA,NA,False,2020/2021,SLF_IMIS_DAILY_SNOW,Alp Hermetje,False,7.712915,45.996327,2380,SNOW_FLAT
ZER5,2021,0,0,NA,NA,NA,0,0,0,0,NA,181,0.0,NA,NA,NA,False,2021/2022,SLF_IMIS_DAILY_SNOW,Alp Hermetje,False,7.712915,45.996327,2380,SNOW_FLAT
ZER5,2022,0,0,NA,NA,NA,0,0,0,0,NA,181,0.0,NA,NA,NA,False,2022/2023,SLF_IMIS_DAILY_SNOW,Alp Hermetje,False,7.712915,45.996327,2380,SNOW_FLAT
ZER5,2023,0,0,NA,NA,NA,0,0,0,0,NA,182,0.0,NA,NA,NA,False,2023/2024,SLF_IMIS_DAILY_SNOW,Alp Hermetje,False,7.712915,45.996327,2380,SNOW_FLAT
ZER5,2024,0,0,NA,NA,NA,0,0,0,0,NA,181,0.0,NA,NA,NA,False,2024/2025,SLF_IMIS_DAILY_SNOW,Alp Hermetje,False,7.712915,45.996327,2380,SNOW_FLAT
ZER5,2025,0,0,NA,NA,NA,0,0,0,0,NA,181,0.0,NA,NA,NA,False,2025/2026,SLF_IMIS_DAILY_SNOW,Alp Hermetje,False,7.712915,45.996327,2380,SNOW_FLAT
ZNZ2,2013,181,0,147.79005524861878,160.0,229.0,181,181,178,181,798.3,181,1.0,1.0,1.0,0.9834254143646409,True,2013/2014,SLF_IMIS_DAILY_SNOW,Pülschezza,True,10.018844,46.697716,2677,SNOW_FLAT
ZNZ2,2014,181,0,129.0331491712707,143.0,222.0,181,181,176,181,704.9,181,1.0,1.0,1.0,0.9723756906077348,True,2014/2015,SLF_IMIS_DAILY_SNOW,Pülschezza,True,10.018844,46.697716,2677,SNOW_FLAT
ZNZ2,2015,182,0,94.95604395604396,98.5,171.0,182,161,155,182,671.9,182,1.0,1.0,0.8846153846153846,0.8516483516483516,True,2015/2016,SLF_IMIS_DAILY_SNOW,Pülschezza,True,10.018844,46.697716,2677,SNOW_FLAT
ZNZ2,2016,181,0,85.09944751381215,83.0,180.0,175,175,133,181,655.4000000000001,181,1.0,0.9668508287292817,0.9668508287292817,0.7348066298342542,True,2016/2017,SLF_IMIS_DAILY_SNOW,Pülschezza,True,10.018844,46.697716,2677,SNOW_FLAT
ZNZ2,2017,181,0,162.1878453038674,207.0,265.0,176,175,174,181,922.1999999999999,181,1.0,0.9723756906077348,0.9668508287292817,0.9613259668508287,True,2017/2018,SLF_IMIS_DAILY_SNOW,Pülschezza,True,10.018844,46.697716,2677,SNOW_FLAT
ZNZ2,2018,181,0,163.28176795580112,180.0,260.0,181,181,181,181,833.0,181,1.0,1.0,1.0,1.0,True,2018/2019,SLF_IMIS_DAILY_SNOW,Pülschezza,True,10.018844,46.697716,2677,SNOW_FLAT
ZNZ2,2019,182,0,142.02747252747253,158.5,231.0,179,177,176,182,811.5,182,1.0,0.9835164835164835,0.9725274725274725,0.967032967032967,True,2019/2020,SLF_IMIS_DAILY_SNOW,Pülschezza,True,10.018844,46.697716,2677,SNOW_FLAT
ZNZ2,2020,181,0,149.646408839779,195.0,247.0,181,181,169,181,804.8,181,1.0,1.0,1.0,0.9337016574585635,True,2020/2021,SLF_IMIS_DAILY_SNOW,Pülschezza,True,10.018844,46.697716,2677,SNOW_FLAT
ZNZ2,2021,181,0,93.07734806629834,89.0,153.0,180,178,169,181,566.5,181,1.0,0.994475138121547,0.9834254143646409,0.9337016574585635,True,2021/2022,SLF_IMIS_DAILY_SNOW,Pülschezza,True,10.018844,46.697716,2677,SNOW_FLAT
ZNZ2,2022,181,0,86.88397790055248,90.0,173.0,177,165,160,181,724.8999999999999,181,1.0,0.9779005524861878,0.9116022099447514,0.8839779005524862,True,2022/2023,SLF_IMIS_DAILY_SNOW,Pülschezza,True,10.018844,46.697716,2677,SNOW_FLAT
ZNZ2,2023,182,0,178.9065934065934,167.0,308.0,182,182,182,182,1169.5,182,1.0,1.0,1.0,1.0,True,2023/2024,SLF_IMIS_DAILY_SNOW,Pülschezza,True,10.018844,46.697716,2677,SNOW_FLAT
ZNZ2,2024,181,0,80.35911602209944,100.0,136.0,161,161,154,181,486.8,181,1.0,0.8895027624309392,0.8895027624309392,0.850828729281768,True,2024/2025,SLF_IMIS_DAILY_SNOW,Pülschezza,True,10.018844,46.697716,2677,SNOW_FLAT
ZNZ2,2025,181,0,108.55801104972376,98.0,199.0,181,181,179,181,608.8,181,1.0,1.0,1.0,0.988950276243094,True,2025/2026,SLF_IMIS_DAILY_SNOW,Pülschezza,True,10.018844,46.697716,2677,SNOW_FLAT
