destination_unit_id,destination_name,analysis_anchor,donor_municipality_bfs_id,donor_municipality_name,donor_resort_listing_count,known_magic_exposure_from_resolved_links,same_as_treated_outcome_scope,minimum_resort_point_distance_km,within_15km,within_30km,within_50km,observed_pre_months,observed_post_months,has_36_observed_pre_months,has_24_observed_post_months,provisional_donor_30km_36pre,unresolved_membership_contamination_cleared,time_varying_confounders_available,causal_control_approved,screening_note
anniviers_magic_portfolio,Anniviers Magic Pass portfolio,2017-11-01,355,Köniz,1,False,False,76.841,False,False,False,58,99,True,True,True,False,False,False,"A provisional donor flag is only an upper-bound screen; unresolved membership, spillovers, and confounders remain."
anniviers_magic_portfolio,Anniviers Magic Pass portfolio,2017-11-01,561,Adelboden,2,False,False,22.472,False,True,True,58,101,True,True,False,False,False,False,"A provisional donor flag is only an upper-bound screen; unresolved membership, spillovers, and confounders remain."
anniviers_magic_portfolio,Anniviers Magic Pass portfolio,2017-11-01,562,Aeschi bei Spiez,1,False,False,46.298,False,False,True,58,101,True,True,True,False,False,False,"A provisional donor flag is only an upper-bound screen; unresolved membership, spillovers, and confounders remain."
anniviers_magic_portfolio,Anniviers Magic Pass portfolio,2017-11-01,567,Reichenbach im Kandertal,2,True,False,38.802,False,False,True,58,99,True,True,False,False,False,False,"A provisional donor flag is only an upper-bound screen; unresolved membership, spillovers, and confounders remain."
anniviers_magic_portfolio,Anniviers Magic Pass portfolio,2017-11-01,571,Beatenberg,1,False,False,53.146,False,False,False,58,101,True,True,True,False,False,False,"A provisional donor flag is only an upper-bound screen; unresolved membership, spillovers, and confounders remain."
anniviers_magic_portfolio,Anniviers Magic Pass portfolio,2017-11-01,573,Brienz (BE),1,True,False,62.143,False,False,False,58,101,True,True,False,False,False,False,"A provisional donor flag is only an upper-bound screen; unresolved membership, spillovers, and confounders remain."
anniviers_magic_portfolio,Anniviers Magic Pass portfolio,2017-11-01,576,Grindelwald,1,False,False,48.641,False,False,True,58,101,True,True,True,False,False,False,"A provisional donor flag is only an upper-bound screen; unresolved membership, spillovers, and confounders remain."
anniviers_magic_portfolio,Anniviers Magic Pass portfolio,2017-11-01,584,Lauterbrunnen,1,False,False,40.489,False,False,True,58,101,True,True,True,False,False,False,"A provisional donor flag is only an upper-bound screen; unresolved membership, spillovers, and confounders remain."
anniviers_magic_portfolio,Anniviers Magic Pass portfolio,2017-11-01,762,Diemtigen,3,True,False,37.411,False,False,True,58,100,True,True,False,False,False,False,"A provisional donor flag is only an upper-bound screen; unresolved membership, spillovers, and confounders remain."
anniviers_magic_portfolio,Anniviers Magic Pass portfolio,2017-11-01,783,Hasliberg,1,True,False,73.727,False,False,False,58,99,True,True,False,False,False,False,"A provisional donor flag is only an upper-bound screen; unresolved membership, spillovers, and confounders remain."
anniviers_magic_portfolio,Anniviers Magic Pass portfolio,2017-11-01,784,Innertkirchen,1,False,False,79.238,False,False,False,58,99,True,True,True,False,False,False,"A provisional donor flag is only an upper-bound screen; unresolved membership, spillovers, and confounders remain."
anniviers_magic_portfolio,Anniviers Magic Pass portfolio,2017-11-01,792,Lenk,1,False,False,27.073,False,True,True,58,101,True,True,False,False,False,False,"A provisional donor flag is only an upper-bound screen; unresolved membership, spillovers, and confounders remain."
anniviers_magic_portfolio,Anniviers Magic Pass portfolio,2017-11-01,843,Saanen,1,True,False,36.199,False,False,True,58,101,True,True,False,False,False,False,"A provisional donor flag is only an upper-bound screen; unresolved membership, spillovers, and confounders remain."
anniviers_magic_portfolio,Anniviers Magic Pass portfolio,2017-11-01,906,Schangnau,1,True,False,66.605,False,False,False,58,99,True,True,False,False,False,False,"A provisional donor flag is only an upper-bound screen; unresolved membership, spillovers, and confounders remain."
anniviers_magic_portfolio,Anniviers Magic Pass portfolio,2017-11-01,938,Sigriswil,1,True,False,55.761,False,False,False,58,101,True,True,False,False,False,False,"A provisional donor flag is only an upper-bound screen; unresolved membership, spillovers, and confounders remain."
anniviers_magic_portfolio,Anniviers Magic Pass portfolio,2017-11-01,1202,Andermatt,1,False,False,86.631,False,False,False,58,101,True,True,True,False,False,False,"A provisional donor flag is only an upper-bound screen; unresolved membership, spillovers, and confounders remain."
anniviers_magic_portfolio,Anniviers Magic Pass portfolio,2017-11-01,1301,Einsiedeln,3,False,False,131.91,False,False,False,58,101,True,True,True,False,False,False,"A provisional donor flag is only an upper-bound screen; unresolved membership, spillovers, and confounders remain."
anniviers_magic_portfolio,Anniviers Magic Pass portfolio,2017-11-01,1331,Küssnacht (SZ),1,False,False,113.008,False,False,False,58,101,True,True,True,False,False,False,"A provisional donor flag is only an upper-bound screen; unresolved membership, spillovers, and confounders remain."
anniviers_magic_portfolio,Anniviers Magic Pass portfolio,2017-11-01,1366,Morschach,1,False,False,114.571,False,False,False,58,101,True,True,True,False,False,False,"A provisional donor flag is only an upper-bound screen; unresolved membership, spillovers, and confounders remain."
anniviers_magic_portfolio,Anniviers Magic Pass portfolio,2017-11-01,1372,Schwyz,2,False,False,121.402,False,False,False,58,101,True,True,True,False,False,False,"A provisional donor flag is only an upper-bound screen; unresolved membership, spillovers, and confounders remain."
anniviers_magic_portfolio,Anniviers Magic Pass portfolio,2017-11-01,1402,Engelberg,1,False,False,89.767,False,False,False,58,101,True,True,True,False,False,False,"A provisional donor flag is only an upper-bound screen; unresolved membership, spillovers, and confounders remain."
anniviers_magic_portfolio,Anniviers Magic Pass portfolio,2017-11-01,1407,Sarnen,1,False,False,82.617,False,False,False,58,101,True,True,True,False,False,False,"A provisional donor flag is only an upper-bound screen; unresolved membership, spillovers, and confounders remain."
anniviers_magic_portfolio,Anniviers Magic Pass portfolio,2017-11-01,1501,Beckenried,1,True,False,102.215,False,False,False,58,99,True,True,False,False,False,False,"A provisional donor flag is only an upper-bound screen; unresolved membership, spillovers, and confounders remain."
anniviers_magic_portfolio,Anniviers Magic Pass portfolio,2017-11-01,1630,Glarus Nord,2,False,False,146.557,False,False,False,58,101,True,True,True,False,False,False,"A provisional donor flag is only an upper-bound screen; unresolved membership, spillovers, and confounders remain."
anniviers_magic_portfolio,Anniviers Magic Pass portfolio,2017-11-01,1631,Glarus Süd,2,False,False,131.692,False,False,False,58,101,True,True,True,False,False,False,"A provisional donor flag is only an upper-bound screen; unresolved membership, spillovers, and confounders remain."
anniviers_magic_portfolio,Anniviers Magic Pass portfolio,2017-11-01,1709,Unterägeri,1,False,False,122.115,False,False,False,58,101,True,True,True,False,False,False,"A provisional donor flag is only an upper-bound screen; unresolved membership, spillovers, and confounders remain."
anniviers_magic_portfolio,Anniviers Magic Pass portfolio,2017-11-01,2125,Bulle,1,False,False,60.211,False,False,False,58,99,True,True,True,False,False,False,"A provisional donor flag is only an upper-bound screen; unresolved membership, spillovers, and confounders remain."
anniviers_magic_portfolio,Anniviers Magic Pass portfolio,2017-11-01,2135,Gruyères,1,True,False,57.308,False,False,False,58,99,True,True,False,False,False,False,"A provisional donor flag is only an upper-bound screen; unresolved membership, spillovers, and confounders remain."
anniviers_magic_portfolio,Anniviers Magic Pass portfolio,2017-11-01,2299,Plaffeien,1,False,False,60.498,False,False,False,58,99,True,True,True,False,False,False,"A provisional donor flag is only an upper-bound screen; unresolved membership, spillovers, and confounders remain."
anniviers_magic_portfolio,Anniviers Magic Pass portfolio,2017-11-01,3022,Gais,1,False,False,188.289,False,False,False,58,101,True,True,True,False,False,False,"A provisional donor flag is only an upper-bound screen; unresolved membership, spillovers, and confounders remain."
anniviers_magic_portfolio,Anniviers Magic Pass portfolio,2017-11-01,3032,Heiden,1,False,False,197.423,False,False,False,58,100,True,True,True,False,False,False,"A provisional donor flag is only an upper-bound screen; unresolved membership, spillovers, and confounders remain."
anniviers_magic_portfolio,Anniviers Magic Pass portfolio,2017-11-01,3102,Gonten,2,False,False,177.168,False,False,False,58,101,True,True,True,False,False,False,"A provisional donor flag is only an upper-bound screen; unresolved membership, spillovers, and confounders remain."
anniviers_magic_portfolio,Anniviers Magic Pass portfolio,2017-11-01,3271,Buchs (SG),1,False,False,171.423,False,False,False,58,101,True,True,True,False,False,False,"A provisional donor flag is only an upper-bound screen; unresolved membership, spillovers, and confounders remain."
anniviers_magic_portfolio,Anniviers Magic Pass portfolio,2017-11-01,3291,Bad Ragaz,1,False,False,162.136,False,False,False,58,101,True,True,True,False,False,False,"A provisional donor flag is only an upper-bound screen; unresolved membership, spillovers, and confounders remain."
anniviers_magic_portfolio,Anniviers Magic Pass portfolio,2017-11-01,3295,Quarten,1,False,False,156.923,False,False,False,58,101,True,True,True,False,False,False,"A provisional donor flag is only an upper-bound screen; unresolved membership, spillovers, and confounders remain."
anniviers_magic_portfolio,Anniviers Magic Pass portfolio,2017-11-01,3311,Amden,1,False,False,155.356,False,False,False,58,101,True,True,True,False,False,False,"A provisional donor flag is only an upper-bound screen; unresolved membership, spillovers, and confounders remain."
anniviers_magic_portfolio,Anniviers Magic Pass portfolio,2017-11-01,3342,Eschenbach (SG),2,False,False,154.437,False,False,False,58,101,True,True,True,False,False,False,"A provisional donor flag is only an upper-bound screen; unresolved membership, spillovers, and confounders remain."
anniviers_magic_portfolio,Anniviers Magic Pass portfolio,2017-11-01,3359,Wildhaus-Alt St. Johann,1,False,False,166.218,False,False,False,58,101,True,True,True,False,False,False,"A provisional donor flag is only an upper-bound screen; unresolved membership, spillovers, and confounders remain."
anniviers_magic_portfolio,Anniviers Magic Pass portfolio,2017-11-01,3396,Neckertal,3,False,False,166.044,False,False,False,0,39,False,True,False,False,False,False,"A provisional donor flag is only an upper-bound screen; unresolved membership, spillovers, and confounders remain."
anniviers_magic_portfolio,Anniviers Magic Pass portfolio,2017-11-01,3543,Surses,2,False,False,153.741,False,False,False,22,101,False,True,False,False,False,False,"A provisional donor flag is only an upper-bound screen; unresolved membership, spillovers, and confounders remain."
anniviers_magic_portfolio,Anniviers Magic Pass portfolio,2017-11-01,3575,Laax,1,False,False,140.077,False,False,False,58,101,True,True,True,False,False,False,"A provisional donor flag is only an upper-bound screen; unresolved membership, spillovers, and confounders remain."
anniviers_magic_portfolio,Anniviers Magic Pass portfolio,2017-11-01,3603,Vals,1,False,False,124.158,False,False,False,58,101,True,True,True,False,False,False,"A provisional donor flag is only an upper-bound screen; unresolved membership, spillovers, and confounders remain."
anniviers_magic_portfolio,Anniviers Magic Pass portfolio,2017-11-01,3714,Rheinwald,1,False,False,134.348,False,False,False,0,85,False,True,False,False,False,False,"A provisional donor flag is only an upper-bound screen; unresolved membership, spillovers, and confounders remain."
anniviers_magic_portfolio,Anniviers Magic Pass portfolio,2017-11-01,3752,Samnaun,1,False,False,226.393,False,False,False,58,101,True,True,True,False,False,False,"A provisional donor flag is only an upper-bound screen; unresolved membership, spillovers, and confounders remain."
anniviers_magic_portfolio,Anniviers Magic Pass portfolio,2017-11-01,3762,Scuol,1,False,False,212.533,False,False,False,58,101,True,True,True,False,False,False,"A provisional donor flag is only an upper-bound screen; unresolved membership, spillovers, and confounders remain."
anniviers_magic_portfolio,Anniviers Magic Pass portfolio,2017-11-01,3782,Celerina/Schlarigna,1,False,False,171.8,False,False,False,58,101,True,True,True,False,False,False,"A provisional donor flag is only an upper-bound screen; unresolved membership, spillovers, and confounders remain."
anniviers_magic_portfolio,Anniviers Magic Pass portfolio,2017-11-01,3784,Pontresina,2,False,False,178.178,False,False,False,58,99,True,True,True,False,False,False,"A provisional donor flag is only an upper-bound screen; unresolved membership, spillovers, and confounders remain."
anniviers_magic_portfolio,Anniviers Magic Pass portfolio,2017-11-01,3786,Samedan,2,False,False,175.429,False,False,False,58,101,True,True,True,False,False,False,"A provisional donor flag is only an upper-bound screen; unresolved membership, spillovers, and confounders remain."
anniviers_magic_portfolio,Anniviers Magic Pass portfolio,2017-11-01,3792,Bregaglia,1,False,False,161.453,False,False,False,58,101,True,True,True,False,False,False,"A provisional donor flag is only an upper-bound screen; unresolved membership, spillovers, and confounders remain."
anniviers_magic_portfolio,Anniviers Magic Pass portfolio,2017-11-01,3847,Val Müstair,1,False,False,213.13,False,False,False,58,101,True,True,True,False,False,False,"A provisional donor flag is only an upper-bound screen; unresolved membership, spillovers, and confounders remain."
anniviers_magic_portfolio,Anniviers Magic Pass portfolio,2017-11-01,3851,Davos,5,False,False,176.597,False,False,False,58,101,True,True,True,False,False,False,"A provisional donor flag is only an upper-bound screen; unresolved membership, spillovers, and confounders remain."
anniviers_magic_portfolio,Anniviers Magic Pass portfolio,2017-11-01,3871,Klosters,1,False,False,187.201,False,False,False,58,101,True,True,True,False,False,False,"A provisional donor flag is only an upper-bound screen; unresolved membership, spillovers, and confounders remain."
anniviers_magic_portfolio,Anniviers Magic Pass portfolio,2017-11-01,3901,Chur,2,False,False,163.416,False,False,False,58,101,True,True,True,False,False,False,"A provisional donor flag is only an upper-bound screen; unresolved membership, spillovers, and confounders remain."
anniviers_magic_portfolio,Anniviers Magic Pass portfolio,2017-11-01,3921,Arosa,1,False,False,169.399,False,False,False,58,101,True,True,True,False,False,False,"A provisional donor flag is only an upper-bound screen; unresolved membership, spillovers, and confounders remain."
anniviers_magic_portfolio,Anniviers Magic Pass portfolio,2017-11-01,3981,Breil/Brigels,1,False,False,127.785,False,False,False,58,101,True,True,True,False,False,False,"A provisional donor flag is only an upper-bound screen; unresolved membership, spillovers, and confounders remain."
anniviers_magic_portfolio,Anniviers Magic Pass portfolio,2017-11-01,3986,Tujetsch,2,False,False,96.661,False,False,False,58,101,True,True,True,False,False,False,"A provisional donor flag is only an upper-bound screen; unresolved membership, spillovers, and confounders remain."
anniviers_magic_portfolio,Anniviers Magic Pass portfolio,2017-11-01,5407,Leysin,1,False,False,46.439,False,False,True,58,99,True,True,True,False,False,False,"A provisional donor flag is only an upper-bound screen; unresolved membership, spillovers, and confounders remain."
anniviers_magic_portfolio,Anniviers Magic Pass portfolio,2017-11-01,5409,Ollon,1,True,False,40.978,False,False,True,58,99,True,True,False,False,False,False,"A provisional donor flag is only an upper-bound screen; unresolved membership, spillovers, and confounders remain."
anniviers_magic_portfolio,Anniviers Magic Pass portfolio,2017-11-01,5411,Ormont-Dessus,1,False,False,36.689,False,False,True,58,99,True,True,True,False,False,False,"A provisional donor flag is only an upper-bound screen; unresolved membership, spillovers, and confounders remain."
anniviers_magic_portfolio,Anniviers Magic Pass portfolio,2017-11-01,5552,Bullet,1,True,False,106.684,False,False,False,58,99,True,True,False,False,False,False,"A provisional donor flag is only an upper-bound screen; unresolved membership, spillovers, and confounders remain."
anniviers_magic_portfolio,Anniviers Magic Pass portfolio,2017-11-01,5872,Le Chenit,1,True,False,110.445,False,False,False,58,101,True,True,False,False,False,False,"A provisional donor flag is only an upper-bound screen; unresolved membership, spillovers, and confounders remain."
anniviers_magic_portfolio,Anniviers Magic Pass portfolio,2017-11-01,5886,Montreux,1,False,False,56.935,False,False,False,58,101,True,True,True,False,False,False,"A provisional donor flag is only an upper-bound screen; unresolved membership, spillovers, and confounders remain."
anniviers_magic_portfolio,Anniviers Magic Pass portfolio,2017-11-01,5892,Blonay - Saint-Légier,1,True,False,60.337,False,False,False,0,51,False,True,False,False,False,False,"A provisional donor flag is only an upper-bound screen; unresolved membership, spillovers, and confounders remain."
anniviers_magic_portfolio,Anniviers Magic Pass portfolio,2017-11-01,6024,Nendaz,2,False,False,15.622,False,True,True,58,101,True,True,False,False,False,False,"A provisional donor flag is only an upper-bound screen; unresolved membership, spillovers, and confounders remain."
anniviers_magic_portfolio,Anniviers Magic Pass portfolio,2017-11-01,6034,Orsières,2,False,False,38.775,False,False,True,58,101,True,True,True,False,False,False,"A provisional donor flag is only an upper-bound screen; unresolved membership, spillovers, and confounders remain."
anniviers_magic_portfolio,Anniviers Magic Pass portfolio,2017-11-01,6037,Val de Bagnes,2,False,False,23.626,False,True,True,0,63,False,True,False,False,False,False,"A provisional donor flag is only an upper-bound screen; unresolved membership, spillovers, and confounders remain."
anniviers_magic_portfolio,Anniviers Magic Pass portfolio,2017-11-01,6077,Goms,1,False,False,57.497,False,False,False,10,99,False,True,False,False,False,False,"A provisional donor flag is only an upper-bound screen; unresolved membership, spillovers, and confounders remain."
anniviers_magic_portfolio,Anniviers Magic Pass portfolio,2017-11-01,6083,Evolène,3,True,False,9.622,True,True,True,58,99,True,True,False,False,False,False,"A provisional donor flag is only an upper-bound screen; unresolved membership, spillovers, and confounders remain."
anniviers_magic_portfolio,Anniviers Magic Pass portfolio,2017-11-01,6252,Anniviers,2,True,True,0.0,True,True,True,58,99,True,True,False,False,False,False,"A provisional donor flag is only an upper-bound screen; unresolved membership, spillovers, and confounders remain."
anniviers_magic_portfolio,Anniviers Magic Pass portfolio,2017-11-01,6253,Crans-Montana,1,True,False,15.086,False,True,True,10,101,False,True,False,False,False,False,"A provisional donor flag is only an upper-bound screen; unresolved membership, spillovers, and confounders remain."
anniviers_magic_portfolio,Anniviers Magic Pass portfolio,2017-11-01,6290,Saas-Fee,1,True,False,28.709,False,True,True,58,101,True,True,False,False,False,False,"A provisional donor flag is only an upper-bound screen; unresolved membership, spillovers, and confounders remain."
anniviers_magic_portfolio,Anniviers Magic Pass portfolio,2017-11-01,6291,Saas-Grund,1,False,False,29.156,False,True,True,58,101,True,True,False,False,False,False,"A provisional donor flag is only an upper-bound screen; unresolved membership, spillovers, and confounders remain."
anniviers_magic_portfolio,Anniviers Magic Pass portfolio,2017-11-01,6300,Zermatt,1,False,False,24.534,False,True,True,58,101,True,True,False,False,False,False,"A provisional donor flag is only an upper-bound screen; unresolved membership, spillovers, and confounders remain."
anniviers_magic_portfolio,Anniviers Magic Pass portfolio,2017-11-01,6421,La Chaux-de-Fonds,2,False,False,109.608,False,False,False,58,101,True,True,True,False,False,False,"A provisional donor flag is only an upper-bound screen; unresolved membership, spillovers, and confounders remain."
axalp,Axalp,2022-05-01,355,Köniz,1,False,False,51.224,False,False,False,110,47,True,True,True,False,False,False,"A provisional donor flag is only an upper-bound screen; unresolved membership, spillovers, and confounders remain."
axalp,Axalp,2022-05-01,561,Adelboden,2,False,False,44.39,False,False,True,112,47,True,True,True,False,False,False,"A provisional donor flag is only an upper-bound screen; unresolved membership, spillovers, and confounders remain."
axalp,Axalp,2022-05-01,562,Aeschi bei Spiez,1,False,False,25.106,False,True,True,112,47,True,True,False,False,False,False,"A provisional donor flag is only an upper-bound screen; unresolved membership, spillovers, and confounders remain."
axalp,Axalp,2022-05-01,567,Reichenbach im Kandertal,2,True,False,26.286,False,True,True,110,47,True,True,False,False,False,False,"A provisional donor flag is only an upper-bound screen; unresolved membership, spillovers, and confounders remain."
axalp,Axalp,2022-05-01,571,Beatenberg,1,False,False,20.603,False,True,True,112,47,True,True,False,False,False,False,"A provisional donor flag is only an upper-bound screen; unresolved membership, spillovers, and confounders remain."
axalp,Axalp,2022-05-01,573,Brienz (BE),1,True,True,0.0,True,True,True,112,47,True,True,False,False,False,False,"A provisional donor flag is only an upper-bound screen; unresolved membership, spillovers, and confounders remain."
axalp,Axalp,2022-05-01,576,Grindelwald,1,False,False,13.519,True,True,True,112,47,True,True,False,False,False,False,"A provisional donor flag is only an upper-bound screen; unresolved membership, spillovers, and confounders remain."
axalp,Axalp,2022-05-01,584,Lauterbrunnen,1,False,False,22.012,False,True,True,112,47,True,True,False,False,False,False,"A provisional donor flag is only an upper-bound screen; unresolved membership, spillovers, and confounders remain."
axalp,Axalp,2022-05-01,762,Diemtigen,3,True,False,37.362,False,False,True,111,47,True,True,False,False,False,False,"A provisional donor flag is only an upper-bound screen; unresolved membership, spillovers, and confounders remain."
axalp,Axalp,2022-05-01,783,Hasliberg,1,True,False,14.828,True,True,True,110,47,True,True,False,False,False,False,"A provisional donor flag is only an upper-bound screen; unresolved membership, spillovers, and confounders remain."
axalp,Axalp,2022-05-01,784,Innertkirchen,1,False,False,23.691,False,True,True,110,47,True,True,False,False,False,False,"A provisional donor flag is only an upper-bound screen; unresolved membership, spillovers, and confounders remain."
axalp,Axalp,2022-05-01,792,Lenk,1,False,False,55.282,False,False,False,112,47,True,True,True,False,False,False,"A provisional donor flag is only an upper-bound screen; unresolved membership, spillovers, and confounders remain."
axalp,Axalp,2022-05-01,843,Saanen,1,True,False,60.511,False,False,False,112,47,True,True,False,False,False,False,"A provisional donor flag is only an upper-bound screen; unresolved membership, spillovers, and confounders remain."
axalp,Axalp,2022-05-01,906,Schangnau,1,True,False,15.765,False,True,True,110,47,True,True,False,False,False,False,"A provisional donor flag is only an upper-bound screen; unresolved membership, spillovers, and confounders remain."
axalp,Axalp,2022-05-01,938,Sigriswil,1,True,False,22.83,False,True,True,112,47,True,True,False,False,False,False,"A provisional donor flag is only an upper-bound screen; unresolved membership, spillovers, and confounders remain."
axalp,Axalp,2022-05-01,1202,Andermatt,1,False,False,44.414,False,False,True,112,47,True,True,True,False,False,False,"A provisional donor flag is only an upper-bound screen; unresolved membership, spillovers, and confounders remain."
axalp,Axalp,2022-05-01,1301,Einsiedeln,3,False,False,70.946,False,False,False,112,47,True,True,True,False,False,False,"A provisional donor flag is only an upper-bound screen; unresolved membership, spillovers, and confounders remain."
axalp,Axalp,2022-05-01,1331,Küssnacht (SZ),1,False,False,51.083,False,False,False,112,47,True,True,True,False,False,False,"A provisional donor flag is only an upper-bound screen; unresolved membership, spillovers, and confounders remain."
axalp,Axalp,2022-05-01,1366,Morschach,1,False,False,55.345,False,False,False,112,47,True,True,True,False,False,False,"A provisional donor flag is only an upper-bound screen; unresolved membership, spillovers, and confounders remain."
axalp,Axalp,2022-05-01,1372,Schwyz,2,False,False,60.723,False,False,False,112,47,True,True,True,False,False,False,"A provisional donor flag is only an upper-bound screen; unresolved membership, spillovers, and confounders remain."
axalp,Axalp,2022-05-01,1402,Engelberg,1,False,False,30.926,False,False,True,112,47,True,True,True,False,False,False,"A provisional donor flag is only an upper-bound screen; unresolved membership, spillovers, and confounders remain."
axalp,Axalp,2022-05-01,1407,Sarnen,1,False,False,21.089,False,True,True,112,47,True,True,False,False,False,False,"A provisional donor flag is only an upper-bound screen; unresolved membership, spillovers, and confounders remain."
axalp,Axalp,2022-05-01,1501,Beckenried,1,True,False,41.699,False,False,True,110,47,True,True,False,False,False,False,"A provisional donor flag is only an upper-bound screen; unresolved membership, spillovers, and confounders remain."
axalp,Axalp,2022-05-01,1630,Glarus Nord,2,False,False,89.634,False,False,False,112,47,True,True,True,False,False,False,"A provisional donor flag is only an upper-bound screen; unresolved membership, spillovers, and confounders remain."
axalp,Axalp,2022-05-01,1631,Glarus Süd,2,False,False,76.84,False,False,False,112,47,True,True,True,False,False,False,"A provisional donor flag is only an upper-bound screen; unresolved membership, spillovers, and confounders remain."
axalp,Axalp,2022-05-01,1709,Unterägeri,1,False,False,60.292,False,False,False,112,47,True,True,True,False,False,False,"A provisional donor flag is only an upper-bound screen; unresolved membership, spillovers, and confounders remain."
axalp,Axalp,2022-05-01,2125,Bulle,1,False,False,76.072,False,False,False,110,47,True,True,True,False,False,False,"A provisional donor flag is only an upper-bound screen; unresolved membership, spillovers, and confounders remain."
axalp,Axalp,2022-05-01,2135,Gruyères,1,True,False,80.095,False,False,False,110,47,True,True,False,False,False,False,"A provisional donor flag is only an upper-bound screen; unresolved membership, spillovers, and confounders remain."
axalp,Axalp,2022-05-01,2299,Plaffeien,1,False,False,58.155,False,False,False,110,47,True,True,True,False,False,False,"A provisional donor flag is only an upper-bound screen; unresolved membership, spillovers, and confounders remain."
axalp,Axalp,2022-05-01,3022,Gais,1,False,False,129.647,False,False,False,112,47,True,True,True,False,False,False,"A provisional donor flag is only an upper-bound screen; unresolved membership, spillovers, and confounders remain."
axalp,Axalp,2022-05-01,3032,Heiden,1,False,False,138.459,False,False,False,111,47,True,True,True,False,False,False,"A provisional donor flag is only an upper-bound screen; unresolved membership, spillovers, and confounders remain."
axalp,Axalp,2022-05-01,3102,Gonten,2,False,False,118.204,False,False,False,112,47,True,True,True,False,False,False,"A provisional donor flag is only an upper-bound screen; unresolved membership, spillovers, and confounders remain."
axalp,Axalp,2022-05-01,3271,Buchs (SG),1,False,False,115.911,False,False,False,112,47,True,True,True,False,False,False,"A provisional donor flag is only an upper-bound screen; unresolved membership, spillovers, and confounders remain."
axalp,Axalp,2022-05-01,3291,Bad Ragaz,1,False,False,110.313,False,False,False,112,47,True,True,True,False,False,False,"A provisional donor flag is only an upper-bound screen; unresolved membership, spillovers, and confounders remain."
axalp,Axalp,2022-05-01,3295,Quarten,1,False,False,101.507,False,False,False,112,47,True,True,True,False,False,False,"A provisional donor flag is only an upper-bound screen; unresolved membership, spillovers, and confounders remain."
axalp,Axalp,2022-05-01,3311,Amden,1,False,False,97.394,False,False,False,112,47,True,True,True,False,False,False,"A provisional donor flag is only an upper-bound screen; unresolved membership, spillovers, and confounders remain."
axalp,Axalp,2022-05-01,3342,Eschenbach (SG),2,False,False,93.501,False,False,False,112,47,True,True,True,False,False,False,"A provisional donor flag is only an upper-bound screen; unresolved membership, spillovers, and confounders remain."
axalp,Axalp,2022-05-01,3359,Wildhaus-Alt St. Johann,1,False,False,109.264,False,False,False,112,47,True,True,True,False,False,False,"A provisional donor flag is only an upper-bound screen; unresolved membership, spillovers, and confounders remain."
axalp,Axalp,2022-05-01,3396,Neckertal,3,False,False,106.579,False,False,False,0,39,False,True,False,False,False,False,"A provisional donor flag is only an upper-bound screen; unresolved membership, spillovers, and confounders remain."
axalp,Axalp,2022-05-01,3543,Surses,2,False,False,116.289,False,False,False,76,47,True,True,True,False,False,False,"A provisional donor flag is only an upper-bound screen; unresolved membership, spillovers, and confounders remain."
axalp,Axalp,2022-05-01,3575,Laax,1,False,False,90.699,False,False,False,112,47,True,True,True,False,False,False,"A provisional donor flag is only an upper-bound screen; unresolved membership, spillovers, and confounders remain."
axalp,Axalp,2022-05-01,3603,Vals,1,False,False,84.934,False,False,False,112,47,True,True,True,False,False,False,"A provisional donor flag is only an upper-bound screen; unresolved membership, spillovers, and confounders remain."
axalp,Axalp,2022-05-01,3714,Rheinwald,1,False,False,99.193,False,False,False,38,47,True,True,True,False,False,False,"A provisional donor flag is only an upper-bound screen; unresolved membership, spillovers, and confounders remain."
axalp,Axalp,2022-05-01,3752,Samnaun,1,False,False,179.807,False,False,False,112,47,True,True,True,False,False,False,"A provisional donor flag is only an upper-bound screen; unresolved membership, spillovers, and confounders remain."
axalp,Axalp,2022-05-01,3762,Scuol,1,False,False,169.434,False,False,False,112,47,True,True,True,False,False,False,"A provisional donor flag is only an upper-bound screen; unresolved membership, spillovers, and confounders remain."
axalp,Axalp,2022-05-01,3782,Celerina/Schlarigna,1,False,False,137.446,False,False,False,112,47,True,True,True,False,False,False,"A provisional donor flag is only an upper-bound screen; unresolved membership, spillovers, and confounders remain."
axalp,Axalp,2022-05-01,3784,Pontresina,2,False,False,144.59,False,False,False,110,47,True,True,True,False,False,False,"A provisional donor flag is only an upper-bound screen; unresolved membership, spillovers, and confounders remain."
axalp,Axalp,2022-05-01,3786,Samedan,2,False,False,140.494,False,False,False,112,47,True,True,True,False,False,False,"A provisional donor flag is only an upper-bound screen; unresolved membership, spillovers, and confounders remain."
axalp,Axalp,2022-05-01,3792,Bregaglia,1,False,False,131.86,False,False,False,112,47,True,True,True,False,False,False,"A provisional donor flag is only an upper-bound screen; unresolved membership, spillovers, and confounders remain."
axalp,Axalp,2022-05-01,3847,Val Müstair,1,False,False,174.822,False,False,False,112,47,True,True,True,False,False,False,"A provisional donor flag is only an upper-bound screen; unresolved membership, spillovers, and confounders remain."
axalp,Axalp,2022-05-01,3851,Davos,5,False,False,134.031,False,False,False,112,47,True,True,True,False,False,False,"A provisional donor flag is only an upper-bound screen; unresolved membership, spillovers, and confounders remain."
axalp,Axalp,2022-05-01,3871,Klosters,1,False,False,140.434,False,False,False,112,47,True,True,True,False,False,False,"A provisional donor flag is only an upper-bound screen; unresolved membership, spillovers, and confounders remain."
axalp,Axalp,2022-05-01,3901,Chur,2,False,False,118.272,False,False,False,112,47,True,True,True,False,False,False,"A provisional donor flag is only an upper-bound screen; unresolved membership, spillovers, and confounders remain."
axalp,Axalp,2022-05-01,3921,Arosa,1,False,False,123.147,False,False,False,112,47,True,True,True,False,False,False,"A provisional donor flag is only an upper-bound screen; unresolved membership, spillovers, and confounders remain."
axalp,Axalp,2022-05-01,3981,Breil/Brigels,1,False,False,79.216,False,False,False,112,47,True,True,True,False,False,False,"A provisional donor flag is only an upper-bound screen; unresolved membership, spillovers, and confounders remain."
axalp,Axalp,2022-05-01,3986,Tujetsch,2,False,False,51.301,False,False,False,112,47,True,True,True,False,False,False,"A provisional donor flag is only an upper-bound screen; unresolved membership, spillovers, and confounders remain."
axalp,Axalp,2022-05-01,5407,Leysin,1,False,False,88.267,False,False,False,110,47,True,True,True,False,False,False,"A provisional donor flag is only an upper-bound screen; unresolved membership, spillovers, and confounders remain."
axalp,Axalp,2022-05-01,5409,Ollon,1,True,False,86.586,False,False,False,110,47,True,True,False,False,False,False,"A provisional donor flag is only an upper-bound screen; unresolved membership, spillovers, and confounders remain."
axalp,Axalp,2022-05-01,5411,Ormont-Dessus,1,False,False,80.423,False,False,False,110,47,True,True,True,False,False,False,"A provisional donor flag is only an upper-bound screen; unresolved membership, spillovers, and confounders remain."
axalp,Axalp,2022-05-01,5552,Bullet,1,True,False,116.147,False,False,False,110,47,True,True,False,False,False,False,"A provisional donor flag is only an upper-bound screen; unresolved membership, spillovers, and confounders remain."
axalp,Axalp,2022-05-01,5872,Le Chenit,1,True,False,137.611,False,False,False,112,47,True,True,False,False,False,False,"A provisional donor flag is only an upper-bound screen; unresolved membership, spillovers, and confounders remain."
axalp,Axalp,2022-05-01,5886,Montreux,1,False,False,89.337,False,False,False,112,47,True,True,True,False,False,False,"A provisional donor flag is only an upper-bound screen; unresolved membership, spillovers, and confounders remain."
axalp,Axalp,2022-05-01,5892,Blonay - Saint-Légier,1,True,False,89.404,False,False,False,4,47,False,True,False,False,False,False,"A provisional donor flag is only an upper-bound screen; unresolved membership, spillovers, and confounders remain."
axalp,Axalp,2022-05-01,6024,Nendaz,2,False,False,78.641,False,False,False,112,47,True,True,True,False,False,False,"A provisional donor flag is only an upper-bound screen; unresolved membership, spillovers, and confounders remain."
axalp,Axalp,2022-05-01,6034,Orsières,2,False,False,104.779,False,False,False,112,47,True,True,True,False,False,False,"A provisional donor flag is only an upper-bound screen; unresolved membership, spillovers, and confounders remain."
axalp,Axalp,2022-05-01,6037,Val de Bagnes,2,False,False,90.265,False,False,False,16,47,False,True,False,False,False,False,"A provisional donor flag is only an upper-bound screen; unresolved membership, spillovers, and confounders remain."
axalp,Axalp,2022-05-01,6077,Goms,1,False,False,30.039,False,False,True,62,47,True,True,True,False,False,False,"A provisional donor flag is only an upper-bound screen; unresolved membership, spillovers, and confounders remain."
axalp,Axalp,2022-05-01,6083,Evolène,3,True,False,79.224,False,False,False,110,47,True,True,False,False,False,False,"A provisional donor flag is only an upper-bound screen; unresolved membership, spillovers, and confounders remain."
axalp,Axalp,2022-05-01,6252,Anniviers,2,True,False,62.143,False,False,False,110,47,True,True,False,False,False,False,"A provisional donor flag is only an upper-bound screen; unresolved membership, spillovers, and confounders remain."
axalp,Axalp,2022-05-01,6253,Crans-Montana,1,True,False,60.114,False,False,False,64,47,True,True,False,False,False,False,"A provisional donor flag is only an upper-bound screen; unresolved membership, spillovers, and confounders remain."
axalp,Axalp,2022-05-01,6290,Saas-Fee,1,True,False,70.004,False,False,False,112,47,True,True,False,False,False,False,"A provisional donor flag is only an upper-bound screen; unresolved membership, spillovers, and confounders remain."
axalp,Axalp,2022-05-01,6291,Saas-Grund,1,False,False,64.139,False,False,False,112,47,True,True,True,False,False,False,"A provisional donor flag is only an upper-bound screen; unresolved membership, spillovers, and confounders remain."
axalp,Axalp,2022-05-01,6300,Zermatt,1,False,False,80.137,False,False,False,112,47,True,True,True,False,False,False,"A provisional donor flag is only an upper-bound screen; unresolved membership, spillovers, and confounders remain."
axalp,Axalp,2022-05-01,6421,La Chaux-de-Fonds,2,False,False,99.415,False,False,False,112,47,True,True,True,False,False,False,"A provisional donor flag is only an upper-bound screen; unresolved membership, spillovers, and confounders remain."
bumbach,Bumbach,2023-05-01,355,Köniz,1,False,False,36.208,False,False,True,122,35,True,True,True,False,False,False,"A provisional donor flag is only an upper-bound screen; unresolved membership, spillovers, and confounders remain."
bumbach,Bumbach,2023-05-01,561,Adelboden,2,False,False,43.004,False,False,True,124,35,True,True,True,False,False,False,"A provisional donor flag is only an upper-bound screen; unresolved membership, spillovers, and confounders remain."
bumbach,Bumbach,2023-05-01,562,Aeschi bei Spiez,1,False,False,21.541,False,True,True,124,35,True,True,False,False,False,False,"A provisional donor flag is only an upper-bound screen; unresolved membership, spillovers, and confounders remain."
bumbach,Bumbach,2023-05-01,567,Reichenbach im Kandertal,2,True,False,23.395,False,True,True,122,35,True,True,False,False,False,False,"A provisional donor flag is only an upper-bound screen; unresolved membership, spillovers, and confounders remain."
bumbach,Bumbach,2023-05-01,571,Beatenberg,1,False,False,14.448,True,True,True,124,35,True,True,False,False,False,False,"A provisional donor flag is only an upper-bound screen; unresolved membership, spillovers, and confounders remain."
bumbach,Bumbach,2023-05-01,573,Brienz (BE),1,True,False,15.765,False,True,True,124,35,True,True,False,False,False,False,"A provisional donor flag is only an upper-bound screen; unresolved membership, spillovers, and confounders remain."
bumbach,Bumbach,2023-05-01,576,Grindelwald,1,False,False,21.985,False,True,True,124,35,True,True,False,False,False,False,"A provisional donor flag is only an upper-bound screen; unresolved membership, spillovers, and confounders remain."
bumbach,Bumbach,2023-05-01,584,Lauterbrunnen,1,False,False,27.351,False,True,True,124,35,True,True,False,False,False,False,"A provisional donor flag is only an upper-bound screen; unresolved membership, spillovers, and confounders remain."
bumbach,Bumbach,2023-05-01,762,Diemtigen,3,True,False,31.885,False,False,True,123,35,True,True,False,False,False,False,"A provisional donor flag is only an upper-bound screen; unresolved membership, spillovers, and confounders remain."
bumbach,Bumbach,2023-05-01,783,Hasliberg,1,True,False,26.907,False,True,True,122,35,True,True,False,False,False,False,"A provisional donor flag is only an upper-bound screen; unresolved membership, spillovers, and confounders remain."
bumbach,Bumbach,2023-05-01,784,Innertkirchen,1,False,False,36.102,False,False,True,122,35,True,True,True,False,False,False,"A provisional donor flag is only an upper-bound screen; unresolved membership, spillovers, and confounders remain."
bumbach,Bumbach,2023-05-01,792,Lenk,1,False,False,53.076,False,False,False,124,35,True,True,True,False,False,False,"A provisional donor flag is only an upper-bound screen; unresolved membership, spillovers, and confounders remain."
bumbach,Bumbach,2023-05-01,843,Saanen,1,True,False,55.787,False,False,False,124,35,True,True,False,False,False,False,"A provisional donor flag is only an upper-bound screen; unresolved membership, spillovers, and confounders remain."
bumbach,Bumbach,2023-05-01,906,Schangnau,1,True,True,0.0,True,True,True,122,35,True,True,False,False,False,False,"A provisional donor flag is only an upper-bound screen; unresolved membership, spillovers, and confounders remain."
bumbach,Bumbach,2023-05-01,938,Sigriswil,1,True,False,13.755,True,True,True,124,35,True,True,False,False,False,False,"A provisional donor flag is only an upper-bound screen; unresolved membership, spillovers, and confounders remain."
bumbach,Bumbach,2023-05-01,1202,Andermatt,1,False,False,58.879,False,False,False,124,35,True,True,True,False,False,False,"A provisional donor flag is only an upper-bound screen; unresolved membership, spillovers, and confounders remain."
bumbach,Bumbach,2023-05-01,1301,Einsiedeln,3,False,False,74.197,False,False,False,124,35,True,True,True,False,False,False,"A provisional donor flag is only an upper-bound screen; unresolved membership, spillovers, and confounders remain."
bumbach,Bumbach,2023-05-01,1331,Küssnacht (SZ),1,False,False,52.819,False,False,False,124,35,True,True,True,False,False,False,"A provisional donor flag is only an upper-bound screen; unresolved membership, spillovers, and confounders remain."
bumbach,Bumbach,2023-05-01,1366,Morschach,1,False,False,61.598,False,False,False,124,35,True,True,True,False,False,False,"A provisional donor flag is only an upper-bound screen; unresolved membership, spillovers, and confounders remain."
bumbach,Bumbach,2023-05-01,1372,Schwyz,2,False,False,64.859,False,False,False,124,35,True,True,True,False,False,False,"A provisional donor flag is only an upper-bound screen; unresolved membership, spillovers, and confounders remain."
bumbach,Bumbach,2023-05-01,1402,Engelberg,1,False,False,39.819,False,False,True,124,35,True,True,True,False,False,False,"A provisional donor flag is only an upper-bound screen; unresolved membership, spillovers, and confounders remain."
bumbach,Bumbach,2023-05-01,1407,Sarnen,1,False,False,20.148,False,True,True,124,35,True,True,False,False,False,False,"A provisional donor flag is only an upper-bound screen; unresolved membership, spillovers, and confounders remain."
bumbach,Bumbach,2023-05-01,1501,Beckenried,1,True,False,47.344,False,False,True,122,35,True,True,False,False,False,False,"A provisional donor flag is only an upper-bound screen; unresolved membership, spillovers, and confounders remain."
bumbach,Bumbach,2023-05-01,1630,Glarus Nord,2,False,False,96.433,False,False,False,124,35,True,True,True,False,False,False,"A provisional donor flag is only an upper-bound screen; unresolved membership, spillovers, and confounders remain."
bumbach,Bumbach,2023-05-01,1631,Glarus Süd,2,False,False,85.367,False,False,False,124,35,True,True,True,False,False,False,"A provisional donor flag is only an upper-bound screen; unresolved membership, spillovers, and confounders remain."
bumbach,Bumbach,2023-05-01,1709,Unterägeri,1,False,False,61.973,False,False,False,124,35,True,True,True,False,False,False,"A provisional donor flag is only an upper-bound screen; unresolved membership, spillovers, and confounders remain."
bumbach,Bumbach,2023-05-01,2125,Bulle,1,False,False,66.833,False,False,False,122,35,True,True,True,False,False,False,"A provisional donor flag is only an upper-bound screen; unresolved membership, spillovers, and confounders remain."
bumbach,Bumbach,2023-05-01,2135,Gruyères,1,True,False,72.017,False,False,False,122,35,True,True,False,False,False,False,"A provisional donor flag is only an upper-bound screen; unresolved membership, spillovers, and confounders remain."
bumbach,Bumbach,2023-05-01,2299,Plaffeien,1,False,False,47.027,False,False,True,122,35,True,True,True,False,False,False,"A provisional donor flag is only an upper-bound screen; unresolved membership, spillovers, and confounders remain."
bumbach,Bumbach,2023-05-01,3022,Gais,1,False,False,134.301,False,False,False,124,35,True,True,True,False,False,False,"A provisional donor flag is only an upper-bound screen; unresolved membership, spillovers, and confounders remain."
bumbach,Bumbach,2023-05-01,3032,Heiden,1,False,False,142.712,False,False,False,123,35,True,True,True,False,False,False,"A provisional donor flag is only an upper-bound screen; unresolved membership, spillovers, and confounders remain."
bumbach,Bumbach,2023-05-01,3102,Gonten,2,False,False,122.744,False,False,False,124,35,True,True,True,False,False,False,"A provisional donor flag is only an upper-bound screen; unresolved membership, spillovers, and confounders remain."
bumbach,Bumbach,2023-05-01,3271,Buchs (SG),1,False,False,123.019,False,False,False,124,35,True,True,True,False,False,False,"A provisional donor flag is only an upper-bound screen; unresolved membership, spillovers, and confounders remain."
bumbach,Bumbach,2023-05-01,3291,Bad Ragaz,1,False,False,119.416,False,False,False,124,35,True,True,True,False,False,False,"A provisional donor flag is only an upper-bound screen; unresolved membership, spillovers, and confounders remain."
bumbach,Bumbach,2023-05-01,3295,Quarten,1,False,False,108.975,False,False,False,124,35,True,True,True,False,False,False,"A provisional donor flag is only an upper-bound screen; unresolved membership, spillovers, and confounders remain."
bumbach,Bumbach,2023-05-01,3311,Amden,1,False,False,103.208,False,False,False,124,35,True,True,True,False,False,False,"A provisional donor flag is only an upper-bound screen; unresolved membership, spillovers, and confounders remain."
bumbach,Bumbach,2023-05-01,3342,Eschenbach (SG),2,False,False,96.167,False,False,False,124,35,True,True,True,False,False,False,"A provisional donor flag is only an upper-bound screen; unresolved membership, spillovers, and confounders remain."
bumbach,Bumbach,2023-05-01,3359,Wildhaus-Alt St. Johann,1,False,False,115.572,False,False,False,124,35,True,True,True,False,False,False,"A provisional donor flag is only an upper-bound screen; unresolved membership, spillovers, and confounders remain."
bumbach,Bumbach,2023-05-01,3396,Neckertal,3,False,False,110.836,False,False,False,4,35,False,True,False,False,False,False,"A provisional donor flag is only an upper-bound screen; unresolved membership, spillovers, and confounders remain."
bumbach,Bumbach,2023-05-01,3543,Surses,2,False,False,129.489,False,False,False,88,35,True,True,True,False,False,False,"A provisional donor flag is only an upper-bound screen; unresolved membership, spillovers, and confounders remain."
bumbach,Bumbach,2023-05-01,3575,Laax,1,False,False,101.265,False,False,False,124,35,True,True,True,False,False,False,"A provisional donor flag is only an upper-bound screen; unresolved membership, spillovers, and confounders remain."
bumbach,Bumbach,2023-05-01,3603,Vals,1,False,False,98.419,False,False,False,124,35,True,True,True,False,False,False,"A provisional donor flag is only an upper-bound screen; unresolved membership, spillovers, and confounders remain."
bumbach,Bumbach,2023-05-01,3714,Rheinwald,1,False,False,113.092,False,False,False,50,35,True,True,True,False,False,False,"A provisional donor flag is only an upper-bound screen; unresolved membership, spillovers, and confounders remain."
bumbach,Bumbach,2023-05-01,3752,Samnaun,1,False,False,189.929,False,False,False,124,35,True,True,True,False,False,False,"A provisional donor flag is only an upper-bound screen; unresolved membership, spillovers, and confounders remain."
bumbach,Bumbach,2023-05-01,3762,Scuol,1,False,False,180.679,False,False,False,124,35,True,True,True,False,False,False,"A provisional donor flag is only an upper-bound screen; unresolved membership, spillovers, and confounders remain."
bumbach,Bumbach,2023-05-01,3782,Celerina/Schlarigna,1,False,False,150.926,False,False,False,124,35,True,True,True,False,False,False,"A provisional donor flag is only an upper-bound screen; unresolved membership, spillovers, and confounders remain."
bumbach,Bumbach,2023-05-01,3784,Pontresina,2,False,False,158.122,False,False,False,122,35,True,True,True,False,False,False,"A provisional donor flag is only an upper-bound screen; unresolved membership, spillovers, and confounders remain."
bumbach,Bumbach,2023-05-01,3786,Samedan,2,False,False,153.839,False,False,False,124,35,True,True,True,False,False,False,"A provisional donor flag is only an upper-bound screen; unresolved membership, spillovers, and confounders remain."
bumbach,Bumbach,2023-05-01,3792,Bregaglia,1,False,False,146.118,False,False,False,124,35,True,True,True,False,False,False,"A provisional donor flag is only an upper-bound screen; unresolved membership, spillovers, and confounders remain."
bumbach,Bumbach,2023-05-01,3847,Val Müstair,1,False,False,187.174,False,False,False,124,35,True,True,True,False,False,False,"A provisional donor flag is only an upper-bound screen; unresolved membership, spillovers, and confounders remain."
bumbach,Bumbach,2023-05-01,3851,Davos,5,False,False,145.824,False,False,False,124,35,True,True,True,False,False,False,"A provisional donor flag is only an upper-bound screen; unresolved membership, spillovers, and confounders remain."
bumbach,Bumbach,2023-05-01,3871,Klosters,1,False,False,150.929,False,False,False,124,35,True,True,True,False,False,False,"A provisional donor flag is only an upper-bound screen; unresolved membership, spillovers, and confounders remain."
bumbach,Bumbach,2023-05-01,3901,Chur,2,False,False,129.534,False,False,False,124,35,True,True,True,False,False,False,"A provisional donor flag is only an upper-bound screen; unresolved membership, spillovers, and confounders remain."
bumbach,Bumbach,2023-05-01,3921,Arosa,1,False,False,134.065,False,False,False,124,35,True,True,True,False,False,False,"A provisional donor flag is only an upper-bound screen; unresolved membership, spillovers, and confounders remain."
bumbach,Bumbach,2023-05-01,3981,Breil/Brigels,1,False,False,90.428,False,False,False,124,35,True,True,True,False,False,False,"A provisional donor flag is only an upper-bound screen; unresolved membership, spillovers, and confounders remain."
bumbach,Bumbach,2023-05-01,3986,Tujetsch,2,False,False,64.706,False,False,False,124,35,True,True,True,False,False,False,"A provisional donor flag is only an upper-bound screen; unresolved membership, spillovers, and confounders remain."
bumbach,Bumbach,2023-05-01,5407,Leysin,1,False,False,83.566,False,False,False,122,35,True,True,True,False,False,False,"A provisional donor flag is only an upper-bound screen; unresolved membership, spillovers, and confounders remain."
bumbach,Bumbach,2023-05-01,5409,Ollon,1,True,False,82.905,False,False,False,122,35,True,True,False,False,False,False,"A provisional donor flag is only an upper-bound screen; unresolved membership, spillovers, and confounders remain."
bumbach,Bumbach,2023-05-01,5411,Ormont-Dessus,1,False,False,77.05,False,False,False,122,35,True,True,True,False,False,False,"A provisional donor flag is only an upper-bound screen; unresolved membership, spillovers, and confounders remain."
bumbach,Bumbach,2023-05-01,5552,Bullet,1,True,False,103.455,False,False,False,122,35,True,True,False,False,False,False,"A provisional donor flag is only an upper-bound screen; unresolved membership, spillovers, and confounders remain."
bumbach,Bumbach,2023-05-01,5872,Le Chenit,1,True,False,127.247,False,False,False,124,35,True,True,False,False,False,False,"A provisional donor flag is only an upper-bound screen; unresolved membership, spillovers, and confounders remain."
bumbach,Bumbach,2023-05-01,5886,Montreux,1,False,False,82.492,False,False,False,124,35,True,True,True,False,False,False,"A provisional donor flag is only an upper-bound screen; unresolved membership, spillovers, and confounders remain."
bumbach,Bumbach,2023-05-01,5892,Blonay - Saint-Légier,1,True,False,81.857,False,False,False,16,35,False,True,False,False,False,False,"A provisional donor flag is only an upper-bound screen; unresolved membership, spillovers, and confounders remain."
bumbach,Bumbach,2023-05-01,6024,Nendaz,2,False,False,79.986,False,False,False,124,35,True,True,True,False,False,False,"A provisional donor flag is only an upper-bound screen; unresolved membership, spillovers, and confounders remain."
bumbach,Bumbach,2023-05-01,6034,Orsières,2,False,False,105.374,False,False,False,124,35,True,True,True,False,False,False,"A provisional donor flag is only an upper-bound screen; unresolved membership, spillovers, and confounders remain."
bumbach,Bumbach,2023-05-01,6037,Val de Bagnes,2,False,False,91.785,False,False,False,28,35,False,True,False,False,False,False,"A provisional donor flag is only an upper-bound screen; unresolved membership, spillovers, and confounders remain."
bumbach,Bumbach,2023-05-01,6077,Goms,1,False,False,45.521,False,False,True,74,35,True,True,True,False,False,False,"A provisional donor flag is only an upper-bound screen; unresolved membership, spillovers, and confounders remain."
bumbach,Bumbach,2023-05-01,6083,Evolène,3,True,False,82.746,False,False,False,122,35,True,True,False,False,False,False,"A provisional donor flag is only an upper-bound screen; unresolved membership, spillovers, and confounders remain."
bumbach,Bumbach,2023-05-01,6252,Anniviers,2,True,False,66.605,False,False,False,122,35,True,True,False,False,False,False,"A provisional donor flag is only an upper-bound screen; unresolved membership, spillovers, and confounders remain."
bumbach,Bumbach,2023-05-01,6253,Crans-Montana,1,True,False,60.946,False,False,False,76,35,True,True,False,False,False,False,"A provisional donor flag is only an upper-bound screen; unresolved membership, spillovers, and confounders remain."
bumbach,Bumbach,2023-05-01,6290,Saas-Fee,1,True,False,79.844,False,False,False,124,35,True,True,False,False,False,False,"A provisional donor flag is only an upper-bound screen; unresolved membership, spillovers, and confounders remain."
bumbach,Bumbach,2023-05-01,6291,Saas-Grund,1,False,False,74.546,False,False,False,124,35,True,True,True,False,False,False,"A provisional donor flag is only an upper-bound screen; unresolved membership, spillovers, and confounders remain."
bumbach,Bumbach,2023-05-01,6300,Zermatt,1,False,False,88.268,False,False,False,124,35,True,True,True,False,False,False,"A provisional donor flag is only an upper-bound screen; unresolved membership, spillovers, and confounders remain."
bumbach,Bumbach,2023-05-01,6421,La Chaux-de-Fonds,2,False,False,84.526,False,False,False,124,35,True,True,True,False,False,False,"A provisional donor flag is only an upper-bound screen; unresolved membership, spillovers, and confounders remain."
crans_montana,Crans-Montana,2017-11-01,355,Köniz,1,False,False,64.834,False,False,False,58,99,True,True,True,False,False,False,"A provisional donor flag is only an upper-bound screen; unresolved membership, spillovers, and confounders remain."
crans_montana,Crans-Montana,2017-11-01,561,Adelboden,2,False,False,13.293,True,True,True,58,101,True,True,False,False,False,False,"A provisional donor flag is only an upper-bound screen; unresolved membership, spillovers, and confounders remain."
crans_montana,Crans-Montana,2017-11-01,562,Aeschi bei Spiez,1,False,False,39.467,False,False,True,58,101,True,True,True,False,False,False,"A provisional donor flag is only an upper-bound screen; unresolved membership, spillovers, and confounders remain."
crans_montana,Crans-Montana,2017-11-01,567,Reichenbach im Kandertal,2,True,False,32.472,False,False,True,58,99,True,True,False,False,False,False,"A provisional donor flag is only an upper-bound screen; unresolved membership, spillovers, and confounders remain."
crans_montana,Crans-Montana,2017-11-01,571,Beatenberg,1,False,False,46.613,False,False,True,58,101,True,True,True,False,False,False,"A provisional donor flag is only an upper-bound screen; unresolved membership, spillovers, and confounders remain."
crans_montana,Crans-Montana,2017-11-01,573,Brienz (BE),1,True,False,60.114,False,False,False,58,101,True,True,False,False,False,False,"A provisional donor flag is only an upper-bound screen; unresolved membership, spillovers, and confounders remain."
crans_montana,Crans-Montana,2017-11-01,576,Grindelwald,1,False,False,46.943,False,False,True,58,101,True,True,True,False,False,False,"A provisional donor flag is only an upper-bound screen; unresolved membership, spillovers, and confounders remain."
crans_montana,Crans-Montana,2017-11-01,584,Lauterbrunnen,1,False,False,38.274,False,False,True,58,101,True,True,True,False,False,False,"A provisional donor flag is only an upper-bound screen; unresolved membership, spillovers, and confounders remain."
crans_montana,Crans-Montana,2017-11-01,762,Diemtigen,3,True,False,25.074,False,True,True,58,100,True,True,False,False,False,False,"A provisional donor flag is only an upper-bound screen; unresolved membership, spillovers, and confounders remain."
crans_montana,Crans-Montana,2017-11-01,783,Hasliberg,1,True,False,73.47,False,False,False,58,99,True,True,False,False,False,False,"A provisional donor flag is only an upper-bound screen; unresolved membership, spillovers, and confounders remain."
crans_montana,Crans-Montana,2017-11-01,784,Innertkirchen,1,False,False,80.331,False,False,False,58,99,True,True,True,False,False,False,"A provisional donor flag is only an upper-bound screen; unresolved membership, spillovers, and confounders remain."
crans_montana,Crans-Montana,2017-11-01,792,Lenk,1,False,False,12.771,True,True,True,58,101,True,True,False,False,False,False,"A provisional donor flag is only an upper-bound screen; unresolved membership, spillovers, and confounders remain."
crans_montana,Crans-Montana,2017-11-01,843,Saanen,1,True,False,21.208,False,True,True,58,101,True,True,False,False,False,False,"A provisional donor flag is only an upper-bound screen; unresolved membership, spillovers, and confounders remain."
crans_montana,Crans-Montana,2017-11-01,906,Schangnau,1,True,False,60.946,False,False,False,58,99,True,True,False,False,False,False,"A provisional donor flag is only an upper-bound screen; unresolved membership, spillovers, and confounders remain."
crans_montana,Crans-Montana,2017-11-01,938,Sigriswil,1,True,False,48.418,False,False,True,58,101,True,True,False,False,False,False,"A provisional donor flag is only an upper-bound screen; unresolved membership, spillovers, and confounders remain."
crans_montana,Crans-Montana,2017-11-01,1202,Andermatt,1,False,False,91.594,False,False,False,58,101,True,True,True,False,False,False,"A provisional donor flag is only an upper-bound screen; unresolved membership, spillovers, and confounders remain."
crans_montana,Crans-Montana,2017-11-01,1301,Einsiedeln,3,False,False,131.053,False,False,False,58,101,True,True,True,False,False,False,"A provisional donor flag is only an upper-bound screen; unresolved membership, spillovers, and confounders remain."
crans_montana,Crans-Montana,2017-11-01,1331,Küssnacht (SZ),1,False,False,110.997,False,False,False,58,101,True,True,True,False,False,False,"A provisional donor flag is only an upper-bound screen; unresolved membership, spillovers, and confounders remain."
crans_montana,Crans-Montana,2017-11-01,1366,Morschach,1,False,False,114.871,False,False,False,58,101,True,True,True,False,False,False,"A provisional donor flag is only an upper-bound screen; unresolved membership, spillovers, and confounders remain."
crans_montana,Crans-Montana,2017-11-01,1372,Schwyz,2,False,False,120.776,False,False,False,58,101,True,True,True,False,False,False,"A provisional donor flag is only an upper-bound screen; unresolved membership, spillovers, and confounders remain."
crans_montana,Crans-Montana,2017-11-01,1402,Engelberg,1,False,False,89.978,False,False,False,58,101,True,True,True,False,False,False,"A provisional donor flag is only an upper-bound screen; unresolved membership, spillovers, and confounders remain."
crans_montana,Crans-Montana,2017-11-01,1407,Sarnen,1,False,False,79.073,False,False,False,58,101,True,True,True,False,False,False,"A provisional donor flag is only an upper-bound screen; unresolved membership, spillovers, and confounders remain."
crans_montana,Crans-Montana,2017-11-01,1501,Beckenried,1,True,False,101.646,False,False,False,58,99,True,True,False,False,False,False,"A provisional donor flag is only an upper-bound screen; unresolved membership, spillovers, and confounders remain."
crans_montana,Crans-Montana,2017-11-01,1630,Glarus Nord,2,False,False,148.239,False,False,False,58,101,True,True,True,False,False,False,"A provisional donor flag is only an upper-bound screen; unresolved membership, spillovers, and confounders remain."
crans_montana,Crans-Montana,2017-11-01,1631,Glarus Süd,2,False,False,134.139,False,False,False,58,101,True,True,True,False,False,False,"A provisional donor flag is only an upper-bound screen; unresolved membership, spillovers, and confounders remain."
crans_montana,Crans-Montana,2017-11-01,1709,Unterägeri,1,False,False,120.253,False,False,False,58,101,True,True,True,False,False,False,"A provisional donor flag is only an upper-bound screen; unresolved membership, spillovers, and confounders remain."
crans_montana,Crans-Montana,2017-11-01,2125,Bulle,1,False,False,45.132,False,False,True,58,99,True,True,True,False,False,False,"A provisional donor flag is only an upper-bound screen; unresolved membership, spillovers, and confounders remain."
crans_montana,Crans-Montana,2017-11-01,2135,Gruyères,1,True,False,42.463,False,False,True,58,99,True,True,False,False,False,False,"A provisional donor flag is only an upper-bound screen; unresolved membership, spillovers, and confounders remain."
crans_montana,Crans-Montana,2017-11-01,2299,Plaffeien,1,False,False,46.462,False,False,True,58,99,True,True,True,False,False,False,"A provisional donor flag is only an upper-bound screen; unresolved membership, spillovers, and confounders remain."
crans_montana,Crans-Montana,2017-11-01,3022,Gais,1,False,False,189.208,False,False,False,58,101,True,True,True,False,False,False,"A provisional donor flag is only an upper-bound screen; unresolved membership, spillovers, and confounders remain."
crans_montana,Crans-Montana,2017-11-01,3032,Heiden,1,False,False,198.159,False,False,False,58,100,True,True,True,False,False,False,"A provisional donor flag is only an upper-bound screen; unresolved membership, spillovers, and confounders remain."
crans_montana,Crans-Montana,2017-11-01,3102,Gonten,2,False,False,177.865,False,False,False,58,101,True,True,True,False,False,False,"A provisional donor flag is only an upper-bound screen; unresolved membership, spillovers, and confounders remain."
crans_montana,Crans-Montana,2017-11-01,3271,Buchs (SG),1,False,False,173.878,False,False,False,58,101,True,True,True,False,False,False,"A provisional donor flag is only an upper-bound screen; unresolved membership, spillovers, and confounders remain."
crans_montana,Crans-Montana,2017-11-01,3291,Bad Ragaz,1,False,False,165.966,False,False,False,58,101,True,True,True,False,False,False,"A provisional donor flag is only an upper-bound screen; unresolved membership, spillovers, and confounders remain."
crans_montana,Crans-Montana,2017-11-01,3295,Quarten,1,False,False,159.34,False,False,False,58,101,True,True,True,False,False,False,"A provisional donor flag is only an upper-bound screen; unresolved membership, spillovers, and confounders remain."
crans_montana,Crans-Montana,2017-11-01,3311,Amden,1,False,False,156.564,False,False,False,58,101,True,True,True,False,False,False,"A provisional donor flag is only an upper-bound screen; unresolved membership, spillovers, and confounders remain."
crans_montana,Crans-Montana,2017-11-01,3342,Eschenbach (SG),2,False,False,153.613,False,False,False,58,101,True,True,True,False,False,False,"A provisional donor flag is only an upper-bound screen; unresolved membership, spillovers, and confounders remain."
crans_montana,Crans-Montana,2017-11-01,3359,Wildhaus-Alt St. Johann,1,False,False,167.984,False,False,False,58,101,True,True,True,False,False,False,"A provisional donor flag is only an upper-bound screen; unresolved membership, spillovers, and confounders remain."
crans_montana,Crans-Montana,2017-11-01,3396,Neckertal,3,False,False,166.394,False,False,False,0,39,False,True,False,False,False,False,"A provisional donor flag is only an upper-bound screen; unresolved membership, spillovers, and confounders remain."
crans_montana,Crans-Montana,2017-11-01,3543,Surses,2,False,False,161.441,False,False,False,22,101,False,True,False,False,False,False,"A provisional donor flag is only an upper-bound screen; unresolved membership, spillovers, and confounders remain."
crans_montana,Crans-Montana,2017-11-01,3575,Laax,1,False,False,144.495,False,False,False,58,101,True,True,True,False,False,False,"A provisional donor flag is only an upper-bound screen; unresolved membership, spillovers, and confounders remain."
crans_montana,Crans-Montana,2017-11-01,3603,Vals,1,False,False,130.994,False,False,False,58,101,True,True,True,False,False,False,"A provisional donor flag is only an upper-bound screen; unresolved membership, spillovers, and confounders remain."
crans_montana,Crans-Montana,2017-11-01,3714,Rheinwald,1,False,False,142.276,False,False,False,0,85,False,True,False,False,False,False,"A provisional donor flag is only an upper-bound screen; unresolved membership, spillovers, and confounders remain."
crans_montana,Crans-Montana,2017-11-01,3752,Samnaun,1,False,False,232.282,False,False,False,58,101,True,True,True,False,False,False,"A provisional donor flag is only an upper-bound screen; unresolved membership, spillovers, and confounders remain."
crans_montana,Crans-Montana,2017-11-01,3762,Scuol,1,False,False,219.336,False,False,False,58,101,True,True,True,False,False,False,"A provisional donor flag is only an upper-bound screen; unresolved membership, spillovers, and confounders remain."
crans_montana,Crans-Montana,2017-11-01,3782,Celerina/Schlarigna,1,False,False,180.374,False,False,False,58,101,True,True,True,False,False,False,"A provisional donor flag is only an upper-bound screen; unresolved membership, spillovers, and confounders remain."
crans_montana,Crans-Montana,2017-11-01,3784,Pontresina,2,False,False,186.971,False,False,False,58,99,True,True,True,False,False,False,"A provisional donor flag is only an upper-bound screen; unresolved membership, spillovers, and confounders remain."
crans_montana,Crans-Montana,2017-11-01,3786,Samedan,2,False,False,183.912,False,False,False,58,101,True,True,True,False,False,False,"A provisional donor flag is only an upper-bound screen; unresolved membership, spillovers, and confounders remain."
crans_montana,Crans-Montana,2017-11-01,3792,Bregaglia,1,False,False,170.882,False,False,False,58,101,True,True,True,False,False,False,"A provisional donor flag is only an upper-bound screen; unresolved membership, spillovers, and confounders remain."
crans_montana,Crans-Montana,2017-11-01,3847,Val Müstair,1,False,False,221.132,False,False,False,58,101,True,True,True,False,False,False,"A provisional donor flag is only an upper-bound screen; unresolved membership, spillovers, and confounders remain."
crans_montana,Crans-Montana,2017-11-01,3851,Davos,5,False,False,183.297,False,False,False,58,101,True,True,True,False,False,False,"A provisional donor flag is only an upper-bound screen; unresolved membership, spillovers, and confounders remain."
crans_montana,Crans-Montana,2017-11-01,3871,Klosters,1,False,False,192.825,False,False,False,58,101,True,True,True,False,False,False,"A provisional donor flag is only an upper-bound screen; unresolved membership, spillovers, and confounders remain."
crans_montana,Crans-Montana,2017-11-01,3901,Chur,2,False,False,169.496,False,False,False,58,101,True,True,True,False,False,False,"A provisional donor flag is only an upper-bound screen; unresolved membership, spillovers, and confounders remain."
crans_montana,Crans-Montana,2017-11-01,3921,Arosa,1,False,False,175.039,False,False,False,58,101,True,True,True,False,False,False,"A provisional donor flag is only an upper-bound screen; unresolved membership, spillovers, and confounders remain."
crans_montana,Crans-Montana,2017-11-01,3981,Breil/Brigels,1,False,False,132.277,False,False,False,58,101,True,True,True,False,False,False,"A provisional donor flag is only an upper-bound screen; unresolved membership, spillovers, and confounders remain."
crans_montana,Crans-Montana,2017-11-01,3986,Tujetsch,2,False,False,101.288,False,False,False,58,101,True,True,True,False,False,False,"A provisional donor flag is only an upper-bound screen; unresolved membership, spillovers, and confounders remain."
crans_montana,Crans-Montana,2017-11-01,5407,Leysin,1,False,False,36.089,False,False,True,58,99,True,True,True,False,False,False,"A provisional donor flag is only an upper-bound screen; unresolved membership, spillovers, and confounders remain."
crans_montana,Crans-Montana,2017-11-01,5409,Ollon,1,True,False,31.892,False,False,True,58,99,True,True,False,False,False,False,"A provisional donor flag is only an upper-bound screen; unresolved membership, spillovers, and confounders remain."
crans_montana,Crans-Montana,2017-11-01,5411,Ormont-Dessus,1,False,False,26.021,False,True,True,58,99,True,True,False,False,False,False,"A provisional donor flag is only an upper-bound screen; unresolved membership, spillovers, and confounders remain."
crans_montana,Crans-Montana,2017-11-01,5552,Bullet,1,True,False,91.733,False,False,False,58,99,True,True,False,False,False,False,"A provisional donor flag is only an upper-bound screen; unresolved membership, spillovers, and confounders remain."
crans_montana,Crans-Montana,2017-11-01,5872,Le Chenit,1,True,False,98.59,False,False,False,58,101,True,True,False,False,False,False,"A provisional donor flag is only an upper-bound screen; unresolved membership, spillovers, and confounders remain."
crans_montana,Crans-Montana,2017-11-01,5886,Montreux,1,False,False,43.972,False,False,True,58,101,True,True,True,False,False,False,"A provisional donor flag is only an upper-bound screen; unresolved membership, spillovers, and confounders remain."
crans_montana,Crans-Montana,2017-11-01,5892,Blonay - Saint-Légier,1,True,False,46.642,False,False,True,0,51,False,True,False,False,False,False,"A provisional donor flag is only an upper-bound screen; unresolved membership, spillovers, and confounders remain."
crans_montana,Crans-Montana,2017-11-01,6024,Nendaz,2,False,False,19.041,False,True,True,58,101,True,True,False,False,False,False,"A provisional donor flag is only an upper-bound screen; unresolved membership, spillovers, and confounders remain."
crans_montana,Crans-Montana,2017-11-01,6034,Orsières,2,False,False,44.782,False,False,True,58,101,True,True,True,False,False,False,"A provisional donor flag is only an upper-bound screen; unresolved membership, spillovers, and confounders remain."
crans_montana,Crans-Montana,2017-11-01,6037,Val de Bagnes,2,False,False,30.839,False,False,True,0,63,False,True,False,False,False,False,"A provisional donor flag is only an upper-bound screen; unresolved membership, spillovers, and confounders remain."
crans_montana,Crans-Montana,2017-11-01,6077,Goms,1,False,False,62.887,False,False,False,10,99,False,True,False,False,False,False,"A provisional donor flag is only an upper-bound screen; unresolved membership, spillovers, and confounders remain."
crans_montana,Crans-Montana,2017-11-01,6083,Evolène,3,True,False,23.857,False,True,True,58,99,True,True,False,False,False,False,"A provisional donor flag is only an upper-bound screen; unresolved membership, spillovers, and confounders remain."
crans_montana,Crans-Montana,2017-11-01,6252,Anniviers,2,True,False,15.086,False,True,True,58,99,True,True,False,False,False,False,"A provisional donor flag is only an upper-bound screen; unresolved membership, spillovers, and confounders remain."
crans_montana,Crans-Montana,2017-11-01,6253,Crans-Montana,1,True,True,0.0,True,True,True,10,101,False,True,False,False,False,False,"A provisional donor flag is only an upper-bound screen; unresolved membership, spillovers, and confounders remain."
crans_montana,Crans-Montana,2017-11-01,6290,Saas-Fee,1,True,False,43.605,False,False,True,58,101,True,True,False,False,False,False,"A provisional donor flag is only an upper-bound screen; unresolved membership, spillovers, and confounders remain."
crans_montana,Crans-Montana,2017-11-01,6291,Saas-Grund,1,False,False,43.36,False,False,True,58,101,True,True,True,False,False,False,"A provisional donor flag is only an upper-bound screen; unresolved membership, spillovers, and confounders remain."
crans_montana,Crans-Montana,2017-11-01,6300,Zermatt,1,False,False,41.954,False,False,True,58,101,True,True,True,False,False,False,"A provisional donor flag is only an upper-bound screen; unresolved membership, spillovers, and confounders remain."
crans_montana,Crans-Montana,2017-11-01,6421,La Chaux-de-Fonds,2,False,False,94.867,False,False,False,58,101,True,True,True,False,False,False,"A provisional donor flag is only an upper-bound screen; unresolved membership, spillovers, and confounders remain."
espace_dent_blanche,Espace Dent Blanche,2018-05-01,355,Köniz,1,False,False,88.622,False,False,False,64,93,True,True,True,False,False,False,"A provisional donor flag is only an upper-bound screen; unresolved membership, spillovers, and confounders remain."
espace_dent_blanche,Espace Dent Blanche,2018-05-01,561,Adelboden,2,False,False,36.047,False,False,True,64,95,True,True,True,False,False,False,"A provisional donor flag is only an upper-bound screen; unresolved membership, spillovers, and confounders remain."
espace_dent_blanche,Espace Dent Blanche,2018-05-01,562,Aeschi bei Spiez,1,False,False,61.77,False,False,False,64,95,True,True,True,False,False,False,"A provisional donor flag is only an upper-bound screen; unresolved membership, spillovers, and confounders remain."
espace_dent_blanche,Espace Dent Blanche,2018-05-01,567,Reichenbach im Kandertal,2,True,False,54.383,False,False,False,64,93,True,True,False,False,False,False,"A provisional donor flag is only an upper-bound screen; unresolved membership, spillovers, and confounders remain."
espace_dent_blanche,Espace Dent Blanche,2018-05-01,571,Beatenberg,1,False,False,68.828,False,False,False,64,95,True,True,True,False,False,False,"A provisional donor flag is only an upper-bound screen; unresolved membership, spillovers, and confounders remain."
espace_dent_blanche,Espace Dent Blanche,2018-05-01,573,Brienz (BE),1,True,False,79.224,False,False,False,64,95,True,True,False,False,False,False,"A provisional donor flag is only an upper-bound screen; unresolved membership, spillovers, and confounders remain."
espace_dent_blanche,Espace Dent Blanche,2018-05-01,576,Grindelwald,1,False,False,65.705,False,False,False,64,95,True,True,True,False,False,False,"A provisional donor flag is only an upper-bound screen; unresolved membership, spillovers, and confounders remain."
espace_dent_blanche,Espace Dent Blanche,2018-05-01,584,Lauterbrunnen,1,False,False,57.388,False,False,False,64,95,True,True,True,False,False,False,"A provisional donor flag is only an upper-bound screen; unresolved membership, spillovers, and confounders remain."
espace_dent_blanche,Espace Dent Blanche,2018-05-01,762,Diemtigen,3,True,False,48.922,False,False,True,64,94,True,True,False,False,False,False,"A provisional donor flag is only an upper-bound screen; unresolved membership, spillovers, and confounders remain."
espace_dent_blanche,Espace Dent Blanche,2018-05-01,783,Hasliberg,1,True,False,90.799,False,False,False,64,93,True,True,False,False,False,False,"A provisional donor flag is only an upper-bound screen; unresolved membership, spillovers, and confounders remain."
espace_dent_blanche,Espace Dent Blanche,2018-05-01,784,Innertkirchen,1,False,False,95.824,False,False,False,64,93,True,True,True,False,False,False,"A provisional donor flag is only an upper-bound screen; unresolved membership, spillovers, and confounders remain."
espace_dent_blanche,Espace Dent Blanche,2018-05-01,792,Lenk,1,False,False,36.177,False,False,True,64,95,True,True,True,False,False,False,"A provisional donor flag is only an upper-bound screen; unresolved membership, spillovers, and confounders remain."
espace_dent_blanche,Espace Dent Blanche,2018-05-01,843,Saanen,1,True,False,42.642,False,False,True,64,95,True,True,False,False,False,False,"A provisional donor flag is only an upper-bound screen; unresolved membership, spillovers, and confounders remain."
espace_dent_blanche,Espace Dent Blanche,2018-05-01,906,Schangnau,1,True,False,82.746,False,False,False,64,93,True,True,False,False,False,False,"A provisional donor flag is only an upper-bound screen; unresolved membership, spillovers, and confounders remain."
espace_dent_blanche,Espace Dent Blanche,2018-05-01,938,Sigriswil,1,True,False,71.082,False,False,False,64,95,True,True,False,False,False,False,"A provisional donor flag is only an upper-bound screen; unresolved membership, spillovers, and confounders remain."
espace_dent_blanche,Espace Dent Blanche,2018-05-01,1202,Andermatt,1,False,False,101.116,False,False,False,64,95,True,True,True,False,False,False,"A provisional donor flag is only an upper-bound screen; unresolved membership, spillovers, and confounders remain."
espace_dent_blanche,Espace Dent Blanche,2018-05-01,1301,Einsiedeln,3,False,False,148.899,False,False,False,64,95,True,True,True,False,False,False,"A provisional donor flag is only an upper-bound screen; unresolved membership, spillovers, and confounders remain."
espace_dent_blanche,Espace Dent Blanche,2018-05-01,1331,Küssnacht (SZ),1,False,False,130.19,False,False,False,64,95,True,True,True,False,False,False,"A provisional donor flag is only an upper-bound screen; unresolved membership, spillovers, and confounders remain."
espace_dent_blanche,Espace Dent Blanche,2018-05-01,1366,Morschach,1,False,False,131.229,False,False,False,64,95,True,True,True,False,False,False,"A provisional donor flag is only an upper-bound screen; unresolved membership, spillovers, and confounders remain."
espace_dent_blanche,Espace Dent Blanche,2018-05-01,1372,Schwyz,2,False,False,138.351,False,False,False,64,95,True,True,True,False,False,False,"A provisional donor flag is only an upper-bound screen; unresolved membership, spillovers, and confounders remain."
espace_dent_blanche,Espace Dent Blanche,2018-05-01,1402,Engelberg,1,False,False,106.585,False,False,False,64,95,True,True,True,False,False,False,"A provisional donor flag is only an upper-bound screen; unresolved membership, spillovers, and confounders remain."
espace_dent_blanche,Espace Dent Blanche,2018-05-01,1407,Sarnen,1,False,False,99.476,False,False,False,64,95,True,True,True,False,False,False,"A provisional donor flag is only an upper-bound screen; unresolved membership, spillovers, and confounders remain."
espace_dent_blanche,Espace Dent Blanche,2018-05-01,1501,Beckenried,1,True,False,119.216,False,False,False,64,93,True,True,False,False,False,False,"A provisional donor flag is only an upper-bound screen; unresolved membership, spillovers, and confounders remain."
espace_dent_blanche,Espace Dent Blanche,2018-05-01,1630,Glarus Nord,2,False,False,162.493,False,False,False,64,95,True,True,True,False,False,False,"A provisional donor flag is only an upper-bound screen; unresolved membership, spillovers, and confounders remain."
espace_dent_blanche,Espace Dent Blanche,2018-05-01,1631,Glarus Süd,2,False,False,147.302,False,False,False,64,95,True,True,True,False,False,False,"A provisional donor flag is only an upper-bound screen; unresolved membership, spillovers, and confounders remain."
espace_dent_blanche,Espace Dent Blanche,2018-05-01,1709,Unterägeri,1,False,False,139.321,False,False,False,64,95,True,True,True,False,False,False,"A provisional donor flag is only an upper-bound screen; unresolved membership, spillovers, and confounders remain."
espace_dent_blanche,Espace Dent Blanche,2018-05-01,2125,Bulle,1,False,False,63.545,False,False,False,64,93,True,True,True,False,False,False,"A provisional donor flag is only an upper-bound screen; unresolved membership, spillovers, and confounders remain."
espace_dent_blanche,Espace Dent Blanche,2018-05-01,2135,Gruyères,1,True,False,58.661,False,False,False,64,93,True,True,False,False,False,False,"A provisional donor flag is only an upper-bound screen; unresolved membership, spillovers, and confounders remain."
espace_dent_blanche,Espace Dent Blanche,2018-05-01,2299,Plaffeien,1,False,False,69.209,False,False,False,64,93,True,True,True,False,False,False,"A provisional donor flag is only an upper-bound screen; unresolved membership, spillovers, and confounders remain."
espace_dent_blanche,Espace Dent Blanche,2018-05-01,3022,Gais,1,False,False,204.466,False,False,False,64,95,True,True,True,False,False,False,"A provisional donor flag is only an upper-bound screen; unresolved membership, spillovers, and confounders remain."
espace_dent_blanche,Espace Dent Blanche,2018-05-01,3032,Heiden,1,False,False,213.666,False,False,False,64,94,True,True,True,False,False,False,"A provisional donor flag is only an upper-bound screen; unresolved membership, spillovers, and confounders remain."
espace_dent_blanche,Espace Dent Blanche,2018-05-01,3102,Gonten,2,False,False,193.469,False,False,False,64,95,True,True,True,False,False,False,"A provisional donor flag is only an upper-bound screen; unresolved membership, spillovers, and confounders remain."
espace_dent_blanche,Espace Dent Blanche,2018-05-01,3271,Buchs (SG),1,False,False,186.868,False,False,False,64,95,True,True,True,False,False,False,"A provisional donor flag is only an upper-bound screen; unresolved membership, spillovers, and confounders remain."
espace_dent_blanche,Espace Dent Blanche,2018-05-01,3291,Bad Ragaz,1,False,False,176.78,False,False,False,64,95,True,True,True,False,False,False,"A provisional donor flag is only an upper-bound screen; unresolved membership, spillovers, and confounders remain."
espace_dent_blanche,Espace Dent Blanche,2018-05-01,3295,Quarten,1,False,False,172.439,False,False,False,64,95,True,True,True,False,False,False,"A provisional donor flag is only an upper-bound screen; unresolved membership, spillovers, and confounders remain."
espace_dent_blanche,Espace Dent Blanche,2018-05-01,3311,Amden,1,False,False,171.487,False,False,False,64,95,True,True,True,False,False,False,"A provisional donor flag is only an upper-bound screen; unresolved membership, spillovers, and confounders remain."
espace_dent_blanche,Espace Dent Blanche,2018-05-01,3342,Eschenbach (SG),2,False,False,171.364,False,False,False,64,95,True,True,True,False,False,False,"A provisional donor flag is only an upper-bound screen; unresolved membership, spillovers, and confounders remain."
espace_dent_blanche,Espace Dent Blanche,2018-05-01,3359,Wildhaus-Alt St. Johann,1,False,False,182.045,False,False,False,64,95,True,True,True,False,False,False,"A provisional donor flag is only an upper-bound screen; unresolved membership, spillovers, and confounders remain."
espace_dent_blanche,Espace Dent Blanche,2018-05-01,3396,Neckertal,3,False,False,182.518,False,False,False,0,39,False,True,False,False,False,False,"A provisional donor flag is only an upper-bound screen; unresolved membership, spillovers, and confounders remain."
espace_dent_blanche,Espace Dent Blanche,2018-05-01,3543,Surses,2,False,False,165.222,False,False,False,28,95,False,True,False,False,False,False,"A provisional donor flag is only an upper-bound screen; unresolved membership, spillovers, and confounders remain."
espace_dent_blanche,Espace Dent Blanche,2018-05-01,3575,Laax,1,False,False,154.436,False,False,False,64,95,True,True,True,False,False,False,"A provisional donor flag is only an upper-bound screen; unresolved membership, spillovers, and confounders remain."
espace_dent_blanche,Espace Dent Blanche,2018-05-01,3603,Vals,1,False,False,136.716,False,False,False,64,95,True,True,True,False,False,False,"A provisional donor flag is only an upper-bound screen; unresolved membership, spillovers, and confounders remain."
espace_dent_blanche,Espace Dent Blanche,2018-05-01,3714,Rheinwald,1,False,False,145.75,False,False,False,0,85,False,True,False,False,False,False,"A provisional donor flag is only an upper-bound screen; unresolved membership, spillovers, and confounders remain."
espace_dent_blanche,Espace Dent Blanche,2018-05-01,3752,Samnaun,1,False,False,239.244,False,False,False,64,95,True,True,True,False,False,False,"A provisional donor flag is only an upper-bound screen; unresolved membership, spillovers, and confounders remain."
espace_dent_blanche,Espace Dent Blanche,2018-05-01,3762,Scuol,1,False,False,224.603,False,False,False,64,95,True,True,True,False,False,False,"A provisional donor flag is only an upper-bound screen; unresolved membership, spillovers, and confounders remain."
espace_dent_blanche,Espace Dent Blanche,2018-05-01,3782,Celerina/Schlarigna,1,False,False,182.217,False,False,False,64,95,True,True,True,False,False,False,"A provisional donor flag is only an upper-bound screen; unresolved membership, spillovers, and confounders remain."
espace_dent_blanche,Espace Dent Blanche,2018-05-01,3784,Pontresina,2,False,False,188.301,False,False,False,64,93,True,True,True,False,False,False,"A provisional donor flag is only an upper-bound screen; unresolved membership, spillovers, and confounders remain."
espace_dent_blanche,Espace Dent Blanche,2018-05-01,3786,Samedan,2,False,False,185.927,False,False,False,64,95,True,True,True,False,False,False,"A provisional donor flag is only an upper-bound screen; unresolved membership, spillovers, and confounders remain."
espace_dent_blanche,Espace Dent Blanche,2018-05-01,3792,Bregaglia,1,False,False,170.907,False,False,False,64,95,True,True,True,False,False,False,"A provisional donor flag is only an upper-bound screen; unresolved membership, spillovers, and confounders remain."
espace_dent_blanche,Espace Dent Blanche,2018-05-01,3847,Val Müstair,1,False,False,223.982,False,False,False,64,95,True,True,True,False,False,False,"A provisional donor flag is only an upper-bound screen; unresolved membership, spillovers, and confounders remain."
espace_dent_blanche,Espace Dent Blanche,2018-05-01,3851,Davos,5,False,False,188.916,False,False,False,64,95,True,True,True,False,False,False,"A provisional donor flag is only an upper-bound screen; unresolved membership, spillovers, and confounders remain."
espace_dent_blanche,Espace Dent Blanche,2018-05-01,3871,Klosters,1,False,False,200.411,False,False,False,64,95,True,True,True,False,False,False,"A provisional donor flag is only an upper-bound screen; unresolved membership, spillovers, and confounders remain."
espace_dent_blanche,Espace Dent Blanche,2018-05-01,3901,Chur,2,False,False,176.243,False,False,False,64,95,True,True,True,False,False,False,"A provisional donor flag is only an upper-bound screen; unresolved membership, spillovers, and confounders remain."
espace_dent_blanche,Espace Dent Blanche,2018-05-01,3921,Arosa,1,False,False,182.677,False,False,False,64,95,True,True,True,False,False,False,"A provisional donor flag is only an upper-bound screen; unresolved membership, spillovers, and confounders remain."
espace_dent_blanche,Espace Dent Blanche,2018-05-01,3981,Breil/Brigels,1,False,False,142.174,False,False,False,64,95,True,True,True,False,False,False,"A provisional donor flag is only an upper-bound screen; unresolved membership, spillovers, and confounders remain."
espace_dent_blanche,Espace Dent Blanche,2018-05-01,3986,Tujetsch,2,False,False,111.242,False,False,False,64,95,True,True,True,False,False,False,"A provisional donor flag is only an upper-bound screen; unresolved membership, spillovers, and confounders remain."
espace_dent_blanche,Espace Dent Blanche,2018-05-01,5407,Leysin,1,False,False,43.821,False,False,True,64,93,True,True,True,False,False,False,"A provisional donor flag is only an upper-bound screen; unresolved membership, spillovers, and confounders remain."
espace_dent_blanche,Espace Dent Blanche,2018-05-01,5409,Ollon,1,True,False,38.036,False,False,True,64,93,True,True,False,False,False,False,"A provisional donor flag is only an upper-bound screen; unresolved membership, spillovers, and confounders remain."
espace_dent_blanche,Espace Dent Blanche,2018-05-01,5411,Ormont-Dessus,1,False,False,35.0,False,False,True,64,93,True,True,True,False,False,False,"A provisional donor flag is only an upper-bound screen; unresolved membership, spillovers, and confounders remain."
espace_dent_blanche,Espace Dent Blanche,2018-05-01,5552,Bullet,1,True,False,107.359,False,False,False,64,93,True,True,False,False,False,False,"A provisional donor flag is only an upper-bound screen; unresolved membership, spillovers, and confounders remain."
espace_dent_blanche,Espace Dent Blanche,2018-05-01,5872,Le Chenit,1,True,False,107.235,False,False,False,64,95,True,True,False,False,False,False,"A provisional donor flag is only an upper-bound screen; unresolved membership, spillovers, and confounders remain."
espace_dent_blanche,Espace Dent Blanche,2018-05-01,5886,Montreux,1,False,False,55.414,False,False,False,64,95,True,True,True,False,False,False,"A provisional donor flag is only an upper-bound screen; unresolved membership, spillovers, and confounders remain."
espace_dent_blanche,Espace Dent Blanche,2018-05-01,5892,Blonay - Saint-Légier,1,True,False,59.201,False,False,False,0,51,False,True,False,False,False,False,"A provisional donor flag is only an upper-bound screen; unresolved membership, spillovers, and confounders remain."
espace_dent_blanche,Espace Dent Blanche,2018-05-01,6024,Nendaz,2,False,False,11.326,True,True,True,64,95,True,True,False,False,False,False,"A provisional donor flag is only an upper-bound screen; unresolved membership, spillovers, and confounders remain."
espace_dent_blanche,Espace Dent Blanche,2018-05-01,6034,Orsières,2,False,False,28.149,False,True,True,64,95,True,True,False,False,False,False,"A provisional donor flag is only an upper-bound screen; unresolved membership, spillovers, and confounders remain."
espace_dent_blanche,Espace Dent Blanche,2018-05-01,6037,Val de Bagnes,2,False,False,14.954,True,True,True,0,63,False,True,False,False,False,False,"A provisional donor flag is only an upper-bound screen; unresolved membership, spillovers, and confounders remain."
espace_dent_blanche,Espace Dent Blanche,2018-05-01,6077,Goms,1,False,False,72.299,False,False,False,16,93,False,True,False,False,False,False,"A provisional donor flag is only an upper-bound screen; unresolved membership, spillovers, and confounders remain."
espace_dent_blanche,Espace Dent Blanche,2018-05-01,6083,Evolène,3,True,True,0.0,True,True,True,64,93,True,True,False,False,False,False,"A provisional donor flag is only an upper-bound screen; unresolved membership, spillovers, and confounders remain."
espace_dent_blanche,Espace Dent Blanche,2018-05-01,6252,Anniviers,2,True,False,9.622,True,True,True,64,93,True,True,False,False,False,False,"A provisional donor flag is only an upper-bound screen; unresolved membership, spillovers, and confounders remain."
espace_dent_blanche,Espace Dent Blanche,2018-05-01,6253,Crans-Montana,1,True,False,23.857,False,True,True,16,95,False,True,False,False,False,False,"A provisional donor flag is only an upper-bound screen; unresolved membership, spillovers, and confounders remain."
espace_dent_blanche,Espace Dent Blanche,2018-05-01,6290,Saas-Fee,1,True,False,30.307,False,False,True,64,95,True,True,False,False,False,False,"A provisional donor flag is only an upper-bound screen; unresolved membership, spillovers, and confounders remain."
espace_dent_blanche,Espace Dent Blanche,2018-05-01,6291,Saas-Grund,1,False,False,34.238,False,False,True,64,95,True,True,True,False,False,False,"A provisional donor flag is only an upper-bound screen; unresolved membership, spillovers, and confounders remain."
espace_dent_blanche,Espace Dent Blanche,2018-05-01,6300,Zermatt,1,False,False,20.546,False,True,True,64,95,True,True,False,False,False,False,"A provisional donor flag is only an upper-bound screen; unresolved membership, spillovers, and confounders remain."
espace_dent_blanche,Espace Dent Blanche,2018-05-01,6421,La Chaux-de-Fonds,2,False,False,115.601,False,False,False,64,95,True,True,True,False,False,False,"A provisional donor flag is only an upper-bound screen; unresolved membership, spillovers, and confounders remain."
les_pleiades,Les Pléiades,2018-05-01,355,Köniz,1,False,False,61.769,False,False,False,64,93,True,True,True,False,False,False,"A provisional donor flag is only an upper-bound screen; unresolved membership, spillovers, and confounders remain."
les_pleiades,Les Pléiades,2018-05-01,561,Adelboden,2,False,False,49.064,False,False,True,64,95,True,True,True,False,False,False,"A provisional donor flag is only an upper-bound screen; unresolved membership, spillovers, and confounders remain."
les_pleiades,Les Pléiades,2018-05-01,562,Aeschi bei Spiez,1,False,False,64.31,False,False,False,64,95,True,True,True,False,False,False,"A provisional donor flag is only an upper-bound screen; unresolved membership, spillovers, and confounders remain."
les_pleiades,Les Pléiades,2018-05-01,567,Reichenbach im Kandertal,2,True,False,61.538,False,False,False,64,93,True,True,False,False,False,False,"A provisional donor flag is only an upper-bound screen; unresolved membership, spillovers, and confounders remain."
les_pleiades,Les Pléiades,2018-05-01,571,Beatenberg,1,False,False,69.431,False,False,False,64,95,True,True,True,False,False,False,"A provisional donor flag is only an upper-bound screen; unresolved membership, spillovers, and confounders remain."
les_pleiades,Les Pléiades,2018-05-01,573,Brienz (BE),1,True,False,89.404,False,False,False,64,95,True,True,False,False,False,False,"A provisional donor flag is only an upper-bound screen; unresolved membership, spillovers, and confounders remain."
les_pleiades,Les Pléiades,2018-05-01,576,Grindelwald,1,False,False,79.551,False,False,False,64,95,True,True,True,False,False,False,"A provisional donor flag is only an upper-bound screen; unresolved membership, spillovers, and confounders remain."
les_pleiades,Les Pléiades,2018-05-01,584,Lauterbrunnen,1,False,False,72.314,False,False,False,64,95,True,True,True,False,False,False,"A provisional donor flag is only an upper-bound screen; unresolved membership, spillovers, and confounders remain."
les_pleiades,Les Pléiades,2018-05-01,762,Diemtigen,3,True,False,43.861,False,False,True,64,94,True,True,False,False,False,False,"A provisional donor flag is only an upper-bound screen; unresolved membership, spillovers, and confounders remain."
les_pleiades,Les Pléiades,2018-05-01,783,Hasliberg,1,True,False,104.233,False,False,False,64,93,True,True,False,False,False,False,"A provisional donor flag is only an upper-bound screen; unresolved membership, spillovers, and confounders remain."
les_pleiades,Les Pléiades,2018-05-01,784,Innertkirchen,1,False,False,112.903,False,False,False,64,93,True,True,True,False,False,False,"A provisional donor flag is only an upper-bound screen; unresolved membership, spillovers, and confounders remain."
les_pleiades,Les Pléiades,2018-05-01,792,Lenk,1,False,False,39.888,False,False,True,64,95,True,True,True,False,False,False,"A provisional donor flag is only an upper-bound screen; unresolved membership, spillovers, and confounders remain."
les_pleiades,Les Pléiades,2018-05-01,843,Saanen,1,True,False,30.844,False,False,True,64,95,True,True,False,False,False,False,"A provisional donor flag is only an upper-bound screen; unresolved membership, spillovers, and confounders remain."
les_pleiades,Les Pléiades,2018-05-01,906,Schangnau,1,True,False,81.857,False,False,False,64,93,True,True,False,False,False,False,"A provisional donor flag is only an upper-bound screen; unresolved membership, spillovers, and confounders remain."
les_pleiades,Les Pléiades,2018-05-01,938,Sigriswil,1,True,False,68.509,False,False,False,64,95,True,True,False,False,False,False,"A provisional donor flag is only an upper-bound screen; unresolved membership, spillovers, and confounders remain."
les_pleiades,Les Pléiades,2018-05-01,1202,Andermatt,1,False,False,129.87,False,False,False,64,95,True,True,True,False,False,False,"A provisional donor flag is only an upper-bound screen; unresolved membership, spillovers, and confounders remain."
les_pleiades,Les Pléiades,2018-05-01,1301,Einsiedeln,3,False,False,155.845,False,False,False,64,95,True,True,True,False,False,False,"A provisional donor flag is only an upper-bound screen; unresolved membership, spillovers, and confounders remain."
les_pleiades,Les Pléiades,2018-05-01,1331,Küssnacht (SZ),1,False,False,134.285,False,False,False,64,95,True,True,True,False,False,False,"A provisional donor flag is only an upper-bound screen; unresolved membership, spillovers, and confounders remain."
les_pleiades,Les Pléiades,2018-05-01,1366,Morschach,1,False,False,143.233,False,False,False,64,95,True,True,True,False,False,False,"A provisional donor flag is only an upper-bound screen; unresolved membership, spillovers, and confounders remain."
les_pleiades,Les Pléiades,2018-05-01,1372,Schwyz,2,False,False,146.698,False,False,False,64,95,True,True,True,False,False,False,"A provisional donor flag is only an upper-bound screen; unresolved membership, spillovers, and confounders remain."
les_pleiades,Les Pléiades,2018-05-01,1402,Engelberg,1,False,False,119.969,False,False,False,64,95,True,True,True,False,False,False,"A provisional donor flag is only an upper-bound screen; unresolved membership, spillovers, and confounders remain."
les_pleiades,Les Pléiades,2018-05-01,1407,Sarnen,1,False,False,101.953,False,False,False,64,95,True,True,True,False,False,False,"A provisional donor flag is only an upper-bound screen; unresolved membership, spillovers, and confounders remain."
les_pleiades,Les Pléiades,2018-05-01,1501,Beckenried,1,True,False,129.017,False,False,False,64,93,True,True,False,False,False,False,"A provisional donor flag is only an upper-bound screen; unresolved membership, spillovers, and confounders remain."
les_pleiades,Les Pléiades,2018-05-01,1630,Glarus Nord,2,False,False,178.048,False,False,False,64,95,True,True,True,False,False,False,"A provisional donor flag is only an upper-bound screen; unresolved membership, spillovers, and confounders remain."
les_pleiades,Les Pléiades,2018-05-01,1631,Glarus Süd,2,False,False,166.073,False,False,False,64,95,True,True,True,False,False,False,"A provisional donor flag is only an upper-bound screen; unresolved membership, spillovers, and confounders remain."
les_pleiades,Les Pléiades,2018-05-01,1709,Unterägeri,1,False,False,143.247,False,False,False,64,95,True,True,True,False,False,False,"A provisional donor flag is only an upper-bound screen; unresolved membership, spillovers, and confounders remain."
les_pleiades,Les Pléiades,2018-05-01,2125,Bulle,1,False,False,17.342,False,True,True,64,93,True,True,False,False,False,False,"A provisional donor flag is only an upper-bound screen; unresolved membership, spillovers, and confounders remain."
les_pleiades,Les Pléiades,2018-05-01,2135,Gruyères,1,True,False,10.104,True,True,True,64,93,True,True,False,False,False,False,"A provisional donor flag is only an upper-bound screen; unresolved membership, spillovers, and confounders remain."
les_pleiades,Les Pléiades,2018-05-01,2299,Plaffeien,1,False,False,38.225,False,False,True,64,93,True,True,True,False,False,False,"A provisional donor flag is only an upper-bound screen; unresolved membership, spillovers, and confounders remain."
les_pleiades,Les Pléiades,2018-05-01,3022,Gais,1,False,False,216.066,False,False,False,64,95,True,True,True,False,False,False,"A provisional donor flag is only an upper-bound screen; unresolved membership, spillovers, and confounders remain."
les_pleiades,Les Pléiades,2018-05-01,3032,Heiden,1,False,False,224.36,False,False,False,64,94,True,True,True,False,False,False,"A provisional donor flag is only an upper-bound screen; unresolved membership, spillovers, and confounders remain."
les_pleiades,Les Pléiades,2018-05-01,3102,Gonten,2,False,False,204.506,False,False,False,64,95,True,True,True,False,False,False,"A provisional donor flag is only an upper-bound screen; unresolved membership, spillovers, and confounders remain."
les_pleiades,Les Pléiades,2018-05-01,3271,Buchs (SG),1,False,False,204.582,False,False,False,64,95,True,True,True,False,False,False,"A provisional donor flag is only an upper-bound screen; unresolved membership, spillovers, and confounders remain."
les_pleiades,Les Pléiades,2018-05-01,3291,Bad Ragaz,1,False,False,199.708,False,False,False,64,95,True,True,True,False,False,False,"A provisional donor flag is only an upper-bound screen; unresolved membership, spillovers, and confounders remain."
les_pleiades,Les Pléiades,2018-05-01,3295,Quarten,1,False,False,190.362,False,False,False,64,95,True,True,True,False,False,False,"A provisional donor flag is only an upper-bound screen; unresolved membership, spillovers, and confounders remain."
les_pleiades,Les Pléiades,2018-05-01,3311,Amden,1,False,False,185.04,False,False,False,64,95,True,True,True,False,False,False,"A provisional donor flag is only an upper-bound screen; unresolved membership, spillovers, and confounders remain."
les_pleiades,Les Pléiades,2018-05-01,3342,Eschenbach (SG),2,False,False,177.422,False,False,False,64,95,True,True,True,False,False,False,"A provisional donor flag is only an upper-bound screen; unresolved membership, spillovers, and confounders remain."
les_pleiades,Les Pléiades,2018-05-01,3359,Wildhaus-Alt St. Johann,1,False,False,197.347,False,False,False,64,95,True,True,True,False,False,False,"A provisional donor flag is only an upper-bound screen; unresolved membership, spillovers, and confounders remain."
les_pleiades,Les Pléiades,2018-05-01,3396,Neckertal,3,False,False,192.319,False,False,False,0,39,False,True,False,False,False,False,"A provisional donor flag is only an upper-bound screen; unresolved membership, spillovers, and confounders remain."
les_pleiades,Les Pléiades,2018-05-01,3543,Surses,2,False,False,202.094,False,False,False,28,95,False,True,False,False,False,False,"A provisional donor flag is only an upper-bound screen; unresolved membership, spillovers, and confounders remain."
les_pleiades,Les Pléiades,2018-05-01,3575,Laax,1,False,False,179.907,False,False,False,64,95,True,True,True,False,False,False,"A provisional donor flag is only an upper-bound screen; unresolved membership, spillovers, and confounders remain."
les_pleiades,Les Pléiades,2018-05-01,3603,Vals,1,False,False,170.838,False,False,False,64,95,True,True,True,False,False,False,"A provisional donor flag is only an upper-bound screen; unresolved membership, spillovers, and confounders remain."
les_pleiades,Les Pléiades,2018-05-01,3714,Rheinwald,1,False,False,183.541,False,False,False,0,85,False,True,False,False,False,False,"A provisional donor flag is only an upper-bound screen; unresolved membership, spillovers, and confounders remain."
les_pleiades,Les Pléiades,2018-05-01,3752,Samnaun,1,False,False,268.992,False,False,False,64,95,True,True,True,False,False,False,"A provisional donor flag is only an upper-bound screen; unresolved membership, spillovers, and confounders remain."
les_pleiades,Les Pléiades,2018-05-01,3762,Scuol,1,False,False,257.851,False,False,False,64,95,True,True,True,False,False,False,"A provisional donor flag is only an upper-bound screen; unresolved membership, spillovers, and confounders remain."
les_pleiades,Les Pléiades,2018-05-01,3782,Celerina/Schlarigna,1,False,False,222.132,False,False,False,64,95,True,True,True,False,False,False,"A provisional donor flag is only an upper-bound screen; unresolved membership, spillovers, and confounders remain."
les_pleiades,Les Pléiades,2018-05-01,3784,Pontresina,2,False,False,228.995,False,False,False,64,93,True,True,True,False,False,False,"A provisional donor flag is only an upper-bound screen; unresolved membership, spillovers, and confounders remain."
les_pleiades,Les Pléiades,2018-05-01,3786,Samedan,2,False,False,225.505,False,False,False,64,95,True,True,True,False,False,False,"A provisional donor flag is only an upper-bound screen; unresolved membership, spillovers, and confounders remain."
les_pleiades,Les Pléiades,2018-05-01,3792,Bregaglia,1,False,False,213.917,False,False,False,64,95,True,True,True,False,False,False,"A provisional donor flag is only an upper-bound screen; unresolved membership, spillovers, and confounders remain."
les_pleiades,Les Pléiades,2018-05-01,3847,Val Müstair,1,False,False,261.669,False,False,False,64,95,True,True,True,False,False,False,"A provisional donor flag is only an upper-bound screen; unresolved membership, spillovers, and confounders remain."
les_pleiades,Les Pléiades,2018-05-01,3851,Davos,5,False,False,222.036,False,False,False,64,95,True,True,True,False,False,False,"A provisional donor flag is only an upper-bound screen; unresolved membership, spillovers, and confounders remain."
les_pleiades,Les Pléiades,2018-05-01,3871,Klosters,1,False,False,229.515,False,False,False,64,95,True,True,True,False,False,False,"A provisional donor flag is only an upper-bound screen; unresolved membership, spillovers, and confounders remain."
les_pleiades,Les Pléiades,2018-05-01,3901,Chur,2,False,False,206.926,False,False,False,64,95,True,True,True,False,False,False,"A provisional donor flag is only an upper-bound screen; unresolved membership, spillovers, and confounders remain."
les_pleiades,Les Pléiades,2018-05-01,3921,Arosa,1,False,False,212.033,False,False,False,64,95,True,True,True,False,False,False,"A provisional donor flag is only an upper-bound screen; unresolved membership, spillovers, and confounders remain."
les_pleiades,Les Pléiades,2018-05-01,3981,Breil/Brigels,1,False,False,168.179,False,False,False,64,95,True,True,True,False,False,False,"A provisional donor flag is only an upper-bound screen; unresolved membership, spillovers, and confounders remain."
les_pleiades,Les Pléiades,2018-05-01,3986,Tujetsch,2,False,False,138.578,False,False,False,64,95,True,True,True,False,False,False,"A provisional donor flag is only an upper-bound screen; unresolved membership, spillovers, and confounders remain."
les_pleiades,Les Pléiades,2018-05-01,5407,Leysin,1,False,False,16.811,False,True,True,64,93,True,True,False,False,False,False,"A provisional donor flag is only an upper-bound screen; unresolved membership, spillovers, and confounders remain."
les_pleiades,Les Pléiades,2018-05-01,5409,Ollon,1,True,False,22.393,False,True,True,64,93,True,True,False,False,False,False,"A provisional donor flag is only an upper-bound screen; unresolved membership, spillovers, and confounders remain."
les_pleiades,Les Pléiades,2018-05-01,5411,Ormont-Dessus,1,False,False,24.202,False,True,True,64,93,True,True,False,False,False,False,"A provisional donor flag is only an upper-bound screen; unresolved membership, spillovers, and confounders remain."
les_pleiades,Les Pléiades,2018-05-01,5552,Bullet,1,True,False,48.431,False,False,True,64,93,True,True,False,False,False,False,"A provisional donor flag is only an upper-bound screen; unresolved membership, spillovers, and confounders remain."
les_pleiades,Les Pléiades,2018-05-01,5872,Le Chenit,1,True,False,52.293,False,False,False,64,95,True,True,False,False,False,False,"A provisional donor flag is only an upper-bound screen; unresolved membership, spillovers, and confounders remain."
les_pleiades,Les Pléiades,2018-05-01,5886,Montreux,1,False,False,4.301,True,True,True,64,95,True,True,False,False,False,False,"A provisional donor flag is only an upper-bound screen; unresolved membership, spillovers, and confounders remain."
les_pleiades,Les Pléiades,2018-05-01,5892,Blonay - Saint-Légier,1,True,True,0.0,True,True,True,0,51,False,True,False,False,False,False,"A provisional donor flag is only an upper-bound screen; unresolved membership, spillovers, and confounders remain."
les_pleiades,Les Pléiades,2018-05-01,6024,Nendaz,2,False,False,47.909,False,False,True,64,95,True,True,True,False,False,False,"A provisional donor flag is only an upper-bound screen; unresolved membership, spillovers, and confounders remain."
les_pleiades,Les Pléiades,2018-05-01,6034,Orsières,2,False,False,53.961,False,False,False,64,95,True,True,True,False,False,False,"A provisional donor flag is only an upper-bound screen; unresolved membership, spillovers, and confounders remain."
les_pleiades,Les Pléiades,2018-05-01,6037,Val de Bagnes,2,False,False,52.096,False,False,False,0,63,False,True,False,False,False,False,"A provisional donor flag is only an upper-bound screen; unresolved membership, spillovers, and confounders remain."
les_pleiades,Les Pléiades,2018-05-01,6077,Goms,1,False,False,103.482,False,False,False,16,93,False,True,False,False,False,False,"A provisional donor flag is only an upper-bound screen; unresolved membership, spillovers, and confounders remain."
les_pleiades,Les Pléiades,2018-05-01,6083,Evolène,3,True,False,59.201,False,False,False,64,93,True,True,False,False,False,False,"A provisional donor flag is only an upper-bound screen; unresolved membership, spillovers, and confounders remain."
les_pleiades,Les Pléiades,2018-05-01,6252,Anniviers,2,True,False,60.337,False,False,False,64,93,True,True,False,False,False,False,"A provisional donor flag is only an upper-bound screen; unresolved membership, spillovers, and confounders remain."
les_pleiades,Les Pléiades,2018-05-01,6253,Crans-Montana,1,True,False,46.642,False,False,True,16,95,False,True,False,False,False,False,"A provisional donor flag is only an upper-bound screen; unresolved membership, spillovers, and confounders remain."
les_pleiades,Les Pléiades,2018-05-01,6290,Saas-Fee,1,True,False,89.323,False,False,False,64,95,True,True,False,False,False,False,"A provisional donor flag is only an upper-bound screen; unresolved membership, spillovers, and confounders remain."
les_pleiades,Les Pléiades,2018-05-01,6291,Saas-Grund,1,False,False,89.794,False,False,False,64,95,True,True,True,False,False,False,"A provisional donor flag is only an upper-bound screen; unresolved membership, spillovers, and confounders remain."
les_pleiades,Les Pléiades,2018-05-01,6300,Zermatt,1,False,False,84.475,False,False,False,64,95,True,True,True,False,False,False,"A provisional donor flag is only an upper-bound screen; unresolved membership, spillovers, and confounders remain."
les_pleiades,Les Pléiades,2018-05-01,6421,La Chaux-de-Fonds,2,False,False,64.085,False,False,False,64,95,True,True,True,False,False,False,"A provisional donor flag is only an upper-bound screen; unresolved membership, spillovers, and confounders remain."
meiringen_hasliberg,Meiringen-Hasliberg,2025-05-01,355,Köniz,1,False,False,63.022,False,False,False,146,11,True,False,False,False,False,False,"A provisional donor flag is only an upper-bound screen; unresolved membership, spillovers, and confounders remain."
meiringen_hasliberg,Meiringen-Hasliberg,2025-05-01,561,Adelboden,2,False,False,58.683,False,False,False,148,11,True,False,False,False,False,False,"A provisional donor flag is only an upper-bound screen; unresolved membership, spillovers, and confounders remain."
meiringen_hasliberg,Meiringen-Hasliberg,2025-05-01,562,Aeschi bei Spiez,1,False,False,39.931,False,False,True,148,11,True,False,False,False,False,False,"A provisional donor flag is only an upper-bound screen; unresolved membership, spillovers, and confounders remain."
meiringen_hasliberg,Meiringen-Hasliberg,2025-05-01,567,Reichenbach im Kandertal,2,True,False,41.08,False,False,True,146,11,True,False,False,False,False,False,"A provisional donor flag is only an upper-bound screen; unresolved membership, spillovers, and confounders remain."
meiringen_hasliberg,Meiringen-Hasliberg,2025-05-01,571,Beatenberg,1,False,False,35.227,False,False,True,148,11,True,False,False,False,False,False,"A provisional donor flag is only an upper-bound screen; unresolved membership, spillovers, and confounders remain."
meiringen_hasliberg,Meiringen-Hasliberg,2025-05-01,573,Brienz (BE),1,True,False,14.828,True,True,True,148,11,True,False,False,False,False,False,"A provisional donor flag is only an upper-bound screen; unresolved membership, spillovers, and confounders remain."
meiringen_hasliberg,Meiringen-Hasliberg,2025-05-01,576,Grindelwald,1,False,False,26.629,False,True,True,148,11,True,False,False,False,False,False,"A provisional donor flag is only an upper-bound screen; unresolved membership, spillovers, and confounders remain."
meiringen_hasliberg,Meiringen-Hasliberg,2025-05-01,584,Lauterbrunnen,1,False,False,35.259,False,False,True,148,11,True,False,False,False,False,False,"A provisional donor flag is only an upper-bound screen; unresolved membership, spillovers, and confounders remain."
meiringen_hasliberg,Meiringen-Hasliberg,2025-05-01,762,Diemtigen,3,True,False,52.189,False,False,False,147,11,True,False,False,False,False,False,"A provisional donor flag is only an upper-bound screen; unresolved membership, spillovers, and confounders remain."
meiringen_hasliberg,Meiringen-Hasliberg,2025-05-01,783,Hasliberg,1,True,True,0.0,True,True,True,146,11,True,False,False,False,False,False,"A provisional donor flag is only an upper-bound screen; unresolved membership, spillovers, and confounders remain."
meiringen_hasliberg,Meiringen-Hasliberg,2025-05-01,784,Innertkirchen,1,False,False,9.261,True,True,True,146,11,True,False,False,False,False,False,"A provisional donor flag is only an upper-bound screen; unresolved membership, spillovers, and confounders remain."
meiringen_hasliberg,Meiringen-Hasliberg,2025-05-01,792,Lenk,1,False,False,69.604,False,False,False,148,11,True,False,False,False,False,False,"A provisional donor flag is only an upper-bound screen; unresolved membership, spillovers, and confounders remain."
meiringen_hasliberg,Meiringen-Hasliberg,2025-05-01,843,Saanen,1,True,False,75.211,False,False,False,148,11,True,False,False,False,False,False,"A provisional donor flag is only an upper-bound screen; unresolved membership, spillovers, and confounders remain."
meiringen_hasliberg,Meiringen-Hasliberg,2025-05-01,906,Schangnau,1,True,False,26.907,False,True,True,146,11,True,False,False,False,False,False,"A provisional donor flag is only an upper-bound screen; unresolved membership, spillovers, and confounders remain."
meiringen_hasliberg,Meiringen-Hasliberg,2025-05-01,938,Sigriswil,1,True,False,37.078,False,False,True,148,11,True,False,False,False,False,False,"A provisional donor flag is only an upper-bound screen; unresolved membership, spillovers, and confounders remain."
meiringen_hasliberg,Meiringen-Hasliberg,2025-05-01,1202,Andermatt,1,False,False,32.373,False,False,True,148,11,True,False,False,False,False,False,"A provisional donor flag is only an upper-bound screen; unresolved membership, spillovers, and confounders remain."
meiringen_hasliberg,Meiringen-Hasliberg,2025-05-01,1301,Einsiedeln,3,False,False,58.185,False,False,False,148,11,True,False,False,False,False,False,"A provisional donor flag is only an upper-bound screen; unresolved membership, spillovers, and confounders remain."
meiringen_hasliberg,Meiringen-Hasliberg,2025-05-01,1331,Küssnacht (SZ),1,False,False,39.963,False,False,True,148,11,True,False,False,False,False,False,"A provisional donor flag is only an upper-bound screen; unresolved membership, spillovers, and confounders remain."
meiringen_hasliberg,Meiringen-Hasliberg,2025-05-01,1366,Morschach,1,False,False,41.401,False,False,True,148,11,True,False,False,False,False,False,"A provisional donor flag is only an upper-bound screen; unresolved membership, spillovers, and confounders remain."
meiringen_hasliberg,Meiringen-Hasliberg,2025-05-01,1372,Schwyz,2,False,False,47.699,False,False,True,148,11,True,False,False,False,False,False,"A provisional donor flag is only an upper-bound screen; unresolved membership, spillovers, and confounders remain."
meiringen_hasliberg,Meiringen-Hasliberg,2025-05-01,1402,Engelberg,1,False,False,16.539,False,True,True,148,11,True,False,False,False,False,False,"A provisional donor flag is only an upper-bound screen; unresolved membership, spillovers, and confounders remain."
meiringen_hasliberg,Meiringen-Hasliberg,2025-05-01,1407,Sarnen,1,False,False,18.441,False,True,True,148,11,True,False,False,False,False,False,"A provisional donor flag is only an upper-bound screen; unresolved membership, spillovers, and confounders remain."
meiringen_hasliberg,Meiringen-Hasliberg,2025-05-01,1501,Beckenried,1,True,False,28.496,False,True,True,146,11,True,False,False,False,False,False,"A provisional donor flag is only an upper-bound screen; unresolved membership, spillovers, and confounders remain."
meiringen_hasliberg,Meiringen-Hasliberg,2025-05-01,1630,Glarus Nord,2,False,False,75.196,False,False,False,148,11,True,False,False,False,False,False,"A provisional donor flag is only an upper-bound screen; unresolved membership, spillovers, and confounders remain."
meiringen_hasliberg,Meiringen-Hasliberg,2025-05-01,1631,Glarus Süd,2,False,False,62.088,False,False,False,148,11,True,False,False,False,False,False,"A provisional donor flag is only an upper-bound screen; unresolved membership, spillovers, and confounders remain."
meiringen_hasliberg,Meiringen-Hasliberg,2025-05-01,1709,Unterägeri,1,False,False,48.787,False,False,True,148,11,True,False,False,False,False,False,"A provisional donor flag is only an upper-bound screen; unresolved membership, spillovers, and confounders remain."
meiringen_hasliberg,Meiringen-Hasliberg,2025-05-01,2125,Bulle,1,False,False,90.788,False,False,False,146,11,True,False,False,False,False,False,"A provisional donor flag is only an upper-bound screen; unresolved membership, spillovers, and confounders remain."
meiringen_hasliberg,Meiringen-Hasliberg,2025-05-01,2135,Gruyères,1,True,False,94.91,False,False,False,146,11,True,False,False,False,False,False,"A provisional donor flag is only an upper-bound screen; unresolved membership, spillovers, and confounders remain."
meiringen_hasliberg,Meiringen-Hasliberg,2025-05-01,2299,Plaffeien,1,False,False,72.43,False,False,False,146,11,True,False,False,False,False,False,"A provisional donor flag is only an upper-bound screen; unresolved membership, spillovers, and confounders remain."
meiringen_hasliberg,Meiringen-Hasliberg,2025-05-01,3022,Gais,1,False,False,115.752,False,False,False,148,11,True,False,False,False,False,False,"A provisional donor flag is only an upper-bound screen; unresolved membership, spillovers, and confounders remain."
meiringen_hasliberg,Meiringen-Hasliberg,2025-05-01,3032,Heiden,1,False,False,124.689,False,False,False,147,11,True,False,False,False,False,False,"A provisional donor flag is only an upper-bound screen; unresolved membership, spillovers, and confounders remain."
meiringen_hasliberg,Meiringen-Hasliberg,2025-05-01,3102,Gonten,2,False,False,104.396,False,False,False,148,11,True,False,False,False,False,False,"A provisional donor flag is only an upper-bound screen; unresolved membership, spillovers, and confounders remain."
meiringen_hasliberg,Meiringen-Hasliberg,2025-05-01,3271,Buchs (SG),1,False,False,101.329,False,False,False,148,11,True,False,False,False,False,False,"A provisional donor flag is only an upper-bound screen; unresolved membership, spillovers, and confounders remain."
meiringen_hasliberg,Meiringen-Hasliberg,2025-05-01,3291,Bad Ragaz,1,False,False,95.488,False,False,False,148,11,True,False,False,False,False,False,"A provisional donor flag is only an upper-bound screen; unresolved membership, spillovers, and confounders remain."
meiringen_hasliberg,Meiringen-Hasliberg,2025-05-01,3295,Quarten,1,False,False,86.88,False,False,False,148,11,True,False,False,False,False,False,"A provisional donor flag is only an upper-bound screen; unresolved membership, spillovers, and confounders remain."
meiringen_hasliberg,Meiringen-Hasliberg,2025-05-01,3311,Amden,1,False,False,83.219,False,False,False,148,11,True,False,False,False,False,False,"A provisional donor flag is only an upper-bound screen; unresolved membership, spillovers, and confounders remain."
meiringen_hasliberg,Meiringen-Hasliberg,2025-05-01,3342,Eschenbach (SG),2,False,False,80.728,False,False,False,148,11,True,False,False,False,False,False,"A provisional donor flag is only an upper-bound screen; unresolved membership, spillovers, and confounders remain."
meiringen_hasliberg,Meiringen-Hasliberg,2025-05-01,3359,Wildhaus-Alt St. Johann,1,False,False,94.894,False,False,False,148,11,True,False,False,False,False,False,"A provisional donor flag is only an upper-bound screen; unresolved membership, spillovers, and confounders remain."
meiringen_hasliberg,Meiringen-Hasliberg,2025-05-01,3396,Neckertal,3,False,False,92.943,False,False,False,28,11,False,False,False,False,False,False,"A provisional donor flag is only an upper-bound screen; unresolved membership, spillovers, and confounders remain."
meiringen_hasliberg,Meiringen-Hasliberg,2025-05-01,3543,Surses,2,False,False,102.653,False,False,False,112,11,True,False,False,False,False,False,"A provisional donor flag is only an upper-bound screen; unresolved membership, spillovers, and confounders remain."
meiringen_hasliberg,Meiringen-Hasliberg,2025-05-01,3575,Laax,1,False,False,75.948,False,False,False,148,11,True,False,False,False,False,False,"A provisional donor flag is only an upper-bound screen; unresolved membership, spillovers, and confounders remain."
meiringen_hasliberg,Meiringen-Hasliberg,2025-05-01,3603,Vals,1,False,False,71.521,False,False,False,148,11,True,False,False,False,False,False,"A provisional donor flag is only an upper-bound screen; unresolved membership, spillovers, and confounders remain."
meiringen_hasliberg,Meiringen-Hasliberg,2025-05-01,3714,Rheinwald,1,False,False,86.194,False,False,False,74,11,True,False,False,False,False,False,"A provisional donor flag is only an upper-bound screen; unresolved membership, spillovers, and confounders remain."
meiringen_hasliberg,Meiringen-Hasliberg,2025-05-01,3752,Samnaun,1,False,False,165.038,False,False,False,148,11,True,False,False,False,False,False,"A provisional donor flag is only an upper-bound screen; unresolved membership, spillovers, and confounders remain."
meiringen_hasliberg,Meiringen-Hasliberg,2025-05-01,3762,Scuol,1,False,False,154.879,False,False,False,148,11,True,False,False,False,False,False,"A provisional donor flag is only an upper-bound screen; unresolved membership, spillovers, and confounders remain."
meiringen_hasliberg,Meiringen-Hasliberg,2025-05-01,3782,Celerina/Schlarigna,1,False,False,124.042,False,False,False,148,11,True,False,False,False,False,False,"A provisional donor flag is only an upper-bound screen; unresolved membership, spillovers, and confounders remain."
meiringen_hasliberg,Meiringen-Hasliberg,2025-05-01,3784,Pontresina,2,False,False,131.233,False,False,False,146,11,True,False,False,False,False,False,"A provisional donor flag is only an upper-bound screen; unresolved membership, spillovers, and confounders remain."
meiringen_hasliberg,Meiringen-Hasliberg,2025-05-01,3786,Samedan,2,False,False,126.98,False,False,False,148,11,True,False,False,False,False,False,"A provisional donor flag is only an upper-bound screen; unresolved membership, spillovers, and confounders remain."
meiringen_hasliberg,Meiringen-Hasliberg,2025-05-01,3792,Bregaglia,1,False,False,119.276,False,False,False,148,11,True,False,False,False,False,False,"A provisional donor flag is only an upper-bound screen; unresolved membership, spillovers, and confounders remain."
meiringen_hasliberg,Meiringen-Hasliberg,2025-05-01,3847,Val Müstair,1,False,False,160.69,False,False,False,148,11,True,False,False,False,False,False,"A provisional donor flag is only an upper-bound screen; unresolved membership, spillovers, and confounders remain."
meiringen_hasliberg,Meiringen-Hasliberg,2025-05-01,3851,Davos,5,False,False,119.636,False,False,False,148,11,True,False,False,False,False,False,"A provisional donor flag is only an upper-bound screen; unresolved membership, spillovers, and confounders remain."
meiringen_hasliberg,Meiringen-Hasliberg,2025-05-01,3871,Klosters,1,False,False,125.704,False,False,False,148,11,True,False,False,False,False,False,"A provisional donor flag is only an upper-bound screen; unresolved membership, spillovers, and confounders remain."
meiringen_hasliberg,Meiringen-Hasliberg,2025-05-01,3901,Chur,2,False,False,103.693,False,False,False,148,11,True,False,False,False,False,False,"A provisional donor flag is only an upper-bound screen; unresolved membership, spillovers, and confounders remain."
meiringen_hasliberg,Meiringen-Hasliberg,2025-05-01,3921,Arosa,1,False,False,108.487,False,False,False,148,11,True,False,False,False,False,False,"A provisional donor flag is only an upper-bound screen; unresolved membership, spillovers, and confounders remain."
meiringen_hasliberg,Meiringen-Hasliberg,2025-05-01,3981,Breil/Brigels,1,False,False,64.58,False,False,False,148,11,True,False,False,False,False,False,"A provisional donor flag is only an upper-bound screen; unresolved membership, spillovers, and confounders remain."
meiringen_hasliberg,Meiringen-Hasliberg,2025-05-01,3986,Tujetsch,2,False,False,37.8,False,False,True,148,11,True,False,False,False,False,False,"A provisional donor flag is only an upper-bound screen; unresolved membership, spillovers, and confounders remain."
meiringen_hasliberg,Meiringen-Hasliberg,2025-05-01,5407,Leysin,1,False,False,102.869,False,False,False,146,11,True,False,False,False,False,False,"A provisional donor flag is only an upper-bound screen; unresolved membership, spillovers, and confounders remain."
meiringen_hasliberg,Meiringen-Hasliberg,2025-05-01,5409,Ollon,1,True,False,101.01,False,False,False,146,11,True,False,False,False,False,False,"A provisional donor flag is only an upper-bound screen; unresolved membership, spillovers, and confounders remain."
meiringen_hasliberg,Meiringen-Hasliberg,2025-05-01,5411,Ormont-Dessus,1,False,False,94.811,False,False,False,146,11,True,False,False,False,False,False,"A provisional donor flag is only an upper-bound screen; unresolved membership, spillovers, and confounders remain."
meiringen_hasliberg,Meiringen-Hasliberg,2025-05-01,5552,Bullet,1,True,False,129.939,False,False,False,146,11,True,False,False,False,False,False,"A provisional donor flag is only an upper-bound screen; unresolved membership, spillovers, and confounders remain."
meiringen_hasliberg,Meiringen-Hasliberg,2025-05-01,5872,Le Chenit,1,True,False,152.215,False,False,False,148,11,True,False,False,False,False,False,"A provisional donor flag is only an upper-bound screen; unresolved membership, spillovers, and confounders remain."
meiringen_hasliberg,Meiringen-Hasliberg,2025-05-01,5886,Montreux,1,False,False,104.151,False,False,False,148,11,True,False,False,False,False,False,"A provisional donor flag is only an upper-bound screen; unresolved membership, spillovers, and confounders remain."
meiringen_hasliberg,Meiringen-Hasliberg,2025-05-01,5892,Blonay - Saint-Légier,1,True,False,104.233,False,False,False,40,11,True,False,False,False,False,False,"A provisional donor flag is only an upper-bound screen; unresolved membership, spillovers, and confounders remain."
meiringen_hasliberg,Meiringen-Hasliberg,2025-05-01,6024,Nendaz,2,False,False,91.515,False,False,False,148,11,True,False,False,False,False,False,"A provisional donor flag is only an upper-bound screen; unresolved membership, spillovers, and confounders remain."
meiringen_hasliberg,Meiringen-Hasliberg,2025-05-01,6034,Orsières,2,False,False,117.738,False,False,False,148,11,True,False,False,False,False,False,"A provisional donor flag is only an upper-bound screen; unresolved membership, spillovers, and confounders remain."
meiringen_hasliberg,Meiringen-Hasliberg,2025-05-01,6037,Val de Bagnes,2,False,False,102.93,False,False,False,52,11,True,False,False,False,False,False,"A provisional donor flag is only an upper-bound screen; unresolved membership, spillovers, and confounders remain."
meiringen_hasliberg,Meiringen-Hasliberg,2025-05-01,6077,Goms,1,False,False,28.663,False,True,True,98,11,True,False,False,False,False,False,"A provisional donor flag is only an upper-bound screen; unresolved membership, spillovers, and confounders remain."
meiringen_hasliberg,Meiringen-Hasliberg,2025-05-01,6083,Evolène,3,True,False,90.799,False,False,False,146,11,True,False,False,False,False,False,"A provisional donor flag is only an upper-bound screen; unresolved membership, spillovers, and confounders remain."
meiringen_hasliberg,Meiringen-Hasliberg,2025-05-01,6252,Anniviers,2,True,False,73.727,False,False,False,146,11,True,False,False,False,False,False,"A provisional donor flag is only an upper-bound screen; unresolved membership, spillovers, and confounders remain."
meiringen_hasliberg,Meiringen-Hasliberg,2025-05-01,6253,Crans-Montana,1,True,False,73.47,False,False,False,100,11,True,False,False,False,False,False,"A provisional donor flag is only an upper-bound screen; unresolved membership, spillovers, and confounders remain."
meiringen_hasliberg,Meiringen-Hasliberg,2025-05-01,6290,Saas-Fee,1,True,False,77.043,False,False,False,148,11,True,False,False,False,False,False,"A provisional donor flag is only an upper-bound screen; unresolved membership, spillovers, and confounders remain."
meiringen_hasliberg,Meiringen-Hasliberg,2025-05-01,6291,Saas-Grund,1,False,False,70.742,False,False,False,148,11,True,False,False,False,False,False,"A provisional donor flag is only an upper-bound screen; unresolved membership, spillovers, and confounders remain."
meiringen_hasliberg,Meiringen-Hasliberg,2025-05-01,6300,Zermatt,1,False,False,88.596,False,False,False,148,11,True,False,False,False,False,False,"A provisional donor flag is only an upper-bound screen; unresolved membership, spillovers, and confounders remain."
meiringen_hasliberg,Meiringen-Hasliberg,2025-05-01,6421,La Chaux-de-Fonds,2,False,False,111.296,False,False,False,148,11,True,False,False,False,False,False,"A provisional donor flag is only an upper-bound screen; unresolved membership, spillovers, and confounders remain."
moleson,Moléson,2017-11-01,355,Köniz,1,False,False,51.935,False,False,False,58,99,True,True,True,False,False,False,"A provisional donor flag is only an upper-bound screen; unresolved membership, spillovers, and confounders remain."
moleson,Moléson,2017-11-01,561,Adelboden,2,False,False,41.527,False,False,True,58,101,True,True,True,False,False,False,"A provisional donor flag is only an upper-bound screen; unresolved membership, spillovers, and confounders remain."
moleson,Moléson,2017-11-01,562,Aeschi bei Spiez,1,False,False,55.087,False,False,False,58,101,True,True,True,False,False,False,"A provisional donor flag is only an upper-bound screen; unresolved membership, spillovers, and confounders remain."
moleson,Moléson,2017-11-01,567,Reichenbach im Kandertal,2,True,False,52.882,False,False,False,58,99,True,True,False,False,False,False,"A provisional donor flag is only an upper-bound screen; unresolved membership, spillovers, and confounders remain."
moleson,Moléson,2017-11-01,571,Beatenberg,1,False,False,59.897,False,False,False,58,101,True,True,True,False,False,False,"A provisional donor flag is only an upper-bound screen; unresolved membership, spillovers, and confounders remain."
moleson,Moléson,2017-11-01,573,Brienz (BE),1,True,False,80.095,False,False,False,58,101,True,True,False,False,False,False,"A provisional donor flag is only an upper-bound screen; unresolved membership, spillovers, and confounders remain."
moleson,Moléson,2017-11-01,576,Grindelwald,1,False,False,70.777,False,False,False,58,101,True,True,True,False,False,False,"A provisional donor flag is only an upper-bound screen; unresolved membership, spillovers, and confounders remain."
moleson,Moléson,2017-11-01,584,Lauterbrunnen,1,False,False,63.916,False,False,False,58,101,True,True,True,False,False,False,"A provisional donor flag is only an upper-bound screen; unresolved membership, spillovers, and confounders remain."
moleson,Moléson,2017-11-01,762,Diemtigen,3,True,False,35.239,False,False,True,58,100,True,True,False,False,False,False,"A provisional donor flag is only an upper-bound screen; unresolved membership, spillovers, and confounders remain."
moleson,Moléson,2017-11-01,783,Hasliberg,1,True,False,94.91,False,False,False,58,99,True,True,False,False,False,False,"A provisional donor flag is only an upper-bound screen; unresolved membership, spillovers, and confounders remain."
moleson,Moléson,2017-11-01,784,Innertkirchen,1,False,False,103.7,False,False,False,58,99,True,True,True,False,False,False,"A provisional donor flag is only an upper-bound screen; unresolved membership, spillovers, and confounders remain."
moleson,Moléson,2017-11-01,792,Lenk,1,False,False,33.565,False,False,True,58,101,True,True,True,False,False,False,"A provisional donor flag is only an upper-bound screen; unresolved membership, spillovers, and confounders remain."
moleson,Moléson,2017-11-01,843,Saanen,1,True,False,23.752,False,True,True,58,101,True,True,False,False,False,False,"A provisional donor flag is only an upper-bound screen; unresolved membership, spillovers, and confounders remain."
moleson,Moléson,2017-11-01,906,Schangnau,1,True,False,72.017,False,False,False,58,99,True,True,False,False,False,False,"A provisional donor flag is only an upper-bound screen; unresolved membership, spillovers, and confounders remain."
moleson,Moléson,2017-11-01,938,Sigriswil,1,True,False,58.8,False,False,False,58,101,True,True,False,False,False,False,"A provisional donor flag is only an upper-bound screen; unresolved membership, spillovers, and confounders remain."
moleson,Moléson,2017-11-01,1202,Andermatt,1,False,False,121.354,False,False,False,58,101,True,True,True,False,False,False,"A provisional donor flag is only an upper-bound screen; unresolved membership, spillovers, and confounders remain."
moleson,Moléson,2017-11-01,1301,Einsiedeln,3,False,False,145.889,False,False,False,58,101,True,True,True,False,False,False,"A provisional donor flag is only an upper-bound screen; unresolved membership, spillovers, and confounders remain."
moleson,Moléson,2017-11-01,1331,Küssnacht (SZ),1,False,False,124.31,False,False,False,58,101,True,True,True,False,False,False,"A provisional donor flag is only an upper-bound screen; unresolved membership, spillovers, and confounders remain."
moleson,Moléson,2017-11-01,1366,Morschach,1,False,False,133.503,False,False,False,58,101,True,True,True,False,False,False,"A provisional donor flag is only an upper-bound screen; unresolved membership, spillovers, and confounders remain."
moleson,Moléson,2017-11-01,1372,Schwyz,2,False,False,136.812,False,False,False,58,101,True,True,True,False,False,False,"A provisional donor flag is only an upper-bound screen; unresolved membership, spillovers, and confounders remain."
moleson,Moléson,2017-11-01,1402,Engelberg,1,False,False,110.463,False,False,False,58,101,True,True,True,False,False,False,"A provisional donor flag is only an upper-bound screen; unresolved membership, spillovers, and confounders remain."
moleson,Moléson,2017-11-01,1407,Sarnen,1,False,False,92.07,False,False,False,58,101,True,True,True,False,False,False,"A provisional donor flag is only an upper-bound screen; unresolved membership, spillovers, and confounders remain."
moleson,Moléson,2017-11-01,1501,Beckenried,1,True,False,119.268,False,False,False,58,99,True,True,False,False,False,False,"A provisional donor flag is only an upper-bound screen; unresolved membership, spillovers, and confounders remain."
moleson,Moléson,2017-11-01,1630,Glarus Nord,2,False,False,168.335,False,False,False,58,101,True,True,True,False,False,False,"A provisional donor flag is only an upper-bound screen; unresolved membership, spillovers, and confounders remain."
moleson,Moléson,2017-11-01,1631,Glarus Süd,2,False,False,156.565,False,False,False,58,101,True,True,True,False,False,False,"A provisional donor flag is only an upper-bound screen; unresolved membership, spillovers, and confounders remain."
moleson,Moléson,2017-11-01,1709,Unterägeri,1,False,False,133.244,False,False,False,58,101,True,True,True,False,False,False,"A provisional donor flag is only an upper-bound screen; unresolved membership, spillovers, and confounders remain."
moleson,Moléson,2017-11-01,2125,Bulle,1,False,False,7.968,True,True,True,58,99,True,True,False,False,False,False,"A provisional donor flag is only an upper-bound screen; unresolved membership, spillovers, and confounders remain."
moleson,Moléson,2017-11-01,2135,Gruyères,1,True,True,0.0,True,True,True,58,99,True,True,False,False,False,False,"A provisional donor flag is only an upper-bound screen; unresolved membership, spillovers, and confounders remain."
moleson,Moléson,2017-11-01,2299,Plaffeien,1,False,False,28.189,False,True,True,58,99,True,True,False,False,False,False,"A provisional donor flag is only an upper-bound screen; unresolved membership, spillovers, and confounders remain."
moleson,Moléson,2017-11-01,3022,Gais,1,False,False,206.128,False,False,False,58,101,True,True,True,False,False,False,"A provisional donor flag is only an upper-bound screen; unresolved membership, spillovers, and confounders remain."
moleson,Moléson,2017-11-01,3032,Heiden,1,False,False,214.387,False,False,False,58,100,True,True,True,False,False,False,"A provisional donor flag is only an upper-bound screen; unresolved membership, spillovers, and confounders remain."
moleson,Moléson,2017-11-01,3102,Gonten,2,False,False,194.568,False,False,False,58,101,True,True,True,False,False,False,"A provisional donor flag is only an upper-bound screen; unresolved membership, spillovers, and confounders remain."
moleson,Moléson,2017-11-01,3271,Buchs (SG),1,False,False,194.893,False,False,False,58,101,True,True,True,False,False,False,"A provisional donor flag is only an upper-bound screen; unresolved membership, spillovers, and confounders remain."
moleson,Moléson,2017-11-01,3291,Bad Ragaz,1,False,False,190.306,False,False,False,58,101,True,True,True,False,False,False,"A provisional donor flag is only an upper-bound screen; unresolved membership, spillovers, and confounders remain."
moleson,Moléson,2017-11-01,3295,Quarten,1,False,False,180.72,False,False,False,58,101,True,True,True,False,False,False,"A provisional donor flag is only an upper-bound screen; unresolved membership, spillovers, and confounders remain."
moleson,Moléson,2017-11-01,3311,Amden,1,False,False,175.226,False,False,False,58,101,True,True,True,False,False,False,"A provisional donor flag is only an upper-bound screen; unresolved membership, spillovers, and confounders remain."
moleson,Moléson,2017-11-01,3342,Eschenbach (SG),2,False,False,167.402,False,False,False,58,101,True,True,True,False,False,False,"A provisional donor flag is only an upper-bound screen; unresolved membership, spillovers, and confounders remain."
moleson,Moléson,2017-11-01,3359,Wildhaus-Alt St. Johann,1,False,False,187.571,False,False,False,58,101,True,True,True,False,False,False,"A provisional donor flag is only an upper-bound screen; unresolved membership, spillovers, and confounders remain."
moleson,Moléson,2017-11-01,3396,Neckertal,3,False,False,182.298,False,False,False,0,39,False,True,False,False,False,False,"A provisional donor flag is only an upper-bound screen; unresolved membership, spillovers, and confounders remain."
moleson,Moléson,2017-11-01,3543,Surses,2,False,False,193.785,False,False,False,22,101,False,True,False,False,False,False,"A provisional donor flag is only an upper-bound screen; unresolved membership, spillovers, and confounders remain."
moleson,Moléson,2017-11-01,3575,Laax,1,False,False,170.748,False,False,False,58,101,True,True,True,False,False,False,"A provisional donor flag is only an upper-bound screen; unresolved membership, spillovers, and confounders remain."
moleson,Moléson,2017-11-01,3603,Vals,1,False,False,162.436,False,False,False,58,101,True,True,True,False,False,False,"A provisional donor flag is only an upper-bound screen; unresolved membership, spillovers, and confounders remain."
moleson,Moléson,2017-11-01,3714,Rheinwald,1,False,False,175.425,False,False,False,0,85,False,True,False,False,False,False,"A provisional donor flag is only an upper-bound screen; unresolved membership, spillovers, and confounders remain."
moleson,Moléson,2017-11-01,3752,Samnaun,1,False,False,259.86,False,False,False,58,101,True,True,True,False,False,False,"A provisional donor flag is only an upper-bound screen; unresolved membership, spillovers, and confounders remain."
moleson,Moléson,2017-11-01,3762,Scuol,1,False,False,249.017,False,False,False,58,101,True,True,True,False,False,False,"A provisional donor flag is only an upper-bound screen; unresolved membership, spillovers, and confounders remain."
moleson,Moléson,2017-11-01,3782,Celerina/Schlarigna,1,False,False,214.055,False,False,False,58,101,True,True,True,False,False,False,"A provisional donor flag is only an upper-bound screen; unresolved membership, spillovers, and confounders remain."
moleson,Moléson,2017-11-01,3784,Pontresina,2,False,False,220.979,False,False,False,58,99,True,True,True,False,False,False,"A provisional donor flag is only an upper-bound screen; unresolved membership, spillovers, and confounders remain."
moleson,Moléson,2017-11-01,3786,Samedan,2,False,False,217.379,False,False,False,58,101,True,True,True,False,False,False,"A provisional donor flag is only an upper-bound screen; unresolved membership, spillovers, and confounders remain."
moleson,Moléson,2017-11-01,3792,Bregaglia,1,False,False,206.238,False,False,False,58,101,True,True,True,False,False,False,"A provisional donor flag is only an upper-bound screen; unresolved membership, spillovers, and confounders remain."
moleson,Moléson,2017-11-01,3847,Val Müstair,1,False,False,253.232,False,False,False,58,101,True,True,True,False,False,False,"A provisional donor flag is only an upper-bound screen; unresolved membership, spillovers, and confounders remain."
moleson,Moléson,2017-11-01,3851,Davos,5,False,False,213.296,False,False,False,58,101,True,True,True,False,False,False,"A provisional donor flag is only an upper-bound screen; unresolved membership, spillovers, and confounders remain."
moleson,Moléson,2017-11-01,3871,Klosters,1,False,False,220.43,False,False,False,58,101,True,True,True,False,False,False,"A provisional donor flag is only an upper-bound screen; unresolved membership, spillovers, and confounders remain."
moleson,Moléson,2017-11-01,3901,Chur,2,False,False,197.992,False,False,False,58,101,True,True,True,False,False,False,"A provisional donor flag is only an upper-bound screen; unresolved membership, spillovers, and confounders remain."
moleson,Moléson,2017-11-01,3921,Arosa,1,False,False,203.023,False,False,False,58,101,True,True,True,False,False,False,"A provisional donor flag is only an upper-bound screen; unresolved membership, spillovers, and confounders remain."
moleson,Moléson,2017-11-01,3981,Breil/Brigels,1,False,False,159.118,False,False,False,58,101,True,True,True,False,False,False,"A provisional donor flag is only an upper-bound screen; unresolved membership, spillovers, and confounders remain."
moleson,Moléson,2017-11-01,3986,Tujetsch,2,False,False,129.844,False,False,False,58,101,True,True,True,False,False,False,"A provisional donor flag is only an upper-bound screen; unresolved membership, spillovers, and confounders remain."
moleson,Moléson,2017-11-01,5407,Leysin,1,False,False,21.381,False,True,True,58,99,True,True,False,False,False,False,"A provisional donor flag is only an upper-bound screen; unresolved membership, spillovers, and confounders remain."
moleson,Moléson,2017-11-01,5409,Ollon,1,True,False,25.69,False,True,True,58,99,True,True,False,False,False,False,"A provisional donor flag is only an upper-bound screen; unresolved membership, spillovers, and confounders remain."
moleson,Moléson,2017-11-01,5411,Ormont-Dessus,1,False,False,24.962,False,True,True,58,99,True,True,False,False,False,False,"A provisional donor flag is only an upper-bound screen; unresolved membership, spillovers, and confounders remain."
moleson,Moléson,2017-11-01,5552,Bullet,1,True,False,49.431,False,False,True,58,99,True,True,False,False,False,False,"A provisional donor flag is only an upper-bound screen; unresolved membership, spillovers, and confounders remain."
moleson,Moléson,2017-11-01,5872,Le Chenit,1,True,False,59.272,False,False,False,58,101,True,True,False,False,False,False,"A provisional donor flag is only an upper-bound screen; unresolved membership, spillovers, and confounders remain."
moleson,Moléson,2017-11-01,5886,Montreux,1,False,False,12.221,True,True,True,58,101,True,True,False,False,False,False,"A provisional donor flag is only an upper-bound screen; unresolved membership, spillovers, and confounders remain."
moleson,Moléson,2017-11-01,5892,Blonay - Saint-Légier,1,True,False,10.104,True,True,True,0,51,False,True,False,False,False,False,"A provisional donor flag is only an upper-bound screen; unresolved membership, spillovers, and confounders remain."
moleson,Moléson,2017-11-01,6024,Nendaz,2,False,False,47.737,False,False,True,58,101,True,True,True,False,False,False,"A provisional donor flag is only an upper-bound screen; unresolved membership, spillovers, and confounders remain."
moleson,Moléson,2017-11-01,6034,Orsières,2,False,False,58.506,False,False,False,58,101,True,True,True,False,False,False,"A provisional donor flag is only an upper-bound screen; unresolved membership, spillovers, and confounders remain."
moleson,Moléson,2017-11-01,6037,Val de Bagnes,2,False,False,54.034,False,False,False,0,63,False,True,False,False,False,False,"A provisional donor flag is only an upper-bound screen; unresolved membership, spillovers, and confounders remain."
moleson,Moléson,2017-11-01,6077,Goms,1,False,False,95.657,False,False,False,10,99,False,True,False,False,False,False,"A provisional donor flag is only an upper-bound screen; unresolved membership, spillovers, and confounders remain."
moleson,Moléson,2017-11-01,6083,Evolène,3,True,False,58.661,False,False,False,58,99,True,True,False,False,False,False,"A provisional donor flag is only an upper-bound screen; unresolved membership, spillovers, and confounders remain."
moleson,Moléson,2017-11-01,6252,Anniviers,2,True,False,57.308,False,False,False,58,99,True,True,False,False,False,False,"A provisional donor flag is only an upper-bound screen; unresolved membership, spillovers, and confounders remain."
moleson,Moléson,2017-11-01,6253,Crans-Montana,1,True,False,42.463,False,False,True,10,101,False,True,False,False,False,False,"A provisional donor flag is only an upper-bound screen; unresolved membership, spillovers, and confounders remain."
moleson,Moléson,2017-11-01,6290,Saas-Fee,1,True,False,86.0,False,False,False,58,101,True,True,False,False,False,False,"A provisional donor flag is only an upper-bound screen; unresolved membership, spillovers, and confounders remain."
moleson,Moléson,2017-11-01,6291,Saas-Grund,1,False,False,85.77,False,False,False,58,101,True,True,True,False,False,False,"A provisional donor flag is only an upper-bound screen; unresolved membership, spillovers, and confounders remain."
moleson,Moléson,2017-11-01,6300,Zermatt,1,False,False,82.683,False,False,False,58,101,True,True,True,False,False,False,"A provisional donor flag is only an upper-bound screen; unresolved membership, spillovers, and confounders remain."
moleson,Moléson,2017-11-01,6421,La Chaux-de-Fonds,2,False,False,59.233,False,False,False,58,101,True,True,True,False,False,False,"A provisional donor flag is only an upper-bound screen; unresolved membership, spillovers, and confounders remain."
reichenbach_magic_portfolio,Reichenbach im Kandertal Magic Pass portfolio,2022-05-01,355,Köniz,1,False,False,38.425,False,False,True,110,47,True,True,True,False,False,False,"A provisional donor flag is only an upper-bound screen; unresolved membership, spillovers, and confounders remain."
reichenbach_magic_portfolio,Reichenbach im Kandertal Magic Pass portfolio,2022-05-01,561,Adelboden,2,False,False,15.236,False,True,True,112,47,True,True,False,False,False,False,"A provisional donor flag is only an upper-bound screen; unresolved membership, spillovers, and confounders remain."
reichenbach_magic_portfolio,Reichenbach im Kandertal Magic Pass portfolio,2022-05-01,562,Aeschi bei Spiez,1,False,False,1.914,True,True,True,112,47,True,True,False,False,False,False,"A provisional donor flag is only an upper-bound screen; unresolved membership, spillovers, and confounders remain."
reichenbach_magic_portfolio,Reichenbach im Kandertal Magic Pass portfolio,2022-05-01,567,Reichenbach im Kandertal,2,True,True,0.0,True,True,True,110,47,True,True,False,False,False,False,"A provisional donor flag is only an upper-bound screen; unresolved membership, spillovers, and confounders remain."
reichenbach_magic_portfolio,Reichenbach im Kandertal Magic Pass portfolio,2022-05-01,571,Beatenberg,1,False,False,9.04,True,True,True,112,47,True,True,False,False,False,False,"A provisional donor flag is only an upper-bound screen; unresolved membership, spillovers, and confounders remain."
reichenbach_magic_portfolio,Reichenbach im Kandertal Magic Pass portfolio,2022-05-01,573,Brienz (BE),1,True,False,26.286,False,True,True,112,47,True,True,False,False,False,False,"A provisional donor flag is only an upper-bound screen; unresolved membership, spillovers, and confounders remain."
reichenbach_magic_portfolio,Reichenbach im Kandertal Magic Pass portfolio,2022-05-01,576,Grindelwald,1,False,False,17.127,False,True,True,112,47,True,True,False,False,False,False,"A provisional donor flag is only an upper-bound screen; unresolved membership, spillovers, and confounders remain."
reichenbach_magic_portfolio,Reichenbach im Kandertal Magic Pass portfolio,2022-05-01,584,Lauterbrunnen,1,False,False,11.31,True,True,True,112,47,True,True,False,False,False,False,"A provisional donor flag is only an upper-bound screen; unresolved membership, spillovers, and confounders remain."
reichenbach_magic_portfolio,Reichenbach im Kandertal Magic Pass portfolio,2022-05-01,762,Diemtigen,3,True,False,11.287,True,True,True,111,47,True,True,False,False,False,False,"A provisional donor flag is only an upper-bound screen; unresolved membership, spillovers, and confounders remain."
reichenbach_magic_portfolio,Reichenbach im Kandertal Magic Pass portfolio,2022-05-01,783,Hasliberg,1,True,False,41.08,False,False,True,110,47,True,True,False,False,False,False,"A provisional donor flag is only an upper-bound screen; unresolved membership, spillovers, and confounders remain."
reichenbach_magic_portfolio,Reichenbach im Kandertal Magic Pass portfolio,2022-05-01,784,Innertkirchen,1,False,False,49.651,False,False,True,110,47,True,True,True,False,False,False,"A provisional donor flag is only an upper-bound screen; unresolved membership, spillovers, and confounders remain."
reichenbach_magic_portfolio,Reichenbach im Kandertal Magic Pass portfolio,2022-05-01,792,Lenk,1,False,False,26.047,False,True,True,112,47,True,True,False,False,False,False,"A provisional donor flag is only an upper-bound screen; unresolved membership, spillovers, and confounders remain."
reichenbach_magic_portfolio,Reichenbach im Kandertal Magic Pass portfolio,2022-05-01,843,Saanen,1,True,False,31.574,False,False,True,112,47,True,True,False,False,False,False,"A provisional donor flag is only an upper-bound screen; unresolved membership, spillovers, and confounders remain."
reichenbach_magic_portfolio,Reichenbach im Kandertal Magic Pass portfolio,2022-05-01,906,Schangnau,1,True,False,23.395,False,True,True,110,47,True,True,False,False,False,False,"A provisional donor flag is only an upper-bound screen; unresolved membership, spillovers, and confounders remain."
reichenbach_magic_portfolio,Reichenbach im Kandertal Magic Pass portfolio,2022-05-01,938,Sigriswil,1,True,False,11.357,True,True,True,112,47,True,True,False,False,False,False,"A provisional donor flag is only an upper-bound screen; unresolved membership, spillovers, and confounders remain."
reichenbach_magic_portfolio,Reichenbach im Kandertal Magic Pass portfolio,2022-05-01,1202,Andermatt,1,False,False,67.722,False,False,False,112,47,True,True,True,False,False,False,"A provisional donor flag is only an upper-bound screen; unresolved membership, spillovers, and confounders remain."
reichenbach_magic_portfolio,Reichenbach im Kandertal Magic Pass portfolio,2022-05-01,1301,Einsiedeln,3,False,False,95.759,False,False,False,112,47,True,True,True,False,False,False,"A provisional donor flag is only an upper-bound screen; unresolved membership, spillovers, and confounders remain."
reichenbach_magic_portfolio,Reichenbach im Kandertal Magic Pass portfolio,2022-05-01,1331,Küssnacht (SZ),1,False,False,74.903,False,False,False,112,47,True,True,True,False,False,False,"A provisional donor flag is only an upper-bound screen; unresolved membership, spillovers, and confounders remain."
reichenbach_magic_portfolio,Reichenbach im Kandertal Magic Pass portfolio,2022-05-01,1366,Morschach,1,False,False,81.229,False,False,False,112,47,True,True,True,False,False,False,"A provisional donor flag is only an upper-bound screen; unresolved membership, spillovers, and confounders remain."
reichenbach_magic_portfolio,Reichenbach im Kandertal Magic Pass portfolio,2022-05-01,1372,Schwyz,2,False,False,85.884,False,False,False,112,47,True,True,True,False,False,False,"A provisional donor flag is only an upper-bound screen; unresolved membership, spillovers, and confounders remain."
reichenbach_magic_portfolio,Reichenbach im Kandertal Magic Pass portfolio,2022-05-01,1402,Engelberg,1,False,False,57.152,False,False,False,112,47,True,True,True,False,False,False,"A provisional donor flag is only an upper-bound screen; unresolved membership, spillovers, and confounders remain."
reichenbach_magic_portfolio,Reichenbach im Kandertal Magic Pass portfolio,2022-05-01,1407,Sarnen,1,False,False,42.306,False,False,True,112,47,True,True,True,False,False,False,"A provisional donor flag is only an upper-bound screen; unresolved membership, spillovers, and confounders remain."
reichenbach_magic_portfolio,Reichenbach im Kandertal Magic Pass portfolio,2022-05-01,1501,Beckenried,1,True,False,67.268,False,False,False,110,47,True,True,False,False,False,False,"A provisional donor flag is only an upper-bound screen; unresolved membership, spillovers, and confounders remain."
reichenbach_magic_portfolio,Reichenbach im Kandertal Magic Pass portfolio,2022-05-01,1630,Glarus Nord,2,False,False,115.761,False,False,False,112,47,True,True,True,False,False,False,"A provisional donor flag is only an upper-bound screen; unresolved membership, spillovers, and confounders remain."
reichenbach_magic_portfolio,Reichenbach im Kandertal Magic Pass portfolio,2022-05-01,1631,Glarus Süd,2,False,False,103.126,False,False,False,112,47,True,True,True,False,False,False,"A provisional donor flag is only an upper-bound screen; unresolved membership, spillovers, and confounders remain."
reichenbach_magic_portfolio,Reichenbach im Kandertal Magic Pass portfolio,2022-05-01,1709,Unterägeri,1,False,False,84.165,False,False,False,112,47,True,True,True,False,False,False,"A provisional donor flag is only an upper-bound screen; unresolved membership, spillovers, and confounders remain."
reichenbach_magic_portfolio,Reichenbach im Kandertal Magic Pass portfolio,2022-05-01,2125,Bulle,1,False,False,50.267,False,False,False,110,47,True,True,True,False,False,False,"A provisional donor flag is only an upper-bound screen; unresolved membership, spillovers, and confounders remain."
reichenbach_magic_portfolio,Reichenbach im Kandertal Magic Pass portfolio,2022-05-01,2135,Gruyères,1,True,False,52.882,False,False,False,110,47,True,True,False,False,False,False,"A provisional donor flag is only an upper-bound screen; unresolved membership, spillovers, and confounders remain."
reichenbach_magic_portfolio,Reichenbach im Kandertal Magic Pass portfolio,2022-05-01,2299,Plaffeien,1,False,False,35.321,False,False,True,110,47,True,True,True,False,False,False,"A provisional donor flag is only an upper-bound screen; unresolved membership, spillovers, and confounders remain."
reichenbach_magic_portfolio,Reichenbach im Kandertal Magic Pass portfolio,2022-05-01,3022,Gais,1,False,False,155.247,False,False,False,112,47,True,True,True,False,False,False,"A provisional donor flag is only an upper-bound screen; unresolved membership, spillovers, and confounders remain."
reichenbach_magic_portfolio,Reichenbach im Kandertal Magic Pass portfolio,2022-05-01,3032,Heiden,1,False,False,163.918,False,False,False,111,47,True,True,True,False,False,False,"A provisional donor flag is only an upper-bound screen; unresolved membership, spillovers, and confounders remain."
reichenbach_magic_portfolio,Reichenbach im Kandertal Magic Pass portfolio,2022-05-01,3102,Gonten,2,False,False,143.742,False,False,False,112,47,True,True,True,False,False,False,"A provisional donor flag is only an upper-bound screen; unresolved membership, spillovers, and confounders remain."
reichenbach_magic_portfolio,Reichenbach im Kandertal Magic Pass portfolio,2022-05-01,3271,Buchs (SG),1,False,False,142.12,False,False,False,112,47,True,True,True,False,False,False,"A provisional donor flag is only an upper-bound screen; unresolved membership, spillovers, and confounders remain."
reichenbach_magic_portfolio,Reichenbach im Kandertal Magic Pass portfolio,2022-05-01,3291,Bad Ragaz,1,False,False,136.554,False,False,False,112,47,True,True,True,False,False,False,"A provisional donor flag is only an upper-bound screen; unresolved membership, spillovers, and confounders remain."
reichenbach_magic_portfolio,Reichenbach im Kandertal Magic Pass portfolio,2022-05-01,3295,Quarten,1,False,False,127.747,False,False,False,112,47,True,True,True,False,False,False,"A provisional donor flag is only an upper-bound screen; unresolved membership, spillovers, and confounders remain."
reichenbach_magic_portfolio,Reichenbach im Kandertal Magic Pass portfolio,2022-05-01,3311,Amden,1,False,False,123.309,False,False,False,112,47,True,True,True,False,False,False,"A provisional donor flag is only an upper-bound screen; unresolved membership, spillovers, and confounders remain."
reichenbach_magic_portfolio,Reichenbach im Kandertal Magic Pass portfolio,2022-05-01,3342,Eschenbach (SG),2,False,False,118.111,False,False,False,112,47,True,True,True,False,False,False,"A provisional donor flag is only an upper-bound screen; unresolved membership, spillovers, and confounders remain."
reichenbach_magic_portfolio,Reichenbach im Kandertal Magic Pass portfolio,2022-05-01,3359,Wildhaus-Alt St. Johann,1,False,False,135.323,False,False,False,112,47,True,True,True,False,False,False,"A provisional donor flag is only an upper-bound screen; unresolved membership, spillovers, and confounders remain."
reichenbach_magic_portfolio,Reichenbach im Kandertal Magic Pass portfolio,2022-05-01,3396,Neckertal,3,False,False,131.981,False,False,False,0,39,False,True,False,False,False,False,"A provisional donor flag is only an upper-bound screen; unresolved membership, spillovers, and confounders remain."
reichenbach_magic_portfolio,Reichenbach im Kandertal Magic Pass portfolio,2022-05-01,3543,Surses,2,False,False,140.295,False,False,False,76,47,True,True,True,False,False,False,"A provisional donor flag is only an upper-bound screen; unresolved membership, spillovers, and confounders remain."
reichenbach_magic_portfolio,Reichenbach im Kandertal Magic Pass portfolio,2022-05-01,3575,Laax,1,False,False,116.659,False,False,False,112,47,True,True,True,False,False,False,"A provisional donor flag is only an upper-bound screen; unresolved membership, spillovers, and confounders remain."
reichenbach_magic_portfolio,Reichenbach im Kandertal Magic Pass portfolio,2022-05-01,3603,Vals,1,False,False,108.86,False,False,False,112,47,True,True,True,False,False,False,"A provisional donor flag is only an upper-bound screen; unresolved membership, spillovers, and confounders remain."
reichenbach_magic_portfolio,Reichenbach im Kandertal Magic Pass portfolio,2022-05-01,3714,Rheinwald,1,False,False,122.373,False,False,False,38,47,True,True,True,False,False,False,"A provisional donor flag is only an upper-bound screen; unresolved membership, spillovers, and confounders remain."
reichenbach_magic_portfolio,Reichenbach im Kandertal Magic Pass portfolio,2022-05-01,3752,Samnaun,1,False,False,205.757,False,False,False,112,47,True,True,True,False,False,False,"A provisional donor flag is only an upper-bound screen; unresolved membership, spillovers, and confounders remain."
reichenbach_magic_portfolio,Reichenbach im Kandertal Magic Pass portfolio,2022-05-01,3762,Scuol,1,False,False,194.898,False,False,False,112,47,True,True,True,False,False,False,"A provisional donor flag is only an upper-bound screen; unresolved membership, spillovers, and confounders remain."
reichenbach_magic_portfolio,Reichenbach im Kandertal Magic Pass portfolio,2022-05-01,3782,Celerina/Schlarigna,1,False,False,160.967,False,False,False,112,47,True,True,True,False,False,False,"A provisional donor flag is only an upper-bound screen; unresolved membership, spillovers, and confounders remain."
reichenbach_magic_portfolio,Reichenbach im Kandertal Magic Pass portfolio,2022-05-01,3784,Pontresina,2,False,False,168.001,False,False,False,110,47,True,True,True,False,False,False,"A provisional donor flag is only an upper-bound screen; unresolved membership, spillovers, and confounders remain."
reichenbach_magic_portfolio,Reichenbach im Kandertal Magic Pass portfolio,2022-05-01,3786,Samedan,2,False,False,164.183,False,False,False,112,47,True,True,True,False,False,False,"A provisional donor flag is only an upper-bound screen; unresolved membership, spillovers, and confounders remain."
reichenbach_magic_portfolio,Reichenbach im Kandertal Magic Pass portfolio,2022-05-01,3792,Bregaglia,1,False,False,153.989,False,False,False,112,47,True,True,True,False,False,False,"A provisional donor flag is only an upper-bound screen; unresolved membership, spillovers, and confounders remain."
reichenbach_magic_portfolio,Reichenbach im Kandertal Magic Pass portfolio,2022-05-01,3847,Val Müstair,1,False,False,199.472,False,False,False,112,47,True,True,True,False,False,False,"A provisional donor flag is only an upper-bound screen; unresolved membership, spillovers, and confounders remain."
reichenbach_magic_portfolio,Reichenbach im Kandertal Magic Pass portfolio,2022-05-01,3851,Davos,5,False,False,159.239,False,False,False,112,47,True,True,True,False,False,False,"A provisional donor flag is only an upper-bound screen; unresolved membership, spillovers, and confounders remain."
reichenbach_magic_portfolio,Reichenbach im Kandertal Magic Pass portfolio,2022-05-01,3871,Klosters,1,False,False,166.303,False,False,False,112,47,True,True,True,False,False,False,"A provisional donor flag is only an upper-bound screen; unresolved membership, spillovers, and confounders remain."
reichenbach_magic_portfolio,Reichenbach im Kandertal Magic Pass portfolio,2022-05-01,3901,Chur,2,False,False,143.848,False,False,False,112,47,True,True,True,False,False,False,"A provisional donor flag is only an upper-bound screen; unresolved membership, spillovers, and confounders remain."
reichenbach_magic_portfolio,Reichenbach im Kandertal Magic Pass portfolio,2022-05-01,3921,Arosa,1,False,False,148.876,False,False,False,112,47,True,True,True,False,False,False,"A provisional donor flag is only an upper-bound screen; unresolved membership, spillovers, and confounders remain."
reichenbach_magic_portfolio,Reichenbach im Kandertal Magic Pass portfolio,2022-05-01,3981,Breil/Brigels,1,False,False,104.979,False,False,False,112,47,True,True,True,False,False,False,"A provisional donor flag is only an upper-bound screen; unresolved membership, spillovers, and confounders remain."
reichenbach_magic_portfolio,Reichenbach im Kandertal Magic Pass portfolio,2022-05-01,3986,Tujetsch,2,False,False,75.857,False,False,False,112,47,True,True,True,False,False,False,"A provisional donor flag is only an upper-bound screen; unresolved membership, spillovers, and confounders remain."
reichenbach_magic_portfolio,Reichenbach im Kandertal Magic Pass portfolio,2022-05-01,5407,Leysin,1,False,False,59.089,False,False,False,110,47,True,True,True,False,False,False,"A provisional donor flag is only an upper-bound screen; unresolved membership, spillovers, and confounders remain."
reichenbach_magic_portfolio,Reichenbach im Kandertal Magic Pass portfolio,2022-05-01,5409,Ollon,1,True,False,57.307,False,False,False,110,47,True,True,False,False,False,False,"A provisional donor flag is only an upper-bound screen; unresolved membership, spillovers, and confounders remain."
reichenbach_magic_portfolio,Reichenbach im Kandertal Magic Pass portfolio,2022-05-01,5411,Ormont-Dessus,1,False,False,51.145,False,False,False,110,47,True,True,True,False,False,False,"A provisional donor flag is only an upper-bound screen; unresolved membership, spillovers, and confounders remain."
reichenbach_magic_portfolio,Reichenbach im Kandertal Magic Pass portfolio,2022-05-01,5552,Bullet,1,True,False,93.689,False,False,False,110,47,True,True,False,False,False,False,"A provisional donor flag is only an upper-bound screen; unresolved membership, spillovers, and confounders remain."
reichenbach_magic_portfolio,Reichenbach im Kandertal Magic Pass portfolio,2022-05-01,5872,Le Chenit,1,True,False,111.818,False,False,False,112,47,True,True,False,False,False,False,"A provisional donor flag is only an upper-bound screen; unresolved membership, spillovers, and confounders remain."
reichenbach_magic_portfolio,Reichenbach im Kandertal Magic Pass portfolio,2022-05-01,5886,Montreux,1,False,False,60.997,False,False,False,112,47,True,True,True,False,False,False,"A provisional donor flag is only an upper-bound screen; unresolved membership, spillovers, and confounders remain."
reichenbach_magic_portfolio,Reichenbach im Kandertal Magic Pass portfolio,2022-05-01,5892,Blonay - Saint-Légier,1,True,False,61.538,False,False,False,4,47,False,True,False,False,False,False,"A provisional donor flag is only an upper-bound screen; unresolved membership, spillovers, and confounders remain."
reichenbach_magic_portfolio,Reichenbach im Kandertal Magic Pass portfolio,2022-05-01,6024,Nendaz,2,False,False,51.499,False,False,False,112,47,True,True,True,False,False,False,"A provisional donor flag is only an upper-bound screen; unresolved membership, spillovers, and confounders remain."
reichenbach_magic_portfolio,Reichenbach im Kandertal Magic Pass portfolio,2022-05-01,6034,Orsières,2,False,False,77.11,False,False,False,112,47,True,True,True,False,False,False,"A provisional donor flag is only an upper-bound screen; unresolved membership, spillovers, and confounders remain."
reichenbach_magic_portfolio,Reichenbach im Kandertal Magic Pass portfolio,2022-05-01,6037,Val de Bagnes,2,False,False,63.298,False,False,False,16,47,False,True,False,False,False,False,"A provisional donor flag is only an upper-bound screen; unresolved membership, spillovers, and confounders remain."
reichenbach_magic_portfolio,Reichenbach im Kandertal Magic Pass portfolio,2022-05-01,6077,Goms,1,False,False,43.737,False,False,True,62,47,True,True,True,False,False,False,"A provisional donor flag is only an upper-bound screen; unresolved membership, spillovers, and confounders remain."
reichenbach_magic_portfolio,Reichenbach im Kandertal Magic Pass portfolio,2022-05-01,6083,Evolène,3,True,False,54.383,False,False,False,110,47,True,True,False,False,False,False,"A provisional donor flag is only an upper-bound screen; unresolved membership, spillovers, and confounders remain."
reichenbach_magic_portfolio,Reichenbach im Kandertal Magic Pass portfolio,2022-05-01,6252,Anniviers,2,True,False,38.802,False,False,True,110,47,True,True,False,False,False,False,"A provisional donor flag is only an upper-bound screen; unresolved membership, spillovers, and confounders remain."
reichenbach_magic_portfolio,Reichenbach im Kandertal Magic Pass portfolio,2022-05-01,6253,Crans-Montana,1,True,False,32.472,False,False,True,64,47,True,True,False,False,False,False,"A provisional donor flag is only an upper-bound screen; unresolved membership, spillovers, and confounders remain."
reichenbach_magic_portfolio,Reichenbach im Kandertal Magic Pass portfolio,2022-05-01,6290,Saas-Fee,1,True,False,56.945,False,False,False,112,47,True,True,False,False,False,False,"A provisional donor flag is only an upper-bound screen; unresolved membership, spillovers, and confounders remain."
reichenbach_magic_portfolio,Reichenbach im Kandertal Magic Pass portfolio,2022-05-01,6291,Saas-Grund,1,False,False,52.885,False,False,False,112,47,True,True,True,False,False,False,"A provisional donor flag is only an upper-bound screen; unresolved membership, spillovers, and confounders remain."
reichenbach_magic_portfolio,Reichenbach im Kandertal Magic Pass portfolio,2022-05-01,6300,Zermatt,1,False,False,62.819,False,False,False,112,47,True,True,True,False,False,False,"A provisional donor flag is only an upper-bound screen; unresolved membership, spillovers, and confounders remain."
reichenbach_magic_portfolio,Reichenbach im Kandertal Magic Pass portfolio,2022-05-01,6421,La Chaux-de-Fonds,2,False,False,82.602,False,False,False,112,47,True,True,True,False,False,False,"A provisional donor flag is only an upper-bound screen; unresolved membership, spillovers, and confounders remain."
saas_fee,Saas-Fee,2019-05-01,355,Köniz,1,False,False,99.251,False,False,False,76,81,True,True,True,False,False,False,"A provisional donor flag is only an upper-bound screen; unresolved membership, spillovers, and confounders remain."
saas_fee,Saas-Fee,2019-05-01,561,Adelboden,2,False,False,47.146,False,False,True,76,83,True,True,True,False,False,False,"A provisional donor flag is only an upper-bound screen; unresolved membership, spillovers, and confounders remain."
saas_fee,Saas-Fee,2019-05-01,562,Aeschi bei Spiez,1,False,False,63.754,False,False,False,76,83,True,True,True,False,False,False,"A provisional donor flag is only an upper-bound screen; unresolved membership, spillovers, and confounders remain."
saas_fee,Saas-Fee,2019-05-01,567,Reichenbach im Kandertal,2,True,False,56.945,False,False,False,76,81,True,True,False,False,False,False,"A provisional donor flag is only an upper-bound screen; unresolved membership, spillovers, and confounders remain."
saas_fee,Saas-Fee,2019-05-01,571,Beatenberg,1,False,False,69.226,False,False,False,76,83,True,True,True,False,False,False,"A provisional donor flag is only an upper-bound screen; unresolved membership, spillovers, and confounders remain."
saas_fee,Saas-Fee,2019-05-01,573,Brienz (BE),1,True,False,70.004,False,False,False,76,83,True,True,False,False,False,False,"A provisional donor flag is only an upper-bound screen; unresolved membership, spillovers, and confounders remain."
saas_fee,Saas-Fee,2019-05-01,576,Grindelwald,1,False,False,58.248,False,False,False,76,83,True,True,True,False,False,False,"A provisional donor flag is only an upper-bound screen; unresolved membership, spillovers, and confounders remain."
saas_fee,Saas-Fee,2019-05-01,584,Lauterbrunnen,1,False,False,52.782,False,False,False,76,83,True,True,True,False,False,False,"A provisional donor flag is only an upper-bound screen; unresolved membership, spillovers, and confounders remain."
saas_fee,Saas-Fee,2019-05-01,762,Diemtigen,3,True,False,62.386,False,False,False,76,82,True,True,False,False,False,False,"A provisional donor flag is only an upper-bound screen; unresolved membership, spillovers, and confounders remain."
saas_fee,Saas-Fee,2019-05-01,783,Hasliberg,1,True,False,77.043,False,False,False,76,81,True,True,False,False,False,False,"A provisional donor flag is only an upper-bound screen; unresolved membership, spillovers, and confounders remain."
saas_fee,Saas-Fee,2019-05-01,784,Innertkirchen,1,False,False,79.465,False,False,False,76,81,True,True,True,False,False,False,"A provisional donor flag is only an upper-bound screen; unresolved membership, spillovers, and confounders remain."
saas_fee,Saas-Fee,2019-05-01,792,Lenk,1,False,False,54.588,False,False,False,76,83,True,True,True,False,False,False,"A provisional donor flag is only an upper-bound screen; unresolved membership, spillovers, and confounders remain."
saas_fee,Saas-Fee,2019-05-01,843,Saanen,1,True,False,64.272,False,False,False,76,83,True,True,False,False,False,False,"A provisional donor flag is only an upper-bound screen; unresolved membership, spillovers, and confounders remain."
saas_fee,Saas-Fee,2019-05-01,906,Schangnau,1,True,False,79.844,False,False,False,76,81,True,True,False,False,False,False,"A provisional donor flag is only an upper-bound screen; unresolved membership, spillovers, and confounders remain."
saas_fee,Saas-Fee,2019-05-01,938,Sigriswil,1,True,False,72.678,False,False,False,76,83,True,True,False,False,False,False,"A provisional donor flag is only an upper-bound screen; unresolved membership, spillovers, and confounders remain."
saas_fee,Saas-Fee,2019-05-01,1202,Andermatt,1,False,False,78.511,False,False,False,76,83,True,True,True,False,False,False,"A provisional donor flag is only an upper-bound screen; unresolved membership, spillovers, and confounders remain."
saas_fee,Saas-Fee,2019-05-01,1301,Einsiedeln,3,False,False,132.184,False,False,False,76,83,True,True,True,False,False,False,"A provisional donor flag is only an upper-bound screen; unresolved membership, spillovers, and confounders remain."
saas_fee,Saas-Fee,2019-05-01,1331,Küssnacht (SZ),1,False,False,116.706,False,False,False,76,83,True,True,True,False,False,False,"A provisional donor flag is only an upper-bound screen; unresolved membership, spillovers, and confounders remain."
saas_fee,Saas-Fee,2019-05-01,1366,Morschach,1,False,False,113.865,False,False,False,76,83,True,True,True,False,False,False,"A provisional donor flag is only an upper-bound screen; unresolved membership, spillovers, and confounders remain."
saas_fee,Saas-Fee,2019-05-01,1372,Schwyz,2,False,False,120.807,False,False,False,76,83,True,True,True,False,False,False,"A provisional donor flag is only an upper-bound screen; unresolved membership, spillovers, and confounders remain."
saas_fee,Saas-Fee,2019-05-01,1402,Engelberg,1,False,False,90.737,False,False,False,76,83,True,True,True,False,False,False,"A provisional donor flag is only an upper-bound screen; unresolved membership, spillovers, and confounders remain."
saas_fee,Saas-Fee,2019-05-01,1407,Sarnen,1,False,False,90.929,False,False,False,76,83,True,True,True,False,False,False,"A provisional donor flag is only an upper-bound screen; unresolved membership, spillovers, and confounders remain."
saas_fee,Saas-Fee,2019-05-01,1501,Beckenried,1,True,False,103.807,False,False,False,76,81,True,True,False,False,False,False,"A provisional donor flag is only an upper-bound screen; unresolved membership, spillovers, and confounders remain."
saas_fee,Saas-Fee,2019-05-01,1630,Glarus Nord,2,False,False,142.001,False,False,False,76,83,True,True,True,False,False,False,"A provisional donor flag is only an upper-bound screen; unresolved membership, spillovers, and confounders remain."
saas_fee,Saas-Fee,2019-05-01,1631,Glarus Süd,2,False,False,126.139,False,False,False,76,83,True,True,True,False,False,False,"A provisional donor flag is only an upper-bound screen; unresolved membership, spillovers, and confounders remain."
saas_fee,Saas-Fee,2019-05-01,1709,Unterägeri,1,False,False,125.137,False,False,False,76,83,True,True,True,False,False,False,"A provisional donor flag is only an upper-bound screen; unresolved membership, spillovers, and confounders remain."
saas_fee,Saas-Fee,2019-05-01,2125,Bulle,1,False,False,88.643,False,False,False,76,81,True,True,True,False,False,False,"A provisional donor flag is only an upper-bound screen; unresolved membership, spillovers, and confounders remain."
saas_fee,Saas-Fee,2019-05-01,2135,Gruyères,1,True,False,86.0,False,False,False,76,81,True,True,False,False,False,False,"A provisional donor flag is only an upper-bound screen; unresolved membership, spillovers, and confounders remain."
saas_fee,Saas-Fee,2019-05-01,2299,Plaffeien,1,False,False,86.567,False,False,False,76,81,True,True,True,False,False,False,"A provisional donor flag is only an upper-bound screen; unresolved membership, spillovers, and confounders remain."
saas_fee,Saas-Fee,2019-05-01,3022,Gais,1,False,False,184.242,False,False,False,76,83,True,True,True,False,False,False,"A provisional donor flag is only an upper-bound screen; unresolved membership, spillovers, and confounders remain."
saas_fee,Saas-Fee,2019-05-01,3032,Heiden,1,False,False,193.574,False,False,False,76,82,True,True,True,False,False,False,"A provisional donor flag is only an upper-bound screen; unresolved membership, spillovers, and confounders remain."
saas_fee,Saas-Fee,2019-05-01,3102,Gonten,2,False,False,173.755,False,False,False,76,83,True,True,True,False,False,False,"A provisional donor flag is only an upper-bound screen; unresolved membership, spillovers, and confounders remain."
saas_fee,Saas-Fee,2019-05-01,3271,Buchs (SG),1,False,False,164.764,False,False,False,76,83,True,True,True,False,False,False,"A provisional donor flag is only an upper-bound screen; unresolved membership, spillovers, and confounders remain."
saas_fee,Saas-Fee,2019-05-01,3291,Bad Ragaz,1,False,False,153.025,False,False,False,76,83,True,True,True,False,False,False,"A provisional donor flag is only an upper-bound screen; unresolved membership, spillovers, and confounders remain."
saas_fee,Saas-Fee,2019-05-01,3295,Quarten,1,False,False,150.669,False,False,False,76,83,True,True,True,False,False,False,"A provisional donor flag is only an upper-bound screen; unresolved membership, spillovers, and confounders remain."
saas_fee,Saas-Fee,2019-05-01,3311,Amden,1,False,False,151.467,False,False,False,76,83,True,True,True,False,False,False,"A provisional donor flag is only an upper-bound screen; unresolved membership, spillovers, and confounders remain."
saas_fee,Saas-Fee,2019-05-01,3342,Eschenbach (SG),2,False,False,154.444,False,False,False,76,83,True,True,True,False,False,False,"A provisional donor flag is only an upper-bound screen; unresolved membership, spillovers, and confounders remain."
saas_fee,Saas-Fee,2019-05-01,3359,Wildhaus-Alt St. Johann,1,False,False,160.994,False,False,False,76,83,True,True,True,False,False,False,"A provisional donor flag is only an upper-bound screen; unresolved membership, spillovers, and confounders remain."
saas_fee,Saas-Fee,2019-05-01,3396,Neckertal,3,False,False,163.534,False,False,False,0,39,False,True,False,False,False,False,"A provisional donor flag is only an upper-bound screen; unresolved membership, spillovers, and confounders remain."
saas_fee,Saas-Fee,2019-05-01,3543,Surses,2,False,False,137.256,False,False,False,40,83,True,True,True,False,False,False,"A provisional donor flag is only an upper-bound screen; unresolved membership, spillovers, and confounders remain."
saas_fee,Saas-Fee,2019-05-01,3575,Laax,1,False,False,130.394,False,False,False,76,83,True,True,True,False,False,False,"A provisional donor flag is only an upper-bound screen; unresolved membership, spillovers, and confounders remain."
saas_fee,Saas-Fee,2019-05-01,3603,Vals,1,False,False,110.168,False,False,False,76,83,True,True,True,False,False,False,"A provisional donor flag is only an upper-bound screen; unresolved membership, spillovers, and confounders remain."
saas_fee,Saas-Fee,2019-05-01,3714,Rheinwald,1,False,False,117.852,False,False,False,4,81,False,True,False,False,False,False,"A provisional donor flag is only an upper-bound screen; unresolved membership, spillovers, and confounders remain."
saas_fee,Saas-Fee,2019-05-01,3752,Samnaun,1,False,False,212.361,False,False,False,76,83,True,True,True,False,False,False,"A provisional donor flag is only an upper-bound screen; unresolved membership, spillovers, and confounders remain."
saas_fee,Saas-Fee,2019-05-01,3762,Scuol,1,False,False,196.922,False,False,False,76,83,True,True,True,False,False,False,"A provisional donor flag is only an upper-bound screen; unresolved membership, spillovers, and confounders remain."
saas_fee,Saas-Fee,2019-05-01,3782,Celerina/Schlarigna,1,False,False,153.322,False,False,False,76,83,True,True,True,False,False,False,"A provisional donor flag is only an upper-bound screen; unresolved membership, spillovers, and confounders remain."
saas_fee,Saas-Fee,2019-05-01,3784,Pontresina,2,False,False,159.196,False,False,False,76,81,True,True,True,False,False,False,"A provisional donor flag is only an upper-bound screen; unresolved membership, spillovers, and confounders remain."
saas_fee,Saas-Fee,2019-05-01,3786,Samedan,2,False,False,157.073,False,False,False,76,83,True,True,True,False,False,False,"A provisional donor flag is only an upper-bound screen; unresolved membership, spillovers, and confounders remain."
saas_fee,Saas-Fee,2019-05-01,3792,Bregaglia,1,False,False,141.478,False,False,False,76,83,True,True,True,False,False,False,"A provisional donor flag is only an upper-bound screen; unresolved membership, spillovers, and confounders remain."
saas_fee,Saas-Fee,2019-05-01,3847,Val Müstair,1,False,False,195.263,False,False,False,76,83,True,True,True,False,False,False,"A provisional donor flag is only an upper-bound screen; unresolved membership, spillovers, and confounders remain."
saas_fee,Saas-Fee,2019-05-01,3851,Davos,5,False,False,161.649,False,False,False,76,83,True,True,True,False,False,False,"A provisional donor flag is only an upper-bound screen; unresolved membership, spillovers, and confounders remain."
saas_fee,Saas-Fee,2019-05-01,3871,Klosters,1,False,False,174.156,False,False,False,76,83,True,True,True,False,False,False,"A provisional donor flag is only an upper-bound screen; unresolved membership, spillovers, and confounders remain."
saas_fee,Saas-Fee,2019-05-01,3901,Chur,2,False,False,149.651,False,False,False,76,83,True,True,True,False,False,False,"A provisional donor flag is only an upper-bound screen; unresolved membership, spillovers, and confounders remain."
saas_fee,Saas-Fee,2019-05-01,3921,Arosa,1,False,False,156.627,False,False,False,76,83,True,True,True,False,False,False,"A provisional donor flag is only an upper-bound screen; unresolved membership, spillovers, and confounders remain."
saas_fee,Saas-Fee,2019-05-01,3981,Breil/Brigels,1,False,False,118.364,False,False,False,76,83,True,True,True,False,False,False,"A provisional donor flag is only an upper-bound screen; unresolved membership, spillovers, and confounders remain."
saas_fee,Saas-Fee,2019-05-01,3986,Tujetsch,2,False,False,88.494,False,False,False,76,83,True,True,True,False,False,False,"A provisional donor flag is only an upper-bound screen; unresolved membership, spillovers, and confounders remain."
saas_fee,Saas-Fee,2019-05-01,5407,Leysin,1,False,False,76.087,False,False,False,76,81,True,True,True,False,False,False,"A provisional donor flag is only an upper-bound screen; unresolved membership, spillovers, and confounders remain."
saas_fee,Saas-Fee,2019-05-01,5409,Ollon,1,True,False,70.688,False,False,False,76,81,True,True,False,False,False,False,"A provisional donor flag is only an upper-bound screen; unresolved membership, spillovers, and confounders remain."
saas_fee,Saas-Fee,2019-05-01,5411,Ormont-Dessus,1,False,False,66.197,False,False,False,76,81,True,True,True,False,False,False,"A provisional donor flag is only an upper-bound screen; unresolved membership, spillovers, and confounders remain."
saas_fee,Saas-Fee,2019-05-01,5552,Bullet,1,True,False,135.334,False,False,False,76,81,True,True,False,False,False,False,"A provisional donor flag is only an upper-bound screen; unresolved membership, spillovers, and confounders remain."
saas_fee,Saas-Fee,2019-05-01,5872,Le Chenit,1,True,False,140.079,False,False,False,76,83,True,True,False,False,False,False,"A provisional donor flag is only an upper-bound screen; unresolved membership, spillovers, and confounders remain."
saas_fee,Saas-Fee,2019-05-01,5886,Montreux,1,False,False,86.155,False,False,False,76,83,True,True,True,False,False,False,"A provisional donor flag is only an upper-bound screen; unresolved membership, spillovers, and confounders remain."
saas_fee,Saas-Fee,2019-05-01,5892,Blonay - Saint-Légier,1,True,False,89.323,False,False,False,0,51,False,True,False,False,False,False,"A provisional donor flag is only an upper-bound screen; unresolved membership, spillovers, and confounders remain."
saas_fee,Saas-Fee,2019-05-01,6024,Nendaz,2,False,False,44.908,False,False,True,76,83,True,True,True,False,False,False,"A provisional donor flag is only an upper-bound screen; unresolved membership, spillovers, and confounders remain."
saas_fee,Saas-Fee,2019-05-01,6034,Orsières,2,False,False,63.193,False,False,False,76,83,True,True,True,False,False,False,"A provisional donor flag is only an upper-bound screen; unresolved membership, spillovers, and confounders remain."
saas_fee,Saas-Fee,2019-05-01,6037,Val de Bagnes,2,False,False,49.701,False,False,True,0,63,False,True,False,False,False,False,"A provisional donor flag is only an upper-bound screen; unresolved membership, spillovers, and confounders remain."
saas_fee,Saas-Fee,2019-05-01,6077,Goms,1,False,False,52.147,False,False,False,28,81,False,True,False,False,False,False,"A provisional donor flag is only an upper-bound screen; unresolved membership, spillovers, and confounders remain."
saas_fee,Saas-Fee,2019-05-01,6083,Evolène,3,True,False,30.307,False,False,True,76,81,True,True,False,False,False,False,"A provisional donor flag is only an upper-bound screen; unresolved membership, spillovers, and confounders remain."
saas_fee,Saas-Fee,2019-05-01,6252,Anniviers,2,True,False,28.709,False,True,True,76,81,True,True,False,False,False,False,"A provisional donor flag is only an upper-bound screen; unresolved membership, spillovers, and confounders remain."
saas_fee,Saas-Fee,2019-05-01,6253,Crans-Montana,1,True,False,43.605,False,False,True,28,83,False,True,False,False,False,False,"A provisional donor flag is only an upper-bound screen; unresolved membership, spillovers, and confounders remain."
saas_fee,Saas-Fee,2019-05-01,6290,Saas-Fee,1,True,True,0.0,True,True,True,76,83,True,True,False,False,False,False,"A provisional donor flag is only an upper-bound screen; unresolved membership, spillovers, and confounders remain."
saas_fee,Saas-Fee,2019-05-01,6291,Saas-Grund,1,False,False,6.539,True,True,True,76,83,True,True,False,False,False,False,"A provisional donor flag is only an upper-bound screen; unresolved membership, spillovers, and confounders remain."
saas_fee,Saas-Fee,2019-05-01,6300,Zermatt,1,False,False,14.013,True,True,True,76,83,True,True,False,False,False,False,"A provisional donor flag is only an upper-bound screen; unresolved membership, spillovers, and confounders remain."
saas_fee,Saas-Fee,2019-05-01,6421,La Chaux-de-Fonds,2,False,False,136.552,False,False,False,76,83,True,True,True,False,False,False,"A provisional donor flag is only an upper-bound screen; unresolved membership, spillovers, and confounders remain."
schwanden,Schwanden,2024-05-01,355,Köniz,1,False,False,31.112,False,False,True,134,23,True,False,False,False,False,False,"A provisional donor flag is only an upper-bound screen; unresolved membership, spillovers, and confounders remain."
schwanden,Schwanden,2024-05-01,561,Adelboden,2,False,False,30.069,False,False,True,136,23,True,False,False,False,False,False,"A provisional donor flag is only an upper-bound screen; unresolved membership, spillovers, and confounders remain."
schwanden,Schwanden,2024-05-01,562,Aeschi bei Spiez,1,False,False,9.476,True,True,True,136,23,True,False,False,False,False,False,"A provisional donor flag is only an upper-bound screen; unresolved membership, spillovers, and confounders remain."
schwanden,Schwanden,2024-05-01,567,Reichenbach im Kandertal,2,True,False,11.357,True,True,True,134,23,True,False,False,False,False,False,"A provisional donor flag is only an upper-bound screen; unresolved membership, spillovers, and confounders remain."
schwanden,Schwanden,2024-05-01,571,Beatenberg,1,False,False,3.799,True,True,True,136,23,True,False,False,False,False,False,"A provisional donor flag is only an upper-bound screen; unresolved membership, spillovers, and confounders remain."
schwanden,Schwanden,2024-05-01,573,Brienz (BE),1,True,False,22.83,False,True,True,136,23,True,False,False,False,False,False,"A provisional donor flag is only an upper-bound screen; unresolved membership, spillovers, and confounders remain."
schwanden,Schwanden,2024-05-01,576,Grindelwald,1,False,False,20.063,False,True,True,136,23,True,False,False,False,False,False,"A provisional donor flag is only an upper-bound screen; unresolved membership, spillovers, and confounders remain."
schwanden,Schwanden,2024-05-01,584,Lauterbrunnen,1,False,False,20.716,False,True,True,136,23,True,False,False,False,False,False,"A provisional donor flag is only an upper-bound screen; unresolved membership, spillovers, and confounders remain."
schwanden,Schwanden,2024-05-01,762,Diemtigen,3,True,False,18.177,False,True,True,135,23,True,False,False,False,False,False,"A provisional donor flag is only an upper-bound screen; unresolved membership, spillovers, and confounders remain."
schwanden,Schwanden,2024-05-01,783,Hasliberg,1,True,False,37.078,False,False,True,134,23,True,False,False,False,False,False,"A provisional donor flag is only an upper-bound screen; unresolved membership, spillovers, and confounders remain."
schwanden,Schwanden,2024-05-01,784,Innertkirchen,1,False,False,46.249,False,False,True,134,23,True,False,False,False,False,False,"A provisional donor flag is only an upper-bound screen; unresolved membership, spillovers, and confounders remain."
schwanden,Schwanden,2024-05-01,792,Lenk,1,False,False,39.686,False,False,True,136,23,True,False,False,False,False,False,"A provisional donor flag is only an upper-bound screen; unresolved membership, spillovers, and confounders remain."
schwanden,Schwanden,2024-05-01,843,Saanen,1,True,False,42.036,False,False,True,136,23,True,False,False,False,False,False,"A provisional donor flag is only an upper-bound screen; unresolved membership, spillovers, and confounders remain."
schwanden,Schwanden,2024-05-01,906,Schangnau,1,True,False,13.755,True,True,True,134,23,True,False,False,False,False,False,"A provisional donor flag is only an upper-bound screen; unresolved membership, spillovers, and confounders remain."
schwanden,Schwanden,2024-05-01,938,Sigriswil,1,True,True,0.0,True,True,True,136,23,True,False,False,False,False,False,"A provisional donor flag is only an upper-bound screen; unresolved membership, spillovers, and confounders remain."
schwanden,Schwanden,2024-05-01,1202,Andermatt,1,False,False,67.056,False,False,False,136,23,True,False,False,False,False,False,"A provisional donor flag is only an upper-bound screen; unresolved membership, spillovers, and confounders remain."
schwanden,Schwanden,2024-05-01,1301,Einsiedeln,3,False,False,87.87,False,False,False,136,23,True,False,False,False,False,False,"A provisional donor flag is only an upper-bound screen; unresolved membership, spillovers, and confounders remain."
schwanden,Schwanden,2024-05-01,1331,Küssnacht (SZ),1,False,False,66.55,False,False,False,136,23,True,False,False,False,False,False,"A provisional donor flag is only an upper-bound screen; unresolved membership, spillovers, and confounders remain."
schwanden,Schwanden,2024-05-01,1366,Morschach,1,False,False,74.725,False,False,False,136,23,True,False,False,False,False,False,"A provisional donor flag is only an upper-bound screen; unresolved membership, spillovers, and confounders remain."
schwanden,Schwanden,2024-05-01,1372,Schwyz,2,False,False,78.407,False,False,False,136,23,True,False,False,False,False,False,"A provisional donor flag is only an upper-bound screen; unresolved membership, spillovers, and confounders remain."
schwanden,Schwanden,2024-05-01,1402,Engelberg,1,False,False,51.873,False,False,False,136,23,True,False,False,False,False,False,"A provisional donor flag is only an upper-bound screen; unresolved membership, spillovers, and confounders remain."
schwanden,Schwanden,2024-05-01,1407,Sarnen,1,False,False,33.82,False,False,True,136,23,True,False,False,False,False,False,"A provisional donor flag is only an upper-bound screen; unresolved membership, spillovers, and confounders remain."
schwanden,Schwanden,2024-05-01,1501,Beckenried,1,True,False,60.508,False,False,False,134,23,True,False,False,False,False,False,"A provisional donor flag is only an upper-bound screen; unresolved membership, spillovers, and confounders remain."
schwanden,Schwanden,2024-05-01,1630,Glarus Nord,2,False,False,109.547,False,False,False,136,23,True,False,False,False,False,False,"A provisional donor flag is only an upper-bound screen; unresolved membership, spillovers, and confounders remain."
schwanden,Schwanden,2024-05-01,1631,Glarus Süd,2,False,False,97.896,False,False,False,136,23,True,False,False,False,False,False,"A provisional donor flag is only an upper-bound screen; unresolved membership, spillovers, and confounders remain."
schwanden,Schwanden,2024-05-01,1709,Unterägeri,1,False,False,75.719,False,False,False,136,23,True,False,False,False,False,False,"A provisional donor flag is only an upper-bound screen; unresolved membership, spillovers, and confounders remain."
schwanden,Schwanden,2024-05-01,2125,Bulle,1,False,False,54.06,False,False,False,134,23,True,False,False,False,False,False,"A provisional donor flag is only an upper-bound screen; unresolved membership, spillovers, and confounders remain."
schwanden,Schwanden,2024-05-01,2135,Gruyères,1,True,False,58.8,False,False,False,134,23,True,False,False,False,False,False,"A provisional donor flag is only an upper-bound screen; unresolved membership, spillovers, and confounders remain."
schwanden,Schwanden,2024-05-01,2299,Plaffeien,1,False,False,35.378,False,False,True,134,23,True,False,False,False,False,False,"A provisional donor flag is only an upper-bound screen; unresolved membership, spillovers, and confounders remain."
schwanden,Schwanden,2024-05-01,3022,Gais,1,False,False,147.892,False,False,False,136,23,True,False,False,False,False,False,"A provisional donor flag is only an upper-bound screen; unresolved membership, spillovers, and confounders remain."
schwanden,Schwanden,2024-05-01,3032,Heiden,1,False,False,156.356,False,False,False,135,23,True,False,False,False,False,False,"A provisional donor flag is only an upper-bound screen; unresolved membership, spillovers, and confounders remain."
schwanden,Schwanden,2024-05-01,3102,Gonten,2,False,False,136.34,False,False,False,136,23,True,False,False,False,False,False,"A provisional donor flag is only an upper-bound screen; unresolved membership, spillovers, and confounders remain."
schwanden,Schwanden,2024-05-01,3271,Buchs (SG),1,False,False,136.097,False,False,False,136,23,True,False,False,False,False,False,"A provisional donor flag is only an upper-bound screen; unresolved membership, spillovers, and confounders remain."
schwanden,Schwanden,2024-05-01,3291,Bad Ragaz,1,False,False,131.788,False,False,False,136,23,True,False,False,False,False,False,"A provisional donor flag is only an upper-bound screen; unresolved membership, spillovers, and confounders remain."
schwanden,Schwanden,2024-05-01,3295,Quarten,1,False,False,121.924,False,False,False,136,23,True,False,False,False,False,False,"A provisional donor flag is only an upper-bound screen; unresolved membership, spillovers, and confounders remain."
schwanden,Schwanden,2024-05-01,3311,Amden,1,False,False,116.567,False,False,False,136,23,True,False,False,False,False,False,"A provisional donor flag is only an upper-bound screen; unresolved membership, spillovers, and confounders remain."
schwanden,Schwanden,2024-05-01,3342,Eschenbach (SG),2,False,False,109.902,False,False,False,136,23,True,False,False,False,False,False,"A provisional donor flag is only an upper-bound screen; unresolved membership, spillovers, and confounders remain."
schwanden,Schwanden,2024-05-01,3359,Wildhaus-Alt St. Johann,1,False,False,128.843,False,False,False,136,23,True,False,False,False,False,False,"A provisional donor flag is only an upper-bound screen; unresolved membership, spillovers, and confounders remain."
schwanden,Schwanden,2024-05-01,3396,Neckertal,3,False,False,124.456,False,False,False,16,23,False,False,False,False,False,False,"A provisional donor flag is only an upper-bound screen; unresolved membership, spillovers, and confounders remain."
schwanden,Schwanden,2024-05-01,3543,Surses,2,False,False,139.116,False,False,False,100,23,True,False,False,False,False,False,"A provisional donor flag is only an upper-bound screen; unresolved membership, spillovers, and confounders remain."
schwanden,Schwanden,2024-05-01,3575,Laax,1,False,False,112.883,False,False,False,136,23,True,False,False,False,False,False,"A provisional donor flag is only an upper-bound screen; unresolved membership, spillovers, and confounders remain."
schwanden,Schwanden,2024-05-01,3603,Vals,1,False,False,107.748,False,False,False,136,23,True,False,False,False,False,False,"A provisional donor flag is only an upper-bound screen; unresolved membership, spillovers, and confounders remain."
schwanden,Schwanden,2024-05-01,3714,Rheinwald,1,False,False,121.92,False,False,False,62,23,True,False,False,False,False,False,"A provisional donor flag is only an upper-bound screen; unresolved membership, spillovers, and confounders remain."
schwanden,Schwanden,2024-05-01,3752,Samnaun,1,False,False,201.879,False,False,False,136,23,True,False,False,False,False,False,"A provisional donor flag is only an upper-bound screen; unresolved membership, spillovers, and confounders remain."
schwanden,Schwanden,2024-05-01,3762,Scuol,1,False,False,191.953,False,False,False,136,23,True,False,False,False,False,False,"A provisional donor flag is only an upper-bound screen; unresolved membership, spillovers, and confounders remain."
schwanden,Schwanden,2024-05-01,3782,Celerina/Schlarigna,1,False,False,160.242,False,False,False,136,23,True,False,False,False,False,False,"A provisional donor flag is only an upper-bound screen; unresolved membership, spillovers, and confounders remain."
schwanden,Schwanden,2024-05-01,3784,Pontresina,2,False,False,167.377,False,False,False,134,23,True,False,False,False,False,False,"A provisional donor flag is only an upper-bound screen; unresolved membership, spillovers, and confounders remain."
schwanden,Schwanden,2024-05-01,3786,Samedan,2,False,False,163.307,False,False,False,136,23,True,False,False,False,False,False,"A provisional donor flag is only an upper-bound screen; unresolved membership, spillovers, and confounders remain."
schwanden,Schwanden,2024-05-01,3792,Bregaglia,1,False,False,154.419,False,False,False,136,23,True,False,False,False,False,False,"A provisional donor flag is only an upper-bound screen; unresolved membership, spillovers, and confounders remain."
schwanden,Schwanden,2024-05-01,3847,Val Müstair,1,False,False,197.609,False,False,False,136,23,True,False,False,False,False,False,"A provisional donor flag is only an upper-bound screen; unresolved membership, spillovers, and confounders remain."
schwanden,Schwanden,2024-05-01,3851,Davos,5,False,False,156.693,False,False,False,136,23,True,False,False,False,False,False,"A provisional donor flag is only an upper-bound screen; unresolved membership, spillovers, and confounders remain."
schwanden,Schwanden,2024-05-01,3871,Klosters,1,False,False,162.649,False,False,False,136,23,True,False,False,False,False,False,"A provisional donor flag is only an upper-bound screen; unresolved membership, spillovers, and confounders remain."
schwanden,Schwanden,2024-05-01,3901,Chur,2,False,False,140.764,False,False,False,136,23,True,False,False,False,False,False,"A provisional donor flag is only an upper-bound screen; unresolved membership, spillovers, and confounders remain."
schwanden,Schwanden,2024-05-01,3921,Arosa,1,False,False,145.519,False,False,False,136,23,True,False,False,False,False,False,"A provisional donor flag is only an upper-bound screen; unresolved membership, spillovers, and confounders remain."
schwanden,Schwanden,2024-05-01,3981,Breil/Brigels,1,False,False,101.639,False,False,False,136,23,True,False,False,False,False,False,"A provisional donor flag is only an upper-bound screen; unresolved membership, spillovers, and confounders remain."
schwanden,Schwanden,2024-05-01,3986,Tujetsch,2,False,False,74.131,False,False,False,136,23,True,False,False,False,False,False,"A provisional donor flag is only an upper-bound screen; unresolved membership, spillovers, and confounders remain."
schwanden,Schwanden,2024-05-01,5407,Leysin,1,False,False,69.814,False,False,False,134,23,True,False,False,False,False,False,"A provisional donor flag is only an upper-bound screen; unresolved membership, spillovers, and confounders remain."
schwanden,Schwanden,2024-05-01,5409,Ollon,1,True,False,69.17,False,False,False,134,23,True,False,False,False,False,False,"A provisional donor flag is only an upper-bound screen; unresolved membership, spillovers, and confounders remain."
schwanden,Schwanden,2024-05-01,5411,Ormont-Dessus,1,False,False,63.344,False,False,False,134,23,True,False,False,False,False,False,"A provisional donor flag is only an upper-bound screen; unresolved membership, spillovers, and confounders remain."
schwanden,Schwanden,2024-05-01,5552,Bullet,1,True,False,93.339,False,False,False,134,23,True,False,False,False,False,False,"A provisional donor flag is only an upper-bound screen; unresolved membership, spillovers, and confounders remain."
schwanden,Schwanden,2024-05-01,5872,Le Chenit,1,True,False,115.207,False,False,False,136,23,True,False,False,False,False,False,"A provisional donor flag is only an upper-bound screen; unresolved membership, spillovers, and confounders remain."
schwanden,Schwanden,2024-05-01,5886,Montreux,1,False,False,68.977,False,False,False,136,23,True,False,False,False,False,False,"A provisional donor flag is only an upper-bound screen; unresolved membership, spillovers, and confounders remain."
schwanden,Schwanden,2024-05-01,5892,Blonay - Saint-Légier,1,True,False,68.509,False,False,False,28,23,False,False,False,False,False,False,"A provisional donor flag is only an upper-bound screen; unresolved membership, spillovers, and confounders remain."
schwanden,Schwanden,2024-05-01,6024,Nendaz,2,False,False,67.392,False,False,False,136,23,True,False,False,False,False,False,"A provisional donor flag is only an upper-bound screen; unresolved membership, spillovers, and confounders remain."
schwanden,Schwanden,2024-05-01,6034,Orsières,2,False,False,92.352,False,False,False,136,23,True,False,False,False,False,False,"A provisional donor flag is only an upper-bound screen; unresolved membership, spillovers, and confounders remain."
schwanden,Schwanden,2024-05-01,6037,Val de Bagnes,2,False,False,79.153,False,False,False,40,23,True,False,False,False,False,False,"A provisional donor flag is only an upper-bound screen; unresolved membership, spillovers, and confounders remain."
schwanden,Schwanden,2024-05-01,6077,Goms,1,False,False,48.077,False,False,True,86,23,True,False,False,False,False,False,"A provisional donor flag is only an upper-bound screen; unresolved membership, spillovers, and confounders remain."
schwanden,Schwanden,2024-05-01,6083,Evolène,3,True,False,71.082,False,False,False,134,23,True,False,False,False,False,False,"A provisional donor flag is only an upper-bound screen; unresolved membership, spillovers, and confounders remain."
schwanden,Schwanden,2024-05-01,6252,Anniviers,2,True,False,55.761,False,False,False,134,23,True,False,False,False,False,False,"A provisional donor flag is only an upper-bound screen; unresolved membership, spillovers, and confounders remain."
schwanden,Schwanden,2024-05-01,6253,Crans-Montana,1,True,False,48.418,False,False,True,88,23,True,False,False,False,False,False,"A provisional donor flag is only an upper-bound screen; unresolved membership, spillovers, and confounders remain."
schwanden,Schwanden,2024-05-01,6290,Saas-Fee,1,True,False,72.678,False,False,False,136,23,True,False,False,False,False,False,"A provisional donor flag is only an upper-bound screen; unresolved membership, spillovers, and confounders remain."
schwanden,Schwanden,2024-05-01,6291,Saas-Grund,1,False,False,68.069,False,False,False,136,23,True,False,False,False,False,False,"A provisional donor flag is only an upper-bound screen; unresolved membership, spillovers, and confounders remain."
schwanden,Schwanden,2024-05-01,6300,Zermatt,1,False,False,79.455,False,False,False,136,23,True,False,False,False,False,False,"A provisional donor flag is only an upper-bound screen; unresolved membership, spillovers, and confounders remain."
schwanden,Schwanden,2024-05-01,6421,La Chaux-de-Fonds,2,False,False,78.121,False,False,False,136,23,True,False,False,False,False,False,"A provisional donor flag is only an upper-bound screen; unresolved membership, spillovers, and confounders remain."
