timestamp,task,source_id,source,source_url,URL/API,request,retrieval_method,HTTP_status,status,raw_file,output_file,checksum,records,rows_collected,success,error,notes
2026-09-19T23:17:13.867148+00:00,initial_source_verification,BFS_HOTEL_METADATA,Swiss Federal Statistical Office,https://www.pxweb.bfs.admin.ch/api/v1/fr/px-x-1003020000_101/px-x-1003020000_101.px,https://www.pxweb.bfs.admin.ch/api/v1/fr/px-x-1003020000_101/px-x-1003020000_101.px,GET,urllib GET,200,downloaded,data_external/source_evidence/BFS_HOTEL_METADATA_20260919T231713Z.json,data_external/source_evidence/BFS_HOTEL_METADATA_20260919T231713Z.json,86600a36a53e243995328fdc18d8824476943657bd156c656b1847bf3be301c1,,,True,,
2026-09-19T23:17:15.917509+00:00,initial_source_verification,MAGIC_PRESS_ARCHIVE,Magic Mountains Cooperation,https://www.magicpass.ch/fr/presse,https://www.magicpass.ch/fr/presse,GET,urllib GET,200,downloaded,data_external/source_evidence/MAGIC_PRESS_ARCHIVE_20260919T231715Z.html,data_external/source_evidence/MAGIC_PRESS_ARCHIVE_20260919T231715Z.html,113dbd5d3c21663e445e67e65f4d4c35c6b169206b1ad6437dfc4f7166077612,,,True,,
2026-09-19T23:17:26.501601+00:00,initial_source_verification,MAGIC_CURRENT_MAP,Magic Mountains Cooperation,https://www.magicpass.ch/fr/stations/map,https://www.magicpass.ch/fr/stations/map,GET,urllib GET,200,downloaded,data_external/source_evidence/MAGIC_CURRENT_MAP_20260919T231726Z.html,data_external/source_evidence/MAGIC_CURRENT_MAP_20260919T231726Z.html,7982ed874329de9524620805622c0742e65e9082674a98a13a6567ff05244def,,,True,,
2026-09-19T23:21:36.251174+00:00,initial_source_verification,MAGIC_2017,Magic Mountains Cooperation,https://www.magicpass.ch/media/document/0/dossier-de-presse_11_4-1.pdf,https://www.magicpass.ch/media/document/0/dossier-de-presse_11_4-1.pdf,GET,urllib GET,200,downloaded,data_external/source_evidence/MAGIC_2017_20260919T232136Z.pdf,data_external/source_evidence/MAGIC_2017_20260919T232136Z.pdf,44e5f5bf8549a1a98ba7e2e9e79bee66884539d8551fb79f2630f2903a01c2d4,,,True,,
2026-09-19T23:21:46.699377+00:00,initial_source_verification,MAGIC_2018,Magic Mountains Cooperation,https://www.magicpass.ch/media/document/0/mp-communique-presse-07_03_18-fr.pdf,https://www.magicpass.ch/media/document/0/mp-communique-presse-07_03_18-fr.pdf,GET,urllib GET,200,downloaded,data_external/source_evidence/MAGIC_2018_20260919T232146Z.pdf,data_external/source_evidence/MAGIC_2018_20260919T232146Z.pdf,32d506c975c876c0d85df9c09189d333584e8c490f81728559f18e50194b81c9,,,True,,
2026-09-19T23:21:56.936424+00:00,initial_source_verification,MAGIC_2019,Magic Mountains Cooperation,https://www.magicpass.ch/media/document/0/mp-cp-13mars-2019-fr-2_prix.pdf,https://www.magicpass.ch/media/document/0/mp-cp-13mars-2019-fr-2_prix.pdf,GET,urllib GET,200,downloaded,data_external/source_evidence/MAGIC_2019_20260919T232156Z.pdf,data_external/source_evidence/MAGIC_2019_20260919T232156Z.pdf,4f55fd7f432ac6463cb238789e26b1a6b0163002dee0eb00cfcb1e9ee3c95fae,,,True,,
2026-09-19T23:22:07.165348+00:00,initial_source_verification,MAGIC_2020,Magic Mountains Cooperation,https://www.magicpass.ch/media/document/0/magic_pass_20-21_communique_lancement-1.pdf,https://www.magicpass.ch/media/document/0/magic_pass_20-21_communique_lancement-1.pdf,GET,urllib GET,,failed,,,,,,False,IncompleteRead: IncompleteRead(1802240 bytes read),
2026-09-19T23:22:17.381585+00:00,initial_source_verification,MAGIC_2021,Magic Mountains Cooperation,https://www.magicpass.ch/media/document/0/210316_magicpass-dossier-de-presse-final.pdf,https://www.magicpass.ch/media/document/0/210316_magicpass-dossier-de-presse-final.pdf,GET,urllib GET,,failed,,,,,,False,IncompleteRead: IncompleteRead(3112960 bytes read),
2026-09-19T23:22:27.695130+00:00,initial_source_verification,MAGIC_2022,Magic Mountains Cooperation,https://www.magicpass.ch/media/document/0/magicpass-commpresse-fr-15mar22.pdf,https://www.magicpass.ch/media/document/0/magicpass-commpresse-fr-15mar22.pdf,GET,urllib GET,200,downloaded,data_external/source_evidence/MAGIC_2022_20260919T232227Z.pdf,data_external/source_evidence/MAGIC_2022_20260919T232227Z.pdf,6309432b7599a0901ebda1f8fae5e591afc64071493878de7729dfb4598ee0f0,,,True,,
2026-09-19T23:22:38.145606+00:00,initial_source_verification,MAGIC_2023,Magic Mountains Cooperation,https://www.magicpass.ch/media/document/0/mp-cp-23-dossier-presse-no-embargo-fr-avec-compression.pdf,https://www.magicpass.ch/media/document/0/mp-cp-23-dossier-presse-no-embargo-fr-avec-compression.pdf,GET,urllib GET,200,downloaded,data_external/source_evidence/MAGIC_2023_20260919T232238Z.pdf,data_external/source_evidence/MAGIC_2023_20260919T232238Z.pdf,bb87522706c599bbc8a79d849f08649fc4656ad1907d8c138360108aae0e421c,,,True,,
2026-09-19T23:22:48.325403+00:00,initial_source_verification,MAGIC_2024,Magic Mountains Cooperation,https://www.magicpass.ch/media/document/0/mp-cp-24-dossier-presse-fr-1-2.pdf,https://www.magicpass.ch/media/document/0/mp-cp-24-dossier-presse-fr-1-2.pdf,GET,urllib GET,,failed,,,,,,False,IncompleteRead: IncompleteRead(2457600 bytes read),
2026-09-19T23:22:58.692358+00:00,initial_source_verification,MAGIC_2025,Magic Mountains Cooperation,https://www.magicpass.ch/media/document/0/dossier-de-presse-2025-ch-fr-avec-compression.pdf,https://www.magicpass.ch/media/document/0/dossier-de-presse-2025-ch-fr-avec-compression.pdf,GET,urllib GET,200,downloaded,data_external/source_evidence/MAGIC_2025_20260919T232258Z.pdf,data_external/source_evidence/MAGIC_2025_20260919T232258Z.pdf,fbdeb6585b4a294c2ad2a229ebc9cfd192235c49f2af676367499d2090db0279,,,True,,
2026-09-19T23:23:09.117047+00:00,initial_source_verification,MAGIC_2026,Magic Mountains Cooperation,https://www.magicpass.ch/media/document/0/magicpass-2026-dossier-de-presse-chfr-avec-compression.pdf,https://www.magicpass.ch/media/document/0/magicpass-2026-dossier-de-presse-chfr-avec-compression.pdf,GET,urllib GET,,failed,,,,,,False,IncompleteRead: IncompleteRead(1736704 bytes read),
2026-09-19T23:23:50.233825+00:00,initial_source_verification,MAGIC_2020,Magic Mountains Cooperation,https://www.magicpass.ch/media/document/0/magic_pass_20-21_communique_lancement-1.pdf,https://www.magicpass.ch/media/document/0/magic_pass_20-21_communique_lancement-1.pdf,GET,urllib GET,200,downloaded,data_external/source_evidence/MAGIC_2020_20260919T232350Z.pdf,data_external/source_evidence/MAGIC_2020_20260919T232350Z.pdf,c5a45a18328beb285b73f43e651491fe21f9634d3b5759479be9ccb9d09e4b04,,,True,,
2026-09-19T23:24:00.734657+00:00,initial_source_verification,MAGIC_2021,Magic Mountains Cooperation,https://www.magicpass.ch/media/document/0/210316_magicpass-dossier-de-presse-final.pdf,https://www.magicpass.ch/media/document/0/210316_magicpass-dossier-de-presse-final.pdf,GET,urllib GET,,failed,,,,,,False,IncompleteRead: IncompleteRead(4096000 bytes read),
2026-09-19T23:24:11.201676+00:00,initial_source_verification,MAGIC_2024,Magic Mountains Cooperation,https://www.magicpass.ch/media/document/0/mp-cp-24-dossier-presse-fr-1-2.pdf,https://www.magicpass.ch/media/document/0/mp-cp-24-dossier-presse-fr-1-2.pdf,GET,urllib GET,200,downloaded,data_external/source_evidence/MAGIC_2024_20260919T232411Z.pdf,data_external/source_evidence/MAGIC_2024_20260919T232411Z.pdf,8239ef9bfa95121f747b22d5a9a92949e1fa9a08ba87d4a62697dc186085b3ff,,,True,,
2026-09-19T23:24:21.584195+00:00,initial_source_verification,MAGIC_2026,Magic Mountains Cooperation,https://www.magicpass.ch/media/document/0/magicpass-2026-dossier-de-presse-chfr-avec-compression.pdf,https://www.magicpass.ch/media/document/0/magicpass-2026-dossier-de-presse-chfr-avec-compression.pdf,GET,urllib GET,,failed,,,,,,False,IncompleteRead: IncompleteRead(3768320 bytes read),
2026-09-19T23:27:16.405897+00:00,initial_source_verification,GEO_POINT_0b3984b933ae,swisstopo / geo.admin.ch,https://api3.geo.admin.ch/rest/services/ech/MapServer/identify?geometryType=esriGeometryPoint&geometry=7.539282%2C47.261175&layers=all%3Ach.swisstopo.swissboundaries3d-gemeinde-flaeche.fill&returnGeometry=false&sr=4326&tolerance=0&mapExtent=0%2C0%2C0%2C0&imageDisplay=0%2C0%2C0&lang=fr,https://api3.geo.admin.ch/rest/services/ech/MapServer/identify?geometryType=esriGeometryPoint&geometry=7.539282%2C47.261175&layers=all%3Ach.swisstopo.swissboundaries3d-gemeinde-flaeche.fill&returnGeometry=false&sr=4326&tolerance=0&mapExtent=0%2C0%2C0%2C0&imageDisplay=0%2C0%2C0&lang=fr,GET,urllib GET,200,downloaded,data_external/source_evidence/GEO_POINT_0b3984b933ae_20260919T232716Z.json,data_external/source_evidence/GEO_POINT_0b3984b933ae_20260919T232716Z.json,e0895ee40c156dc8bfcd35c5ac92354c41f695b6f38f3812c444dc94880dcdef,,,True,,
2026-09-19T23:27:18.007486+00:00,initial_source_verification,GEO_POINT_d89d7be79f82,swisstopo / geo.admin.ch,https://api3.geo.admin.ch/rest/services/ech/MapServer/identify?geometryType=esriGeometryPoint&geometry=7.594085%2C47.346791&layers=all%3Ach.swisstopo.swissboundaries3d-gemeinde-flaeche.fill&returnGeometry=false&sr=4326&tolerance=0&mapExtent=0%2C0%2C0%2C0&imageDisplay=0%2C0%2C0&lang=fr,https://api3.geo.admin.ch/rest/services/ech/MapServer/identify?geometryType=esriGeometryPoint&geometry=7.594085%2C47.346791&layers=all%3Ach.swisstopo.swissboundaries3d-gemeinde-flaeche.fill&returnGeometry=false&sr=4326&tolerance=0&mapExtent=0%2C0%2C0%2C0&imageDisplay=0%2C0%2C0&lang=fr,GET,urllib GET,200,downloaded,data_external/source_evidence/GEO_POINT_d89d7be79f82_20260919T232718Z.json,data_external/source_evidence/GEO_POINT_d89d7be79f82_20260919T232718Z.json,7e3acbabc6691254ede3549b97b74f11427e84c523268c494ec9b33d4831d9e4,,,True,,
2026-09-19T23:27:19.358044+00:00,initial_source_verification,GEO_POINT_781acd296fbb,swisstopo / geo.admin.ch,https://api3.geo.admin.ch/rest/services/ech/MapServer/identify?geometryType=esriGeometryPoint&geometry=7.887497%2C46.806787&layers=all%3Ach.swisstopo.swissboundaries3d-gemeinde-flaeche.fill&returnGeometry=false&sr=4326&tolerance=0&mapExtent=0%2C0%2C0%2C0&imageDisplay=0%2C0%2C0&lang=fr,https://api3.geo.admin.ch/rest/services/ech/MapServer/identify?geometryType=esriGeometryPoint&geometry=7.887497%2C46.806787&layers=all%3Ach.swisstopo.swissboundaries3d-gemeinde-flaeche.fill&returnGeometry=false&sr=4326&tolerance=0&mapExtent=0%2C0%2C0%2C0&imageDisplay=0%2C0%2C0&lang=fr,GET,urllib GET,200,downloaded,data_external/source_evidence/GEO_POINT_781acd296fbb_20260919T232719Z.json,data_external/source_evidence/GEO_POINT_781acd296fbb_20260919T232719Z.json,b5d889c7254b8ca77d601127d9e84f6750d27f959c7838832305e409b60f0140,,,True,,
2026-09-19T23:28:13.132736+00:00,initial_source_verification,GEO_POINT_93cc064eae7c,swisstopo / geo.admin.ch,https://api3.geo.admin.ch/rest/services/ech/MapServer/identify?geometryType=esriGeometryPoint&geometry=7.720900%2C46.874583&layers=all%3Ach.swisstopo.swissboundaries3d-gemeinde-flaeche.fill&returnGeometry=false&sr=4326&tolerance=0&mapExtent=0%2C0%2C0%2C0&imageDisplay=0%2C0%2C0&lang=fr,https://api3.geo.admin.ch/rest/services/ech/MapServer/identify?geometryType=esriGeometryPoint&geometry=7.720900%2C46.874583&layers=all%3Ach.swisstopo.swissboundaries3d-gemeinde-flaeche.fill&returnGeometry=false&sr=4326&tolerance=0&mapExtent=0%2C0%2C0%2C0&imageDisplay=0%2C0%2C0&lang=fr,GET,urllib GET,200,downloaded,data_external/source_evidence/GEO_POINT_93cc064eae7c_20260919T232813Z.json,data_external/source_evidence/GEO_POINT_93cc064eae7c_20260919T232813Z.json,7d60e03dfaaef4da1d37907f0f86ab22ac4ef26a8b27343328a3af9109dfe57c,,,True,,
2026-09-19T23:28:14.898709+00:00,initial_source_verification,GEO_POINT_022fd6670488,swisstopo / geo.admin.ch,https://api3.geo.admin.ch/rest/services/ech/MapServer/identify?geometryType=esriGeometryPoint&geometry=7.453280%2C46.724344&layers=all%3Ach.swisstopo.swissboundaries3d-gemeinde-flaeche.fill&returnGeometry=false&sr=4326&tolerance=0&mapExtent=0%2C0%2C0%2C0&imageDisplay=0%2C0%2C0&lang=fr,https://api3.geo.admin.ch/rest/services/ech/MapServer/identify?geometryType=esriGeometryPoint&geometry=7.453280%2C46.724344&layers=all%3Ach.swisstopo.swissboundaries3d-gemeinde-flaeche.fill&returnGeometry=false&sr=4326&tolerance=0&mapExtent=0%2C0%2C0%2C0&imageDisplay=0%2C0%2C0&lang=fr,GET,urllib GET,200,downloaded,data_external/source_evidence/GEO_POINT_022fd6670488_20260919T232814Z.json,data_external/source_evidence/GEO_POINT_022fd6670488_20260919T232814Z.json,708342213e7bbb9653cedee2c66b2a2e51c69f5a219fd47a463e9a372867f12e,,,True,,
2026-09-19T23:28:16.351400+00:00,initial_source_verification,GEO_POINT_c5ab3d183f3d,swisstopo / geo.admin.ch,https://api3.geo.admin.ch/rest/services/ech/MapServer/identify?geometryType=esriGeometryPoint&geometry=7.440187%2C46.918543&layers=all%3Ach.swisstopo.swissboundaries3d-gemeinde-flaeche.fill&returnGeometry=false&sr=4326&tolerance=0&mapExtent=0%2C0%2C0%2C0&imageDisplay=0%2C0%2C0&lang=fr,https://api3.geo.admin.ch/rest/services/ech/MapServer/identify?geometryType=esriGeometryPoint&geometry=7.440187%2C46.918543&layers=all%3Ach.swisstopo.swissboundaries3d-gemeinde-flaeche.fill&returnGeometry=false&sr=4326&tolerance=0&mapExtent=0%2C0%2C0%2C0&imageDisplay=0%2C0%2C0&lang=fr,GET,urllib GET,200,downloaded,data_external/source_evidence/GEO_POINT_c5ab3d183f3d_20260919T232816Z.json,data_external/source_evidence/GEO_POINT_c5ab3d183f3d_20260919T232816Z.json,9b8894106016a9715433dfaaabe1fd91be67f521eb656a8bfb57874760e91b03,,,True,,
2026-09-19T23:28:17.700739+00:00,initial_source_verification,GEO_POINT_8d5e58641fc6,swisstopo / geo.admin.ch,https://api3.geo.admin.ch/rest/services/ech/MapServer/identify?geometryType=esriGeometryPoint&geometry=7.681117%2C46.825759&layers=all%3Ach.swisstopo.swissboundaries3d-gemeinde-flaeche.fill&returnGeometry=false&sr=4326&tolerance=0&mapExtent=0%2C0%2C0%2C0&imageDisplay=0%2C0%2C0&lang=fr,https://api3.geo.admin.ch/rest/services/ech/MapServer/identify?geometryType=esriGeometryPoint&geometry=7.681117%2C46.825759&layers=all%3Ach.swisstopo.swissboundaries3d-gemeinde-flaeche.fill&returnGeometry=false&sr=4326&tolerance=0&mapExtent=0%2C0%2C0%2C0&imageDisplay=0%2C0%2C0&lang=fr,GET,urllib GET,200,downloaded,data_external/source_evidence/GEO_POINT_8d5e58641fc6_20260919T232817Z.json,data_external/source_evidence/GEO_POINT_8d5e58641fc6_20260919T232817Z.json,f2a6bbaa6bea10b73dadcaff1da52dd5b2db0378472a31f69a09c284bd0b608e,,,True,,
2026-09-19T23:28:18.964569+00:00,initial_source_verification,GEO_POINT_66997aced7a5,swisstopo / geo.admin.ch,https://api3.geo.admin.ch/rest/services/ech/MapServer/identify?geometryType=esriGeometryPoint&geometry=7.677759%2C46.770492&layers=all%3Ach.swisstopo.swissboundaries3d-gemeinde-flaeche.fill&returnGeometry=false&sr=4326&tolerance=0&mapExtent=0%2C0%2C0%2C0&imageDisplay=0%2C0%2C0&lang=fr,https://api3.geo.admin.ch/rest/services/ech/MapServer/identify?geometryType=esriGeometryPoint&geometry=7.677759%2C46.770492&layers=all%3Ach.swisstopo.swissboundaries3d-gemeinde-flaeche.fill&returnGeometry=false&sr=4326&tolerance=0&mapExtent=0%2C0%2C0%2C0&imageDisplay=0%2C0%2C0&lang=fr,GET,urllib GET,200,downloaded,data_external/source_evidence/GEO_POINT_66997aced7a5_20260919T232818Z.json,data_external/source_evidence/GEO_POINT_66997aced7a5_20260919T232818Z.json,539b7a10bca5eeef0a0d13c3d4443b9b575024430ec7faacda4b5c20c5a28931,,,True,,
2026-09-19T23:28:20.216471+00:00,initial_source_verification,GEO_POINT_0c42da5e03cb,swisstopo / geo.admin.ch,https://api3.geo.admin.ch/rest/services/ech/MapServer/identify?geometryType=esriGeometryPoint&geometry=7.677598%2C46.838971&layers=all%3Ach.swisstopo.swissboundaries3d-gemeinde-flaeche.fill&returnGeometry=false&sr=4326&tolerance=0&mapExtent=0%2C0%2C0%2C0&imageDisplay=0%2C0%2C0&lang=fr,https://api3.geo.admin.ch/rest/services/ech/MapServer/identify?geometryType=esriGeometryPoint&geometry=7.677598%2C46.838971&layers=all%3Ach.swisstopo.swissboundaries3d-gemeinde-flaeche.fill&returnGeometry=false&sr=4326&tolerance=0&mapExtent=0%2C0%2C0%2C0&imageDisplay=0%2C0%2C0&lang=fr,GET,urllib GET,200,downloaded,data_external/source_evidence/GEO_POINT_0c42da5e03cb_20260919T232820Z.json,data_external/source_evidence/GEO_POINT_0c42da5e03cb_20260919T232820Z.json,2b977de5657a7fc3a0edff4bca19935cb40f22365bfc13182e893feb387fb48d,,,True,,
2026-09-19T23:28:21.530699+00:00,initial_source_verification,GEO_POINT_b9a32835ec0d,swisstopo / geo.admin.ch,https://api3.geo.admin.ch/rest/services/ech/MapServer/identify?geometryType=esriGeometryPoint&geometry=7.367363%2C46.730566&layers=all%3Ach.swisstopo.swissboundaries3d-gemeinde-flaeche.fill&returnGeometry=false&sr=4326&tolerance=0&mapExtent=0%2C0%2C0%2C0&imageDisplay=0%2C0%2C0&lang=fr,https://api3.geo.admin.ch/rest/services/ech/MapServer/identify?geometryType=esriGeometryPoint&geometry=7.367363%2C46.730566&layers=all%3Ach.swisstopo.swissboundaries3d-gemeinde-flaeche.fill&returnGeometry=false&sr=4326&tolerance=0&mapExtent=0%2C0%2C0%2C0&imageDisplay=0%2C0%2C0&lang=fr,GET,urllib GET,200,downloaded,data_external/source_evidence/GEO_POINT_b9a32835ec0d_20260919T232821Z.json,data_external/source_evidence/GEO_POINT_b9a32835ec0d_20260919T232821Z.json,feb8815f25111f214be888a32a1165c229a8d4c497b276146e374501f2324a40,,,True,,
2026-09-19T23:28:22.998931+00:00,initial_source_verification,GEO_POINT_4ab88d91b565,swisstopo / geo.admin.ch,https://api3.geo.admin.ch/rest/services/ech/MapServer/identify?geometryType=esriGeometryPoint&geometry=7.415943%2C46.761737&layers=all%3Ach.swisstopo.swissboundaries3d-gemeinde-flaeche.fill&returnGeometry=false&sr=4326&tolerance=0&mapExtent=0%2C0%2C0%2C0&imageDisplay=0%2C0%2C0&lang=fr,https://api3.geo.admin.ch/rest/services/ech/MapServer/identify?geometryType=esriGeometryPoint&geometry=7.415943%2C46.761737&layers=all%3Ach.swisstopo.swissboundaries3d-gemeinde-flaeche.fill&returnGeometry=false&sr=4326&tolerance=0&mapExtent=0%2C0%2C0%2C0&imageDisplay=0%2C0%2C0&lang=fr,GET,urllib GET,200,downloaded,data_external/source_evidence/GEO_POINT_4ab88d91b565_20260919T232822Z.json,data_external/source_evidence/GEO_POINT_4ab88d91b565_20260919T232822Z.json,984c35fce256b043a132c091c00c68efe1c7e4e9f1ba5b936a9373556f8de51d,,,True,,
2026-09-19T23:28:24.519950+00:00,initial_source_verification,GEO_POINT_661c10998d18,swisstopo / geo.admin.ch,https://api3.geo.admin.ch/rest/services/ech/MapServer/identify?geometryType=esriGeometryPoint&geometry=7.389829%2C46.744577&layers=all%3Ach.swisstopo.swissboundaries3d-gemeinde-flaeche.fill&returnGeometry=false&sr=4326&tolerance=0&mapExtent=0%2C0%2C0%2C0&imageDisplay=0%2C0%2C0&lang=fr,https://api3.geo.admin.ch/rest/services/ech/MapServer/identify?geometryType=esriGeometryPoint&geometry=7.389829%2C46.744577&layers=all%3Ach.swisstopo.swissboundaries3d-gemeinde-flaeche.fill&returnGeometry=false&sr=4326&tolerance=0&mapExtent=0%2C0%2C0%2C0&imageDisplay=0%2C0%2C0&lang=fr,GET,urllib GET,200,downloaded,data_external/source_evidence/GEO_POINT_661c10998d18_20260919T232824Z.json,data_external/source_evidence/GEO_POINT_661c10998d18_20260919T232824Z.json,984c35fce256b043a132c091c00c68efe1c7e4e9f1ba5b936a9373556f8de51d,,,True,,
2026-09-19T23:28:25.851257+00:00,initial_source_verification,GEO_POINT_ae714c379fce,swisstopo / geo.admin.ch,https://api3.geo.admin.ch/rest/services/ech/MapServer/identify?geometryType=esriGeometryPoint&geometry=7.763203%2C47.345010&layers=all%3Ach.swisstopo.swissboundaries3d-gemeinde-flaeche.fill&returnGeometry=false&sr=4326&tolerance=0&mapExtent=0%2C0%2C0%2C0&imageDisplay=0%2C0%2C0&lang=fr,https://api3.geo.admin.ch/rest/services/ech/MapServer/identify?geometryType=esriGeometryPoint&geometry=7.763203%2C47.345010&layers=all%3Ach.swisstopo.swissboundaries3d-gemeinde-flaeche.fill&returnGeometry=false&sr=4326&tolerance=0&mapExtent=0%2C0%2C0%2C0&imageDisplay=0%2C0%2C0&lang=fr,GET,urllib GET,200,downloaded,data_external/source_evidence/GEO_POINT_ae714c379fce_20260919T232825Z.json,data_external/source_evidence/GEO_POINT_ae714c379fce_20260919T232825Z.json,32f4383b615012d0e26ea6ec309b0ef425dd30e771d3e0a71334b462ef41c8cb,,,True,,
2026-09-19T23:28:27.167247+00:00,initial_source_verification,GEO_POINT_f33241203388,swisstopo / geo.admin.ch,https://api3.geo.admin.ch/rest/services/ech/MapServer/identify?geometryType=esriGeometryPoint&geometry=7.055197%2C46.618141&layers=all%3Ach.swisstopo.swissboundaries3d-gemeinde-flaeche.fill&returnGeometry=false&sr=4326&tolerance=0&mapExtent=0%2C0%2C0%2C0&imageDisplay=0%2C0%2C0&lang=fr,https://api3.geo.admin.ch/rest/services/ech/MapServer/identify?geometryType=esriGeometryPoint&geometry=7.055197%2C46.618141&layers=all%3Ach.swisstopo.swissboundaries3d-gemeinde-flaeche.fill&returnGeometry=false&sr=4326&tolerance=0&mapExtent=0%2C0%2C0%2C0&imageDisplay=0%2C0%2C0&lang=fr,GET,urllib GET,200,downloaded,data_external/source_evidence/GEO_POINT_f33241203388_20260919T232827Z.json,data_external/source_evidence/GEO_POINT_f33241203388_20260919T232827Z.json,5f1e366b8152767241fdfc7d9a71be32e6fc51b7cdf634f7fed2ae213d0b2e60,,,True,,
2026-09-19T23:28:29.129116+00:00,initial_source_verification,GEO_POINT_c86bcb8d15ce,swisstopo / geo.admin.ch,https://api3.geo.admin.ch/rest/services/ech/MapServer/identify?geometryType=esriGeometryPoint&geometry=7.206259%2C46.626158&layers=all%3Ach.swisstopo.swissboundaries3d-gemeinde-flaeche.fill&returnGeometry=false&sr=4326&tolerance=0&mapExtent=0%2C0%2C0%2C0&imageDisplay=0%2C0%2C0&lang=fr,https://api3.geo.admin.ch/rest/services/ech/MapServer/identify?geometryType=esriGeometryPoint&geometry=7.206259%2C46.626158&layers=all%3Ach.swisstopo.swissboundaries3d-gemeinde-flaeche.fill&returnGeometry=false&sr=4326&tolerance=0&mapExtent=0%2C0%2C0%2C0&imageDisplay=0%2C0%2C0&lang=fr,GET,urllib GET,200,downloaded,data_external/source_evidence/GEO_POINT_c86bcb8d15ce_20260919T232829Z.json,data_external/source_evidence/GEO_POINT_c86bcb8d15ce_20260919T232829Z.json,e213c268ae872c905c0d1b5a8f7179407a15c5d4020aa9aef8459b67f162546a,,,True,,
2026-09-19T23:28:30.983751+00:00,initial_source_verification,GEO_POINT_768442058cc0,swisstopo / geo.admin.ch,https://api3.geo.admin.ch/rest/services/ech/MapServer/identify?geometryType=esriGeometryPoint&geometry=7.280062%2C46.730875&layers=all%3Ach.swisstopo.swissboundaries3d-gemeinde-flaeche.fill&returnGeometry=false&sr=4326&tolerance=0&mapExtent=0%2C0%2C0%2C0&imageDisplay=0%2C0%2C0&lang=fr,https://api3.geo.admin.ch/rest/services/ech/MapServer/identify?geometryType=esriGeometryPoint&geometry=7.280062%2C46.730875&layers=all%3Ach.swisstopo.swissboundaries3d-gemeinde-flaeche.fill&returnGeometry=false&sr=4326&tolerance=0&mapExtent=0%2C0%2C0%2C0&imageDisplay=0%2C0%2C0&lang=fr,GET,urllib GET,200,downloaded,data_external/source_evidence/GEO_POINT_768442058cc0_20260919T232830Z.json,data_external/source_evidence/GEO_POINT_768442058cc0_20260919T232830Z.json,88185048ea7beec0f229b50ca93d9c38b138a074d6044f0e5606adeeaeb8526f,,,True,,
2026-09-19T23:28:32.165168+00:00,initial_source_verification,GEO_POINT_9fa3918dbd3c,swisstopo / geo.admin.ch,https://api3.geo.admin.ch/rest/services/ech/MapServer/identify?geometryType=esriGeometryPoint&geometry=7.276211%2C46.610653&layers=all%3Ach.swisstopo.swissboundaries3d-gemeinde-flaeche.fill&returnGeometry=false&sr=4326&tolerance=0&mapExtent=0%2C0%2C0%2C0&imageDisplay=0%2C0%2C0&lang=fr,https://api3.geo.admin.ch/rest/services/ech/MapServer/identify?geometryType=esriGeometryPoint&geometry=7.276211%2C46.610653&layers=all%3Ach.swisstopo.swissboundaries3d-gemeinde-flaeche.fill&returnGeometry=false&sr=4326&tolerance=0&mapExtent=0%2C0%2C0%2C0&imageDisplay=0%2C0%2C0&lang=fr,GET,urllib GET,200,downloaded,data_external/source_evidence/GEO_POINT_9fa3918dbd3c_20260919T232832Z.json,data_external/source_evidence/GEO_POINT_9fa3918dbd3c_20260919T232832Z.json,4c431af1c9be8cd2850053a2cdd6af95c21cb4a1c7c580dd1e4f846dd23b2988,,,True,,
2026-09-19T23:28:33.402663+00:00,initial_source_verification,GEO_POINT_d1826cd6a9dc,swisstopo / geo.admin.ch,https://api3.geo.admin.ch/rest/services/ech/MapServer/identify?geometryType=esriGeometryPoint&geometry=7.175961%2C46.676091&layers=all%3Ach.swisstopo.swissboundaries3d-gemeinde-flaeche.fill&returnGeometry=false&sr=4326&tolerance=0&mapExtent=0%2C0%2C0%2C0&imageDisplay=0%2C0%2C0&lang=fr,https://api3.geo.admin.ch/rest/services/ech/MapServer/identify?geometryType=esriGeometryPoint&geometry=7.175961%2C46.676091&layers=all%3Ach.swisstopo.swissboundaries3d-gemeinde-flaeche.fill&returnGeometry=false&sr=4326&tolerance=0&mapExtent=0%2C0%2C0%2C0&imageDisplay=0%2C0%2C0&lang=fr,GET,urllib GET,200,downloaded,data_external/source_evidence/GEO_POINT_d1826cd6a9dc_20260919T232833Z.json,data_external/source_evidence/GEO_POINT_d1826cd6a9dc_20260919T232833Z.json,6c2ab022bdcb2216146f758f96224dd09d38cc88407a784a461dc929e7be5253,,,True,,
2026-09-19T23:28:34.593705+00:00,initial_source_verification,GEO_POINT_59b6098fda6d,swisstopo / geo.admin.ch,https://api3.geo.admin.ch/rest/services/ech/MapServer/identify?geometryType=esriGeometryPoint&geometry=6.947823%2C46.521312&layers=all%3Ach.swisstopo.swissboundaries3d-gemeinde-flaeche.fill&returnGeometry=false&sr=4326&tolerance=0&mapExtent=0%2C0%2C0%2C0&imageDisplay=0%2C0%2C0&lang=fr,https://api3.geo.admin.ch/rest/services/ech/MapServer/identify?geometryType=esriGeometryPoint&geometry=6.947823%2C46.521312&layers=all%3Ach.swisstopo.swissboundaries3d-gemeinde-flaeche.fill&returnGeometry=false&sr=4326&tolerance=0&mapExtent=0%2C0%2C0%2C0&imageDisplay=0%2C0%2C0&lang=fr,GET,urllib GET,200,downloaded,data_external/source_evidence/GEO_POINT_59b6098fda6d_20260919T232834Z.json,data_external/source_evidence/GEO_POINT_59b6098fda6d_20260919T232834Z.json,3b3494636b166bd026607c95ff76dc5ca906c0d6b6a260c7573a429a8e494a96,,,True,,
2026-09-19T23:28:35.936609+00:00,initial_source_verification,GEO_POINT_fc0b623fc7f4,swisstopo / geo.admin.ch,https://api3.geo.admin.ch/rest/services/ech/MapServer/identify?geometryType=esriGeometryPoint&geometry=7.020500%2C46.550568&layers=all%3Ach.swisstopo.swissboundaries3d-gemeinde-flaeche.fill&returnGeometry=false&sr=4326&tolerance=0&mapExtent=0%2C0%2C0%2C0&imageDisplay=0%2C0%2C0&lang=fr,https://api3.geo.admin.ch/rest/services/ech/MapServer/identify?geometryType=esriGeometryPoint&geometry=7.020500%2C46.550568&layers=all%3Ach.swisstopo.swissboundaries3d-gemeinde-flaeche.fill&returnGeometry=false&sr=4326&tolerance=0&mapExtent=0%2C0%2C0%2C0&imageDisplay=0%2C0%2C0&lang=fr,GET,urllib GET,200,downloaded,data_external/source_evidence/GEO_POINT_fc0b623fc7f4_20260919T232835Z.json,data_external/source_evidence/GEO_POINT_fc0b623fc7f4_20260919T232835Z.json,556d8a2429823c2048d7ad664922967d78e3037b9d2dcd6f64b41f9cae103820,,,True,,
2026-09-19T23:28:37.398993+00:00,initial_source_verification,GEO_POINT_533bd954a2e2,swisstopo / geo.admin.ch,https://api3.geo.admin.ch/rest/services/ech/MapServer/identify?geometryType=esriGeometryPoint&geometry=7.037687%2C46.686425&layers=all%3Ach.swisstopo.swissboundaries3d-gemeinde-flaeche.fill&returnGeometry=false&sr=4326&tolerance=0&mapExtent=0%2C0%2C0%2C0&imageDisplay=0%2C0%2C0&lang=fr,https://api3.geo.admin.ch/rest/services/ech/MapServer/identify?geometryType=esriGeometryPoint&geometry=7.037687%2C46.686425&layers=all%3Ach.swisstopo.swissboundaries3d-gemeinde-flaeche.fill&returnGeometry=false&sr=4326&tolerance=0&mapExtent=0%2C0%2C0%2C0&imageDisplay=0%2C0%2C0&lang=fr,GET,urllib GET,200,downloaded,data_external/source_evidence/GEO_POINT_533bd954a2e2_20260919T232837Z.json,data_external/source_evidence/GEO_POINT_533bd954a2e2_20260919T232837Z.json,7bf7b69d1d573fadab5fc165d2dcbca46d55a51072d0e40b849cf7286f5ca320,,,True,,
2026-09-19T23:28:38.796856+00:00,initial_source_verification,GEO_POINT_5975e4086dd9,swisstopo / geo.admin.ch,https://api3.geo.admin.ch/rest/services/ech/MapServer/identify?geometryType=esriGeometryPoint&geometry=6.979065%2C46.545639&layers=all%3Ach.swisstopo.swissboundaries3d-gemeinde-flaeche.fill&returnGeometry=false&sr=4326&tolerance=0&mapExtent=0%2C0%2C0%2C0&imageDisplay=0%2C0%2C0&lang=fr,https://api3.geo.admin.ch/rest/services/ech/MapServer/identify?geometryType=esriGeometryPoint&geometry=6.979065%2C46.545639&layers=all%3Ach.swisstopo.swissboundaries3d-gemeinde-flaeche.fill&returnGeometry=false&sr=4326&tolerance=0&mapExtent=0%2C0%2C0%2C0&imageDisplay=0%2C0%2C0&lang=fr,GET,urllib GET,200,downloaded,data_external/source_evidence/GEO_POINT_5975e4086dd9_20260919T232838Z.json,data_external/source_evidence/GEO_POINT_5975e4086dd9_20260919T232838Z.json,3b3494636b166bd026607c95ff76dc5ca906c0d6b6a260c7573a429a8e494a96,,,True,,
2026-09-19T23:28:39.976634+00:00,initial_source_verification,GEO_POINT_4eb23e242963,swisstopo / geo.admin.ch,https://api3.geo.admin.ch/rest/services/ech/MapServer/identify?geometryType=esriGeometryPoint&geometry=7.291059%2C46.664635&layers=all%3Ach.swisstopo.swissboundaries3d-gemeinde-flaeche.fill&returnGeometry=false&sr=4326&tolerance=0&mapExtent=0%2C0%2C0%2C0&imageDisplay=0%2C0%2C0&lang=fr,https://api3.geo.admin.ch/rest/services/ech/MapServer/identify?geometryType=esriGeometryPoint&geometry=7.291059%2C46.664635&layers=all%3Ach.swisstopo.swissboundaries3d-gemeinde-flaeche.fill&returnGeometry=false&sr=4326&tolerance=0&mapExtent=0%2C0%2C0%2C0&imageDisplay=0%2C0%2C0&lang=fr,GET,urllib GET,200,downloaded,data_external/source_evidence/GEO_POINT_4eb23e242963_20260919T232839Z.json,data_external/source_evidence/GEO_POINT_4eb23e242963_20260919T232839Z.json,4c431af1c9be8cd2850053a2cdd6af95c21cb4a1c7c580dd1e4f846dd23b2988,,,True,,
2026-09-19T23:28:41.546570+00:00,initial_source_verification,GEO_POINT_a132e179e44b,swisstopo / geo.admin.ch,https://api3.geo.admin.ch/rest/services/ech/MapServer/identify?geometryType=esriGeometryPoint&geometry=9.704447%2C46.396348&layers=all%3Ach.swisstopo.swissboundaries3d-gemeinde-flaeche.fill&returnGeometry=false&sr=4326&tolerance=0&mapExtent=0%2C0%2C0%2C0&imageDisplay=0%2C0%2C0&lang=fr,https://api3.geo.admin.ch/rest/services/ech/MapServer/identify?geometryType=esriGeometryPoint&geometry=9.704447%2C46.396348&layers=all%3Ach.swisstopo.swissboundaries3d-gemeinde-flaeche.fill&returnGeometry=false&sr=4326&tolerance=0&mapExtent=0%2C0%2C0%2C0&imageDisplay=0%2C0%2C0&lang=fr,GET,urllib GET,200,downloaded,data_external/source_evidence/GEO_POINT_a132e179e44b_20260919T232841Z.json,data_external/source_evidence/GEO_POINT_a132e179e44b_20260919T232841Z.json,ff77411df8499a51f4d648aa665dbca0b7da94305621e80f06dc757d1bf7b211,,,True,,
2026-09-19T23:28:43.316350+00:00,initial_source_verification,GEO_POINT_fc960b04ffce,swisstopo / geo.admin.ch,https://api3.geo.admin.ch/rest/services/ech/MapServer/identify?geometryType=esriGeometryPoint&geometry=8.711815%2C46.667286&layers=all%3Ach.swisstopo.swissboundaries3d-gemeinde-flaeche.fill&returnGeometry=false&sr=4326&tolerance=0&mapExtent=0%2C0%2C0%2C0&imageDisplay=0%2C0%2C0&lang=fr,https://api3.geo.admin.ch/rest/services/ech/MapServer/identify?geometryType=esriGeometryPoint&geometry=8.711815%2C46.667286&layers=all%3Ach.swisstopo.swissboundaries3d-gemeinde-flaeche.fill&returnGeometry=false&sr=4326&tolerance=0&mapExtent=0%2C0%2C0%2C0&imageDisplay=0%2C0%2C0&lang=fr,GET,urllib GET,200,downloaded,data_external/source_evidence/GEO_POINT_fc960b04ffce_20260919T232843Z.json,data_external/source_evidence/GEO_POINT_fc960b04ffce_20260919T232843Z.json,c6e3f4b6e5d7fd3b5698ad48948f2d5a126e0b156afa714eb45002b9164bdc02,,,True,,
2026-09-19T23:28:44.801813+00:00,initial_source_verification,GEO_POINT_07e9b92348ae,swisstopo / geo.admin.ch,https://api3.geo.admin.ch/rest/services/ech/MapServer/identify?geometryType=esriGeometryPoint&geometry=9.607973%2C46.764619&layers=all%3Ach.swisstopo.swissboundaries3d-gemeinde-flaeche.fill&returnGeometry=false&sr=4326&tolerance=0&mapExtent=0%2C0%2C0%2C0&imageDisplay=0%2C0%2C0&lang=fr,https://api3.geo.admin.ch/rest/services/ech/MapServer/identify?geometryType=esriGeometryPoint&geometry=9.607973%2C46.764619&layers=all%3Ach.swisstopo.swissboundaries3d-gemeinde-flaeche.fill&returnGeometry=false&sr=4326&tolerance=0&mapExtent=0%2C0%2C0%2C0&imageDisplay=0%2C0%2C0&lang=fr,GET,urllib GET,200,downloaded,data_external/source_evidence/GEO_POINT_07e9b92348ae_20260919T232844Z.json,data_external/source_evidence/GEO_POINT_07e9b92348ae_20260919T232844Z.json,8d6e21f0da7e8052f4187492b0ae734a7dd24d28dd8df7f523e4c47d551ca736,,,True,,
2026-09-19T23:28:46.308505+00:00,initial_source_verification,GEO_POINT_5b8792716c33,swisstopo / geo.admin.ch,https://api3.geo.admin.ch/rest/services/ech/MapServer/identify?geometryType=esriGeometryPoint&geometry=9.539695%2C46.445427&layers=all%3Ach.swisstopo.swissboundaries3d-gemeinde-flaeche.fill&returnGeometry=false&sr=4326&tolerance=0&mapExtent=0%2C0%2C0%2C0&imageDisplay=0%2C0%2C0&lang=fr,https://api3.geo.admin.ch/rest/services/ech/MapServer/identify?geometryType=esriGeometryPoint&geometry=9.539695%2C46.445427&layers=all%3Ach.swisstopo.swissboundaries3d-gemeinde-flaeche.fill&returnGeometry=false&sr=4326&tolerance=0&mapExtent=0%2C0%2C0%2C0&imageDisplay=0%2C0%2C0&lang=fr,GET,urllib GET,200,downloaded,data_external/source_evidence/GEO_POINT_5b8792716c33_20260919T232846Z.json,data_external/source_evidence/GEO_POINT_5b8792716c33_20260919T232846Z.json,a902d25b3cea2dddb0cbb78046862f0665356ce7bbf4f5f45f49706aeb60fa9d,,,True,,
2026-09-19T23:28:47.863737+00:00,initial_source_verification,GEO_POINT_88bd8ee99c20,swisstopo / geo.admin.ch,https://api3.geo.admin.ch/rest/services/ech/MapServer/identify?geometryType=esriGeometryPoint&geometry=9.771051%2C46.623299&layers=all%3Ach.swisstopo.swissboundaries3d-gemeinde-flaeche.fill&returnGeometry=false&sr=4326&tolerance=0&mapExtent=0%2C0%2C0%2C0&imageDisplay=0%2C0%2C0&lang=fr,https://api3.geo.admin.ch/rest/services/ech/MapServer/identify?geometryType=esriGeometryPoint&geometry=9.771051%2C46.623299&layers=all%3Ach.swisstopo.swissboundaries3d-gemeinde-flaeche.fill&returnGeometry=false&sr=4326&tolerance=0&mapExtent=0%2C0%2C0%2C0&imageDisplay=0%2C0%2C0&lang=fr,GET,urllib GET,200,downloaded,data_external/source_evidence/GEO_POINT_88bd8ee99c20_20260919T232847Z.json,data_external/source_evidence/GEO_POINT_88bd8ee99c20_20260919T232847Z.json,96a8209e2a9caf671de50b8867eb7315c24a6f20b8fca401aab7c7de6b8f47aa,,,True,,
2026-09-19T23:28:49.301000+00:00,initial_source_verification,GEO_POINT_94d3a2c6b821,swisstopo / geo.admin.ch,https://api3.geo.admin.ch/rest/services/ech/MapServer/identify?geometryType=esriGeometryPoint&geometry=9.650717%2C46.469020&layers=all%3Ach.swisstopo.swissboundaries3d-gemeinde-flaeche.fill&returnGeometry=false&sr=4326&tolerance=0&mapExtent=0%2C0%2C0%2C0&imageDisplay=0%2C0%2C0&lang=fr,https://api3.geo.admin.ch/rest/services/ech/MapServer/identify?geometryType=esriGeometryPoint&geometry=9.650717%2C46.469020&layers=all%3Ach.swisstopo.swissboundaries3d-gemeinde-flaeche.fill&returnGeometry=false&sr=4326&tolerance=0&mapExtent=0%2C0%2C0%2C0&imageDisplay=0%2C0%2C0&lang=fr,GET,urllib GET,200,downloaded,data_external/source_evidence/GEO_POINT_94d3a2c6b821_20260919T232849Z.json,data_external/source_evidence/GEO_POINT_94d3a2c6b821_20260919T232849Z.json,65fdb440e1b32249a8a41b248cc7ee5aff709ab9c97dffee6079dcbb36e6f511,,,True,,
2026-09-19T23:28:50.596651+00:00,initial_source_verification,GEO_POINT_37598883699a,swisstopo / geo.admin.ch,https://api3.geo.admin.ch/rest/services/ech/MapServer/identify?geometryType=esriGeometryPoint&geometry=9.516478%2C46.829370&layers=all%3Ach.swisstopo.swissboundaries3d-gemeinde-flaeche.fill&returnGeometry=false&sr=4326&tolerance=0&mapExtent=0%2C0%2C0%2C0&imageDisplay=0%2C0%2C0&lang=fr,https://api3.geo.admin.ch/rest/services/ech/MapServer/identify?geometryType=esriGeometryPoint&geometry=9.516478%2C46.829370&layers=all%3Ach.swisstopo.swissboundaries3d-gemeinde-flaeche.fill&returnGeometry=false&sr=4326&tolerance=0&mapExtent=0%2C0%2C0%2C0&imageDisplay=0%2C0%2C0&lang=fr,GET,urllib GET,200,downloaded,data_external/source_evidence/GEO_POINT_37598883699a_20260919T232850Z.json,data_external/source_evidence/GEO_POINT_37598883699a_20260919T232850Z.json,e41718d64c05d139e1bdc3a19094020f0a7f76634be89063d007d974ed518f7c,,,True,,
2026-09-19T23:28:51.914693+00:00,initial_source_verification,GEO_POINT_1ae78c48f0c9,swisstopo / geo.admin.ch,https://api3.geo.admin.ch/rest/services/ech/MapServer/identify?geometryType=esriGeometryPoint&geometry=9.075394%2C46.795006&layers=all%3Ach.swisstopo.swissboundaries3d-gemeinde-flaeche.fill&returnGeometry=false&sr=4326&tolerance=0&mapExtent=0%2C0%2C0%2C0&imageDisplay=0%2C0%2C0&lang=fr,https://api3.geo.admin.ch/rest/services/ech/MapServer/identify?geometryType=esriGeometryPoint&geometry=9.075394%2C46.795006&layers=all%3Ach.swisstopo.swissboundaries3d-gemeinde-flaeche.fill&returnGeometry=false&sr=4326&tolerance=0&mapExtent=0%2C0%2C0%2C0&imageDisplay=0%2C0%2C0&lang=fr,GET,urllib GET,200,downloaded,data_external/source_evidence/GEO_POINT_1ae78c48f0c9_20260919T232851Z.json,data_external/source_evidence/GEO_POINT_1ae78c48f0c9_20260919T232851Z.json,27f7bbc720f214b5c55d05ab60c5c346e4286b031fc8a6950d517542d6093a61,,,True,,
2026-09-19T23:28:53.391032+00:00,initial_source_verification,GEO_POINT_2bd7913eb283,swisstopo / geo.admin.ch,https://api3.geo.admin.ch/rest/services/ech/MapServer/identify?geometryType=esriGeometryPoint&geometry=9.997939%2C46.613038&layers=all%3Ach.swisstopo.swissboundaries3d-gemeinde-flaeche.fill&returnGeometry=false&sr=4326&tolerance=0&mapExtent=0%2C0%2C0%2C0&imageDisplay=0%2C0%2C0&lang=fr,https://api3.geo.admin.ch/rest/services/ech/MapServer/identify?geometryType=esriGeometryPoint&geometry=9.997939%2C46.613038&layers=all%3Ach.swisstopo.swissboundaries3d-gemeinde-flaeche.fill&returnGeometry=false&sr=4326&tolerance=0&mapExtent=0%2C0%2C0%2C0&imageDisplay=0%2C0%2C0&lang=fr,GET,urllib GET,200,downloaded,data_external/source_evidence/GEO_POINT_2bd7913eb283_20260919T232853Z.json,data_external/source_evidence/GEO_POINT_2bd7913eb283_20260919T232853Z.json,9ee7807071e37a0875d58e82b5c84e17e23add82eb3364d88d824087315e9266,,,True,,
2026-09-19T23:28:55.091478+00:00,initial_source_verification,GEO_POINT_810d350d7116,swisstopo / geo.admin.ch,https://api3.geo.admin.ch/rest/services/ech/MapServer/identify?geometryType=esriGeometryPoint&geometry=9.823236%2C46.432119&layers=all%3Ach.swisstopo.swissboundaries3d-gemeinde-flaeche.fill&returnGeometry=false&sr=4326&tolerance=0&mapExtent=0%2C0%2C0%2C0&imageDisplay=0%2C0%2C0&lang=fr,https://api3.geo.admin.ch/rest/services/ech/MapServer/identify?geometryType=esriGeometryPoint&geometry=9.823236%2C46.432119&layers=all%3Ach.swisstopo.swissboundaries3d-gemeinde-flaeche.fill&returnGeometry=false&sr=4326&tolerance=0&mapExtent=0%2C0%2C0%2C0&imageDisplay=0%2C0%2C0&lang=fr,GET,urllib GET,200,downloaded,data_external/source_evidence/GEO_POINT_810d350d7116_20260919T232855Z.json,data_external/source_evidence/GEO_POINT_810d350d7116_20260919T232855Z.json,f8994b325e575515eeae1f999070f3aff26e36bd89c9a9944a84883bf73640b5,,,True,,
2026-09-19T23:28:56.760264+00:00,initial_source_verification,GEO_POINT_ab1284fa6eb2,swisstopo / geo.admin.ch,https://api3.geo.admin.ch/rest/services/ech/MapServer/identify?geometryType=esriGeometryPoint&geometry=9.818344%2C46.513102&layers=all%3Ach.swisstopo.swissboundaries3d-gemeinde-flaeche.fill&returnGeometry=false&sr=4326&tolerance=0&mapExtent=0%2C0%2C0%2C0&imageDisplay=0%2C0%2C0&lang=fr,https://api3.geo.admin.ch/rest/services/ech/MapServer/identify?geometryType=esriGeometryPoint&geometry=9.818344%2C46.513102&layers=all%3Ach.swisstopo.swissboundaries3d-gemeinde-flaeche.fill&returnGeometry=false&sr=4326&tolerance=0&mapExtent=0%2C0%2C0%2C0&imageDisplay=0%2C0%2C0&lang=fr,GET,urllib GET,200,downloaded,data_external/source_evidence/GEO_POINT_ab1284fa6eb2_20260919T232856Z.json,data_external/source_evidence/GEO_POINT_ab1284fa6eb2_20260919T232856Z.json,786b960d75f44c569327c18233c99d855462bf42a40d498ebff20192ff642edf,,,True,,
2026-09-19T23:28:58.234658+00:00,initial_source_verification,GEO_POINT_c29dbe81704d,swisstopo / geo.admin.ch,https://api3.geo.admin.ch/rest/services/ech/MapServer/identify?geometryType=esriGeometryPoint&geometry=9.966389%2C46.413612&layers=all%3Ach.swisstopo.swissboundaries3d-gemeinde-flaeche.fill&returnGeometry=false&sr=4326&tolerance=0&mapExtent=0%2C0%2C0%2C0&imageDisplay=0%2C0%2C0&lang=fr,https://api3.geo.admin.ch/rest/services/ech/MapServer/identify?geometryType=esriGeometryPoint&geometry=9.966389%2C46.413612&layers=all%3Ach.swisstopo.swissboundaries3d-gemeinde-flaeche.fill&returnGeometry=false&sr=4326&tolerance=0&mapExtent=0%2C0%2C0%2C0&imageDisplay=0%2C0%2C0&lang=fr,GET,urllib GET,200,downloaded,data_external/source_evidence/GEO_POINT_c29dbe81704d_20260919T232858Z.json,data_external/source_evidence/GEO_POINT_c29dbe81704d_20260919T232858Z.json,bd04f25ec1c23e6b35cfa1d9109fb84a657f0eee704d954c8c1aaf061b7c6cfb,,,True,,
2026-09-19T23:28:59.957417+00:00,initial_source_verification,GEO_POINT_11829cea0b19,swisstopo / geo.admin.ch,https://api3.geo.admin.ch/rest/services/ech/MapServer/identify?geometryType=esriGeometryPoint&geometry=8.814468%2C46.704321&layers=all%3Ach.swisstopo.swissboundaries3d-gemeinde-flaeche.fill&returnGeometry=false&sr=4326&tolerance=0&mapExtent=0%2C0%2C0%2C0&imageDisplay=0%2C0%2C0&lang=fr,https://api3.geo.admin.ch/rest/services/ech/MapServer/identify?geometryType=esriGeometryPoint&geometry=8.814468%2C46.704321&layers=all%3Ach.swisstopo.swissboundaries3d-gemeinde-flaeche.fill&returnGeometry=false&sr=4326&tolerance=0&mapExtent=0%2C0%2C0%2C0&imageDisplay=0%2C0%2C0&lang=fr,GET,urllib GET,200,downloaded,data_external/source_evidence/GEO_POINT_11829cea0b19_20260919T232859Z.json,data_external/source_evidence/GEO_POINT_11829cea0b19_20260919T232859Z.json,55ab637d518257f83551e228fc0c0c72acab90b9f4b3ef9e652198bcd31ac144,,,True,,
2026-09-19T23:29:01.709284+00:00,initial_source_verification,GEO_POINT_be0a253bd142,swisstopo / geo.admin.ch,https://api3.geo.admin.ch/rest/services/ech/MapServer/identify?geometryType=esriGeometryPoint&geometry=9.441891%2C46.793860&layers=all%3Ach.swisstopo.swissboundaries3d-gemeinde-flaeche.fill&returnGeometry=false&sr=4326&tolerance=0&mapExtent=0%2C0%2C0%2C0&imageDisplay=0%2C0%2C0&lang=fr,https://api3.geo.admin.ch/rest/services/ech/MapServer/identify?geometryType=esriGeometryPoint&geometry=9.441891%2C46.793860&layers=all%3Ach.swisstopo.swissboundaries3d-gemeinde-flaeche.fill&returnGeometry=false&sr=4326&tolerance=0&mapExtent=0%2C0%2C0%2C0&imageDisplay=0%2C0%2C0&lang=fr,GET,urllib GET,200,downloaded,data_external/source_evidence/GEO_POINT_be0a253bd142_20260919T232901Z.json,data_external/source_evidence/GEO_POINT_be0a253bd142_20260919T232901Z.json,bd20e36ec27db0015ea3788f4b067dce5618b0867767147abb39a11ca96492c5,,,True,,
2026-09-19T23:29:03.026258+00:00,initial_source_verification,GEO_POINT_a264b280639e,swisstopo / geo.admin.ch,https://api3.geo.admin.ch/rest/services/ech/MapServer/identify?geometryType=esriGeometryPoint&geometry=9.634493%2C46.961045&layers=all%3Ach.swisstopo.swissboundaries3d-gemeinde-flaeche.fill&returnGeometry=false&sr=4326&tolerance=0&mapExtent=0%2C0%2C0%2C0&imageDisplay=0%2C0%2C0&lang=fr,https://api3.geo.admin.ch/rest/services/ech/MapServer/identify?geometryType=esriGeometryPoint&geometry=9.634493%2C46.961045&layers=all%3Ach.swisstopo.swissboundaries3d-gemeinde-flaeche.fill&returnGeometry=false&sr=4326&tolerance=0&mapExtent=0%2C0%2C0%2C0&imageDisplay=0%2C0%2C0&lang=fr,GET,urllib GET,200,downloaded,data_external/source_evidence/GEO_POINT_a264b280639e_20260919T232903Z.json,data_external/source_evidence/GEO_POINT_a264b280639e_20260919T232903Z.json,033a615b2f23a1410612fae36f17c36b7afbabd25be860ffc6a7f6f276c904c0,,,True,,
2026-09-19T23:29:04.344322+00:00,initial_source_verification,GEO_POINT_a840cf4e1b4b,swisstopo / geo.admin.ch,https://api3.geo.admin.ch/rest/services/ech/MapServer/identify?geometryType=esriGeometryPoint&geometry=9.724874%2C46.866294&layers=all%3Ach.swisstopo.swissboundaries3d-gemeinde-flaeche.fill&returnGeometry=false&sr=4326&tolerance=0&mapExtent=0%2C0%2C0%2C0&imageDisplay=0%2C0%2C0&lang=fr,https://api3.geo.admin.ch/rest/services/ech/MapServer/identify?geometryType=esriGeometryPoint&geometry=9.724874%2C46.866294&layers=all%3Ach.swisstopo.swissboundaries3d-gemeinde-flaeche.fill&returnGeometry=false&sr=4326&tolerance=0&mapExtent=0%2C0%2C0%2C0&imageDisplay=0%2C0%2C0&lang=fr,GET,urllib GET,200,downloaded,data_external/source_evidence/GEO_POINT_a840cf4e1b4b_20260919T232904Z.json,data_external/source_evidence/GEO_POINT_a840cf4e1b4b_20260919T232904Z.json,e8f00460ba067f7cb652eedfc3aac9c1e97404220b78b45ac1d7d3d6e947a65f,,,True,,
2026-09-19T23:29:05.627938+00:00,initial_source_verification,GEO_POINT_4c40dad448bc,swisstopo / geo.admin.ch,https://api3.geo.admin.ch/rest/services/ech/MapServer/identify?geometryType=esriGeometryPoint&geometry=9.648889%2C46.840557&layers=all%3Ach.swisstopo.swissboundaries3d-gemeinde-flaeche.fill&returnGeometry=false&sr=4326&tolerance=0&mapExtent=0%2C0%2C0%2C0&imageDisplay=0%2C0%2C0&lang=fr,https://api3.geo.admin.ch/rest/services/ech/MapServer/identify?geometryType=esriGeometryPoint&geometry=9.648889%2C46.840557&layers=all%3Ach.swisstopo.swissboundaries3d-gemeinde-flaeche.fill&returnGeometry=false&sr=4326&tolerance=0&mapExtent=0%2C0%2C0%2C0&imageDisplay=0%2C0%2C0&lang=fr,GET,urllib GET,200,downloaded,data_external/source_evidence/GEO_POINT_4c40dad448bc_20260919T232905Z.json,data_external/source_evidence/GEO_POINT_4c40dad448bc_20260919T232905Z.json,036770c5839d8c063c78cf702032ee839518061dcac5182589d9d386e5cc0775,,,True,,
2026-09-19T23:29:06.874834+00:00,initial_source_verification,GEO_POINT_1288a2562c9a,swisstopo / geo.admin.ch,https://api3.geo.admin.ch/rest/services/ech/MapServer/identify?geometryType=esriGeometryPoint&geometry=9.836540%2C46.774495&layers=all%3Ach.swisstopo.swissboundaries3d-gemeinde-flaeche.fill&returnGeometry=false&sr=4326&tolerance=0&mapExtent=0%2C0%2C0%2C0&imageDisplay=0%2C0%2C0&lang=fr,https://api3.geo.admin.ch/rest/services/ech/MapServer/identify?geometryType=esriGeometryPoint&geometry=9.836540%2C46.774495&layers=all%3Ach.swisstopo.swissboundaries3d-gemeinde-flaeche.fill&returnGeometry=false&sr=4326&tolerance=0&mapExtent=0%2C0%2C0%2C0&imageDisplay=0%2C0%2C0&lang=fr,GET,urllib GET,200,downloaded,data_external/source_evidence/GEO_POINT_1288a2562c9a_20260919T232906Z.json,data_external/source_evidence/GEO_POINT_1288a2562c9a_20260919T232906Z.json,53735db23a0b62a480b294109be1dc961d3831ac4ed999f9db7d892c97c34c8f,,,True,,
2026-09-19T23:29:08.364868+00:00,initial_source_verification,GEO_POINT_f5bee26e04f6,swisstopo / geo.admin.ch,https://api3.geo.admin.ch/rest/services/ech/MapServer/identify?geometryType=esriGeometryPoint&geometry=9.803253%2C46.971446&layers=all%3Ach.swisstopo.swissboundaries3d-gemeinde-flaeche.fill&returnGeometry=false&sr=4326&tolerance=0&mapExtent=0%2C0%2C0%2C0&imageDisplay=0%2C0%2C0&lang=fr,https://api3.geo.admin.ch/rest/services/ech/MapServer/identify?geometryType=esriGeometryPoint&geometry=9.803253%2C46.971446&layers=all%3Ach.swisstopo.swissboundaries3d-gemeinde-flaeche.fill&returnGeometry=false&sr=4326&tolerance=0&mapExtent=0%2C0%2C0%2C0&imageDisplay=0%2C0%2C0&lang=fr,GET,urllib GET,200,downloaded,data_external/source_evidence/GEO_POINT_f5bee26e04f6_20260919T232908Z.json,data_external/source_evidence/GEO_POINT_f5bee26e04f6_20260919T232908Z.json,338cd07be0c54690ecc3282273324e9b2cd466ec9b315604efaefea2fa9c512a,,,True,,
2026-09-19T23:29:09.726471+00:00,initial_source_verification,GEO_POINT_c446edacc494,swisstopo / geo.admin.ch,https://api3.geo.admin.ch/rest/services/ech/MapServer/identify?geometryType=esriGeometryPoint&geometry=9.217186%2C46.847979&layers=all%3Ach.swisstopo.swissboundaries3d-gemeinde-flaeche.fill&returnGeometry=false&sr=4326&tolerance=0&mapExtent=0%2C0%2C0%2C0&imageDisplay=0%2C0%2C0&lang=fr,https://api3.geo.admin.ch/rest/services/ech/MapServer/identify?geometryType=esriGeometryPoint&geometry=9.217186%2C46.847979&layers=all%3Ach.swisstopo.swissboundaries3d-gemeinde-flaeche.fill&returnGeometry=false&sr=4326&tolerance=0&mapExtent=0%2C0%2C0%2C0&imageDisplay=0%2C0%2C0&lang=fr,GET,urllib GET,200,downloaded,data_external/source_evidence/GEO_POINT_c446edacc494_20260919T232909Z.json,data_external/source_evidence/GEO_POINT_c446edacc494_20260919T232909Z.json,c100c8529b94767bbcecc4e4379195383d8f9dff4df092bfdc6736497663d354,,,True,,
2026-09-19T23:29:10.928469+00:00,initial_source_verification,GEO_POINT_1f7f7337f9cb,swisstopo / geo.admin.ch,https://api3.geo.admin.ch/rest/services/ech/MapServer/identify?geometryType=esriGeometryPoint&geometry=9.907554%2C46.491566&layers=all%3Ach.swisstopo.swissboundaries3d-gemeinde-flaeche.fill&returnGeometry=false&sr=4326&tolerance=0&mapExtent=0%2C0%2C0%2C0&imageDisplay=0%2C0%2C0&lang=fr,https://api3.geo.admin.ch/rest/services/ech/MapServer/identify?geometryType=esriGeometryPoint&geometry=9.907554%2C46.491566&layers=all%3Ach.swisstopo.swissboundaries3d-gemeinde-flaeche.fill&returnGeometry=false&sr=4326&tolerance=0&mapExtent=0%2C0%2C0%2C0&imageDisplay=0%2C0%2C0&lang=fr,GET,urllib GET,200,downloaded,data_external/source_evidence/GEO_POINT_1f7f7337f9cb_20260919T232910Z.json,data_external/source_evidence/GEO_POINT_1f7f7337f9cb_20260919T232910Z.json,bd04f25ec1c23e6b35cfa1d9109fb84a657f0eee704d954c8c1aaf061b7c6cfb,,,True,,
2026-09-19T23:29:12.509121+00:00,initial_source_verification,GEO_POINT_328e5ddaacd6,swisstopo / geo.admin.ch,https://api3.geo.admin.ch/rest/services/ech/MapServer/identify?geometryType=esriGeometryPoint&geometry=9.867868%2C46.897446&layers=all%3Ach.swisstopo.swissboundaries3d-gemeinde-flaeche.fill&returnGeometry=false&sr=4326&tolerance=0&mapExtent=0%2C0%2C0%2C0&imageDisplay=0%2C0%2C0&lang=fr,https://api3.geo.admin.ch/rest/services/ech/MapServer/identify?geometryType=esriGeometryPoint&geometry=9.867868%2C46.897446&layers=all%3Ach.swisstopo.swissboundaries3d-gemeinde-flaeche.fill&returnGeometry=false&sr=4326&tolerance=0&mapExtent=0%2C0%2C0%2C0&imageDisplay=0%2C0%2C0&lang=fr,GET,urllib GET,200,downloaded,data_external/source_evidence/GEO_POINT_328e5ddaacd6_20260919T232912Z.json,data_external/source_evidence/GEO_POINT_328e5ddaacd6_20260919T232912Z.json,6fbb36bbc8098e44e0096f48efbc36dc0c49001500d5cd387c9f1b15bacfd979,,,True,,
2026-09-19T23:29:13.725616+00:00,initial_source_verification,GEO_POINT_37b8b6e96a7b,swisstopo / geo.admin.ch,https://api3.geo.admin.ch/rest/services/ech/MapServer/identify?geometryType=esriGeometryPoint&geometry=9.538779%2C46.967238&layers=all%3Ach.swisstopo.swissboundaries3d-gemeinde-flaeche.fill&returnGeometry=false&sr=4326&tolerance=0&mapExtent=0%2C0%2C0%2C0&imageDisplay=0%2C0%2C0&lang=fr,https://api3.geo.admin.ch/rest/services/ech/MapServer/identify?geometryType=esriGeometryPoint&geometry=9.538779%2C46.967238&layers=all%3Ach.swisstopo.swissboundaries3d-gemeinde-flaeche.fill&returnGeometry=false&sr=4326&tolerance=0&mapExtent=0%2C0%2C0%2C0&imageDisplay=0%2C0%2C0&lang=fr,GET,urllib GET,200,downloaded,data_external/source_evidence/GEO_POINT_37b8b6e96a7b_20260919T232913Z.json,data_external/source_evidence/GEO_POINT_37b8b6e96a7b_20260919T232913Z.json,d80122a677b90e9709713092fb1710536971502636634e8721b30c7f0ec2b683,,,True,,
2026-09-19T23:29:15.007742+00:00,initial_source_verification,GEO_POINT_0f5e200f3661,swisstopo / geo.admin.ch,https://api3.geo.admin.ch/rest/services/ech/MapServer/identify?geometryType=esriGeometryPoint&geometry=10.332212%2C46.647256&layers=all%3Ach.swisstopo.swissboundaries3d-gemeinde-flaeche.fill&returnGeometry=false&sr=4326&tolerance=0&mapExtent=0%2C0%2C0%2C0&imageDisplay=0%2C0%2C0&lang=fr,https://api3.geo.admin.ch/rest/services/ech/MapServer/identify?geometryType=esriGeometryPoint&geometry=10.332212%2C46.647256&layers=all%3Ach.swisstopo.swissboundaries3d-gemeinde-flaeche.fill&returnGeometry=false&sr=4326&tolerance=0&mapExtent=0%2C0%2C0%2C0&imageDisplay=0%2C0%2C0&lang=fr,GET,urllib GET,200,downloaded,data_external/source_evidence/GEO_POINT_0f5e200f3661_20260919T232915Z.json,data_external/source_evidence/GEO_POINT_0f5e200f3661_20260919T232915Z.json,c1d93719017ce34ddb9537ae090b0a80ada61a6ed30489b32bee2d378036b118,,,True,,
2026-09-19T23:29:16.233996+00:00,initial_source_verification,GEO_POINT_b0ff8d81a860,swisstopo / geo.admin.ch,https://api3.geo.admin.ch/rest/services/ech/MapServer/identify?geometryType=esriGeometryPoint&geometry=10.261745%2C46.818447&layers=all%3Ach.swisstopo.swissboundaries3d-gemeinde-flaeche.fill&returnGeometry=false&sr=4326&tolerance=0&mapExtent=0%2C0%2C0%2C0&imageDisplay=0%2C0%2C0&lang=fr,https://api3.geo.admin.ch/rest/services/ech/MapServer/identify?geometryType=esriGeometryPoint&geometry=10.261745%2C46.818447&layers=all%3Ach.swisstopo.swissboundaries3d-gemeinde-flaeche.fill&returnGeometry=false&sr=4326&tolerance=0&mapExtent=0%2C0%2C0%2C0&imageDisplay=0%2C0%2C0&lang=fr,GET,urllib GET,200,downloaded,data_external/source_evidence/GEO_POINT_b0ff8d81a860_20260919T232916Z.json,data_external/source_evidence/GEO_POINT_b0ff8d81a860_20260919T232916Z.json,e821dcdd5661444a4d0fd675231799e047c0fa65635830c880f89533b5fd4355,,,True,,
2026-09-19T23:29:17.947666+00:00,initial_source_verification,GEO_POINT_43a21962ae09,swisstopo / geo.admin.ch,https://api3.geo.admin.ch/rest/services/ech/MapServer/identify?geometryType=esriGeometryPoint&geometry=9.897050%2C46.518654&layers=all%3Ach.swisstopo.swissboundaries3d-gemeinde-flaeche.fill&returnGeometry=false&sr=4326&tolerance=0&mapExtent=0%2C0%2C0%2C0&imageDisplay=0%2C0%2C0&lang=fr,https://api3.geo.admin.ch/rest/services/ech/MapServer/identify?geometryType=esriGeometryPoint&geometry=9.897050%2C46.518654&layers=all%3Ach.swisstopo.swissboundaries3d-gemeinde-flaeche.fill&returnGeometry=false&sr=4326&tolerance=0&mapExtent=0%2C0%2C0%2C0&imageDisplay=0%2C0%2C0&lang=fr,GET,urllib GET,200,downloaded,data_external/source_evidence/GEO_POINT_43a21962ae09_20260919T232917Z.json,data_external/source_evidence/GEO_POINT_43a21962ae09_20260919T232917Z.json,1d1a338cf310491b6f4965c40873e6a0a3487c5302b61d9211ef8d609df5d623,,,True,,
2026-09-19T23:29:19.646076+00:00,initial_source_verification,GEO_POINT_832369badb57,swisstopo / geo.admin.ch,https://api3.geo.admin.ch/rest/services/ech/MapServer/identify?geometryType=esriGeometryPoint&geometry=9.930184%2C46.571481&layers=all%3Ach.swisstopo.swissboundaries3d-gemeinde-flaeche.fill&returnGeometry=false&sr=4326&tolerance=0&mapExtent=0%2C0%2C0%2C0&imageDisplay=0%2C0%2C0&lang=fr,https://api3.geo.admin.ch/rest/services/ech/MapServer/identify?geometryType=esriGeometryPoint&geometry=9.930184%2C46.571481&layers=all%3Ach.swisstopo.swissboundaries3d-gemeinde-flaeche.fill&returnGeometry=false&sr=4326&tolerance=0&mapExtent=0%2C0%2C0%2C0&imageDisplay=0%2C0%2C0&lang=fr,GET,urllib GET,200,downloaded,data_external/source_evidence/GEO_POINT_832369badb57_20260919T232919Z.json,data_external/source_evidence/GEO_POINT_832369badb57_20260919T232919Z.json,fffb19a5f322434433f8f68934b0c912843b15a3ad76dd1333f1f0df66848ec8,,,True,,
2026-09-19T23:29:21.258953+00:00,initial_source_verification,GEO_POINT_ecf6f05153ea,swisstopo / geo.admin.ch,https://api3.geo.admin.ch/rest/services/ech/MapServer/identify?geometryType=esriGeometryPoint&geometry=9.487853%2C46.672336&layers=all%3Ach.swisstopo.swissboundaries3d-gemeinde-flaeche.fill&returnGeometry=false&sr=4326&tolerance=0&mapExtent=0%2C0%2C0%2C0&imageDisplay=0%2C0%2C0&lang=fr,https://api3.geo.admin.ch/rest/services/ech/MapServer/identify?geometryType=esriGeometryPoint&geometry=9.487853%2C46.672336&layers=all%3Ach.swisstopo.swissboundaries3d-gemeinde-flaeche.fill&returnGeometry=false&sr=4326&tolerance=0&mapExtent=0%2C0%2C0%2C0&imageDisplay=0%2C0%2C0&lang=fr,GET,urllib GET,200,downloaded,data_external/source_evidence/GEO_POINT_ecf6f05153ea_20260919T232921Z.json,data_external/source_evidence/GEO_POINT_ecf6f05153ea_20260919T232921Z.json,5127ebbb37d1c201a76f86039fb43879a6daf99050dfa8f3b30df8545a5bf475,,,True,,
2026-09-19T23:29:22.586078+00:00,initial_source_verification,GEO_POINT_e650105ee6e2,swisstopo / geo.admin.ch,https://api3.geo.admin.ch/rest/services/ech/MapServer/identify?geometryType=esriGeometryPoint&geometry=9.119854%2C46.736331&layers=all%3Ach.swisstopo.swissboundaries3d-gemeinde-flaeche.fill&returnGeometry=false&sr=4326&tolerance=0&mapExtent=0%2C0%2C0%2C0&imageDisplay=0%2C0%2C0&lang=fr,https://api3.geo.admin.ch/rest/services/ech/MapServer/identify?geometryType=esriGeometryPoint&geometry=9.119854%2C46.736331&layers=all%3Ach.swisstopo.swissboundaries3d-gemeinde-flaeche.fill&returnGeometry=false&sr=4326&tolerance=0&mapExtent=0%2C0%2C0%2C0&imageDisplay=0%2C0%2C0&lang=fr,GET,urllib GET,200,downloaded,data_external/source_evidence/GEO_POINT_e650105ee6e2_20260919T232922Z.json,data_external/source_evidence/GEO_POINT_e650105ee6e2_20260919T232922Z.json,8453cdc7c8092d1ca19ad0b64269c675772a6819e9daf73f82762a7dff5c2e72,,,True,,
2026-09-19T23:29:23.841046+00:00,initial_source_verification,GEO_POINT_2ff6d588a88f,swisstopo / geo.admin.ch,https://api3.geo.admin.ch/rest/services/ech/MapServer/identify?geometryType=esriGeometryPoint&geometry=9.760868%2C46.933802&layers=all%3Ach.swisstopo.swissboundaries3d-gemeinde-flaeche.fill&returnGeometry=false&sr=4326&tolerance=0&mapExtent=0%2C0%2C0%2C0&imageDisplay=0%2C0%2C0&lang=fr,https://api3.geo.admin.ch/rest/services/ech/MapServer/identify?geometryType=esriGeometryPoint&geometry=9.760868%2C46.933802&layers=all%3Ach.swisstopo.swissboundaries3d-gemeinde-flaeche.fill&returnGeometry=false&sr=4326&tolerance=0&mapExtent=0%2C0%2C0%2C0&imageDisplay=0%2C0%2C0&lang=fr,GET,urllib GET,200,downloaded,data_external/source_evidence/GEO_POINT_2ff6d588a88f_20260919T232923Z.json,data_external/source_evidence/GEO_POINT_2ff6d588a88f_20260919T232923Z.json,55804021c9e5086757263777702605e05bce705fe837ae634b0957af354e615d,,,True,,
2026-09-19T23:29:25.057634+00:00,initial_source_verification,GEO_POINT_a9907d9462dd,swisstopo / geo.admin.ch,https://api3.geo.admin.ch/rest/services/ech/MapServer/identify?geometryType=esriGeometryPoint&geometry=9.820662%2C46.847571&layers=all%3Ach.swisstopo.swissboundaries3d-gemeinde-flaeche.fill&returnGeometry=false&sr=4326&tolerance=0&mapExtent=0%2C0%2C0%2C0&imageDisplay=0%2C0%2C0&lang=fr,https://api3.geo.admin.ch/rest/services/ech/MapServer/identify?geometryType=esriGeometryPoint&geometry=9.820662%2C46.847571&layers=all%3Ach.swisstopo.swissboundaries3d-gemeinde-flaeche.fill&returnGeometry=false&sr=4326&tolerance=0&mapExtent=0%2C0%2C0%2C0&imageDisplay=0%2C0%2C0&lang=fr,GET,urllib GET,200,downloaded,data_external/source_evidence/GEO_POINT_a9907d9462dd_20260919T232925Z.json,data_external/source_evidence/GEO_POINT_a9907d9462dd_20260919T232925Z.json,53735db23a0b62a480b294109be1dc961d3831ac4ed999f9db7d892c97c34c8f,,,True,,
2026-09-19T23:29:26.346073+00:00,initial_source_verification,GEO_POINT_4d428445a671,swisstopo / geo.admin.ch,https://api3.geo.admin.ch/rest/services/ech/MapServer/identify?geometryType=esriGeometryPoint&geometry=9.196994%2C46.462443&layers=all%3Ach.swisstopo.swissboundaries3d-gemeinde-flaeche.fill&returnGeometry=false&sr=4326&tolerance=0&mapExtent=0%2C0%2C0%2C0&imageDisplay=0%2C0%2C0&lang=fr,https://api3.geo.admin.ch/rest/services/ech/MapServer/identify?geometryType=esriGeometryPoint&geometry=9.196994%2C46.462443&layers=all%3Ach.swisstopo.swissboundaries3d-gemeinde-flaeche.fill&returnGeometry=false&sr=4326&tolerance=0&mapExtent=0%2C0%2C0%2C0&imageDisplay=0%2C0%2C0&lang=fr,GET,urllib GET,200,downloaded,data_external/source_evidence/GEO_POINT_4d428445a671_20260919T232926Z.json,data_external/source_evidence/GEO_POINT_4d428445a671_20260919T232926Z.json,d42c21bcbac7fc24d32c3175be4680699fd105af6932d2a11650d1760473b045,,,True,,
2026-09-19T23:29:27.578116+00:00,initial_source_verification,GEO_POINT_7ab74c8681f9,swisstopo / geo.admin.ch,https://api3.geo.admin.ch/rest/services/ech/MapServer/identify?geometryType=esriGeometryPoint&geometry=9.913616%2C46.807873&layers=all%3Ach.swisstopo.swissboundaries3d-gemeinde-flaeche.fill&returnGeometry=false&sr=4326&tolerance=0&mapExtent=0%2C0%2C0%2C0&imageDisplay=0%2C0%2C0&lang=fr,https://api3.geo.admin.ch/rest/services/ech/MapServer/identify?geometryType=esriGeometryPoint&geometry=9.913616%2C46.807873&layers=all%3Ach.swisstopo.swissboundaries3d-gemeinde-flaeche.fill&returnGeometry=false&sr=4326&tolerance=0&mapExtent=0%2C0%2C0%2C0&imageDisplay=0%2C0%2C0&lang=fr,GET,urllib GET,200,downloaded,data_external/source_evidence/GEO_POINT_7ab74c8681f9_20260919T232927Z.json,data_external/source_evidence/GEO_POINT_7ab74c8681f9_20260919T232927Z.json,53735db23a0b62a480b294109be1dc961d3831ac4ed999f9db7d892c97c34c8f,,,True,,
2026-09-19T23:29:28.822277+00:00,initial_source_verification,GEO_POINT_c4191d9f02b7,swisstopo / geo.admin.ch,https://api3.geo.admin.ch/rest/services/ech/MapServer/identify?geometryType=esriGeometryPoint&geometry=9.520105%2C46.782678&layers=all%3Ach.swisstopo.swissboundaries3d-gemeinde-flaeche.fill&returnGeometry=false&sr=4326&tolerance=0&mapExtent=0%2C0%2C0%2C0&imageDisplay=0%2C0%2C0&lang=fr,https://api3.geo.admin.ch/rest/services/ech/MapServer/identify?geometryType=esriGeometryPoint&geometry=9.520105%2C46.782678&layers=all%3Ach.swisstopo.swissboundaries3d-gemeinde-flaeche.fill&returnGeometry=false&sr=4326&tolerance=0&mapExtent=0%2C0%2C0%2C0&imageDisplay=0%2C0%2C0&lang=fr,GET,urllib GET,200,downloaded,data_external/source_evidence/GEO_POINT_c4191d9f02b7_20260919T232928Z.json,data_external/source_evidence/GEO_POINT_c4191d9f02b7_20260919T232928Z.json,58a7e5a498b6d6b228fd97f5131dbf40b69203e559554b1be6d52de8451a55a7,,,True,,
2026-09-19T23:29:30.171727+00:00,initial_source_verification,GEO_POINT_cf905294311b,swisstopo / geo.admin.ch,https://api3.geo.admin.ch/rest/services/ech/MapServer/identify?geometryType=esriGeometryPoint&geometry=9.800406%2C46.745978&layers=all%3Ach.swisstopo.swissboundaries3d-gemeinde-flaeche.fill&returnGeometry=false&sr=4326&tolerance=0&mapExtent=0%2C0%2C0%2C0&imageDisplay=0%2C0%2C0&lang=fr,https://api3.geo.admin.ch/rest/services/ech/MapServer/identify?geometryType=esriGeometryPoint&geometry=9.800406%2C46.745978&layers=all%3Ach.swisstopo.swissboundaries3d-gemeinde-flaeche.fill&returnGeometry=false&sr=4326&tolerance=0&mapExtent=0%2C0%2C0%2C0&imageDisplay=0%2C0%2C0&lang=fr,GET,urllib GET,200,downloaded,data_external/source_evidence/GEO_POINT_cf905294311b_20260919T232930Z.json,data_external/source_evidence/GEO_POINT_cf905294311b_20260919T232930Z.json,f20cdd6202bc3c41d1fac9b576afdf3452a6091dd68a63fac3d950df1686d579,,,True,,
2026-09-19T23:29:31.393081+00:00,initial_source_verification,GEO_POINT_8254d7e69c86,swisstopo / geo.admin.ch,https://api3.geo.admin.ch/rest/services/ech/MapServer/identify?geometryType=esriGeometryPoint&geometry=9.128048%2C46.372306&layers=all%3Ach.swisstopo.swissboundaries3d-gemeinde-flaeche.fill&returnGeometry=false&sr=4326&tolerance=0&mapExtent=0%2C0%2C0%2C0&imageDisplay=0%2C0%2C0&lang=fr,https://api3.geo.admin.ch/rest/services/ech/MapServer/identify?geometryType=esriGeometryPoint&geometry=9.128048%2C46.372306&layers=all%3Ach.swisstopo.swissboundaries3d-gemeinde-flaeche.fill&returnGeometry=false&sr=4326&tolerance=0&mapExtent=0%2C0%2C0%2C0&imageDisplay=0%2C0%2C0&lang=fr,GET,urllib GET,200,downloaded,data_external/source_evidence/GEO_POINT_8254d7e69c86_20260919T232931Z.json,data_external/source_evidence/GEO_POINT_8254d7e69c86_20260919T232931Z.json,9f1d1d6225e14b7ba076c942844d0091ff6de1aa94ba1cdb183756973863277d,,,True,,
2026-09-19T23:29:32.584776+00:00,initial_source_verification,GEO_POINT_306e51f704a5,swisstopo / geo.admin.ch,https://api3.geo.admin.ch/rest/services/ech/MapServer/identify?geometryType=esriGeometryPoint&geometry=10.374098%2C46.981189&layers=all%3Ach.swisstopo.swissboundaries3d-gemeinde-flaeche.fill&returnGeometry=false&sr=4326&tolerance=0&mapExtent=0%2C0%2C0%2C0&imageDisplay=0%2C0%2C0&lang=fr,https://api3.geo.admin.ch/rest/services/ech/MapServer/identify?geometryType=esriGeometryPoint&geometry=10.374098%2C46.981189&layers=all%3Ach.swisstopo.swissboundaries3d-gemeinde-flaeche.fill&returnGeometry=false&sr=4326&tolerance=0&mapExtent=0%2C0%2C0%2C0&imageDisplay=0%2C0%2C0&lang=fr,GET,urllib GET,200,downloaded,data_external/source_evidence/GEO_POINT_306e51f704a5_20260919T232932Z.json,data_external/source_evidence/GEO_POINT_306e51f704a5_20260919T232932Z.json,9d58ca3e17edc52b5949c54e6cd69dbaf209e6091e8346a8d3b095a9666ec3b2,,,True,,
2026-09-19T23:29:33.845371+00:00,initial_source_verification,GEO_POINT_244936e9e5f2,swisstopo / geo.admin.ch,https://api3.geo.admin.ch/rest/services/ech/MapServer/identify?geometryType=esriGeometryPoint&geometry=9.395306%2C46.722506&layers=all%3Ach.swisstopo.swissboundaries3d-gemeinde-flaeche.fill&returnGeometry=false&sr=4326&tolerance=0&mapExtent=0%2C0%2C0%2C0&imageDisplay=0%2C0%2C0&lang=fr,https://api3.geo.admin.ch/rest/services/ech/MapServer/identify?geometryType=esriGeometryPoint&geometry=9.395306%2C46.722506&layers=all%3Ach.swisstopo.swissboundaries3d-gemeinde-flaeche.fill&returnGeometry=false&sr=4326&tolerance=0&mapExtent=0%2C0%2C0%2C0&imageDisplay=0%2C0%2C0&lang=fr,GET,urllib GET,200,downloaded,data_external/source_evidence/GEO_POINT_244936e9e5f2_20260919T232933Z.json,data_external/source_evidence/GEO_POINT_244936e9e5f2_20260919T232933Z.json,2c7d15b832831da41f40b7fd099b4762f27cf3799e1343e41ce3d67c0dcbc20c,,,True,,
2026-09-19T23:29:35.041994+00:00,initial_source_verification,GEO_POINT_ddb965ba1fa4,swisstopo / geo.admin.ch,https://api3.geo.admin.ch/rest/services/ech/MapServer/identify?geometryType=esriGeometryPoint&geometry=9.555016%2C46.587300&layers=all%3Ach.swisstopo.swissboundaries3d-gemeinde-flaeche.fill&returnGeometry=false&sr=4326&tolerance=0&mapExtent=0%2C0%2C0%2C0&imageDisplay=0%2C0%2C0&lang=fr,https://api3.geo.admin.ch/rest/services/ech/MapServer/identify?geometryType=esriGeometryPoint&geometry=9.555016%2C46.587300&layers=all%3Ach.swisstopo.swissboundaries3d-gemeinde-flaeche.fill&returnGeometry=false&sr=4326&tolerance=0&mapExtent=0%2C0%2C0%2C0&imageDisplay=0%2C0%2C0&lang=fr,GET,urllib GET,200,downloaded,data_external/source_evidence/GEO_POINT_ddb965ba1fa4_20260919T232935Z.json,data_external/source_evidence/GEO_POINT_ddb965ba1fa4_20260919T232935Z.json,3d45246dcc91a7f11a974171b78afd6f2f1285b3d36e038d2b6a4ae756375f32,,,True,,
2026-09-19T23:29:36.329312+00:00,initial_source_verification,GEO_POINT_92d50de4ee85,swisstopo / geo.admin.ch,https://api3.geo.admin.ch/rest/services/ech/MapServer/identify?geometryType=esriGeometryPoint&geometry=9.814396%2C46.801235&layers=all%3Ach.swisstopo.swissboundaries3d-gemeinde-flaeche.fill&returnGeometry=false&sr=4326&tolerance=0&mapExtent=0%2C0%2C0%2C0&imageDisplay=0%2C0%2C0&lang=fr,https://api3.geo.admin.ch/rest/services/ech/MapServer/identify?geometryType=esriGeometryPoint&geometry=9.814396%2C46.801235&layers=all%3Ach.swisstopo.swissboundaries3d-gemeinde-flaeche.fill&returnGeometry=false&sr=4326&tolerance=0&mapExtent=0%2C0%2C0%2C0&imageDisplay=0%2C0%2C0&lang=fr,GET,urllib GET,200,downloaded,data_external/source_evidence/GEO_POINT_92d50de4ee85_20260919T232936Z.json,data_external/source_evidence/GEO_POINT_92d50de4ee85_20260919T232936Z.json,53735db23a0b62a480b294109be1dc961d3831ac4ed999f9db7d892c97c34c8f,,,True,,
2026-09-19T23:29:37.588598+00:00,initial_source_verification,GEO_POINT_8d1657b0cdc1,swisstopo / geo.admin.ch,https://api3.geo.admin.ch/rest/services/ech/MapServer/identify?geometryType=esriGeometryPoint&geometry=9.314003%2C46.530701&layers=all%3Ach.swisstopo.swissboundaries3d-gemeinde-flaeche.fill&returnGeometry=false&sr=4326&tolerance=0&mapExtent=0%2C0%2C0%2C0&imageDisplay=0%2C0%2C0&lang=fr,https://api3.geo.admin.ch/rest/services/ech/MapServer/identify?geometryType=esriGeometryPoint&geometry=9.314003%2C46.530701&layers=all%3Ach.swisstopo.swissboundaries3d-gemeinde-flaeche.fill&returnGeometry=false&sr=4326&tolerance=0&mapExtent=0%2C0%2C0%2C0&imageDisplay=0%2C0%2C0&lang=fr,GET,urllib GET,200,downloaded,data_external/source_evidence/GEO_POINT_8d1657b0cdc1_20260919T232937Z.json,data_external/source_evidence/GEO_POINT_8d1657b0cdc1_20260919T232937Z.json,bd486cd49363347d04724e563234d6852b3c4560b0bedc460bf1d4a59856aba5,,,True,,
2026-09-19T23:29:38.818761+00:00,initial_source_verification,GEO_POINT_94590f3282c9,swisstopo / geo.admin.ch,https://api3.geo.admin.ch/rest/services/ech/MapServer/identify?geometryType=esriGeometryPoint&geometry=9.862564%2C46.528848&layers=all%3Ach.swisstopo.swissboundaries3d-gemeinde-flaeche.fill&returnGeometry=false&sr=4326&tolerance=0&mapExtent=0%2C0%2C0%2C0&imageDisplay=0%2C0%2C0&lang=fr,https://api3.geo.admin.ch/rest/services/ech/MapServer/identify?geometryType=esriGeometryPoint&geometry=9.862564%2C46.528848&layers=all%3Ach.swisstopo.swissboundaries3d-gemeinde-flaeche.fill&returnGeometry=false&sr=4326&tolerance=0&mapExtent=0%2C0%2C0%2C0&imageDisplay=0%2C0%2C0&lang=fr,GET,urllib GET,200,downloaded,data_external/source_evidence/GEO_POINT_94590f3282c9_20260919T232938Z.json,data_external/source_evidence/GEO_POINT_94590f3282c9_20260919T232938Z.json,1d1a338cf310491b6f4965c40873e6a0a3487c5302b61d9211ef8d609df5d623,,,True,,
2026-09-19T23:29:40.156470+00:00,initial_source_verification,GEO_POINT_72a803c47b75,swisstopo / geo.admin.ch,https://api3.geo.admin.ch/rest/services/ech/MapServer/identify?geometryType=esriGeometryPoint&geometry=9.341305%2C46.751383&layers=all%3Ach.swisstopo.swissboundaries3d-gemeinde-flaeche.fill&returnGeometry=false&sr=4326&tolerance=0&mapExtent=0%2C0%2C0%2C0&imageDisplay=0%2C0%2C0&lang=fr,https://api3.geo.admin.ch/rest/services/ech/MapServer/identify?geometryType=esriGeometryPoint&geometry=9.341305%2C46.751383&layers=all%3Ach.swisstopo.swissboundaries3d-gemeinde-flaeche.fill&returnGeometry=false&sr=4326&tolerance=0&mapExtent=0%2C0%2C0%2C0&imageDisplay=0%2C0%2C0&lang=fr,GET,urllib GET,200,downloaded,data_external/source_evidence/GEO_POINT_72a803c47b75_20260919T232940Z.json,data_external/source_evidence/GEO_POINT_72a803c47b75_20260919T232940Z.json,ff05bc6a1ed0255883192d9300571baa1ae2c00959f69b6a1752be4d46299a17,,,True,,
2026-09-19T23:29:41.506556+00:00,initial_source_verification,GEO_POINT_9f47cf2a6133,swisstopo / geo.admin.ch,https://api3.geo.admin.ch/rest/services/ech/MapServer/identify?geometryType=esriGeometryPoint&geometry=9.362669%2C46.694844&layers=all%3Ach.swisstopo.swissboundaries3d-gemeinde-flaeche.fill&returnGeometry=false&sr=4326&tolerance=0&mapExtent=0%2C0%2C0%2C0&imageDisplay=0%2C0%2C0&lang=fr,https://api3.geo.admin.ch/rest/services/ech/MapServer/identify?geometryType=esriGeometryPoint&geometry=9.362669%2C46.694844&layers=all%3Ach.swisstopo.swissboundaries3d-gemeinde-flaeche.fill&returnGeometry=false&sr=4326&tolerance=0&mapExtent=0%2C0%2C0%2C0&imageDisplay=0%2C0%2C0&lang=fr,GET,urllib GET,200,downloaded,data_external/source_evidence/GEO_POINT_9f47cf2a6133_20260919T232941Z.json,data_external/source_evidence/GEO_POINT_9f47cf2a6133_20260919T232941Z.json,db0f1dcfb48446a014d2615cf73d94b6375e0b9135306c7107b5d0a1d2ed6ce0,,,True,,
2026-09-19T23:29:42.719625+00:00,initial_source_verification,GEO_POINT_1a51fef2d82e,swisstopo / geo.admin.ch,https://api3.geo.admin.ch/rest/services/ech/MapServer/identify?geometryType=esriGeometryPoint&geometry=9.589434%2C46.803827&layers=all%3Ach.swisstopo.swissboundaries3d-gemeinde-flaeche.fill&returnGeometry=false&sr=4326&tolerance=0&mapExtent=0%2C0%2C0%2C0&imageDisplay=0%2C0%2C0&lang=fr,https://api3.geo.admin.ch/rest/services/ech/MapServer/identify?geometryType=esriGeometryPoint&geometry=9.589434%2C46.803827&layers=all%3Ach.swisstopo.swissboundaries3d-gemeinde-flaeche.fill&returnGeometry=false&sr=4326&tolerance=0&mapExtent=0%2C0%2C0%2C0&imageDisplay=0%2C0%2C0&lang=fr,GET,urllib GET,200,downloaded,data_external/source_evidence/GEO_POINT_1a51fef2d82e_20260919T232942Z.json,data_external/source_evidence/GEO_POINT_1a51fef2d82e_20260919T232942Z.json,8d6e21f0da7e8052f4187492b0ae734a7dd24d28dd8df7f523e4c47d551ca736,,,True,,
2026-09-19T23:29:43.886241+00:00,initial_source_verification,GEO_POINT_62c4b231012c,swisstopo / geo.admin.ch,https://api3.geo.admin.ch/rest/services/ech/MapServer/identify?geometryType=esriGeometryPoint&geometry=9.144316%2C46.605229&layers=all%3Ach.swisstopo.swissboundaries3d-gemeinde-flaeche.fill&returnGeometry=false&sr=4326&tolerance=0&mapExtent=0%2C0%2C0%2C0&imageDisplay=0%2C0%2C0&lang=fr,https://api3.geo.admin.ch/rest/services/ech/MapServer/identify?geometryType=esriGeometryPoint&geometry=9.144316%2C46.605229&layers=all%3Ach.swisstopo.swissboundaries3d-gemeinde-flaeche.fill&returnGeometry=false&sr=4326&tolerance=0&mapExtent=0%2C0%2C0%2C0&imageDisplay=0%2C0%2C0&lang=fr,GET,urllib GET,200,downloaded,data_external/source_evidence/GEO_POINT_62c4b231012c_20260919T232943Z.json,data_external/source_evidence/GEO_POINT_62c4b231012c_20260919T232943Z.json,d84a33020f761e3ddd9bcc28936cb75f9e100923c6b44810dc4153ff86304f53,,,True,,
2026-09-19T23:29:45.116413+00:00,initial_source_verification,GEO_POINT_25b0d96d7aad,swisstopo / geo.admin.ch,https://api3.geo.admin.ch/rest/services/ech/MapServer/identify?geometryType=esriGeometryPoint&geometry=8.766299%2C46.681679&layers=all%3Ach.swisstopo.swissboundaries3d-gemeinde-flaeche.fill&returnGeometry=false&sr=4326&tolerance=0&mapExtent=0%2C0%2C0%2C0&imageDisplay=0%2C0%2C0&lang=fr,https://api3.geo.admin.ch/rest/services/ech/MapServer/identify?geometryType=esriGeometryPoint&geometry=8.766299%2C46.681679&layers=all%3Ach.swisstopo.swissboundaries3d-gemeinde-flaeche.fill&returnGeometry=false&sr=4326&tolerance=0&mapExtent=0%2C0%2C0%2C0&imageDisplay=0%2C0%2C0&lang=fr,GET,urllib GET,200,downloaded,data_external/source_evidence/GEO_POINT_25b0d96d7aad_20260919T232945Z.json,data_external/source_evidence/GEO_POINT_25b0d96d7aad_20260919T232945Z.json,c6e3f4b6e5d7fd3b5698ad48948f2d5a126e0b156afa714eb45002b9164bdc02,,,True,,
2026-09-19T23:29:46.336838+00:00,initial_source_verification,GEO_POINT_cf374851ff64,swisstopo / geo.admin.ch,https://api3.geo.admin.ch/rest/services/ech/MapServer/identify?geometryType=esriGeometryPoint&geometry=9.949408%2C46.611125&layers=all%3Ach.swisstopo.swissboundaries3d-gemeinde-flaeche.fill&returnGeometry=false&sr=4326&tolerance=0&mapExtent=0%2C0%2C0%2C0&imageDisplay=0%2C0%2C0&lang=fr,https://api3.geo.admin.ch/rest/services/ech/MapServer/identify?geometryType=esriGeometryPoint&geometry=9.949408%2C46.611125&layers=all%3Ach.swisstopo.swissboundaries3d-gemeinde-flaeche.fill&returnGeometry=false&sr=4326&tolerance=0&mapExtent=0%2C0%2C0%2C0&imageDisplay=0%2C0%2C0&lang=fr,GET,urllib GET,200,downloaded,data_external/source_evidence/GEO_POINT_cf374851ff64_20260919T232946Z.json,data_external/source_evidence/GEO_POINT_cf374851ff64_20260919T232946Z.json,9e236c24d3574e3f4bc97bcb899e6704fefb23af240cac14ab3752254f847857,,,True,,
2026-09-19T23:29:47.554186+00:00,initial_source_verification,GEO_POINT_c599f3b6cd95,swisstopo / geo.admin.ch,https://api3.geo.admin.ch/rest/services/ech/MapServer/identify?geometryType=esriGeometryPoint&geometry=6.742194%2C46.971794&layers=all%3Ach.swisstopo.swissboundaries3d-gemeinde-flaeche.fill&returnGeometry=false&sr=4326&tolerance=0&mapExtent=0%2C0%2C0%2C0&imageDisplay=0%2C0%2C0&lang=fr,https://api3.geo.admin.ch/rest/services/ech/MapServer/identify?geometryType=esriGeometryPoint&geometry=6.742194%2C46.971794&layers=all%3Ach.swisstopo.swissboundaries3d-gemeinde-flaeche.fill&returnGeometry=false&sr=4326&tolerance=0&mapExtent=0%2C0%2C0%2C0&imageDisplay=0%2C0%2C0&lang=fr,GET,urllib GET,200,downloaded,data_external/source_evidence/GEO_POINT_c599f3b6cd95_20260919T232947Z.json,data_external/source_evidence/GEO_POINT_c599f3b6cd95_20260919T232947Z.json,9b3d49d464136bf24542b2a6c5c22aab5537633d00158e355254c904d4a75334,,,True,,
2026-09-19T23:29:48.919470+00:00,initial_source_verification,GEO_POINT_944ff84db238,swisstopo / geo.admin.ch,https://api3.geo.admin.ch/rest/services/ech/MapServer/identify?geometryType=esriGeometryPoint&geometry=6.803112%2C47.099517&layers=all%3Ach.swisstopo.swissboundaries3d-gemeinde-flaeche.fill&returnGeometry=false&sr=4326&tolerance=0&mapExtent=0%2C0%2C0%2C0&imageDisplay=0%2C0%2C0&lang=fr,https://api3.geo.admin.ch/rest/services/ech/MapServer/identify?geometryType=esriGeometryPoint&geometry=6.803112%2C47.099517&layers=all%3Ach.swisstopo.swissboundaries3d-gemeinde-flaeche.fill&returnGeometry=false&sr=4326&tolerance=0&mapExtent=0%2C0%2C0%2C0&imageDisplay=0%2C0%2C0&lang=fr,GET,urllib GET,200,downloaded,data_external/source_evidence/GEO_POINT_944ff84db238_20260919T232948Z.json,data_external/source_evidence/GEO_POINT_944ff84db238_20260919T232948Z.json,f4254d29e99aa375a668b1447d867a106156738ecb503c58752dc31b14b934fb,,,True,,
2026-09-19T23:29:50.279229+00:00,initial_source_verification,GEO_POINT_daeb67f4e97a,swisstopo / geo.admin.ch,https://api3.geo.admin.ch/rest/services/ech/MapServer/identify?geometryType=esriGeometryPoint&geometry=6.859999%2C47.067509&layers=all%3Ach.swisstopo.swissboundaries3d-gemeinde-flaeche.fill&returnGeometry=false&sr=4326&tolerance=0&mapExtent=0%2C0%2C0%2C0&imageDisplay=0%2C0%2C0&lang=fr,https://api3.geo.admin.ch/rest/services/ech/MapServer/identify?geometryType=esriGeometryPoint&geometry=6.859999%2C47.067509&layers=all%3Ach.swisstopo.swissboundaries3d-gemeinde-flaeche.fill&returnGeometry=false&sr=4326&tolerance=0&mapExtent=0%2C0%2C0%2C0&imageDisplay=0%2C0%2C0&lang=fr,GET,urllib GET,200,downloaded,data_external/source_evidence/GEO_POINT_daeb67f4e97a_20260919T232950Z.json,data_external/source_evidence/GEO_POINT_daeb67f4e97a_20260919T232950Z.json,6c32eaf2d5e40dc693850543a7964028010c229b7209673f1b15ced742871475,,,True,,
2026-09-19T23:29:51.568790+00:00,initial_source_verification,GEO_POINT_2a9b2d59fe92,swisstopo / geo.admin.ch,https://api3.geo.admin.ch/rest/services/ech/MapServer/identify?geometryType=esriGeometryPoint&geometry=6.499678%2C46.865496&layers=all%3Ach.swisstopo.swissboundaries3d-gemeinde-flaeche.fill&returnGeometry=false&sr=4326&tolerance=0&mapExtent=0%2C0%2C0%2C0&imageDisplay=0%2C0%2C0&lang=fr,https://api3.geo.admin.ch/rest/services/ech/MapServer/identify?geometryType=esriGeometryPoint&geometry=6.499678%2C46.865496&layers=all%3Ach.swisstopo.swissboundaries3d-gemeinde-flaeche.fill&returnGeometry=false&sr=4326&tolerance=0&mapExtent=0%2C0%2C0%2C0&imageDisplay=0%2C0%2C0&lang=fr,GET,urllib GET,200,downloaded,data_external/source_evidence/GEO_POINT_2a9b2d59fe92_20260919T232951Z.json,data_external/source_evidence/GEO_POINT_2a9b2d59fe92_20260919T232951Z.json,fab57b3e9d3a04543db09cf2bcd8c285ce6bbc67402491f95afd840ff14c25db,,,True,,
2026-09-19T23:29:52.754305+00:00,initial_source_verification,GEO_POINT_a320f1c08564,swisstopo / geo.admin.ch,https://api3.geo.admin.ch/rest/services/ech/MapServer/identify?geometryType=esriGeometryPoint&geometry=6.604262%2C46.978921&layers=all%3Ach.swisstopo.swissboundaries3d-gemeinde-flaeche.fill&returnGeometry=false&sr=4326&tolerance=0&mapExtent=0%2C0%2C0%2C0&imageDisplay=0%2C0%2C0&lang=fr,https://api3.geo.admin.ch/rest/services/ech/MapServer/identify?geometryType=esriGeometryPoint&geometry=6.604262%2C46.978921&layers=all%3Ach.swisstopo.swissboundaries3d-gemeinde-flaeche.fill&returnGeometry=false&sr=4326&tolerance=0&mapExtent=0%2C0%2C0%2C0&imageDisplay=0%2C0%2C0&lang=fr,GET,urllib GET,200,downloaded,data_external/source_evidence/GEO_POINT_a320f1c08564_20260919T232952Z.json,data_external/source_evidence/GEO_POINT_a320f1c08564_20260919T232952Z.json,5773dd2804cb8381e4be07dc77315a86cc96257af5a785938ba132bb30f0fa25,,,True,,
2026-09-19T23:29:54.019325+00:00,initial_source_verification,GEO_POINT_87b5ff58f38a,swisstopo / geo.admin.ch,https://api3.geo.admin.ch/rest/services/ech/MapServer/identify?geometryType=esriGeometryPoint&geometry=6.842594%2C47.069157&layers=all%3Ach.swisstopo.swissboundaries3d-gemeinde-flaeche.fill&returnGeometry=false&sr=4326&tolerance=0&mapExtent=0%2C0%2C0%2C0&imageDisplay=0%2C0%2C0&lang=fr,https://api3.geo.admin.ch/rest/services/ech/MapServer/identify?geometryType=esriGeometryPoint&geometry=6.842594%2C47.069157&layers=all%3Ach.swisstopo.swissboundaries3d-gemeinde-flaeche.fill&returnGeometry=false&sr=4326&tolerance=0&mapExtent=0%2C0%2C0%2C0&imageDisplay=0%2C0%2C0&lang=fr,GET,urllib GET,200,downloaded,data_external/source_evidence/GEO_POINT_87b5ff58f38a_20260919T232954Z.json,data_external/source_evidence/GEO_POINT_87b5ff58f38a_20260919T232954Z.json,e49f0073a5ce34fdebae03ade716ccd60d10bce43113d36a6e19f37f72f503bb,,,True,,
2026-09-19T23:29:55.242331+00:00,initial_source_verification,GEO_POINT_c0ee2e8d89ac,swisstopo / geo.admin.ch,https://api3.geo.admin.ch/rest/services/ech/MapServer/identify?geometryType=esriGeometryPoint&geometry=6.548667%2C46.874891&layers=all%3Ach.swisstopo.swissboundaries3d-gemeinde-flaeche.fill&returnGeometry=false&sr=4326&tolerance=0&mapExtent=0%2C0%2C0%2C0&imageDisplay=0%2C0%2C0&lang=fr,https://api3.geo.admin.ch/rest/services/ech/MapServer/identify?geometryType=esriGeometryPoint&geometry=6.548667%2C46.874891&layers=all%3Ach.swisstopo.swissboundaries3d-gemeinde-flaeche.fill&returnGeometry=false&sr=4326&tolerance=0&mapExtent=0%2C0%2C0%2C0&imageDisplay=0%2C0%2C0&lang=fr,GET,urllib GET,200,downloaded,data_external/source_evidence/GEO_POINT_c0ee2e8d89ac_20260919T232955Z.json,data_external/source_evidence/GEO_POINT_c0ee2e8d89ac_20260919T232955Z.json,f65d529be0bc66260d5bbf735a2cee6cc8159622f35dd19f195e6e70db000f6a,,,True,,
2026-09-19T23:29:56.574993+00:00,initial_source_verification,GEO_POINT_d914d47ff12e,swisstopo / geo.admin.ch,https://api3.geo.admin.ch/rest/services/ech/MapServer/identify?geometryType=esriGeometryPoint&geometry=7.388745%2C47.243110&layers=all%3Ach.swisstopo.swissboundaries3d-gemeinde-flaeche.fill&returnGeometry=false&sr=4326&tolerance=0&mapExtent=0%2C0%2C0%2C0&imageDisplay=0%2C0%2C0&lang=fr,https://api3.geo.admin.ch/rest/services/ech/MapServer/identify?geometryType=esriGeometryPoint&geometry=7.388745%2C47.243110&layers=all%3Ach.swisstopo.swissboundaries3d-gemeinde-flaeche.fill&returnGeometry=false&sr=4326&tolerance=0&mapExtent=0%2C0%2C0%2C0&imageDisplay=0%2C0%2C0&lang=fr,GET,urllib GET,200,downloaded,data_external/source_evidence/GEO_POINT_d914d47ff12e_20260919T232956Z.json,data_external/source_evidence/GEO_POINT_d914d47ff12e_20260919T232956Z.json,b8047d1107962dfc1e6bc118778aa94ed7522e30233f55449eed71e229f4235e,,,True,,
2026-09-19T23:29:57.840834+00:00,initial_source_verification,GEO_POINT_336b44ad5ebe,swisstopo / geo.admin.ch,https://api3.geo.admin.ch/rest/services/ech/MapServer/identify?geometryType=esriGeometryPoint&geometry=6.987315%2C47.091784&layers=all%3Ach.swisstopo.swissboundaries3d-gemeinde-flaeche.fill&returnGeometry=false&sr=4326&tolerance=0&mapExtent=0%2C0%2C0%2C0&imageDisplay=0%2C0%2C0&lang=fr,https://api3.geo.admin.ch/rest/services/ech/MapServer/identify?geometryType=esriGeometryPoint&geometry=6.987315%2C47.091784&layers=all%3Ach.swisstopo.swissboundaries3d-gemeinde-flaeche.fill&returnGeometry=false&sr=4326&tolerance=0&mapExtent=0%2C0%2C0%2C0&imageDisplay=0%2C0%2C0&lang=fr,GET,urllib GET,200,downloaded,data_external/source_evidence/GEO_POINT_336b44ad5ebe_20260919T232957Z.json,data_external/source_evidence/GEO_POINT_336b44ad5ebe_20260919T232957Z.json,f517ec9eb96c6358a25c7906c13c91c66df7365cad78338ec9b09d719681523c,,,True,,
2026-09-19T23:29:59.067912+00:00,initial_source_verification,GEO_POINT_5e9493661666,swisstopo / geo.admin.ch,https://api3.geo.admin.ch/rest/services/ech/MapServer/identify?geometryType=esriGeometryPoint&geometry=7.015157%2C47.194437&layers=all%3Ach.swisstopo.swissboundaries3d-gemeinde-flaeche.fill&returnGeometry=false&sr=4326&tolerance=0&mapExtent=0%2C0%2C0%2C0&imageDisplay=0%2C0%2C0&lang=fr,https://api3.geo.admin.ch/rest/services/ech/MapServer/identify?geometryType=esriGeometryPoint&geometry=7.015157%2C47.194437&layers=all%3Ach.swisstopo.swissboundaries3d-gemeinde-flaeche.fill&returnGeometry=false&sr=4326&tolerance=0&mapExtent=0%2C0%2C0%2C0&imageDisplay=0%2C0%2C0&lang=fr,GET,urllib GET,200,downloaded,data_external/source_evidence/GEO_POINT_5e9493661666_20260919T232959Z.json,data_external/source_evidence/GEO_POINT_5e9493661666_20260919T232959Z.json,4a256676f3ac42cfb30b1d3129746aa9a0d351f2fdd924f3f1e491e021136226,,,True,,
2026-09-19T23:30:00.268787+00:00,initial_source_verification,GEO_POINT_c6411ca26bf3,swisstopo / geo.admin.ch,https://api3.geo.admin.ch/rest/services/ech/MapServer/identify?geometryType=esriGeometryPoint&geometry=7.018976%2C47.124286&layers=all%3Ach.swisstopo.swissboundaries3d-gemeinde-flaeche.fill&returnGeometry=false&sr=4326&tolerance=0&mapExtent=0%2C0%2C0%2C0&imageDisplay=0%2C0%2C0&lang=fr,https://api3.geo.admin.ch/rest/services/ech/MapServer/identify?geometryType=esriGeometryPoint&geometry=7.018976%2C47.124286&layers=all%3Ach.swisstopo.swissboundaries3d-gemeinde-flaeche.fill&returnGeometry=false&sr=4326&tolerance=0&mapExtent=0%2C0%2C0%2C0&imageDisplay=0%2C0%2C0&lang=fr,GET,urllib GET,200,downloaded,data_external/source_evidence/GEO_POINT_c6411ca26bf3_20260919T233000Z.json,data_external/source_evidence/GEO_POINT_c6411ca26bf3_20260919T233000Z.json,8f9f46347d5b836648e3c69f21fd25b13b4bd3eda5fe83c9b3d5f15f90d0b49d,,,True,,
2026-09-19T23:30:01.575283+00:00,initial_source_verification,GEO_POINT_1e43e7af6ae9,swisstopo / geo.admin.ch,https://api3.geo.admin.ch/rest/services/ech/MapServer/identify?geometryType=esriGeometryPoint&geometry=7.136436%2C47.248737&layers=all%3Ach.swisstopo.swissboundaries3d-gemeinde-flaeche.fill&returnGeometry=false&sr=4326&tolerance=0&mapExtent=0%2C0%2C0%2C0&imageDisplay=0%2C0%2C0&lang=fr,https://api3.geo.admin.ch/rest/services/ech/MapServer/identify?geometryType=esriGeometryPoint&geometry=7.136436%2C47.248737&layers=all%3Ach.swisstopo.swissboundaries3d-gemeinde-flaeche.fill&returnGeometry=false&sr=4326&tolerance=0&mapExtent=0%2C0%2C0%2C0&imageDisplay=0%2C0%2C0&lang=fr,GET,urllib GET,200,downloaded,data_external/source_evidence/GEO_POINT_1e43e7af6ae9_20260919T233001Z.json,data_external/source_evidence/GEO_POINT_1e43e7af6ae9_20260919T233001Z.json,b4cb8ee90d449623f68e47d8cb80ae27ff31f330525e95cdd7902c958a302c8d,,,True,,
2026-09-19T23:30:02.784435+00:00,initial_source_verification,GEO_POINT_8dbf73e45e47,swisstopo / geo.admin.ch,https://api3.geo.admin.ch/rest/services/ech/MapServer/identify?geometryType=esriGeometryPoint&geometry=6.871577%2C47.070038&layers=all%3Ach.swisstopo.swissboundaries3d-gemeinde-flaeche.fill&returnGeometry=false&sr=4326&tolerance=0&mapExtent=0%2C0%2C0%2C0&imageDisplay=0%2C0%2C0&lang=fr,https://api3.geo.admin.ch/rest/services/ech/MapServer/identify?geometryType=esriGeometryPoint&geometry=6.871577%2C47.070038&layers=all%3Ach.swisstopo.swissboundaries3d-gemeinde-flaeche.fill&returnGeometry=false&sr=4326&tolerance=0&mapExtent=0%2C0%2C0%2C0&imageDisplay=0%2C0%2C0&lang=fr,GET,urllib GET,200,downloaded,data_external/source_evidence/GEO_POINT_8dbf73e45e47_20260919T233002Z.json,data_external/source_evidence/GEO_POINT_8dbf73e45e47_20260919T233002Z.json,6c32eaf2d5e40dc693850543a7964028010c229b7209673f1b15ced742871475,,,True,,
2026-09-19T23:30:04.035992+00:00,initial_source_verification,GEO_POINT_f0b89c0ce88c,swisstopo / geo.admin.ch,https://api3.geo.admin.ch/rest/services/ech/MapServer/identify?geometryType=esriGeometryPoint&geometry=6.477439%2C46.899539&layers=all%3Ach.swisstopo.swissboundaries3d-gemeinde-flaeche.fill&returnGeometry=false&sr=4326&tolerance=0&mapExtent=0%2C0%2C0%2C0&imageDisplay=0%2C0%2C0&lang=fr,https://api3.geo.admin.ch/rest/services/ech/MapServer/identify?geometryType=esriGeometryPoint&geometry=6.477439%2C46.899539&layers=all%3Ach.swisstopo.swissboundaries3d-gemeinde-flaeche.fill&returnGeometry=false&sr=4326&tolerance=0&mapExtent=0%2C0%2C0%2C0&imageDisplay=0%2C0%2C0&lang=fr,GET,urllib GET,200,downloaded,data_external/source_evidence/GEO_POINT_f0b89c0ce88c_20260919T233004Z.json,data_external/source_evidence/GEO_POINT_f0b89c0ce88c_20260919T233004Z.json,4f30917ef31e2c4312c1324f644f1af42f6d2d24aebc520a2bec84194e051581,,,True,,
2026-09-19T23:30:05.268808+00:00,initial_source_verification,GEO_POINT_3649a9dde89d,swisstopo / geo.admin.ch,https://api3.geo.admin.ch/rest/services/ech/MapServer/identify?geometryType=esriGeometryPoint&geometry=7.076930%2C47.118433&layers=all%3Ach.swisstopo.swissboundaries3d-gemeinde-flaeche.fill&returnGeometry=false&sr=4326&tolerance=0&mapExtent=0%2C0%2C0%2C0&imageDisplay=0%2C0%2C0&lang=fr,https://api3.geo.admin.ch/rest/services/ech/MapServer/identify?geometryType=esriGeometryPoint&geometry=7.076930%2C47.118433&layers=all%3Ach.swisstopo.swissboundaries3d-gemeinde-flaeche.fill&returnGeometry=false&sr=4326&tolerance=0&mapExtent=0%2C0%2C0%2C0&imageDisplay=0%2C0%2C0&lang=fr,GET,urllib GET,200,downloaded,data_external/source_evidence/GEO_POINT_3649a9dde89d_20260919T233005Z.json,data_external/source_evidence/GEO_POINT_3649a9dde89d_20260919T233005Z.json,82d42bf49c341aec72940119084dd67096811c0d1832041645c8ab1a0673d407,,,True,,
2026-09-19T23:30:06.655177+00:00,initial_source_verification,GEO_POINT_4997080744ef,swisstopo / geo.admin.ch,https://api3.geo.admin.ch/rest/services/ech/MapServer/identify?geometryType=esriGeometryPoint&geometry=7.170349%2C47.145226&layers=all%3Ach.swisstopo.swissboundaries3d-gemeinde-flaeche.fill&returnGeometry=false&sr=4326&tolerance=0&mapExtent=0%2C0%2C0%2C0&imageDisplay=0%2C0%2C0&lang=fr,https://api3.geo.admin.ch/rest/services/ech/MapServer/identify?geometryType=esriGeometryPoint&geometry=7.170349%2C47.145226&layers=all%3Ach.swisstopo.swissboundaries3d-gemeinde-flaeche.fill&returnGeometry=false&sr=4326&tolerance=0&mapExtent=0%2C0%2C0%2C0&imageDisplay=0%2C0%2C0&lang=fr,GET,urllib GET,200,downloaded,data_external/source_evidence/GEO_POINT_4997080744ef_20260919T233006Z.json,data_external/source_evidence/GEO_POINT_4997080744ef_20260919T233006Z.json,bce8126f1f5767237ac6b3806ced51ae391309fa18dd65ef07db1f7044fbc4c8,,,True,,
2026-09-19T23:30:07.969059+00:00,initial_source_verification,GEO_POINT_bc99baf400af,swisstopo / geo.admin.ch,https://api3.geo.admin.ch/rest/services/ech/MapServer/identify?geometryType=esriGeometryPoint&geometry=6.994514%2C47.154704&layers=all%3Ach.swisstopo.swissboundaries3d-gemeinde-flaeche.fill&returnGeometry=false&sr=4326&tolerance=0&mapExtent=0%2C0%2C0%2C0&imageDisplay=0%2C0%2C0&lang=fr,https://api3.geo.admin.ch/rest/services/ech/MapServer/identify?geometryType=esriGeometryPoint&geometry=6.994514%2C47.154704&layers=all%3Ach.swisstopo.swissboundaries3d-gemeinde-flaeche.fill&returnGeometry=false&sr=4326&tolerance=0&mapExtent=0%2C0%2C0%2C0&imageDisplay=0%2C0%2C0&lang=fr,GET,urllib GET,200,downloaded,data_external/source_evidence/GEO_POINT_bc99baf400af_20260919T233007Z.json,data_external/source_evidence/GEO_POINT_bc99baf400af_20260919T233007Z.json,8f9f46347d5b836648e3c69f21fd25b13b4bd3eda5fe83c9b3d5f15f90d0b49d,,,True,,
2026-09-19T23:30:09.238292+00:00,initial_source_verification,GEO_POINT_5bf909df0cc1,swisstopo / geo.admin.ch,https://api3.geo.admin.ch/rest/services/ech/MapServer/identify?geometryType=esriGeometryPoint&geometry=6.745563%2C47.033046&layers=all%3Ach.swisstopo.swissboundaries3d-gemeinde-flaeche.fill&returnGeometry=false&sr=4326&tolerance=0&mapExtent=0%2C0%2C0%2C0&imageDisplay=0%2C0%2C0&lang=fr,https://api3.geo.admin.ch/rest/services/ech/MapServer/identify?geometryType=esriGeometryPoint&geometry=6.745563%2C47.033046&layers=all%3Ach.swisstopo.swissboundaries3d-gemeinde-flaeche.fill&returnGeometry=false&sr=4326&tolerance=0&mapExtent=0%2C0%2C0%2C0&imageDisplay=0%2C0%2C0&lang=fr,GET,urllib GET,200,downloaded,data_external/source_evidence/GEO_POINT_5bf909df0cc1_20260919T233009Z.json,data_external/source_evidence/GEO_POINT_5bf909df0cc1_20260919T233009Z.json,7d5019ee7667b7f4ab3796c34317a956206460b1ada4609524d60e8022cdecb0,,,True,,
2026-09-19T23:30:10.499591+00:00,initial_source_verification,GEO_POINT_75744ece1df2,swisstopo / geo.admin.ch,https://api3.geo.admin.ch/rest/services/ech/MapServer/identify?geometryType=esriGeometryPoint&geometry=7.217651%2C47.216310&layers=all%3Ach.swisstopo.swissboundaries3d-gemeinde-flaeche.fill&returnGeometry=false&sr=4326&tolerance=0&mapExtent=0%2C0%2C0%2C0&imageDisplay=0%2C0%2C0&lang=fr,https://api3.geo.admin.ch/rest/services/ech/MapServer/identify?geometryType=esriGeometryPoint&geometry=7.217651%2C47.216310&layers=all%3Ach.swisstopo.swissboundaries3d-gemeinde-flaeche.fill&returnGeometry=false&sr=4326&tolerance=0&mapExtent=0%2C0%2C0%2C0&imageDisplay=0%2C0%2C0&lang=fr,GET,urllib GET,200,downloaded,data_external/source_evidence/GEO_POINT_75744ece1df2_20260919T233010Z.json,data_external/source_evidence/GEO_POINT_75744ece1df2_20260919T233010Z.json,c2a619f3ca419da8b070a7f09b5021a6557aced75883aef6c1c8a00401f9acb4,,,True,,
2026-09-19T23:30:11.809986+00:00,initial_source_verification,GEO_POINT_c46712cdc6ee,swisstopo / geo.admin.ch,https://api3.geo.admin.ch/rest/services/ech/MapServer/identify?geometryType=esriGeometryPoint&geometry=7.085334%2C47.209540&layers=all%3Ach.swisstopo.swissboundaries3d-gemeinde-flaeche.fill&returnGeometry=false&sr=4326&tolerance=0&mapExtent=0%2C0%2C0%2C0&imageDisplay=0%2C0%2C0&lang=fr,https://api3.geo.admin.ch/rest/services/ech/MapServer/identify?geometryType=esriGeometryPoint&geometry=7.085334%2C47.209540&layers=all%3Ach.swisstopo.swissboundaries3d-gemeinde-flaeche.fill&returnGeometry=false&sr=4326&tolerance=0&mapExtent=0%2C0%2C0%2C0&imageDisplay=0%2C0%2C0&lang=fr,GET,urllib GET,200,downloaded,data_external/source_evidence/GEO_POINT_c46712cdc6ee_20260919T233011Z.json,data_external/source_evidence/GEO_POINT_c46712cdc6ee_20260919T233011Z.json,28fd4ac727446a499ff5e3a5e1327341af3ca310778547c4b363abb14c3c0487,,,True,,
2026-09-19T23:30:13.053683+00:00,initial_source_verification,GEO_POINT_e6971e5556d5,swisstopo / geo.admin.ch,https://api3.geo.admin.ch/rest/services/ech/MapServer/identify?geometryType=esriGeometryPoint&geometry=8.622749%2C46.857234&layers=all%3Ach.swisstopo.swissboundaries3d-gemeinde-flaeche.fill&returnGeometry=false&sr=4326&tolerance=0&mapExtent=0%2C0%2C0%2C0&imageDisplay=0%2C0%2C0&lang=fr,https://api3.geo.admin.ch/rest/services/ech/MapServer/identify?geometryType=esriGeometryPoint&geometry=8.622749%2C46.857234&layers=all%3Ach.swisstopo.swissboundaries3d-gemeinde-flaeche.fill&returnGeometry=false&sr=4326&tolerance=0&mapExtent=0%2C0%2C0%2C0&imageDisplay=0%2C0%2C0&lang=fr,GET,urllib GET,200,downloaded,data_external/source_evidence/GEO_POINT_e6971e5556d5_20260919T233013Z.json,data_external/source_evidence/GEO_POINT_e6971e5556d5_20260919T233013Z.json,7d83263a5064ba02d2b3685686df80dfab8d7c6ab7685940bcba6b8a61e96f7c,,,True,,
2026-09-19T23:30:14.543059+00:00,initial_source_verification,GEO_POINT_05e779cc13a8,swisstopo / geo.admin.ch,https://api3.geo.admin.ch/rest/services/ech/MapServer/identify?geometryType=esriGeometryPoint&geometry=8.731658%2C47.143675&layers=all%3Ach.swisstopo.swissboundaries3d-gemeinde-flaeche.fill&returnGeometry=false&sr=4326&tolerance=0&mapExtent=0%2C0%2C0%2C0&imageDisplay=0%2C0%2C0&lang=fr,https://api3.geo.admin.ch/rest/services/ech/MapServer/identify?geometryType=esriGeometryPoint&geometry=8.731658%2C47.143675&layers=all%3Ach.swisstopo.swissboundaries3d-gemeinde-flaeche.fill&returnGeometry=false&sr=4326&tolerance=0&mapExtent=0%2C0%2C0%2C0&imageDisplay=0%2C0%2C0&lang=fr,GET,urllib GET,200,downloaded,data_external/source_evidence/GEO_POINT_05e779cc13a8_20260919T233014Z.json,data_external/source_evidence/GEO_POINT_05e779cc13a8_20260919T233014Z.json,b75f622d9cc0a92903ef67e23e216528aa2d84938281d65c08fb9b255236f520,,,True,,
2026-09-19T23:30:16.017425+00:00,initial_source_verification,GEO_POINT_d3f31b20dad2,swisstopo / geo.admin.ch,https://api3.geo.admin.ch/rest/services/ech/MapServer/identify?geometryType=esriGeometryPoint&geometry=8.710227%2C46.901693&layers=all%3Ach.swisstopo.swissboundaries3d-gemeinde-flaeche.fill&returnGeometry=false&sr=4326&tolerance=0&mapExtent=0%2C0%2C0%2C0&imageDisplay=0%2C0%2C0&lang=fr,https://api3.geo.admin.ch/rest/services/ech/MapServer/identify?geometryType=esriGeometryPoint&geometry=8.710227%2C46.901693&layers=all%3Ach.swisstopo.swissboundaries3d-gemeinde-flaeche.fill&returnGeometry=false&sr=4326&tolerance=0&mapExtent=0%2C0%2C0%2C0&imageDisplay=0%2C0%2C0&lang=fr,GET,urllib GET,200,downloaded,data_external/source_evidence/GEO_POINT_d3f31b20dad2_20260919T233016Z.json,data_external/source_evidence/GEO_POINT_d3f31b20dad2_20260919T233016Z.json,632f7b3e6452682eebd6b44b9758360dea8528540f175aa3bee0561beff61684,,,True,,
2026-09-19T23:30:17.836515+00:00,initial_source_verification,GEO_POINT_dc94d888df52,swisstopo / geo.admin.ch,https://api3.geo.admin.ch/rest/services/ech/MapServer/identify?geometryType=esriGeometryPoint&geometry=8.705914%2C47.041001&layers=all%3Ach.swisstopo.swissboundaries3d-gemeinde-flaeche.fill&returnGeometry=false&sr=4326&tolerance=0&mapExtent=0%2C0%2C0%2C0&imageDisplay=0%2C0%2C0&lang=fr,https://api3.geo.admin.ch/rest/services/ech/MapServer/identify?geometryType=esriGeometryPoint&geometry=8.705914%2C47.041001&layers=all%3Ach.swisstopo.swissboundaries3d-gemeinde-flaeche.fill&returnGeometry=false&sr=4326&tolerance=0&mapExtent=0%2C0%2C0%2C0&imageDisplay=0%2C0%2C0&lang=fr,GET,urllib GET,200,downloaded,data_external/source_evidence/GEO_POINT_dc94d888df52_20260919T233017Z.json,data_external/source_evidence/GEO_POINT_dc94d888df52_20260919T233017Z.json,431d5e57eab0ff62df02833cc153805fbf208ae6738a5601cf90b0947263334c,,,True,,
2026-09-19T23:30:19.333500+00:00,initial_source_verification,GEO_POINT_7b5ed17ef463,swisstopo / geo.admin.ch,https://api3.geo.admin.ch/rest/services/ech/MapServer/identify?geometryType=esriGeometryPoint&geometry=8.409519%2C46.831895&layers=all%3Ach.swisstopo.swissboundaries3d-gemeinde-flaeche.fill&returnGeometry=false&sr=4326&tolerance=0&mapExtent=0%2C0%2C0%2C0&imageDisplay=0%2C0%2C0&lang=fr,https://api3.geo.admin.ch/rest/services/ech/MapServer/identify?geometryType=esriGeometryPoint&geometry=8.409519%2C46.831895&layers=all%3Ach.swisstopo.swissboundaries3d-gemeinde-flaeche.fill&returnGeometry=false&sr=4326&tolerance=0&mapExtent=0%2C0%2C0%2C0&imageDisplay=0%2C0%2C0&lang=fr,GET,urllib GET,200,downloaded,data_external/source_evidence/GEO_POINT_7b5ed17ef463_20260919T233019Z.json,data_external/source_evidence/GEO_POINT_7b5ed17ef463_20260919T233019Z.json,f12fc2b17268b57105bb30527f47cfabc37ff97ccaf8e310f5e4be6d2aa54c58,,,True,,
2026-09-19T23:30:20.813618+00:00,initial_source_verification,GEO_POINT_2c161a60b980,swisstopo / geo.admin.ch,https://api3.geo.admin.ch/rest/services/ech/MapServer/identify?geometryType=esriGeometryPoint&geometry=8.699369%2C47.031408&layers=all%3Ach.swisstopo.swissboundaries3d-gemeinde-flaeche.fill&returnGeometry=false&sr=4326&tolerance=0&mapExtent=0%2C0%2C0%2C0&imageDisplay=0%2C0%2C0&lang=fr,https://api3.geo.admin.ch/rest/services/ech/MapServer/identify?geometryType=esriGeometryPoint&geometry=8.699369%2C47.031408&layers=all%3Ach.swisstopo.swissboundaries3d-gemeinde-flaeche.fill&returnGeometry=false&sr=4326&tolerance=0&mapExtent=0%2C0%2C0%2C0&imageDisplay=0%2C0%2C0&lang=fr,GET,urllib GET,200,downloaded,data_external/source_evidence/GEO_POINT_2c161a60b980_20260919T233020Z.json,data_external/source_evidence/GEO_POINT_2c161a60b980_20260919T233020Z.json,431d5e57eab0ff62df02833cc153805fbf208ae6738a5601cf90b0947263334c,,,True,,
2026-09-19T23:30:22.314979+00:00,initial_source_verification,GEO_POINT_94f60322373e,swisstopo / geo.admin.ch,https://api3.geo.admin.ch/rest/services/ech/MapServer/identify?geometryType=esriGeometryPoint&geometry=8.363085%2C46.914393&layers=all%3Ach.swisstopo.swissboundaries3d-gemeinde-flaeche.fill&returnGeometry=false&sr=4326&tolerance=0&mapExtent=0%2C0%2C0%2C0&imageDisplay=0%2C0%2C0&lang=fr,https://api3.geo.admin.ch/rest/services/ech/MapServer/identify?geometryType=esriGeometryPoint&geometry=8.363085%2C46.914393&layers=all%3Ach.swisstopo.swissboundaries3d-gemeinde-flaeche.fill&returnGeometry=false&sr=4326&tolerance=0&mapExtent=0%2C0%2C0%2C0&imageDisplay=0%2C0%2C0&lang=fr,GET,urllib GET,200,downloaded,data_external/source_evidence/GEO_POINT_94f60322373e_20260919T233022Z.json,data_external/source_evidence/GEO_POINT_94f60322373e_20260919T233022Z.json,c3dd816c05558e3aa676f41abc149e1d2b07d6c50da81e84d084040db67e57f0,,,True,,
2026-09-19T23:30:23.837209+00:00,initial_source_verification,GEO_POINT_e105fe9c6a91,swisstopo / geo.admin.ch,https://api3.geo.admin.ch/rest/services/ech/MapServer/identify?geometryType=esriGeometryPoint&geometry=8.410892%2C46.787191&layers=all%3Ach.swisstopo.swissboundaries3d-gemeinde-flaeche.fill&returnGeometry=false&sr=4326&tolerance=0&mapExtent=0%2C0%2C0%2C0&imageDisplay=0%2C0%2C0&lang=fr,https://api3.geo.admin.ch/rest/services/ech/MapServer/identify?geometryType=esriGeometryPoint&geometry=8.410892%2C46.787191&layers=all%3Ach.swisstopo.swissboundaries3d-gemeinde-flaeche.fill&returnGeometry=false&sr=4326&tolerance=0&mapExtent=0%2C0%2C0%2C0&imageDisplay=0%2C0%2C0&lang=fr,GET,urllib GET,200,downloaded,data_external/source_evidence/GEO_POINT_e105fe9c6a91_20260919T233023Z.json,data_external/source_evidence/GEO_POINT_e105fe9c6a91_20260919T233023Z.json,2ce1b3f768fd620e1ccac89f0a9226ac46ab014da39fc20bc73c1a0af9395fe2,,,True,,
2026-09-19T23:30:25.369572+00:00,initial_source_verification,GEO_POINT_c5240e5fc307,swisstopo / geo.admin.ch,https://api3.geo.admin.ch/rest/services/ech/MapServer/identify?geometryType=esriGeometryPoint&geometry=8.651910%2C46.902848&layers=all%3Ach.swisstopo.swissboundaries3d-gemeinde-flaeche.fill&returnGeometry=false&sr=4326&tolerance=0&mapExtent=0%2C0%2C0%2C0&imageDisplay=0%2C0%2C0&lang=fr,https://api3.geo.admin.ch/rest/services/ech/MapServer/identify?geometryType=esriGeometryPoint&geometry=8.651910%2C46.902848&layers=all%3Ach.swisstopo.swissboundaries3d-gemeinde-flaeche.fill&returnGeometry=false&sr=4326&tolerance=0&mapExtent=0%2C0%2C0%2C0&imageDisplay=0%2C0%2C0&lang=fr,GET,urllib GET,200,downloaded,data_external/source_evidence/GEO_POINT_c5240e5fc307_20260919T233025Z.json,data_external/source_evidence/GEO_POINT_c5240e5fc307_20260919T233025Z.json,851efdccd5686734adae19e8b45815f1a1f948e8d3b914622688ccc35f4b2abd,,,True,,
2026-09-19T23:30:26.946192+00:00,initial_source_verification,GEO_POINT_06b6efd2808a,swisstopo / geo.admin.ch,https://api3.geo.admin.ch/rest/services/ech/MapServer/identify?geometryType=esriGeometryPoint&geometry=8.761940%2C47.127330&layers=all%3Ach.swisstopo.swissboundaries3d-gemeinde-flaeche.fill&returnGeometry=false&sr=4326&tolerance=0&mapExtent=0%2C0%2C0%2C0&imageDisplay=0%2C0%2C0&lang=fr,https://api3.geo.admin.ch/rest/services/ech/MapServer/identify?geometryType=esriGeometryPoint&geometry=8.761940%2C47.127330&layers=all%3Ach.swisstopo.swissboundaries3d-gemeinde-flaeche.fill&returnGeometry=false&sr=4326&tolerance=0&mapExtent=0%2C0%2C0%2C0&imageDisplay=0%2C0%2C0&lang=fr,GET,urllib GET,200,downloaded,data_external/source_evidence/GEO_POINT_06b6efd2808a_20260919T233026Z.json,data_external/source_evidence/GEO_POINT_06b6efd2808a_20260919T233026Z.json,4432d2302230baaa9561a39e9a6b7a97ca48e0efbaeafa3da45ecb8e67aef6d8,,,True,,
2026-09-19T23:30:28.659750+00:00,initial_source_verification,GEO_POINT_6e472f9dd37f,swisstopo / geo.admin.ch,https://api3.geo.admin.ch/rest/services/ech/MapServer/identify?geometryType=esriGeometryPoint&geometry=8.605814%2C46.612422&layers=all%3Ach.swisstopo.swissboundaries3d-gemeinde-flaeche.fill&returnGeometry=false&sr=4326&tolerance=0&mapExtent=0%2C0%2C0%2C0&imageDisplay=0%2C0%2C0&lang=fr,https://api3.geo.admin.ch/rest/services/ech/MapServer/identify?geometryType=esriGeometryPoint&geometry=8.605814%2C46.612422&layers=all%3Ach.swisstopo.swissboundaries3d-gemeinde-flaeche.fill&returnGeometry=false&sr=4326&tolerance=0&mapExtent=0%2C0%2C0%2C0&imageDisplay=0%2C0%2C0&lang=fr,GET,urllib GET,200,downloaded,data_external/source_evidence/GEO_POINT_6e472f9dd37f_20260919T233028Z.json,data_external/source_evidence/GEO_POINT_6e472f9dd37f_20260919T233028Z.json,c24f952e1eea2b02fcd270b7cabeb9d6a58bb7a1a33fcf610ea7e0c65f325d0e,,,True,,
2026-09-19T23:30:30.094090+00:00,initial_source_verification,GEO_POINT_d69995a32661,swisstopo / geo.admin.ch,https://api3.geo.admin.ch/rest/services/ech/MapServer/identify?geometryType=esriGeometryPoint&geometry=8.127464%2C46.956442&layers=all%3Ach.swisstopo.swissboundaries3d-gemeinde-flaeche.fill&returnGeometry=false&sr=4326&tolerance=0&mapExtent=0%2C0%2C0%2C0&imageDisplay=0%2C0%2C0&lang=fr,https://api3.geo.admin.ch/rest/services/ech/MapServer/identify?geometryType=esriGeometryPoint&geometry=8.127464%2C46.956442&layers=all%3Ach.swisstopo.swissboundaries3d-gemeinde-flaeche.fill&returnGeometry=false&sr=4326&tolerance=0&mapExtent=0%2C0%2C0%2C0&imageDisplay=0%2C0%2C0&lang=fr,GET,urllib GET,200,downloaded,data_external/source_evidence/GEO_POINT_d69995a32661_20260919T233030Z.json,data_external/source_evidence/GEO_POINT_d69995a32661_20260919T233030Z.json,24ceaba0559e43f9d603519621975046be176686fb8519b28065848c952fc265,,,True,,
2026-09-19T23:30:31.716270+00:00,initial_source_verification,GEO_POINT_073f0b4f4030,swisstopo / geo.admin.ch,https://api3.geo.admin.ch/rest/services/ech/MapServer/identify?geometryType=esriGeometryPoint&geometry=8.502581%2C46.900566&layers=all%3Ach.swisstopo.swissboundaries3d-gemeinde-flaeche.fill&returnGeometry=false&sr=4326&tolerance=0&mapExtent=0%2C0%2C0%2C0&imageDisplay=0%2C0%2C0&lang=fr,https://api3.geo.admin.ch/rest/services/ech/MapServer/identify?geometryType=esriGeometryPoint&geometry=8.502581%2C46.900566&layers=all%3Ach.swisstopo.swissboundaries3d-gemeinde-flaeche.fill&returnGeometry=false&sr=4326&tolerance=0&mapExtent=0%2C0%2C0%2C0&imageDisplay=0%2C0%2C0&lang=fr,GET,urllib GET,200,downloaded,data_external/source_evidence/GEO_POINT_073f0b4f4030_20260919T233031Z.json,data_external/source_evidence/GEO_POINT_073f0b4f4030_20260919T233031Z.json,bcbbbf93b43c848ddb1c35ef64ac18f9ad794bce80dfea224b972e1c5d756ec0,,,True,,
2026-09-19T23:30:33.123141+00:00,initial_source_verification,GEO_POINT_76cd0c3414e9,swisstopo / geo.admin.ch,https://api3.geo.admin.ch/rest/services/ech/MapServer/identify?geometryType=esriGeometryPoint&geometry=8.784342%2C47.011221&layers=all%3Ach.swisstopo.swissboundaries3d-gemeinde-flaeche.fill&returnGeometry=false&sr=4326&tolerance=0&mapExtent=0%2C0%2C0%2C0&imageDisplay=0%2C0%2C0&lang=fr,https://api3.geo.admin.ch/rest/services/ech/MapServer/identify?geometryType=esriGeometryPoint&geometry=8.784342%2C47.011221&layers=all%3Ach.swisstopo.swissboundaries3d-gemeinde-flaeche.fill&returnGeometry=false&sr=4326&tolerance=0&mapExtent=0%2C0%2C0%2C0&imageDisplay=0%2C0%2C0&lang=fr,GET,urllib GET,200,downloaded,data_external/source_evidence/GEO_POINT_76cd0c3414e9_20260919T233033Z.json,data_external/source_evidence/GEO_POINT_76cd0c3414e9_20260919T233033Z.json,ed768187122b0c8d9f3474d71be0694f8fe5189610835a80fa2a6ce8352f5995,,,True,,
2026-09-19T23:30:34.500252+00:00,initial_source_verification,GEO_POINT_d6f0ef9e6c8e,swisstopo / geo.admin.ch,https://api3.geo.admin.ch/rest/services/ech/MapServer/identify?geometryType=esriGeometryPoint&geometry=8.653793%2C47.064568&layers=all%3Ach.swisstopo.swissboundaries3d-gemeinde-flaeche.fill&returnGeometry=false&sr=4326&tolerance=0&mapExtent=0%2C0%2C0%2C0&imageDisplay=0%2C0%2C0&lang=fr,https://api3.geo.admin.ch/rest/services/ech/MapServer/identify?geometryType=esriGeometryPoint&geometry=8.653793%2C47.064568&layers=all%3Ach.swisstopo.swissboundaries3d-gemeinde-flaeche.fill&returnGeometry=false&sr=4326&tolerance=0&mapExtent=0%2C0%2C0%2C0&imageDisplay=0%2C0%2C0&lang=fr,GET,urllib GET,200,downloaded,data_external/source_evidence/GEO_POINT_d6f0ef9e6c8e_20260919T233034Z.json,data_external/source_evidence/GEO_POINT_d6f0ef9e6c8e_20260919T233034Z.json,6283b804c1fdba4c165a6059173f9cf49078c2ca466e1e45f21f171dea062622,,,True,,
2026-09-19T23:30:35.802563+00:00,initial_source_verification,GEO_POINT_bf42264ee62b,swisstopo / geo.admin.ch,https://api3.geo.admin.ch/rest/services/ech/MapServer/identify?geometryType=esriGeometryPoint&geometry=8.728863%2C47.022003&layers=all%3Ach.swisstopo.swissboundaries3d-gemeinde-flaeche.fill&returnGeometry=false&sr=4326&tolerance=0&mapExtent=0%2C0%2C0%2C0&imageDisplay=0%2C0%2C0&lang=fr,https://api3.geo.admin.ch/rest/services/ech/MapServer/identify?geometryType=esriGeometryPoint&geometry=8.728863%2C47.022003&layers=all%3Ach.swisstopo.swissboundaries3d-gemeinde-flaeche.fill&returnGeometry=false&sr=4326&tolerance=0&mapExtent=0%2C0%2C0%2C0&imageDisplay=0%2C0%2C0&lang=fr,GET,urllib GET,200,downloaded,data_external/source_evidence/GEO_POINT_bf42264ee62b_20260919T233035Z.json,data_external/source_evidence/GEO_POINT_bf42264ee62b_20260919T233035Z.json,6283b804c1fdba4c165a6059173f9cf49078c2ca466e1e45f21f171dea062622,,,True,,
2026-09-19T23:30:37.018309+00:00,initial_source_verification,GEO_POINT_f4168d2b2960,swisstopo / geo.admin.ch,https://api3.geo.admin.ch/rest/services/ech/MapServer/identify?geometryType=esriGeometryPoint&geometry=8.688415%2C46.853117&layers=all%3Ach.swisstopo.swissboundaries3d-gemeinde-flaeche.fill&returnGeometry=false&sr=4326&tolerance=0&mapExtent=0%2C0%2C0%2C0&imageDisplay=0%2C0%2C0&lang=fr,https://api3.geo.admin.ch/rest/services/ech/MapServer/identify?geometryType=esriGeometryPoint&geometry=8.688415%2C46.853117&layers=all%3Ach.swisstopo.swissboundaries3d-gemeinde-flaeche.fill&returnGeometry=false&sr=4326&tolerance=0&mapExtent=0%2C0%2C0%2C0&imageDisplay=0%2C0%2C0&lang=fr,GET,urllib GET,200,downloaded,data_external/source_evidence/GEO_POINT_f4168d2b2960_20260919T233037Z.json,data_external/source_evidence/GEO_POINT_f4168d2b2960_20260919T233037Z.json,bdd35477a0fbe1082ae4369d399a3cadb5eb1aabc40d937ebe36af2ac95a4799,,,True,,
2026-09-19T23:30:38.193773+00:00,initial_source_verification,GEO_POINT_dcd5cac0c8ee,swisstopo / geo.admin.ch,https://api3.geo.admin.ch/rest/services/ech/MapServer/identify?geometryType=esriGeometryPoint&geometry=8.479385%2C46.939305&layers=all%3Ach.swisstopo.swissboundaries3d-gemeinde-flaeche.fill&returnGeometry=false&sr=4326&tolerance=0&mapExtent=0%2C0%2C0%2C0&imageDisplay=0%2C0%2C0&lang=fr,https://api3.geo.admin.ch/rest/services/ech/MapServer/identify?geometryType=esriGeometryPoint&geometry=8.479385%2C46.939305&layers=all%3Ach.swisstopo.swissboundaries3d-gemeinde-flaeche.fill&returnGeometry=false&sr=4326&tolerance=0&mapExtent=0%2C0%2C0%2C0&imageDisplay=0%2C0%2C0&lang=fr,GET,urllib GET,200,downloaded,data_external/source_evidence/GEO_POINT_dcd5cac0c8ee_20260919T233038Z.json,data_external/source_evidence/GEO_POINT_dcd5cac0c8ee_20260919T233038Z.json,a7fa293fecf22bc6ac68952d1191893280fcf3e0b339fdb3584396f34eeced69,,,True,,
2026-09-19T23:30:39.384788+00:00,initial_source_verification,GEO_POINT_fd5fee4b9d59,swisstopo / geo.admin.ch,https://api3.geo.admin.ch/rest/services/ech/MapServer/identify?geometryType=esriGeometryPoint&geometry=8.118768%2C46.895185&layers=all%3Ach.swisstopo.swissboundaries3d-gemeinde-flaeche.fill&returnGeometry=false&sr=4326&tolerance=0&mapExtent=0%2C0%2C0%2C0&imageDisplay=0%2C0%2C0&lang=fr,https://api3.geo.admin.ch/rest/services/ech/MapServer/identify?geometryType=esriGeometryPoint&geometry=8.118768%2C46.895185&layers=all%3Ach.swisstopo.swissboundaries3d-gemeinde-flaeche.fill&returnGeometry=false&sr=4326&tolerance=0&mapExtent=0%2C0%2C0%2C0&imageDisplay=0%2C0%2C0&lang=fr,GET,urllib GET,200,downloaded,data_external/source_evidence/GEO_POINT_fd5fee4b9d59_20260919T233039Z.json,data_external/source_evidence/GEO_POINT_fd5fee4b9d59_20260919T233039Z.json,384c58e41c950d56e67bb64eb4fbfa9168bff7048deaff57dbe04ae43213531c,,,True,,
2026-09-19T23:30:40.810323+00:00,initial_source_verification,GEO_POINT_a5bd80925a32,swisstopo / geo.admin.ch,https://api3.geo.admin.ch/rest/services/ech/MapServer/identify?geometryType=esriGeometryPoint&geometry=8.129403%2C46.788748&layers=all%3Ach.swisstopo.swissboundaries3d-gemeinde-flaeche.fill&returnGeometry=false&sr=4326&tolerance=0&mapExtent=0%2C0%2C0%2C0&imageDisplay=0%2C0%2C0&lang=fr,https://api3.geo.admin.ch/rest/services/ech/MapServer/identify?geometryType=esriGeometryPoint&geometry=8.129403%2C46.788748&layers=all%3Ach.swisstopo.swissboundaries3d-gemeinde-flaeche.fill&returnGeometry=false&sr=4326&tolerance=0&mapExtent=0%2C0%2C0%2C0&imageDisplay=0%2C0%2C0&lang=fr,GET,urllib GET,200,downloaded,data_external/source_evidence/GEO_POINT_a5bd80925a32_20260919T233040Z.json,data_external/source_evidence/GEO_POINT_a5bd80925a32_20260919T233040Z.json,af970106c91e6ff5209f374309ef0211f63c866b7355718948833d7efd952b2b,,,True,,
2026-09-19T23:30:42.128803+00:00,initial_source_verification,GEO_POINT_25c84441d994,swisstopo / geo.admin.ch,https://api3.geo.admin.ch/rest/services/ech/MapServer/identify?geometryType=esriGeometryPoint&geometry=7.899685%2C46.840233&layers=all%3Ach.swisstopo.swissboundaries3d-gemeinde-flaeche.fill&returnGeometry=false&sr=4326&tolerance=0&mapExtent=0%2C0%2C0%2C0&imageDisplay=0%2C0%2C0&lang=fr,https://api3.geo.admin.ch/rest/services/ech/MapServer/identify?geometryType=esriGeometryPoint&geometry=7.899685%2C46.840233&layers=all%3Ach.swisstopo.swissboundaries3d-gemeinde-flaeche.fill&returnGeometry=false&sr=4326&tolerance=0&mapExtent=0%2C0%2C0%2C0&imageDisplay=0%2C0%2C0&lang=fr,GET,urllib GET,200,downloaded,data_external/source_evidence/GEO_POINT_25c84441d994_20260919T233042Z.json,data_external/source_evidence/GEO_POINT_25c84441d994_20260919T233042Z.json,574a77bf39fd6fd93b2ef1639343d431602ebdc62569149ea4b21975cd313f46,,,True,,
2026-09-19T23:30:43.301785+00:00,initial_source_verification,GEO_POINT_e9698c927a1a,swisstopo / geo.admin.ch,https://api3.geo.admin.ch/rest/services/ech/MapServer/identify?geometryType=esriGeometryPoint&geometry=8.278284%2C46.775788&layers=all%3Ach.swisstopo.swissboundaries3d-gemeinde-flaeche.fill&returnGeometry=false&sr=4326&tolerance=0&mapExtent=0%2C0%2C0%2C0&imageDisplay=0%2C0%2C0&lang=fr,https://api3.geo.admin.ch/rest/services/ech/MapServer/identify?geometryType=esriGeometryPoint&geometry=8.278284%2C46.775788&layers=all%3Ach.swisstopo.swissboundaries3d-gemeinde-flaeche.fill&returnGeometry=false&sr=4326&tolerance=0&mapExtent=0%2C0%2C0%2C0&imageDisplay=0%2C0%2C0&lang=fr,GET,urllib GET,200,downloaded,data_external/source_evidence/GEO_POINT_e9698c927a1a_20260919T233043Z.json,data_external/source_evidence/GEO_POINT_e9698c927a1a_20260919T233043Z.json,439b2adb784b585d331e5eb9052edf6ea2def68994bae4980602e33fc546bd6a,,,True,,
2026-09-19T23:30:44.910044+00:00,initial_source_verification,GEO_POINT_bc2d3b7b2d30,swisstopo / geo.admin.ch,https://api3.geo.admin.ch/rest/services/ech/MapServer/identify?geometryType=esriGeometryPoint&geometry=8.710206%2C47.022968&layers=all%3Ach.swisstopo.swissboundaries3d-gemeinde-flaeche.fill&returnGeometry=false&sr=4326&tolerance=0&mapExtent=0%2C0%2C0%2C0&imageDisplay=0%2C0%2C0&lang=fr,https://api3.geo.admin.ch/rest/services/ech/MapServer/identify?geometryType=esriGeometryPoint&geometry=8.710206%2C47.022968&layers=all%3Ach.swisstopo.swissboundaries3d-gemeinde-flaeche.fill&returnGeometry=false&sr=4326&tolerance=0&mapExtent=0%2C0%2C0%2C0&imageDisplay=0%2C0%2C0&lang=fr,GET,urllib GET,200,downloaded,data_external/source_evidence/GEO_POINT_bc2d3b7b2d30_20260919T233044Z.json,data_external/source_evidence/GEO_POINT_bc2d3b7b2d30_20260919T233044Z.json,431d5e57eab0ff62df02833cc153805fbf208ae6738a5601cf90b0947263334c,,,True,,
2026-09-19T23:30:46.368621+00:00,initial_source_verification,GEO_POINT_786eea966153,swisstopo / geo.admin.ch,https://api3.geo.admin.ch/rest/services/ech/MapServer/identify?geometryType=esriGeometryPoint&geometry=8.108318%2C46.824379&layers=all%3Ach.swisstopo.swissboundaries3d-gemeinde-flaeche.fill&returnGeometry=false&sr=4326&tolerance=0&mapExtent=0%2C0%2C0%2C0&imageDisplay=0%2C0%2C0&lang=fr,https://api3.geo.admin.ch/rest/services/ech/MapServer/identify?geometryType=esriGeometryPoint&geometry=8.108318%2C46.824379&layers=all%3Ach.swisstopo.swissboundaries3d-gemeinde-flaeche.fill&returnGeometry=false&sr=4326&tolerance=0&mapExtent=0%2C0%2C0%2C0&imageDisplay=0%2C0%2C0&lang=fr,GET,urllib GET,200,downloaded,data_external/source_evidence/GEO_POINT_786eea966153_20260919T233046Z.json,data_external/source_evidence/GEO_POINT_786eea966153_20260919T233046Z.json,c6cb025baae47090196f80a4a120f91e6b3e250dfa7bbd5fe2c860e99e64def2,,,True,,
2026-09-19T23:30:47.619632+00:00,initial_source_verification,GEO_POINT_2b9643428296,swisstopo / geo.admin.ch,https://api3.geo.admin.ch/rest/services/ech/MapServer/identify?geometryType=esriGeometryPoint&geometry=8.673921%2C47.091978&layers=all%3Ach.swisstopo.swissboundaries3d-gemeinde-flaeche.fill&returnGeometry=false&sr=4326&tolerance=0&mapExtent=0%2C0%2C0%2C0&imageDisplay=0%2C0%2C0&lang=fr,https://api3.geo.admin.ch/rest/services/ech/MapServer/identify?geometryType=esriGeometryPoint&geometry=8.673921%2C47.091978&layers=all%3Ach.swisstopo.swissboundaries3d-gemeinde-flaeche.fill&returnGeometry=false&sr=4326&tolerance=0&mapExtent=0%2C0%2C0%2C0&imageDisplay=0%2C0%2C0&lang=fr,GET,urllib GET,200,downloaded,data_external/source_evidence/GEO_POINT_2b9643428296_20260919T233047Z.json,data_external/source_evidence/GEO_POINT_2b9643428296_20260919T233047Z.json,a74ec0d52ee086e29b55a85b82dd380b3f15d42ce8a1673f34c94aea8cd85573,,,True,,
2026-09-19T23:30:48.798711+00:00,initial_source_verification,GEO_POINT_742ddaa08db7,swisstopo / geo.admin.ch,https://api3.geo.admin.ch/rest/services/ech/MapServer/identify?geometryType=esriGeometryPoint&geometry=8.557481%2C47.125504&layers=all%3Ach.swisstopo.swissboundaries3d-gemeinde-flaeche.fill&returnGeometry=false&sr=4326&tolerance=0&mapExtent=0%2C0%2C0%2C0&imageDisplay=0%2C0%2C0&lang=fr,https://api3.geo.admin.ch/rest/services/ech/MapServer/identify?geometryType=esriGeometryPoint&geometry=8.557481%2C47.125504&layers=all%3Ach.swisstopo.swissboundaries3d-gemeinde-flaeche.fill&returnGeometry=false&sr=4326&tolerance=0&mapExtent=0%2C0%2C0%2C0&imageDisplay=0%2C0%2C0&lang=fr,GET,urllib GET,200,downloaded,data_external/source_evidence/GEO_POINT_742ddaa08db7_20260919T233048Z.json,data_external/source_evidence/GEO_POINT_742ddaa08db7_20260919T233048Z.json,28e6d7bbd76aa0a9c4a9969e9084e6a02912b117f33709d4e6e6c377c5915ded,,,True,,
2026-09-19T23:30:50.143979+00:00,initial_source_verification,GEO_POINT_656864b9fe37,swisstopo / geo.admin.ch,https://api3.geo.admin.ch/rest/services/ech/MapServer/identify?geometryType=esriGeometryPoint&geometry=8.782257%2C47.038439&layers=all%3Ach.swisstopo.swissboundaries3d-gemeinde-flaeche.fill&returnGeometry=false&sr=4326&tolerance=0&mapExtent=0%2C0%2C0%2C0&imageDisplay=0%2C0%2C0&lang=fr,https://api3.geo.admin.ch/rest/services/ech/MapServer/identify?geometryType=esriGeometryPoint&geometry=8.782257%2C47.038439&layers=all%3Ach.swisstopo.swissboundaries3d-gemeinde-flaeche.fill&returnGeometry=false&sr=4326&tolerance=0&mapExtent=0%2C0%2C0%2C0&imageDisplay=0%2C0%2C0&lang=fr,GET,urllib GET,200,downloaded,data_external/source_evidence/GEO_POINT_656864b9fe37_20260919T233050Z.json,data_external/source_evidence/GEO_POINT_656864b9fe37_20260919T233050Z.json,4f76fb17aabe0a70d6d2620c5591d2ea6e97cd248519736c1edfb11c02ecf80c,,,True,,
2026-09-19T23:30:51.436444+00:00,initial_source_verification,GEO_POINT_175701478c4f,swisstopo / geo.admin.ch,https://api3.geo.admin.ch/rest/services/ech/MapServer/identify?geometryType=esriGeometryPoint&geometry=8.731985%2C46.887880&layers=all%3Ach.swisstopo.swissboundaries3d-gemeinde-flaeche.fill&returnGeometry=false&sr=4326&tolerance=0&mapExtent=0%2C0%2C0%2C0&imageDisplay=0%2C0%2C0&lang=fr,https://api3.geo.admin.ch/rest/services/ech/MapServer/identify?geometryType=esriGeometryPoint&geometry=8.731985%2C46.887880&layers=all%3Ach.swisstopo.swissboundaries3d-gemeinde-flaeche.fill&returnGeometry=false&sr=4326&tolerance=0&mapExtent=0%2C0%2C0%2C0&imageDisplay=0%2C0%2C0&lang=fr,GET,urllib GET,200,downloaded,data_external/source_evidence/GEO_POINT_175701478c4f_20260919T233051Z.json,data_external/source_evidence/GEO_POINT_175701478c4f_20260919T233051Z.json,4777e8158c4140b0b066e62bd19dc11078d1d265bfc6c396659092054972af31,,,True,,
2026-09-19T23:30:52.661469+00:00,initial_source_verification,GEO_POINT_6e7f607883d1,swisstopo / geo.admin.ch,https://api3.geo.admin.ch/rest/services/ech/MapServer/identify?geometryType=esriGeometryPoint&geometry=8.497581%2C46.602162&layers=all%3Ach.swisstopo.swissboundaries3d-gemeinde-flaeche.fill&returnGeometry=false&sr=4326&tolerance=0&mapExtent=0%2C0%2C0%2C0&imageDisplay=0%2C0%2C0&lang=fr,https://api3.geo.admin.ch/rest/services/ech/MapServer/identify?geometryType=esriGeometryPoint&geometry=8.497581%2C46.602162&layers=all%3Ach.swisstopo.swissboundaries3d-gemeinde-flaeche.fill&returnGeometry=false&sr=4326&tolerance=0&mapExtent=0%2C0%2C0%2C0&imageDisplay=0%2C0%2C0&lang=fr,GET,urllib GET,200,downloaded,data_external/source_evidence/GEO_POINT_6e7f607883d1_20260919T233052Z.json,data_external/source_evidence/GEO_POINT_6e7f607883d1_20260919T233052Z.json,e16cc966ae94b20675c59c292b97b584a7f55d7aaf035f2a6f75a5395b76817b,,,True,,
2026-09-19T23:30:53.974093+00:00,initial_source_verification,GEO_POINT_e87cedff2f65,swisstopo / geo.admin.ch,https://api3.geo.admin.ch/rest/services/ech/MapServer/identify?geometryType=esriGeometryPoint&geometry=8.499298%2C47.044393&layers=all%3Ach.swisstopo.swissboundaries3d-gemeinde-flaeche.fill&returnGeometry=false&sr=4326&tolerance=0&mapExtent=0%2C0%2C0%2C0&imageDisplay=0%2C0%2C0&lang=fr,https://api3.geo.admin.ch/rest/services/ech/MapServer/identify?geometryType=esriGeometryPoint&geometry=8.499298%2C47.044393&layers=all%3Ach.swisstopo.swissboundaries3d-gemeinde-flaeche.fill&returnGeometry=false&sr=4326&tolerance=0&mapExtent=0%2C0%2C0%2C0&imageDisplay=0%2C0%2C0&lang=fr,GET,urllib GET,200,downloaded,data_external/source_evidence/GEO_POINT_e87cedff2f65_20260919T233053Z.json,data_external/source_evidence/GEO_POINT_e87cedff2f65_20260919T233053Z.json,34254d496c0ccdccbfb8b1688b5756b4b853839b111e65820d2ef69ddfe2cef0,,,True,,
2026-09-19T23:30:55.165461+00:00,initial_source_verification,GEO_POINT_0c8e446a5cf9,swisstopo / geo.admin.ch,https://api3.geo.admin.ch/rest/services/ech/MapServer/identify?geometryType=esriGeometryPoint&geometry=8.848490%2C47.125487&layers=all%3Ach.swisstopo.swissboundaries3d-gemeinde-flaeche.fill&returnGeometry=false&sr=4326&tolerance=0&mapExtent=0%2C0%2C0%2C0&imageDisplay=0%2C0%2C0&lang=fr,https://api3.geo.admin.ch/rest/services/ech/MapServer/identify?geometryType=esriGeometryPoint&geometry=8.848490%2C47.125487&layers=all%3Ach.swisstopo.swissboundaries3d-gemeinde-flaeche.fill&returnGeometry=false&sr=4326&tolerance=0&mapExtent=0%2C0%2C0%2C0&imageDisplay=0%2C0%2C0&lang=fr,GET,urllib GET,200,downloaded,data_external/source_evidence/GEO_POINT_0c8e446a5cf9_20260919T233055Z.json,data_external/source_evidence/GEO_POINT_0c8e446a5cf9_20260919T233055Z.json,3562198193c26882bb40d1199003e688c2b8d1ea1d77c4677ff2b653abc0b022,,,True,,
2026-09-19T23:30:56.359178+00:00,initial_source_verification,GEO_POINT_29456c33c37d,swisstopo / geo.admin.ch,https://api3.geo.admin.ch/rest/services/ech/MapServer/identify?geometryType=esriGeometryPoint&geometry=8.738143%2C47.141387&layers=all%3Ach.swisstopo.swissboundaries3d-gemeinde-flaeche.fill&returnGeometry=false&sr=4326&tolerance=0&mapExtent=0%2C0%2C0%2C0&imageDisplay=0%2C0%2C0&lang=fr,https://api3.geo.admin.ch/rest/services/ech/MapServer/identify?geometryType=esriGeometryPoint&geometry=8.738143%2C47.141387&layers=all%3Ach.swisstopo.swissboundaries3d-gemeinde-flaeche.fill&returnGeometry=false&sr=4326&tolerance=0&mapExtent=0%2C0%2C0%2C0&imageDisplay=0%2C0%2C0&lang=fr,GET,urllib GET,200,downloaded,data_external/source_evidence/GEO_POINT_29456c33c37d_20260919T233056Z.json,data_external/source_evidence/GEO_POINT_29456c33c37d_20260919T233056Z.json,b75f622d9cc0a92903ef67e23e216528aa2d84938281d65c08fb9b255236f520,,,True,,
2026-09-19T23:30:57.586216+00:00,initial_source_verification,GEO_POINT_cc3a2ff7ae1b,swisstopo / geo.admin.ch,https://api3.geo.admin.ch/rest/services/ech/MapServer/identify?geometryType=esriGeometryPoint&geometry=8.007549%2C46.873193&layers=all%3Ach.swisstopo.swissboundaries3d-gemeinde-flaeche.fill&returnGeometry=false&sr=4326&tolerance=0&mapExtent=0%2C0%2C0%2C0&imageDisplay=0%2C0%2C0&lang=fr,https://api3.geo.admin.ch/rest/services/ech/MapServer/identify?geometryType=esriGeometryPoint&geometry=8.007549%2C46.873193&layers=all%3Ach.swisstopo.swissboundaries3d-gemeinde-flaeche.fill&returnGeometry=false&sr=4326&tolerance=0&mapExtent=0%2C0%2C0%2C0&imageDisplay=0%2C0%2C0&lang=fr,GET,urllib GET,200,downloaded,data_external/source_evidence/GEO_POINT_cc3a2ff7ae1b_20260919T233057Z.json,data_external/source_evidence/GEO_POINT_cc3a2ff7ae1b_20260919T233057Z.json,0310a1f91e7679aa680169b3598241dcf506f99d14ed1c5f6e7c485548b6ee27,,,True,,
2026-09-19T23:30:59.018519+00:00,initial_source_verification,GEO_POINT_f3a88e4062e0,swisstopo / geo.admin.ch,https://api3.geo.admin.ch/rest/services/ech/MapServer/identify?geometryType=esriGeometryPoint&geometry=8.468099%2C47.068470&layers=all%3Ach.swisstopo.swissboundaries3d-gemeinde-flaeche.fill&returnGeometry=false&sr=4326&tolerance=0&mapExtent=0%2C0%2C0%2C0&imageDisplay=0%2C0%2C0&lang=fr,https://api3.geo.admin.ch/rest/services/ech/MapServer/identify?geometryType=esriGeometryPoint&geometry=8.468099%2C47.068470&layers=all%3Ach.swisstopo.swissboundaries3d-gemeinde-flaeche.fill&returnGeometry=false&sr=4326&tolerance=0&mapExtent=0%2C0%2C0%2C0&imageDisplay=0%2C0%2C0&lang=fr,GET,urllib GET,200,downloaded,data_external/source_evidence/GEO_POINT_f3a88e4062e0_20260919T233059Z.json,data_external/source_evidence/GEO_POINT_f3a88e4062e0_20260919T233059Z.json,f86e923a7b552589d6eb1112083abe0972cfb19c5cf312a614d25dd3f9bed83a,,,True,,
2026-09-19T23:31:00.180005+00:00,initial_source_verification,GEO_POINT_b8e3757a7fd8,swisstopo / geo.admin.ch,https://api3.geo.admin.ch/rest/services/ech/MapServer/identify?geometryType=esriGeometryPoint&geometry=8.658514%2C46.977851&layers=all%3Ach.swisstopo.swissboundaries3d-gemeinde-flaeche.fill&returnGeometry=false&sr=4326&tolerance=0&mapExtent=0%2C0%2C0%2C0&imageDisplay=0%2C0%2C0&lang=fr,https://api3.geo.admin.ch/rest/services/ech/MapServer/identify?geometryType=esriGeometryPoint&geometry=8.658514%2C46.977851&layers=all%3Ach.swisstopo.swissboundaries3d-gemeinde-flaeche.fill&returnGeometry=false&sr=4326&tolerance=0&mapExtent=0%2C0%2C0%2C0&imageDisplay=0%2C0%2C0&lang=fr,GET,urllib GET,200,downloaded,data_external/source_evidence/GEO_POINT_b8e3757a7fd8_20260919T233100Z.json,data_external/source_evidence/GEO_POINT_b8e3757a7fd8_20260919T233100Z.json,8e2bc592d198838067b65f21bbc5eb84707b37226f71e70eb5bcd0b351852d3c,,,True,,
2026-09-19T23:31:01.333050+00:00,initial_source_verification,GEO_POINT_79fd003283ad,swisstopo / geo.admin.ch,https://api3.geo.admin.ch/rest/services/ech/MapServer/identify?geometryType=esriGeometryPoint&geometry=8.030405%2C46.809812&layers=all%3Ach.swisstopo.swissboundaries3d-gemeinde-flaeche.fill&returnGeometry=false&sr=4326&tolerance=0&mapExtent=0%2C0%2C0%2C0&imageDisplay=0%2C0%2C0&lang=fr,https://api3.geo.admin.ch/rest/services/ech/MapServer/identify?geometryType=esriGeometryPoint&geometry=8.030405%2C46.809812&layers=all%3Ach.swisstopo.swissboundaries3d-gemeinde-flaeche.fill&returnGeometry=false&sr=4326&tolerance=0&mapExtent=0%2C0%2C0%2C0&imageDisplay=0%2C0%2C0&lang=fr,GET,urllib GET,200,downloaded,data_external/source_evidence/GEO_POINT_79fd003283ad_20260919T233101Z.json,data_external/source_evidence/GEO_POINT_79fd003283ad_20260919T233101Z.json,0310a1f91e7679aa680169b3598241dcf506f99d14ed1c5f6e7c485548b6ee27,,,True,,
2026-09-19T23:31:02.555579+00:00,initial_source_verification,GEO_POINT_e1f207b1ed75,swisstopo / geo.admin.ch,https://api3.geo.admin.ch/rest/services/ech/MapServer/identify?geometryType=esriGeometryPoint&geometry=8.893122%2C47.124317&layers=all%3Ach.swisstopo.swissboundaries3d-gemeinde-flaeche.fill&returnGeometry=false&sr=4326&tolerance=0&mapExtent=0%2C0%2C0%2C0&imageDisplay=0%2C0%2C0&lang=fr,https://api3.geo.admin.ch/rest/services/ech/MapServer/identify?geometryType=esriGeometryPoint&geometry=8.893122%2C47.124317&layers=all%3Ach.swisstopo.swissboundaries3d-gemeinde-flaeche.fill&returnGeometry=false&sr=4326&tolerance=0&mapExtent=0%2C0%2C0%2C0&imageDisplay=0%2C0%2C0&lang=fr,GET,urllib GET,200,downloaded,data_external/source_evidence/GEO_POINT_e1f207b1ed75_20260919T233102Z.json,data_external/source_evidence/GEO_POINT_e1f207b1ed75_20260919T233102Z.json,3562198193c26882bb40d1199003e688c2b8d1ea1d77c4677ff2b653abc0b022,,,True,,
2026-09-19T23:31:03.717733+00:00,initial_source_verification,GEO_POINT_879dc5385003,swisstopo / geo.admin.ch,https://api3.geo.admin.ch/rest/services/ech/MapServer/identify?geometryType=esriGeometryPoint&geometry=7.556920%2C46.493616&layers=all%3Ach.swisstopo.swissboundaries3d-gemeinde-flaeche.fill&returnGeometry=false&sr=4326&tolerance=0&mapExtent=0%2C0%2C0%2C0&imageDisplay=0%2C0%2C0&lang=fr,https://api3.geo.admin.ch/rest/services/ech/MapServer/identify?geometryType=esriGeometryPoint&geometry=7.556920%2C46.493616&layers=all%3Ach.swisstopo.swissboundaries3d-gemeinde-flaeche.fill&returnGeometry=false&sr=4326&tolerance=0&mapExtent=0%2C0%2C0%2C0&imageDisplay=0%2C0%2C0&lang=fr,GET,urllib GET,200,downloaded,data_external/source_evidence/GEO_POINT_879dc5385003_20260919T233103Z.json,data_external/source_evidence/GEO_POINT_879dc5385003_20260919T233103Z.json,bcb3e1fa9c194d7b29f98e1f996f7e6c2fa070d4e9fd0d73c43ee2004773c5e1,,,True,,
2026-09-19T23:31:05.171114+00:00,initial_source_verification,GEO_POINT_c03fcb7c3600,swisstopo / geo.admin.ch,https://api3.geo.admin.ch/rest/services/ech/MapServer/identify?geometryType=esriGeometryPoint&geometry=7.727723%2C46.646991&layers=all%3Ach.swisstopo.swissboundaries3d-gemeinde-flaeche.fill&returnGeometry=false&sr=4326&tolerance=0&mapExtent=0%2C0%2C0%2C0&imageDisplay=0%2C0%2C0&lang=fr,https://api3.geo.admin.ch/rest/services/ech/MapServer/identify?geometryType=esriGeometryPoint&geometry=7.727723%2C46.646991&layers=all%3Ach.swisstopo.swissboundaries3d-gemeinde-flaeche.fill&returnGeometry=false&sr=4326&tolerance=0&mapExtent=0%2C0%2C0%2C0&imageDisplay=0%2C0%2C0&lang=fr,GET,urllib GET,200,downloaded,data_external/source_evidence/GEO_POINT_c03fcb7c3600_20260919T233105Z.json,data_external/source_evidence/GEO_POINT_c03fcb7c3600_20260919T233105Z.json,71b4a77ff1886611bb6bfb2404b107b1f55fc3a3b50a06d34c2eb414c3beca55,,,True,,
2026-09-19T23:31:06.333656+00:00,initial_source_verification,GEO_POINT_c8eedc463b01,swisstopo / geo.admin.ch,https://api3.geo.admin.ch/rest/services/ech/MapServer/identify?geometryType=esriGeometryPoint&geometry=8.042511%2C46.712855&layers=all%3Ach.swisstopo.swissboundaries3d-gemeinde-flaeche.fill&returnGeometry=false&sr=4326&tolerance=0&mapExtent=0%2C0%2C0%2C0&imageDisplay=0%2C0%2C0&lang=fr,https://api3.geo.admin.ch/rest/services/ech/MapServer/identify?geometryType=esriGeometryPoint&geometry=8.042511%2C46.712855&layers=all%3Ach.swisstopo.swissboundaries3d-gemeinde-flaeche.fill&returnGeometry=false&sr=4326&tolerance=0&mapExtent=0%2C0%2C0%2C0&imageDisplay=0%2C0%2C0&lang=fr,GET,urllib GET,200,downloaded,data_external/source_evidence/GEO_POINT_c8eedc463b01_20260919T233106Z.json,data_external/source_evidence/GEO_POINT_c8eedc463b01_20260919T233106Z.json,e6f771fbfc9f99ff6c908e3fe55beb94a4cbf71ff21c507b2a1bce2655111132,,,True,,
2026-09-19T23:31:07.728288+00:00,initial_source_verification,GEO_POINT_5a4071d489d0,swisstopo / geo.admin.ch,https://api3.geo.admin.ch/rest/services/ech/MapServer/identify?geometryType=esriGeometryPoint&geometry=7.772655%2C46.703379&layers=all%3Ach.swisstopo.swissboundaries3d-gemeinde-flaeche.fill&returnGeometry=false&sr=4326&tolerance=0&mapExtent=0%2C0%2C0%2C0&imageDisplay=0%2C0%2C0&lang=fr,https://api3.geo.admin.ch/rest/services/ech/MapServer/identify?geometryType=esriGeometryPoint&geometry=7.772655%2C46.703379&layers=all%3Ach.swisstopo.swissboundaries3d-gemeinde-flaeche.fill&returnGeometry=false&sr=4326&tolerance=0&mapExtent=0%2C0%2C0%2C0&imageDisplay=0%2C0%2C0&lang=fr,GET,urllib GET,200,downloaded,data_external/source_evidence/GEO_POINT_5a4071d489d0_20260919T233107Z.json,data_external/source_evidence/GEO_POINT_5a4071d489d0_20260919T233107Z.json,9a7d1a32c1ab035235da6b79e878712024802be2ac81f6033eee43b919cce65c,,,True,,
2026-09-19T23:31:09.292491+00:00,initial_source_verification,GEO_POINT_19f197f6eb61,swisstopo / geo.admin.ch,https://api3.geo.admin.ch/rest/services/ech/MapServer/identify?geometryType=esriGeometryPoint&geometry=7.774790%2C46.891772&layers=all%3Ach.swisstopo.swissboundaries3d-gemeinde-flaeche.fill&returnGeometry=false&sr=4326&tolerance=0&mapExtent=0%2C0%2C0%2C0&imageDisplay=0%2C0%2C0&lang=fr,https://api3.geo.admin.ch/rest/services/ech/MapServer/identify?geometryType=esriGeometryPoint&geometry=7.774790%2C46.891772&layers=all%3Ach.swisstopo.swissboundaries3d-gemeinde-flaeche.fill&returnGeometry=false&sr=4326&tolerance=0&mapExtent=0%2C0%2C0%2C0&imageDisplay=0%2C0%2C0&lang=fr,GET,urllib GET,200,downloaded,data_external/source_evidence/GEO_POINT_19f197f6eb61_20260919T233109Z.json,data_external/source_evidence/GEO_POINT_19f197f6eb61_20260919T233109Z.json,d9b638dc62031c0ced6d2f5fa20b9f45d63feb750de62147c1983ffb03175138,,,True,,
2026-09-19T23:31:10.478234+00:00,initial_source_verification,GEO_POINT_78b0b228d6f2,swisstopo / geo.admin.ch,https://api3.geo.admin.ch/rest/services/ech/MapServer/identify?geometryType=esriGeometryPoint&geometry=7.623138%2C46.522139&layers=all%3Ach.swisstopo.swissboundaries3d-gemeinde-flaeche.fill&returnGeometry=false&sr=4326&tolerance=0&mapExtent=0%2C0%2C0%2C0&imageDisplay=0%2C0%2C0&lang=fr,https://api3.geo.admin.ch/rest/services/ech/MapServer/identify?geometryType=esriGeometryPoint&geometry=7.623138%2C46.522139&layers=all%3Ach.swisstopo.swissboundaries3d-gemeinde-flaeche.fill&returnGeometry=false&sr=4326&tolerance=0&mapExtent=0%2C0%2C0%2C0&imageDisplay=0%2C0%2C0&lang=fr,GET,urllib GET,200,downloaded,data_external/source_evidence/GEO_POINT_78b0b228d6f2_20260919T233110Z.json,data_external/source_evidence/GEO_POINT_78b0b228d6f2_20260919T233110Z.json,822238659bbc76db37f271d8ddbcdda2024988cb537205d86568ce6b34caf58b,,,True,,
2026-09-19T23:31:12.038430+00:00,initial_source_verification,GEO_POINT_8f4d4e6942e9,swisstopo / geo.admin.ch,https://api3.geo.admin.ch/rest/services/ech/MapServer/identify?geometryType=esriGeometryPoint&geometry=7.570224%2C46.437739&layers=all%3Ach.swisstopo.swissboundaries3d-gemeinde-flaeche.fill&returnGeometry=false&sr=4326&tolerance=0&mapExtent=0%2C0%2C0%2C0&imageDisplay=0%2C0%2C0&lang=fr,https://api3.geo.admin.ch/rest/services/ech/MapServer/identify?geometryType=esriGeometryPoint&geometry=7.570224%2C46.437739&layers=all%3Ach.swisstopo.swissboundaries3d-gemeinde-flaeche.fill&returnGeometry=false&sr=4326&tolerance=0&mapExtent=0%2C0%2C0%2C0&imageDisplay=0%2C0%2C0&lang=fr,GET,urllib GET,200,downloaded,data_external/source_evidence/GEO_POINT_8f4d4e6942e9_20260919T233112Z.json,data_external/source_evidence/GEO_POINT_8f4d4e6942e9_20260919T233112Z.json,bcb3e1fa9c194d7b29f98e1f996f7e6c2fa070d4e9fd0d73c43ee2004773c5e1,,,True,,
2026-09-19T23:31:13.453794+00:00,initial_source_verification,GEO_POINT_9232351acfdc,swisstopo / geo.admin.ch,https://api3.geo.admin.ch/rest/services/ech/MapServer/identify?geometryType=esriGeometryPoint&geometry=7.825141%2C46.781343&layers=all%3Ach.swisstopo.swissboundaries3d-gemeinde-flaeche.fill&returnGeometry=false&sr=4326&tolerance=0&mapExtent=0%2C0%2C0%2C0&imageDisplay=0%2C0%2C0&lang=fr,https://api3.geo.admin.ch/rest/services/ech/MapServer/identify?geometryType=esriGeometryPoint&geometry=7.825141%2C46.781343&layers=all%3Ach.swisstopo.swissboundaries3d-gemeinde-flaeche.fill&returnGeometry=false&sr=4326&tolerance=0&mapExtent=0%2C0%2C0%2C0&imageDisplay=0%2C0%2C0&lang=fr,GET,urllib GET,200,downloaded,data_external/source_evidence/GEO_POINT_9232351acfdc_20260919T233113Z.json,data_external/source_evidence/GEO_POINT_9232351acfdc_20260919T233113Z.json,5ba822ec8e1c5c797ea1b43ac118cb3667d150f4edba0b703231ca7605909f49,,,True,,
2026-09-19T23:31:14.710794+00:00,initial_source_verification,GEO_POINT_576b343c9ee6,swisstopo / geo.admin.ch,https://api3.geo.admin.ch/rest/services/ech/MapServer/identify?geometryType=esriGeometryPoint&geometry=7.719454%2C46.630739&layers=all%3Ach.swisstopo.swissboundaries3d-gemeinde-flaeche.fill&returnGeometry=false&sr=4326&tolerance=0&mapExtent=0%2C0%2C0%2C0&imageDisplay=0%2C0%2C0&lang=fr,https://api3.geo.admin.ch/rest/services/ech/MapServer/identify?geometryType=esriGeometryPoint&geometry=7.719454%2C46.630739&layers=all%3Ach.swisstopo.swissboundaries3d-gemeinde-flaeche.fill&returnGeometry=false&sr=4326&tolerance=0&mapExtent=0%2C0%2C0%2C0&imageDisplay=0%2C0%2C0&lang=fr,GET,urllib GET,200,downloaded,data_external/source_evidence/GEO_POINT_576b343c9ee6_20260919T233114Z.json,data_external/source_evidence/GEO_POINT_576b343c9ee6_20260919T233114Z.json,b56eda10bd4c29b863074a04602136bfa84d27a353b0e1797356802641bf0552,,,True,,
2026-09-19T23:31:16.160788+00:00,initial_source_verification,GEO_POINT_ba34e974d503,swisstopo / geo.admin.ch,https://api3.geo.admin.ch/rest/services/ech/MapServer/identify?geometryType=esriGeometryPoint&geometry=8.351020%2C46.738742&layers=all%3Ach.swisstopo.swissboundaries3d-gemeinde-flaeche.fill&returnGeometry=false&sr=4326&tolerance=0&mapExtent=0%2C0%2C0%2C0&imageDisplay=0%2C0%2C0&lang=fr,https://api3.geo.admin.ch/rest/services/ech/MapServer/identify?geometryType=esriGeometryPoint&geometry=8.351020%2C46.738742&layers=all%3Ach.swisstopo.swissboundaries3d-gemeinde-flaeche.fill&returnGeometry=false&sr=4326&tolerance=0&mapExtent=0%2C0%2C0%2C0&imageDisplay=0%2C0%2C0&lang=fr,GET,urllib GET,200,downloaded,data_external/source_evidence/GEO_POINT_ba34e974d503_20260919T233116Z.json,data_external/source_evidence/GEO_POINT_ba34e974d503_20260919T233116Z.json,3811bcf1cba08135a08bdf24503b9ad730f4b286cdeecde093b42ab7bd395c2f,,,True,,
2026-09-19T23:31:17.638485+00:00,initial_source_verification,GEO_POINT_00850049e3ce,swisstopo / geo.admin.ch,https://api3.geo.admin.ch/rest/services/ech/MapServer/identify?geometryType=esriGeometryPoint&geometry=7.481089%2C46.561575&layers=all%3Ach.swisstopo.swissboundaries3d-gemeinde-flaeche.fill&returnGeometry=false&sr=4326&tolerance=0&mapExtent=0%2C0%2C0%2C0&imageDisplay=0%2C0%2C0&lang=fr,https://api3.geo.admin.ch/rest/services/ech/MapServer/identify?geometryType=esriGeometryPoint&geometry=7.481089%2C46.561575&layers=all%3Ach.swisstopo.swissboundaries3d-gemeinde-flaeche.fill&returnGeometry=false&sr=4326&tolerance=0&mapExtent=0%2C0%2C0%2C0&imageDisplay=0%2C0%2C0&lang=fr,GET,urllib GET,200,downloaded,data_external/source_evidence/GEO_POINT_00850049e3ce_20260919T233117Z.json,data_external/source_evidence/GEO_POINT_00850049e3ce_20260919T233117Z.json,0aee72a9fa4bba2bb0218858c5f5ac4a516a732743820f90fb33f460dc7765a7,,,True,,
2026-09-19T23:31:19.038034+00:00,initial_source_verification,GEO_POINT_e0df63cbf0c8,swisstopo / geo.admin.ch,https://api3.geo.admin.ch/rest/services/ech/MapServer/identify?geometryType=esriGeometryPoint&geometry=7.318869%2C46.491597&layers=all%3Ach.swisstopo.swissboundaries3d-gemeinde-flaeche.fill&returnGeometry=false&sr=4326&tolerance=0&mapExtent=0%2C0%2C0%2C0&imageDisplay=0%2C0%2C0&lang=fr,https://api3.geo.admin.ch/rest/services/ech/MapServer/identify?geometryType=esriGeometryPoint&geometry=7.318869%2C46.491597&layers=all%3Ach.swisstopo.swissboundaries3d-gemeinde-flaeche.fill&returnGeometry=false&sr=4326&tolerance=0&mapExtent=0%2C0%2C0%2C0&imageDisplay=0%2C0%2C0&lang=fr,GET,urllib GET,200,downloaded,data_external/source_evidence/GEO_POINT_e0df63cbf0c8_20260919T233119Z.json,data_external/source_evidence/GEO_POINT_e0df63cbf0c8_20260919T233119Z.json,3b8c5f64468b79d0353cce3ff6cfba459380e69e048d27e703dcc885f1755bab,,,True,,
2026-09-19T23:31:20.353838+00:00,initial_source_verification,GEO_POINT_aaa0470d1da2,swisstopo / geo.admin.ch,https://api3.geo.admin.ch/rest/services/ech/MapServer/identify?geometryType=esriGeometryPoint&geometry=7.863808%2C46.727154&layers=all%3Ach.swisstopo.swissboundaries3d-gemeinde-flaeche.fill&returnGeometry=false&sr=4326&tolerance=0&mapExtent=0%2C0%2C0%2C0&imageDisplay=0%2C0%2C0&lang=fr,https://api3.geo.admin.ch/rest/services/ech/MapServer/identify?geometryType=esriGeometryPoint&geometry=7.863808%2C46.727154&layers=all%3Ach.swisstopo.swissboundaries3d-gemeinde-flaeche.fill&returnGeometry=false&sr=4326&tolerance=0&mapExtent=0%2C0%2C0%2C0&imageDisplay=0%2C0%2C0&lang=fr,GET,urllib GET,200,downloaded,data_external/source_evidence/GEO_POINT_aaa0470d1da2_20260919T233120Z.json,data_external/source_evidence/GEO_POINT_aaa0470d1da2_20260919T233120Z.json,e6285bdf1a3a7f81bd54976d3ca984e83ec40eb08b858a4154ef1a171426b17a,,,True,,
2026-09-19T23:31:21.616451+00:00,initial_source_verification,GEO_POINT_bf190d7d83cd,swisstopo / geo.admin.ch,https://api3.geo.admin.ch/rest/services/ech/MapServer/identify?geometryType=esriGeometryPoint&geometry=7.684973%2C46.751028&layers=all%3Ach.swisstopo.swissboundaries3d-gemeinde-flaeche.fill&returnGeometry=false&sr=4326&tolerance=0&mapExtent=0%2C0%2C0%2C0&imageDisplay=0%2C0%2C0&lang=fr,https://api3.geo.admin.ch/rest/services/ech/MapServer/identify?geometryType=esriGeometryPoint&geometry=7.684973%2C46.751028&layers=all%3Ach.swisstopo.swissboundaries3d-gemeinde-flaeche.fill&returnGeometry=false&sr=4326&tolerance=0&mapExtent=0%2C0%2C0%2C0&imageDisplay=0%2C0%2C0&lang=fr,GET,urllib GET,200,downloaded,data_external/source_evidence/GEO_POINT_bf190d7d83cd_20260919T233121Z.json,data_external/source_evidence/GEO_POINT_bf190d7d83cd_20260919T233121Z.json,0fbc71fbd21a83c6155b956a1b7a56f208fc929d45d351e852d236da9d39f29e,,,True,,
2026-09-19T23:31:22.924354+00:00,initial_source_verification,GEO_POINT_3fbcaeda60e8,swisstopo / geo.admin.ch,https://api3.geo.admin.ch/rest/services/ech/MapServer/identify?geometryType=esriGeometryPoint&geometry=7.338685%2C46.592276&layers=all%3Ach.swisstopo.swissboundaries3d-gemeinde-flaeche.fill&returnGeometry=false&sr=4326&tolerance=0&mapExtent=0%2C0%2C0%2C0&imageDisplay=0%2C0%2C0&lang=fr,https://api3.geo.admin.ch/rest/services/ech/MapServer/identify?geometryType=esriGeometryPoint&geometry=7.338685%2C46.592276&layers=all%3Ach.swisstopo.swissboundaries3d-gemeinde-flaeche.fill&returnGeometry=false&sr=4326&tolerance=0&mapExtent=0%2C0%2C0%2C0&imageDisplay=0%2C0%2C0&lang=fr,GET,urllib GET,200,downloaded,data_external/source_evidence/GEO_POINT_3fbcaeda60e8_20260919T233122Z.json,data_external/source_evidence/GEO_POINT_3fbcaeda60e8_20260919T233122Z.json,81da04050d22b8dd4e43820cf62476c8f9d01511816e4c4e3432ffea9e3b59c7,,,True,,
2026-09-19T23:31:24.114961+00:00,initial_source_verification,GEO_POINT_18f499b1f357,swisstopo / geo.admin.ch,https://api3.geo.admin.ch/rest/services/ech/MapServer/identify?geometryType=esriGeometryPoint&geometry=7.710857%2C46.580575&layers=all%3Ach.swisstopo.swissboundaries3d-gemeinde-flaeche.fill&returnGeometry=false&sr=4326&tolerance=0&mapExtent=0%2C0%2C0%2C0&imageDisplay=0%2C0%2C0&lang=fr,https://api3.geo.admin.ch/rest/services/ech/MapServer/identify?geometryType=esriGeometryPoint&geometry=7.710857%2C46.580575&layers=all%3Ach.swisstopo.swissboundaries3d-gemeinde-flaeche.fill&returnGeometry=false&sr=4326&tolerance=0&mapExtent=0%2C0%2C0%2C0&imageDisplay=0%2C0%2C0&lang=fr,GET,urllib GET,200,downloaded,data_external/source_evidence/GEO_POINT_18f499b1f357_20260919T233124Z.json,data_external/source_evidence/GEO_POINT_18f499b1f357_20260919T233124Z.json,63db5f818c53548eebf14b9c1789b8e40f93a6d7a0bb5f7614a81c0dfbca41de,,,True,,
2026-09-19T23:31:25.295972+00:00,initial_source_verification,GEO_POINT_e7aa087ef186,swisstopo / geo.admin.ch,https://api3.geo.admin.ch/rest/services/ech/MapServer/identify?geometryType=esriGeometryPoint&geometry=7.431993%2C46.446255&layers=all%3Ach.swisstopo.swissboundaries3d-gemeinde-flaeche.fill&returnGeometry=false&sr=4326&tolerance=0&mapExtent=0%2C0%2C0%2C0&imageDisplay=0%2C0%2C0&lang=fr,https://api3.geo.admin.ch/rest/services/ech/MapServer/identify?geometryType=esriGeometryPoint&geometry=7.431993%2C46.446255&layers=all%3Ach.swisstopo.swissboundaries3d-gemeinde-flaeche.fill&returnGeometry=false&sr=4326&tolerance=0&mapExtent=0%2C0%2C0%2C0&imageDisplay=0%2C0%2C0&lang=fr,GET,urllib GET,200,downloaded,data_external/source_evidence/GEO_POINT_e7aa087ef186_20260919T233125Z.json,data_external/source_evidence/GEO_POINT_e7aa087ef186_20260919T233125Z.json,8cd49a231b43ed380a9c01f440a8af0d47e5aa34b1b1183e818e2a205ba17f78,,,True,,
2026-09-19T23:31:26.510875+00:00,initial_source_verification,GEO_POINT_4d12ef9b7d8d,swisstopo / geo.admin.ch,https://api3.geo.admin.ch/rest/services/ech/MapServer/identify?geometryType=esriGeometryPoint&geometry=8.230219%2C46.747918&layers=all%3Ach.swisstopo.swissboundaries3d-gemeinde-flaeche.fill&returnGeometry=false&sr=4326&tolerance=0&mapExtent=0%2C0%2C0%2C0&imageDisplay=0%2C0%2C0&lang=fr,https://api3.geo.admin.ch/rest/services/ech/MapServer/identify?geometryType=esriGeometryPoint&geometry=8.230219%2C46.747918&layers=all%3Ach.swisstopo.swissboundaries3d-gemeinde-flaeche.fill&returnGeometry=false&sr=4326&tolerance=0&mapExtent=0%2C0%2C0%2C0&imageDisplay=0%2C0%2C0&lang=fr,GET,urllib GET,200,downloaded,data_external/source_evidence/GEO_POINT_4d12ef9b7d8d_20260919T233126Z.json,data_external/source_evidence/GEO_POINT_4d12ef9b7d8d_20260919T233126Z.json,4ab1f38f822c6d2d9c20fb2968ad3e9df0fbb346375de4adb78510613237d293,,,True,,
2026-09-19T23:31:27.780505+00:00,initial_source_verification,GEO_POINT_e35c97be970b,swisstopo / geo.admin.ch,https://api3.geo.admin.ch/rest/services/ech/MapServer/identify?geometryType=esriGeometryPoint&geometry=7.355116%2C46.763250&layers=all%3Ach.swisstopo.swissboundaries3d-gemeinde-flaeche.fill&returnGeometry=false&sr=4326&tolerance=0&mapExtent=0%2C0%2C0%2C0&imageDisplay=0%2C0%2C0&lang=fr,https://api3.geo.admin.ch/rest/services/ech/MapServer/identify?geometryType=esriGeometryPoint&geometry=7.355116%2C46.763250&layers=all%3Ach.swisstopo.swissboundaries3d-gemeinde-flaeche.fill&returnGeometry=false&sr=4326&tolerance=0&mapExtent=0%2C0%2C0%2C0&imageDisplay=0%2C0%2C0&lang=fr,GET,urllib GET,200,downloaded,data_external/source_evidence/GEO_POINT_e35c97be970b_20260919T233127Z.json,data_external/source_evidence/GEO_POINT_e35c97be970b_20260919T233127Z.json,feb8815f25111f214be888a32a1165c229a8d4c497b276146e374501f2324a40,,,True,,
2026-09-19T23:31:29.083999+00:00,initial_source_verification,GEO_POINT_22041036c047,swisstopo / geo.admin.ch,https://api3.geo.admin.ch/rest/services/ech/MapServer/identify?geometryType=esriGeometryPoint&geometry=7.441950%2C46.639537&layers=all%3Ach.swisstopo.swissboundaries3d-gemeinde-flaeche.fill&returnGeometry=false&sr=4326&tolerance=0&mapExtent=0%2C0%2C0%2C0&imageDisplay=0%2C0%2C0&lang=fr,https://api3.geo.admin.ch/rest/services/ech/MapServer/identify?geometryType=esriGeometryPoint&geometry=7.441950%2C46.639537&layers=all%3Ach.swisstopo.swissboundaries3d-gemeinde-flaeche.fill&returnGeometry=false&sr=4326&tolerance=0&mapExtent=0%2C0%2C0%2C0&imageDisplay=0%2C0%2C0&lang=fr,GET,urllib GET,200,downloaded,data_external/source_evidence/GEO_POINT_22041036c047_20260919T233129Z.json,data_external/source_evidence/GEO_POINT_22041036c047_20260919T233129Z.json,9e87cd0b2e1b81bd61d72bf24d6f10721b03e79e6e1b036300be0cddca408088,,,True,,
2026-09-19T23:31:30.370871+00:00,initial_source_verification,GEO_POINT_64e60904b637,swisstopo / geo.admin.ch,https://api3.geo.admin.ch/rest/services/ech/MapServer/identify?geometryType=esriGeometryPoint&geometry=7.856255%2C46.561752&layers=all%3Ach.swisstopo.swissboundaries3d-gemeinde-flaeche.fill&returnGeometry=false&sr=4326&tolerance=0&mapExtent=0%2C0%2C0%2C0&imageDisplay=0%2C0%2C0&lang=fr,https://api3.geo.admin.ch/rest/services/ech/MapServer/identify?geometryType=esriGeometryPoint&geometry=7.856255%2C46.561752&layers=all%3Ach.swisstopo.swissboundaries3d-gemeinde-flaeche.fill&returnGeometry=false&sr=4326&tolerance=0&mapExtent=0%2C0%2C0%2C0&imageDisplay=0%2C0%2C0&lang=fr,GET,urllib GET,200,downloaded,data_external/source_evidence/GEO_POINT_64e60904b637_20260919T233130Z.json,data_external/source_evidence/GEO_POINT_64e60904b637_20260919T233130Z.json,cbc15ccd33b3cbcb67421f4be1412140ebaeeabb1c4b8091659e968a13547658,,,True,,
2026-09-19T23:31:31.648061+00:00,initial_source_verification,GEO_POINT_aa0612ed5ba1,swisstopo / geo.admin.ch,https://api3.geo.admin.ch/rest/services/ech/MapServer/identify?geometryType=esriGeometryPoint&geometry=7.744246%2C46.731449&layers=all%3Ach.swisstopo.swissboundaries3d-gemeinde-flaeche.fill&returnGeometry=false&sr=4326&tolerance=0&mapExtent=0%2C0%2C0%2C0&imageDisplay=0%2C0%2C0&lang=fr,https://api3.geo.admin.ch/rest/services/ech/MapServer/identify?geometryType=esriGeometryPoint&geometry=7.744246%2C46.731449&layers=all%3Ach.swisstopo.swissboundaries3d-gemeinde-flaeche.fill&returnGeometry=false&sr=4326&tolerance=0&mapExtent=0%2C0%2C0%2C0&imageDisplay=0%2C0%2C0&lang=fr,GET,urllib GET,200,downloaded,data_external/source_evidence/GEO_POINT_aa0612ed5ba1_20260919T233131Z.json,data_external/source_evidence/GEO_POINT_aa0612ed5ba1_20260919T233131Z.json,f3662c933a8662f871beed0a3afc623a16a7bc215366decdd676cbd4b5fe123f,,,True,,
2026-09-19T23:31:33.090912+00:00,initial_source_verification,GEO_POINT_bd5a101b8d0f,swisstopo / geo.admin.ch,https://api3.geo.admin.ch/rest/services/ech/MapServer/identify?geometryType=esriGeometryPoint&geometry=7.572842%2C46.617905&layers=all%3Ach.swisstopo.swissboundaries3d-gemeinde-flaeche.fill&returnGeometry=false&sr=4326&tolerance=0&mapExtent=0%2C0%2C0%2C0&imageDisplay=0%2C0%2C0&lang=fr,https://api3.geo.admin.ch/rest/services/ech/MapServer/identify?geometryType=esriGeometryPoint&geometry=7.572842%2C46.617905&layers=all%3Ach.swisstopo.swissboundaries3d-gemeinde-flaeche.fill&returnGeometry=false&sr=4326&tolerance=0&mapExtent=0%2C0%2C0%2C0&imageDisplay=0%2C0%2C0&lang=fr,GET,urllib GET,200,downloaded,data_external/source_evidence/GEO_POINT_bd5a101b8d0f_20260919T233133Z.json,data_external/source_evidence/GEO_POINT_bd5a101b8d0f_20260919T233133Z.json,0aee72a9fa4bba2bb0218858c5f5ac4a516a732743820f90fb33f460dc7765a7,,,True,,
2026-09-19T23:31:34.349558+00:00,initial_source_verification,GEO_POINT_238475365d5c,swisstopo / geo.admin.ch,https://api3.geo.admin.ch/rest/services/ech/MapServer/identify?geometryType=esriGeometryPoint&geometry=7.942171%2C46.612658&layers=all%3Ach.swisstopo.swissboundaries3d-gemeinde-flaeche.fill&returnGeometry=false&sr=4326&tolerance=0&mapExtent=0%2C0%2C0%2C0&imageDisplay=0%2C0%2C0&lang=fr,https://api3.geo.admin.ch/rest/services/ech/MapServer/identify?geometryType=esriGeometryPoint&geometry=7.942171%2C46.612658&layers=all%3Ach.swisstopo.swissboundaries3d-gemeinde-flaeche.fill&returnGeometry=false&sr=4326&tolerance=0&mapExtent=0%2C0%2C0%2C0&imageDisplay=0%2C0%2C0&lang=fr,GET,urllib GET,200,downloaded,data_external/source_evidence/GEO_POINT_238475365d5c_20260919T233134Z.json,data_external/source_evidence/GEO_POINT_238475365d5c_20260919T233134Z.json,a3385c3375b01a7ab0b778c4b61b62d01298cc26ed0d8c99bebd68ac755b23e8,,,True,,
2026-09-19T23:31:35.559794+00:00,initial_source_verification,GEO_POINT_8a9055534603,swisstopo / geo.admin.ch,https://api3.geo.admin.ch/rest/services/ech/MapServer/identify?geometryType=esriGeometryPoint&geometry=7.530742%2C46.594923&layers=all%3Ach.swisstopo.swissboundaries3d-gemeinde-flaeche.fill&returnGeometry=false&sr=4326&tolerance=0&mapExtent=0%2C0%2C0%2C0&imageDisplay=0%2C0%2C0&lang=fr,https://api3.geo.admin.ch/rest/services/ech/MapServer/identify?geometryType=esriGeometryPoint&geometry=7.530742%2C46.594923&layers=all%3Ach.swisstopo.swissboundaries3d-gemeinde-flaeche.fill&returnGeometry=false&sr=4326&tolerance=0&mapExtent=0%2C0%2C0%2C0&imageDisplay=0%2C0%2C0&lang=fr,GET,urllib GET,200,downloaded,data_external/source_evidence/GEO_POINT_8a9055534603_20260919T233135Z.json,data_external/source_evidence/GEO_POINT_8a9055534603_20260919T233135Z.json,0aee72a9fa4bba2bb0218858c5f5ac4a516a732743820f90fb33f460dc7765a7,,,True,,
2026-09-19T23:31:36.747623+00:00,initial_source_verification,GEO_POINT_dd90a5b36212,swisstopo / geo.admin.ch,https://api3.geo.admin.ch/rest/services/ech/MapServer/identify?geometryType=esriGeometryPoint&geometry=9.343958%2C47.317325&layers=all%3Ach.swisstopo.swissboundaries3d-gemeinde-flaeche.fill&returnGeometry=false&sr=4326&tolerance=0&mapExtent=0%2C0%2C0%2C0&imageDisplay=0%2C0%2C0&lang=fr,https://api3.geo.admin.ch/rest/services/ech/MapServer/identify?geometryType=esriGeometryPoint&geometry=9.343958%2C47.317325&layers=all%3Ach.swisstopo.swissboundaries3d-gemeinde-flaeche.fill&returnGeometry=false&sr=4326&tolerance=0&mapExtent=0%2C0%2C0%2C0&imageDisplay=0%2C0%2C0&lang=fr,GET,urllib GET,200,downloaded,data_external/source_evidence/GEO_POINT_dd90a5b36212_20260919T233136Z.json,data_external/source_evidence/GEO_POINT_dd90a5b36212_20260919T233136Z.json,0f87032de4675234d785234eeb542a50182a7935000ee53f9b615bb606a39628,,,True,,
2026-09-19T23:31:38.330834+00:00,initial_source_verification,GEO_POINT_542522074a01,swisstopo / geo.admin.ch,https://api3.geo.admin.ch/rest/services/ech/MapServer/identify?geometryType=esriGeometryPoint&geometry=9.146032%2C47.159431&layers=all%3Ach.swisstopo.swissboundaries3d-gemeinde-flaeche.fill&returnGeometry=false&sr=4326&tolerance=0&mapExtent=0%2C0%2C0%2C0&imageDisplay=0%2C0%2C0&lang=fr,https://api3.geo.admin.ch/rest/services/ech/MapServer/identify?geometryType=esriGeometryPoint&geometry=9.146032%2C47.159431&layers=all%3Ach.swisstopo.swissboundaries3d-gemeinde-flaeche.fill&returnGeometry=false&sr=4326&tolerance=0&mapExtent=0%2C0%2C0%2C0&imageDisplay=0%2C0%2C0&lang=fr,GET,urllib GET,200,downloaded,data_external/source_evidence/GEO_POINT_542522074a01_20260919T233138Z.json,data_external/source_evidence/GEO_POINT_542522074a01_20260919T233138Z.json,af85ea901f6c30979c26fba0d8241a5faa30f18cef79d136bb2aaaac46c2cd1f,,,True,,
2026-09-19T23:31:39.778900+00:00,initial_source_verification,GEO_POINT_8144e0b8a17c,swisstopo / geo.admin.ch,https://api3.geo.admin.ch/rest/services/ech/MapServer/identify?geometryType=esriGeometryPoint&geometry=9.003813%2C47.281732&layers=all%3Ach.swisstopo.swissboundaries3d-gemeinde-flaeche.fill&returnGeometry=false&sr=4326&tolerance=0&mapExtent=0%2C0%2C0%2C0&imageDisplay=0%2C0%2C0&lang=fr,https://api3.geo.admin.ch/rest/services/ech/MapServer/identify?geometryType=esriGeometryPoint&geometry=9.003813%2C47.281732&layers=all%3Ach.swisstopo.swissboundaries3d-gemeinde-flaeche.fill&returnGeometry=false&sr=4326&tolerance=0&mapExtent=0%2C0%2C0%2C0&imageDisplay=0%2C0%2C0&lang=fr,GET,urllib GET,200,downloaded,data_external/source_evidence/GEO_POINT_8144e0b8a17c_20260919T233139Z.json,data_external/source_evidence/GEO_POINT_8144e0b8a17c_20260919T233139Z.json,19e22ac1d0da8fed9e68ae26f151dbf471e89baacd6d0767d4702f157638cda4,,,True,,
2026-09-19T23:31:40.985830+00:00,initial_source_verification,GEO_POINT_85910ef9aa7e,swisstopo / geo.admin.ch,https://api3.geo.admin.ch/rest/services/ech/MapServer/identify?geometryType=esriGeometryPoint&geometry=9.034485%2C47.249310&layers=all%3Ach.swisstopo.swissboundaries3d-gemeinde-flaeche.fill&returnGeometry=false&sr=4326&tolerance=0&mapExtent=0%2C0%2C0%2C0&imageDisplay=0%2C0%2C0&lang=fr,https://api3.geo.admin.ch/rest/services/ech/MapServer/identify?geometryType=esriGeometryPoint&geometry=9.034485%2C47.249310&layers=all%3Ach.swisstopo.swissboundaries3d-gemeinde-flaeche.fill&returnGeometry=false&sr=4326&tolerance=0&mapExtent=0%2C0%2C0%2C0&imageDisplay=0%2C0%2C0&lang=fr,GET,urllib GET,200,downloaded,data_external/source_evidence/GEO_POINT_85910ef9aa7e_20260919T233140Z.json,data_external/source_evidence/GEO_POINT_85910ef9aa7e_20260919T233140Z.json,2714ad8de46401ff262a925ccebcaa35a8a2040741a806bd4b25ab6de984a080,,,True,,
2026-09-19T23:31:42.174776+00:00,initial_source_verification,GEO_POINT_aa265d6e190a,swisstopo / geo.admin.ch,https://api3.geo.admin.ch/rest/services/ech/MapServer/identify?geometryType=esriGeometryPoint&geometry=8.990593%2C46.951258&layers=all%3Ach.swisstopo.swissboundaries3d-gemeinde-flaeche.fill&returnGeometry=false&sr=4326&tolerance=0&mapExtent=0%2C0%2C0%2C0&imageDisplay=0%2C0%2C0&lang=fr,https://api3.geo.admin.ch/rest/services/ech/MapServer/identify?geometryType=esriGeometryPoint&geometry=8.990593%2C46.951258&layers=all%3Ach.swisstopo.swissboundaries3d-gemeinde-flaeche.fill&returnGeometry=false&sr=4326&tolerance=0&mapExtent=0%2C0%2C0%2C0&imageDisplay=0%2C0%2C0&lang=fr,GET,urllib GET,200,downloaded,data_external/source_evidence/GEO_POINT_aa265d6e190a_20260919T233142Z.json,data_external/source_evidence/GEO_POINT_aa265d6e190a_20260919T233142Z.json,037ff78fff4dd45a1b8302901a7c831f1ffbd196119ca4b2a3a0651365edb123,,,True,,
2026-09-19T23:31:43.398197+00:00,initial_source_verification,GEO_POINT_8d01ef7e8f8b,swisstopo / geo.admin.ch,https://api3.geo.admin.ch/rest/services/ech/MapServer/identify?geometryType=esriGeometryPoint&geometry=9.454561%2C47.296306&layers=all%3Ach.swisstopo.swissboundaries3d-gemeinde-flaeche.fill&returnGeometry=false&sr=4326&tolerance=0&mapExtent=0%2C0%2C0%2C0&imageDisplay=0%2C0%2C0&lang=fr,https://api3.geo.admin.ch/rest/services/ech/MapServer/identify?geometryType=esriGeometryPoint&geometry=9.454561%2C47.296306&layers=all%3Ach.swisstopo.swissboundaries3d-gemeinde-flaeche.fill&returnGeometry=false&sr=4326&tolerance=0&mapExtent=0%2C0%2C0%2C0&imageDisplay=0%2C0%2C0&lang=fr,GET,urllib GET,200,downloaded,data_external/source_evidence/GEO_POINT_8d01ef7e8f8b_20260919T233143Z.json,data_external/source_evidence/GEO_POINT_8d01ef7e8f8b_20260919T233143Z.json,d6d3d48473ec6292ed4533e93085b2ad232b4427ec5c08978610de98ede96f0e,,,True,,
2026-09-19T23:31:44.584804+00:00,initial_source_verification,GEO_POINT_539c9e91aa23,swisstopo / geo.admin.ch,https://api3.geo.admin.ch/rest/services/ech/MapServer/identify?geometryType=esriGeometryPoint&geometry=9.430776%2C47.146309&layers=all%3Ach.swisstopo.swissboundaries3d-gemeinde-flaeche.fill&returnGeometry=false&sr=4326&tolerance=0&mapExtent=0%2C0%2C0%2C0&imageDisplay=0%2C0%2C0&lang=fr,https://api3.geo.admin.ch/rest/services/ech/MapServer/identify?geometryType=esriGeometryPoint&geometry=9.430776%2C47.146309&layers=all%3Ach.swisstopo.swissboundaries3d-gemeinde-flaeche.fill&returnGeometry=false&sr=4326&tolerance=0&mapExtent=0%2C0%2C0%2C0&imageDisplay=0%2C0%2C0&lang=fr,GET,urllib GET,200,downloaded,data_external/source_evidence/GEO_POINT_539c9e91aa23_20260919T233144Z.json,data_external/source_evidence/GEO_POINT_539c9e91aa23_20260919T233144Z.json,3d68647bae570b51b8a4d39751aec9df72651ab8d50770d65b6889a3d2d1feb7,,,True,,
2026-09-19T23:31:45.902293+00:00,initial_source_verification,GEO_POINT_be4526efecd0,swisstopo / geo.admin.ch,https://api3.geo.admin.ch/rest/services/ech/MapServer/identify?geometryType=esriGeometryPoint&geometry=9.197000%2C47.368843&layers=all%3Ach.swisstopo.swissboundaries3d-gemeinde-flaeche.fill&returnGeometry=false&sr=4326&tolerance=0&mapExtent=0%2C0%2C0%2C0&imageDisplay=0%2C0%2C0&lang=fr,https://api3.geo.admin.ch/rest/services/ech/MapServer/identify?geometryType=esriGeometryPoint&geometry=9.197000%2C47.368843&layers=all%3Ach.swisstopo.swissboundaries3d-gemeinde-flaeche.fill&returnGeometry=false&sr=4326&tolerance=0&mapExtent=0%2C0%2C0%2C0&imageDisplay=0%2C0%2C0&lang=fr,GET,urllib GET,200,downloaded,data_external/source_evidence/GEO_POINT_be4526efecd0_20260919T233145Z.json,data_external/source_evidence/GEO_POINT_be4526efecd0_20260919T233145Z.json,8cf2e6bc8208c07dc8bbeecb395469d80b389c6bb3e08c4c67d2c2a241b41d08,,,True,,
2026-09-19T23:31:47.339124+00:00,initial_source_verification,GEO_POINT_f0c37cb9adef,swisstopo / geo.admin.ch,https://api3.geo.admin.ch/rest/services/ech/MapServer/identify?geometryType=esriGeometryPoint&geometry=9.413481%2C47.284877&layers=all%3Ach.swisstopo.swissboundaries3d-gemeinde-flaeche.fill&returnGeometry=false&sr=4326&tolerance=0&mapExtent=0%2C0%2C0%2C0&imageDisplay=0%2C0%2C0&lang=fr,https://api3.geo.admin.ch/rest/services/ech/MapServer/identify?geometryType=esriGeometryPoint&geometry=9.413481%2C47.284877&layers=all%3Ach.swisstopo.swissboundaries3d-gemeinde-flaeche.fill&returnGeometry=false&sr=4326&tolerance=0&mapExtent=0%2C0%2C0%2C0&imageDisplay=0%2C0%2C0&lang=fr,GET,urllib GET,200,downloaded,data_external/source_evidence/GEO_POINT_f0c37cb9adef_20260919T233147Z.json,data_external/source_evidence/GEO_POINT_f0c37cb9adef_20260919T233147Z.json,d6d3d48473ec6292ed4533e93085b2ad232b4427ec5c08978610de98ede96f0e,,,True,,
2026-09-19T23:31:48.555831+00:00,initial_source_verification,GEO_POINT_1043a24d086d,swisstopo / geo.admin.ch,https://api3.geo.admin.ch/rest/services/ech/MapServer/identify?geometryType=esriGeometryPoint&geometry=8.438873%2C47.699047&layers=all%3Ach.swisstopo.swissboundaries3d-gemeinde-flaeche.fill&returnGeometry=false&sr=4326&tolerance=0&mapExtent=0%2C0%2C0%2C0&imageDisplay=0%2C0%2C0&lang=fr,https://api3.geo.admin.ch/rest/services/ech/MapServer/identify?geometryType=esriGeometryPoint&geometry=8.438873%2C47.699047&layers=all%3Ach.swisstopo.swissboundaries3d-gemeinde-flaeche.fill&returnGeometry=false&sr=4326&tolerance=0&mapExtent=0%2C0%2C0%2C0&imageDisplay=0%2C0%2C0&lang=fr,GET,urllib GET,200,downloaded,data_external/source_evidence/GEO_POINT_1043a24d086d_20260919T233148Z.json,data_external/source_evidence/GEO_POINT_1043a24d086d_20260919T233148Z.json,ae931e98f8d2514615a43a4a4d74273a512eff5dc80a9fab9fb00d8a5aab0262,,,True,,
2026-09-19T23:31:49.818056+00:00,initial_source_verification,GEO_POINT_0e895d2158b3,swisstopo / geo.admin.ch,https://api3.geo.admin.ch/rest/services/ech/MapServer/identify?geometryType=esriGeometryPoint&geometry=9.156890%2C46.920329&layers=all%3Ach.swisstopo.swissboundaries3d-gemeinde-flaeche.fill&returnGeometry=false&sr=4326&tolerance=0&mapExtent=0%2C0%2C0%2C0&imageDisplay=0%2C0%2C0&lang=fr,https://api3.geo.admin.ch/rest/services/ech/MapServer/identify?geometryType=esriGeometryPoint&geometry=9.156890%2C46.920329&layers=all%3Ach.swisstopo.swissboundaries3d-gemeinde-flaeche.fill&returnGeometry=false&sr=4326&tolerance=0&mapExtent=0%2C0%2C0%2C0&imageDisplay=0%2C0%2C0&lang=fr,GET,urllib GET,200,downloaded,data_external/source_evidence/GEO_POINT_0e895d2158b3_20260919T233149Z.json,data_external/source_evidence/GEO_POINT_0e895d2158b3_20260919T233149Z.json,dad54e40d5ce9612bcbcc119d686e1988ae919b49e7144fd741a904782b1ae7e,,,True,,
2026-09-19T23:31:50.981249+00:00,initial_source_verification,GEO_POINT_13645f1848e2,swisstopo / geo.admin.ch,https://api3.geo.admin.ch/rest/services/ech/MapServer/identify?geometryType=esriGeometryPoint&geometry=9.266882%2C47.078072&layers=all%3Ach.swisstopo.swissboundaries3d-gemeinde-flaeche.fill&returnGeometry=false&sr=4326&tolerance=0&mapExtent=0%2C0%2C0%2C0&imageDisplay=0%2C0%2C0&lang=fr,https://api3.geo.admin.ch/rest/services/ech/MapServer/identify?geometryType=esriGeometryPoint&geometry=9.266882%2C47.078072&layers=all%3Ach.swisstopo.swissboundaries3d-gemeinde-flaeche.fill&returnGeometry=false&sr=4326&tolerance=0&mapExtent=0%2C0%2C0%2C0&imageDisplay=0%2C0%2C0&lang=fr,GET,urllib GET,200,downloaded,data_external/source_evidence/GEO_POINT_13645f1848e2_20260919T233150Z.json,data_external/source_evidence/GEO_POINT_13645f1848e2_20260919T233150Z.json,34f7c1763fcf8c19ede9f4813a474c9fca1171c791aecb201f7e4d405d4e842b,,,True,,
2026-09-19T23:31:52.466362+00:00,initial_source_verification,GEO_POINT_55700cf17fc0,swisstopo / geo.admin.ch,https://api3.geo.admin.ch/rest/services/ech/MapServer/identify?geometryType=esriGeometryPoint&geometry=9.503018%2C47.441069&layers=all%3Ach.swisstopo.swissboundaries3d-gemeinde-flaeche.fill&returnGeometry=false&sr=4326&tolerance=0&mapExtent=0%2C0%2C0%2C0&imageDisplay=0%2C0%2C0&lang=fr,https://api3.geo.admin.ch/rest/services/ech/MapServer/identify?geometryType=esriGeometryPoint&geometry=9.503018%2C47.441069&layers=all%3Ach.swisstopo.swissboundaries3d-gemeinde-flaeche.fill&returnGeometry=false&sr=4326&tolerance=0&mapExtent=0%2C0%2C0%2C0&imageDisplay=0%2C0%2C0&lang=fr,GET,urllib GET,200,downloaded,data_external/source_evidence/GEO_POINT_55700cf17fc0_20260919T233152Z.json,data_external/source_evidence/GEO_POINT_55700cf17fc0_20260919T233152Z.json,6b864745b1fe0305431e0fe46b11adea76d760a407b51e27f0ba27602449f360,,,True,,
2026-09-19T23:31:53.738679+00:00,initial_source_verification,GEO_POINT_0d197db59bc7,swisstopo / geo.admin.ch,https://api3.geo.admin.ch/rest/services/ech/MapServer/identify?geometryType=esriGeometryPoint&geometry=9.001708%2C47.395270&layers=all%3Ach.swisstopo.swissboundaries3d-gemeinde-flaeche.fill&returnGeometry=false&sr=4326&tolerance=0&mapExtent=0%2C0%2C0%2C0&imageDisplay=0%2C0%2C0&lang=fr,https://api3.geo.admin.ch/rest/services/ech/MapServer/identify?geometryType=esriGeometryPoint&geometry=9.001708%2C47.395270&layers=all%3Ach.swisstopo.swissboundaries3d-gemeinde-flaeche.fill&returnGeometry=false&sr=4326&tolerance=0&mapExtent=0%2C0%2C0%2C0&imageDisplay=0%2C0%2C0&lang=fr,GET,urllib GET,200,downloaded,data_external/source_evidence/GEO_POINT_0d197db59bc7_20260919T233153Z.json,data_external/source_evidence/GEO_POINT_0d197db59bc7_20260919T233153Z.json,00da985d7246ae46f024634c3a34faa078179194b79c4feabcbcf358335962c2,,,True,,
2026-09-19T23:31:54.972948+00:00,initial_source_verification,GEO_POINT_bcb3dc79bdfe,swisstopo / geo.admin.ch,https://api3.geo.admin.ch/rest/services/ech/MapServer/identify?geometryType=esriGeometryPoint&geometry=9.533338%2C47.433732&layers=all%3Ach.swisstopo.swissboundaries3d-gemeinde-flaeche.fill&returnGeometry=false&sr=4326&tolerance=0&mapExtent=0%2C0%2C0%2C0&imageDisplay=0%2C0%2C0&lang=fr,https://api3.geo.admin.ch/rest/services/ech/MapServer/identify?geometryType=esriGeometryPoint&geometry=9.533338%2C47.433732&layers=all%3Ach.swisstopo.swissboundaries3d-gemeinde-flaeche.fill&returnGeometry=false&sr=4326&tolerance=0&mapExtent=0%2C0%2C0%2C0&imageDisplay=0%2C0%2C0&lang=fr,GET,urllib GET,200,downloaded,data_external/source_evidence/GEO_POINT_bcb3dc79bdfe_20260919T233154Z.json,data_external/source_evidence/GEO_POINT_bcb3dc79bdfe_20260919T233154Z.json,93b46efb3cfc7067276db2b4d5c2e573cc63602f54c70ce9dbdeeb9ed140f4e4,,,True,,
2026-09-19T23:31:56.237818+00:00,initial_source_verification,GEO_POINT_3165699dfc37,swisstopo / geo.admin.ch,https://api3.geo.admin.ch/rest/services/ech/MapServer/identify?geometryType=esriGeometryPoint&geometry=9.173477%2C47.281835&layers=all%3Ach.swisstopo.swissboundaries3d-gemeinde-flaeche.fill&returnGeometry=false&sr=4326&tolerance=0&mapExtent=0%2C0%2C0%2C0&imageDisplay=0%2C0%2C0&lang=fr,https://api3.geo.admin.ch/rest/services/ech/MapServer/identify?geometryType=esriGeometryPoint&geometry=9.173477%2C47.281835&layers=all%3Ach.swisstopo.swissboundaries3d-gemeinde-flaeche.fill&returnGeometry=false&sr=4326&tolerance=0&mapExtent=0%2C0%2C0%2C0&imageDisplay=0%2C0%2C0&lang=fr,GET,urllib GET,200,downloaded,data_external/source_evidence/GEO_POINT_3165699dfc37_20260919T233156Z.json,data_external/source_evidence/GEO_POINT_3165699dfc37_20260919T233156Z.json,de69616fc496715daff4e1fc1c9c39a1ab3aa75b521b2b5e2238f43b15556d9f,,,True,,
2026-09-19T23:31:57.584439+00:00,initial_source_verification,GEO_POINT_555de83d08d1,swisstopo / geo.admin.ch,https://api3.geo.admin.ch/rest/services/ech/MapServer/identify?geometryType=esriGeometryPoint&geometry=9.211290%2C47.311824&layers=all%3Ach.swisstopo.swissboundaries3d-gemeinde-flaeche.fill&returnGeometry=false&sr=4326&tolerance=0&mapExtent=0%2C0%2C0%2C0&imageDisplay=0%2C0%2C0&lang=fr,https://api3.geo.admin.ch/rest/services/ech/MapServer/identify?geometryType=esriGeometryPoint&geometry=9.211290%2C47.311824&layers=all%3Ach.swisstopo.swissboundaries3d-gemeinde-flaeche.fill&returnGeometry=false&sr=4326&tolerance=0&mapExtent=0%2C0%2C0%2C0&imageDisplay=0%2C0%2C0&lang=fr,GET,urllib GET,200,downloaded,data_external/source_evidence/GEO_POINT_555de83d08d1_20260919T233157Z.json,data_external/source_evidence/GEO_POINT_555de83d08d1_20260919T233157Z.json,8b2e5729dddfdab5105513613c8600120939f60f0d0874ddc19d44b4f5d25688,,,True,,
2026-09-19T23:31:58.918562+00:00,initial_source_verification,GEO_POINT_d20d0c0dde84,swisstopo / geo.admin.ch,https://api3.geo.admin.ch/rest/services/ech/MapServer/identify?geometryType=esriGeometryPoint&geometry=9.321728%2C47.320672&layers=all%3Ach.swisstopo.swissboundaries3d-gemeinde-flaeche.fill&returnGeometry=false&sr=4326&tolerance=0&mapExtent=0%2C0%2C0%2C0&imageDisplay=0%2C0%2C0&lang=fr,https://api3.geo.admin.ch/rest/services/ech/MapServer/identify?geometryType=esriGeometryPoint&geometry=9.321728%2C47.320672&layers=all%3Ach.swisstopo.swissboundaries3d-gemeinde-flaeche.fill&returnGeometry=false&sr=4326&tolerance=0&mapExtent=0%2C0%2C0%2C0&imageDisplay=0%2C0%2C0&lang=fr,GET,urllib GET,200,downloaded,data_external/source_evidence/GEO_POINT_d20d0c0dde84_20260919T233158Z.json,data_external/source_evidence/GEO_POINT_d20d0c0dde84_20260919T233158Z.json,c5478c40b69d9e35379f8bec9d9236c6874a5bacbaf856f7f0c62d9914aa3e23,,,True,,
2026-09-19T23:32:00.270334+00:00,initial_source_verification,GEO_POINT_85e4a88d2053,swisstopo / geo.admin.ch,https://api3.geo.admin.ch/rest/services/ech/MapServer/identify?geometryType=esriGeometryPoint&geometry=9.125776%2C47.105537&layers=all%3Ach.swisstopo.swissboundaries3d-gemeinde-flaeche.fill&returnGeometry=false&sr=4326&tolerance=0&mapExtent=0%2C0%2C0%2C0&imageDisplay=0%2C0%2C0&lang=fr,https://api3.geo.admin.ch/rest/services/ech/MapServer/identify?geometryType=esriGeometryPoint&geometry=9.125776%2C47.105537&layers=all%3Ach.swisstopo.swissboundaries3d-gemeinde-flaeche.fill&returnGeometry=false&sr=4326&tolerance=0&mapExtent=0%2C0%2C0%2C0&imageDisplay=0%2C0%2C0&lang=fr,GET,urllib GET,200,downloaded,data_external/source_evidence/GEO_POINT_85e4a88d2053_20260919T233200Z.json,data_external/source_evidence/GEO_POINT_85e4a88d2053_20260919T233200Z.json,77b0bc1bbf0822d2cd5edbd06a2b12bc8a7a4357e6a9e1ecc8fd1d398fe4ddf6,,,True,,
2026-09-19T23:32:01.472094+00:00,initial_source_verification,GEO_POINT_884dc84b9bc2,swisstopo / geo.admin.ch,https://api3.geo.admin.ch/rest/services/ech/MapServer/identify?geometryType=esriGeometryPoint&geometry=9.459887%2C47.365886&layers=all%3Ach.swisstopo.swissboundaries3d-gemeinde-flaeche.fill&returnGeometry=false&sr=4326&tolerance=0&mapExtent=0%2C0%2C0%2C0&imageDisplay=0%2C0%2C0&lang=fr,https://api3.geo.admin.ch/rest/services/ech/MapServer/identify?geometryType=esriGeometryPoint&geometry=9.459887%2C47.365886&layers=all%3Ach.swisstopo.swissboundaries3d-gemeinde-flaeche.fill&returnGeometry=false&sr=4326&tolerance=0&mapExtent=0%2C0%2C0%2C0&imageDisplay=0%2C0%2C0&lang=fr,GET,urllib GET,200,downloaded,data_external/source_evidence/GEO_POINT_884dc84b9bc2_20260919T233201Z.json,data_external/source_evidence/GEO_POINT_884dc84b9bc2_20260919T233201Z.json,8381638e64116c366e87b683d811ae74a8443f91783ea86884f610dfbcb49cbc,,,True,,
2026-09-19T23:32:02.687866+00:00,initial_source_verification,GEO_POINT_2ee6e5eaa152,swisstopo / geo.admin.ch,https://api3.geo.admin.ch/rest/services/ech/MapServer/identify?geometryType=esriGeometryPoint&geometry=9.550193%2C47.416692&layers=all%3Ach.swisstopo.swissboundaries3d-gemeinde-flaeche.fill&returnGeometry=false&sr=4326&tolerance=0&mapExtent=0%2C0%2C0%2C0&imageDisplay=0%2C0%2C0&lang=fr,https://api3.geo.admin.ch/rest/services/ech/MapServer/identify?geometryType=esriGeometryPoint&geometry=9.550193%2C47.416692&layers=all%3Ach.swisstopo.swissboundaries3d-gemeinde-flaeche.fill&returnGeometry=false&sr=4326&tolerance=0&mapExtent=0%2C0%2C0%2C0&imageDisplay=0%2C0%2C0&lang=fr,GET,urllib GET,200,downloaded,data_external/source_evidence/GEO_POINT_2ee6e5eaa152_20260919T233202Z.json,data_external/source_evidence/GEO_POINT_2ee6e5eaa152_20260919T233202Z.json,819f192cfa79f6799bc795f7b1b607e8cb634ae816735f178f34fef35cbbeff4,,,True,,
2026-09-19T23:32:04.121325+00:00,initial_source_verification,GEO_POINT_7417c201f76f,swisstopo / geo.admin.ch,https://api3.geo.admin.ch/rest/services/ech/MapServer/identify?geometryType=esriGeometryPoint&geometry=9.114499%2C47.353619&layers=all%3Ach.swisstopo.swissboundaries3d-gemeinde-flaeche.fill&returnGeometry=false&sr=4326&tolerance=0&mapExtent=0%2C0%2C0%2C0&imageDisplay=0%2C0%2C0&lang=fr,https://api3.geo.admin.ch/rest/services/ech/MapServer/identify?geometryType=esriGeometryPoint&geometry=9.114499%2C47.353619&layers=all%3Ach.swisstopo.swissboundaries3d-gemeinde-flaeche.fill&returnGeometry=false&sr=4326&tolerance=0&mapExtent=0%2C0%2C0%2C0&imageDisplay=0%2C0%2C0&lang=fr,GET,urllib GET,200,downloaded,data_external/source_evidence/GEO_POINT_7417c201f76f_20260919T233204Z.json,data_external/source_evidence/GEO_POINT_7417c201f76f_20260919T233204Z.json,2fb6696c92be95a5963e615db609b51635d275f5ae4fc0572438dc60b856ca69,,,True,,
2026-09-19T23:32:05.468275+00:00,initial_source_verification,GEO_POINT_58050dcbc1c4,swisstopo / geo.admin.ch,https://api3.geo.admin.ch/rest/services/ech/MapServer/identify?geometryType=esriGeometryPoint&geometry=8.657243%2C47.773517&layers=all%3Ach.swisstopo.swissboundaries3d-gemeinde-flaeche.fill&returnGeometry=false&sr=4326&tolerance=0&mapExtent=0%2C0%2C0%2C0&imageDisplay=0%2C0%2C0&lang=fr,https://api3.geo.admin.ch/rest/services/ech/MapServer/identify?geometryType=esriGeometryPoint&geometry=8.657243%2C47.773517&layers=all%3Ach.swisstopo.swissboundaries3d-gemeinde-flaeche.fill&returnGeometry=false&sr=4326&tolerance=0&mapExtent=0%2C0%2C0%2C0&imageDisplay=0%2C0%2C0&lang=fr,GET,urllib GET,200,downloaded,data_external/source_evidence/GEO_POINT_58050dcbc1c4_20260919T233205Z.json,data_external/source_evidence/GEO_POINT_58050dcbc1c4_20260919T233205Z.json,c7ffc2c933649b365da532b065a9df5ac86cd192fa0fe6b39b4155f4527e8117,,,True,,
2026-09-19T23:32:06.667867+00:00,initial_source_verification,GEO_POINT_4505a7255a50,swisstopo / geo.admin.ch,https://api3.geo.admin.ch/rest/services/ech/MapServer/identify?geometryType=esriGeometryPoint&geometry=9.285523%2C47.310331&layers=all%3Ach.swisstopo.swissboundaries3d-gemeinde-flaeche.fill&returnGeometry=false&sr=4326&tolerance=0&mapExtent=0%2C0%2C0%2C0&imageDisplay=0%2C0%2C0&lang=fr,https://api3.geo.admin.ch/rest/services/ech/MapServer/identify?geometryType=esriGeometryPoint&geometry=9.285523%2C47.310331&layers=all%3Ach.swisstopo.swissboundaries3d-gemeinde-flaeche.fill&returnGeometry=false&sr=4326&tolerance=0&mapExtent=0%2C0%2C0%2C0&imageDisplay=0%2C0%2C0&lang=fr,GET,urllib GET,200,downloaded,data_external/source_evidence/GEO_POINT_4505a7255a50_20260919T233206Z.json,data_external/source_evidence/GEO_POINT_4505a7255a50_20260919T233206Z.json,e0dbe70a1217fb1a569372b44a3b0c748fa62149235e373b524bccc2bc60cd3d,,,True,,
2026-09-19T23:32:07.876931+00:00,initial_source_verification,GEO_POINT_7697ab0f4cc2,swisstopo / geo.admin.ch,https://api3.geo.admin.ch/rest/services/ech/MapServer/identify?geometryType=esriGeometryPoint&geometry=9.437256%2C46.985464&layers=all%3Ach.swisstopo.swissboundaries3d-gemeinde-flaeche.fill&returnGeometry=false&sr=4326&tolerance=0&mapExtent=0%2C0%2C0%2C0&imageDisplay=0%2C0%2C0&lang=fr,https://api3.geo.admin.ch/rest/services/ech/MapServer/identify?geometryType=esriGeometryPoint&geometry=9.437256%2C46.985464&layers=all%3Ach.swisstopo.swissboundaries3d-gemeinde-flaeche.fill&returnGeometry=false&sr=4326&tolerance=0&mapExtent=0%2C0%2C0%2C0&imageDisplay=0%2C0%2C0&lang=fr,GET,urllib GET,200,downloaded,data_external/source_evidence/GEO_POINT_7697ab0f4cc2_20260919T233207Z.json,data_external/source_evidence/GEO_POINT_7697ab0f4cc2_20260919T233207Z.json,4977a127c39cc955afb43e858bf1886aae459640005bf547da5a4eca9298022b,,,True,,
2026-09-19T23:32:09.336179+00:00,initial_source_verification,GEO_POINT_fd85f1a420b8,swisstopo / geo.admin.ch,https://api3.geo.admin.ch/rest/services/ech/MapServer/identify?geometryType=esriGeometryPoint&geometry=9.093751%2C47.078625&layers=all%3Ach.swisstopo.swissboundaries3d-gemeinde-flaeche.fill&returnGeometry=false&sr=4326&tolerance=0&mapExtent=0%2C0%2C0%2C0&imageDisplay=0%2C0%2C0&lang=fr,https://api3.geo.admin.ch/rest/services/ech/MapServer/identify?geometryType=esriGeometryPoint&geometry=9.093751%2C47.078625&layers=all%3Ach.swisstopo.swissboundaries3d-gemeinde-flaeche.fill&returnGeometry=false&sr=4326&tolerance=0&mapExtent=0%2C0%2C0%2C0&imageDisplay=0%2C0%2C0&lang=fr,GET,urllib GET,200,downloaded,data_external/source_evidence/GEO_POINT_fd85f1a420b8_20260919T233209Z.json,data_external/source_evidence/GEO_POINT_fd85f1a420b8_20260919T233209Z.json,0986db82a2d290703d12207dfe2f6f2fd18382911e46df602880dfc716b1e3e5,,,True,,
2026-09-19T23:32:10.538957+00:00,initial_source_verification,GEO_POINT_0181b2503ca3,swisstopo / geo.admin.ch,https://api3.geo.admin.ch/rest/services/ech/MapServer/identify?geometryType=esriGeometryPoint&geometry=9.227399%2C47.344767&layers=all%3Ach.swisstopo.swissboundaries3d-gemeinde-flaeche.fill&returnGeometry=false&sr=4326&tolerance=0&mapExtent=0%2C0%2C0%2C0&imageDisplay=0%2C0%2C0&lang=fr,https://api3.geo.admin.ch/rest/services/ech/MapServer/identify?geometryType=esriGeometryPoint&geometry=9.227399%2C47.344767&layers=all%3Ach.swisstopo.swissboundaries3d-gemeinde-flaeche.fill&returnGeometry=false&sr=4326&tolerance=0&mapExtent=0%2C0%2C0%2C0&imageDisplay=0%2C0%2C0&lang=fr,GET,urllib GET,200,downloaded,data_external/source_evidence/GEO_POINT_0181b2503ca3_20260919T233210Z.json,data_external/source_evidence/GEO_POINT_0181b2503ca3_20260919T233210Z.json,9c7f162cbe6cae71f0f2629649c1c3bd5e11b823ac0ad58b3fe8f7c7d31de2a1,,,True,,
2026-09-19T23:32:12.019958+00:00,initial_source_verification,GEO_POINT_dd93b1a81312,swisstopo / geo.admin.ch,https://api3.geo.admin.ch/rest/services/ech/MapServer/identify?geometryType=esriGeometryPoint&geometry=9.302073%2C47.453682&layers=all%3Ach.swisstopo.swissboundaries3d-gemeinde-flaeche.fill&returnGeometry=false&sr=4326&tolerance=0&mapExtent=0%2C0%2C0%2C0&imageDisplay=0%2C0%2C0&lang=fr,https://api3.geo.admin.ch/rest/services/ech/MapServer/identify?geometryType=esriGeometryPoint&geometry=9.302073%2C47.453682&layers=all%3Ach.swisstopo.swissboundaries3d-gemeinde-flaeche.fill&returnGeometry=false&sr=4326&tolerance=0&mapExtent=0%2C0%2C0%2C0&imageDisplay=0%2C0%2C0&lang=fr,GET,urllib GET,200,downloaded,data_external/source_evidence/GEO_POINT_dd93b1a81312_20260919T233212Z.json,data_external/source_evidence/GEO_POINT_dd93b1a81312_20260919T233212Z.json,9dc42007b24e272b7ca24445f9413166384372bc3b4e1a29ebd1a4fbde845d35,,,True,,
2026-09-19T23:32:13.565784+00:00,initial_source_verification,GEO_POINT_c9484a16e4f5,swisstopo / geo.admin.ch,https://api3.geo.admin.ch/rest/services/ech/MapServer/identify?geometryType=esriGeometryPoint&geometry=9.109672%2C47.246950&layers=all%3Ach.swisstopo.swissboundaries3d-gemeinde-flaeche.fill&returnGeometry=false&sr=4326&tolerance=0&mapExtent=0%2C0%2C0%2C0&imageDisplay=0%2C0%2C0&lang=fr,https://api3.geo.admin.ch/rest/services/ech/MapServer/identify?geometryType=esriGeometryPoint&geometry=9.109672%2C47.246950&layers=all%3Ach.swisstopo.swissboundaries3d-gemeinde-flaeche.fill&returnGeometry=false&sr=4326&tolerance=0&mapExtent=0%2C0%2C0%2C0&imageDisplay=0%2C0%2C0&lang=fr,GET,urllib GET,200,downloaded,data_external/source_evidence/GEO_POINT_c9484a16e4f5_20260919T233213Z.json,data_external/source_evidence/GEO_POINT_c9484a16e4f5_20260919T233213Z.json,a7580ca9477c1767957c7e5a5be7467d62458a3b224386575534a8eb050e1133,,,True,,
2026-09-19T23:32:14.897466+00:00,initial_source_verification,GEO_POINT_c76016e319ec,swisstopo / geo.admin.ch,https://api3.geo.admin.ch/rest/services/ech/MapServer/identify?geometryType=esriGeometryPoint&geometry=9.311752%2C47.176269&layers=all%3Ach.swisstopo.swissboundaries3d-gemeinde-flaeche.fill&returnGeometry=false&sr=4326&tolerance=0&mapExtent=0%2C0%2C0%2C0&imageDisplay=0%2C0%2C0&lang=fr,https://api3.geo.admin.ch/rest/services/ech/MapServer/identify?geometryType=esriGeometryPoint&geometry=9.311752%2C47.176269&layers=all%3Ach.swisstopo.swissboundaries3d-gemeinde-flaeche.fill&returnGeometry=false&sr=4326&tolerance=0&mapExtent=0%2C0%2C0%2C0&imageDisplay=0%2C0%2C0&lang=fr,GET,urllib GET,200,downloaded,data_external/source_evidence/GEO_POINT_c76016e319ec_20260919T233214Z.json,data_external/source_evidence/GEO_POINT_c76016e319ec_20260919T233214Z.json,9692c3fb5129f477058cc47873ee0619b0a07d5b2f0ba820557c29ae84728d7f,,,True,,
2026-09-19T23:32:16.312179+00:00,initial_source_verification,GEO_POINT_bbf28fd718d3,swisstopo / geo.admin.ch,https://api3.geo.admin.ch/rest/services/ech/MapServer/identify?geometryType=esriGeometryPoint&geometry=9.341204%2C47.179207&layers=all%3Ach.swisstopo.swissboundaries3d-gemeinde-flaeche.fill&returnGeometry=false&sr=4326&tolerance=0&mapExtent=0%2C0%2C0%2C0&imageDisplay=0%2C0%2C0&lang=fr,https://api3.geo.admin.ch/rest/services/ech/MapServer/identify?geometryType=esriGeometryPoint&geometry=9.341204%2C47.179207&layers=all%3Ach.swisstopo.swissboundaries3d-gemeinde-flaeche.fill&returnGeometry=false&sr=4326&tolerance=0&mapExtent=0%2C0%2C0%2C0&imageDisplay=0%2C0%2C0&lang=fr,GET,urllib GET,200,downloaded,data_external/source_evidence/GEO_POINT_bbf28fd718d3_20260919T233216Z.json,data_external/source_evidence/GEO_POINT_bbf28fd718d3_20260919T233216Z.json,630bc7eb898eb9b0c686529cd0035c0e5d375aebcdf9b54de802c149771af35a,,,True,,
2026-09-19T23:32:17.516838+00:00,initial_source_verification,GEO_POINT_443cdaaaeebf,swisstopo / geo.admin.ch,https://api3.geo.admin.ch/rest/services/ech/MapServer/identify?geometryType=esriGeometryPoint&geometry=9.507916%2C46.980926&layers=all%3Ach.swisstopo.swissboundaries3d-gemeinde-flaeche.fill&returnGeometry=false&sr=4326&tolerance=0&mapExtent=0%2C0%2C0%2C0&imageDisplay=0%2C0%2C0&lang=fr,https://api3.geo.admin.ch/rest/services/ech/MapServer/identify?geometryType=esriGeometryPoint&geometry=9.507916%2C46.980926&layers=all%3Ach.swisstopo.swissboundaries3d-gemeinde-flaeche.fill&returnGeometry=false&sr=4326&tolerance=0&mapExtent=0%2C0%2C0%2C0&imageDisplay=0%2C0%2C0&lang=fr,GET,urllib GET,200,downloaded,data_external/source_evidence/GEO_POINT_443cdaaaeebf_20260919T233217Z.json,data_external/source_evidence/GEO_POINT_443cdaaaeebf_20260919T233217Z.json,fd6196849e44b9bf78dbb71c54e56a0f350486673dcef03d21c7d998398f8c54,,,True,,
2026-09-19T23:32:18.883742+00:00,initial_source_verification,GEO_POINT_1221a60cee82,swisstopo / geo.admin.ch,https://api3.geo.admin.ch/rest/services/ech/MapServer/identify?geometryType=esriGeometryPoint&geometry=9.434850%2C47.415607&layers=all%3Ach.swisstopo.swissboundaries3d-gemeinde-flaeche.fill&returnGeometry=false&sr=4326&tolerance=0&mapExtent=0%2C0%2C0%2C0&imageDisplay=0%2C0%2C0&lang=fr,https://api3.geo.admin.ch/rest/services/ech/MapServer/identify?geometryType=esriGeometryPoint&geometry=9.434850%2C47.415607&layers=all%3Ach.swisstopo.swissboundaries3d-gemeinde-flaeche.fill&returnGeometry=false&sr=4326&tolerance=0&mapExtent=0%2C0%2C0%2C0&imageDisplay=0%2C0%2C0&lang=fr,GET,urllib GET,200,downloaded,data_external/source_evidence/GEO_POINT_1221a60cee82_20260919T233218Z.json,data_external/source_evidence/GEO_POINT_1221a60cee82_20260919T233218Z.json,30deaee9d85d34d19e1cd9eeeaf1b3cf3a9d40edfeb66083e0371170146375e3,,,True,,
2026-09-19T23:32:20.056609+00:00,initial_source_verification,GEO_POINT_4a6401e7ec8c,swisstopo / geo.admin.ch,https://api3.geo.admin.ch/rest/services/ech/MapServer/identify?geometryType=esriGeometryPoint&geometry=9.161954%2C47.234402&layers=all%3Ach.swisstopo.swissboundaries3d-gemeinde-flaeche.fill&returnGeometry=false&sr=4326&tolerance=0&mapExtent=0%2C0%2C0%2C0&imageDisplay=0%2C0%2C0&lang=fr,https://api3.geo.admin.ch/rest/services/ech/MapServer/identify?geometryType=esriGeometryPoint&geometry=9.161954%2C47.234402&layers=all%3Ach.swisstopo.swissboundaries3d-gemeinde-flaeche.fill&returnGeometry=false&sr=4326&tolerance=0&mapExtent=0%2C0%2C0%2C0&imageDisplay=0%2C0%2C0&lang=fr,GET,urllib GET,200,downloaded,data_external/source_evidence/GEO_POINT_4a6401e7ec8c_20260919T233220Z.json,data_external/source_evidence/GEO_POINT_4a6401e7ec8c_20260919T233220Z.json,4f10881a8da9f1b1a75d844eb2bf09ec1c90af0a5589448d8e29b385baf080a3,,,True,,
2026-09-19T23:32:21.323727+00:00,initial_source_verification,GEO_POINT_3d28d091acc8,swisstopo / geo.admin.ch,https://api3.geo.admin.ch/rest/services/ech/MapServer/identify?geometryType=esriGeometryPoint&geometry=8.607874%2C46.531174&layers=all%3Ach.swisstopo.swissboundaries3d-gemeinde-flaeche.fill&returnGeometry=false&sr=4326&tolerance=0&mapExtent=0%2C0%2C0%2C0&imageDisplay=0%2C0%2C0&lang=fr,https://api3.geo.admin.ch/rest/services/ech/MapServer/identify?geometryType=esriGeometryPoint&geometry=8.607874%2C46.531174&layers=all%3Ach.swisstopo.swissboundaries3d-gemeinde-flaeche.fill&returnGeometry=false&sr=4326&tolerance=0&mapExtent=0%2C0%2C0%2C0&imageDisplay=0%2C0%2C0&lang=fr,GET,urllib GET,200,downloaded,data_external/source_evidence/GEO_POINT_3d28d091acc8_20260919T233221Z.json,data_external/source_evidence/GEO_POINT_3d28d091acc8_20260919T233221Z.json,a494c2a17f54aef8173116f86ecaa624a2b6f81842d1e81746c691b13b708571,,,True,,
2026-09-19T23:32:22.685564+00:00,initial_source_verification,GEO_POINT_2c9f7c9d4761,swisstopo / geo.admin.ch,https://api3.geo.admin.ch/rest/services/ech/MapServer/identify?geometryType=esriGeometryPoint&geometry=8.603840%2C46.523792&layers=all%3Ach.swisstopo.swissboundaries3d-gemeinde-flaeche.fill&returnGeometry=false&sr=4326&tolerance=0&mapExtent=0%2C0%2C0%2C0&imageDisplay=0%2C0%2C0&lang=fr,https://api3.geo.admin.ch/rest/services/ech/MapServer/identify?geometryType=esriGeometryPoint&geometry=8.603840%2C46.523792&layers=all%3Ach.swisstopo.swissboundaries3d-gemeinde-flaeche.fill&returnGeometry=false&sr=4326&tolerance=0&mapExtent=0%2C0%2C0%2C0&imageDisplay=0%2C0%2C0&lang=fr,GET,urllib GET,200,downloaded,data_external/source_evidence/GEO_POINT_2c9f7c9d4761_20260919T233222Z.json,data_external/source_evidence/GEO_POINT_2c9f7c9d4761_20260919T233222Z.json,a494c2a17f54aef8173116f86ecaa624a2b6f81842d1e81746c691b13b708571,,,True,,
2026-09-19T23:32:24.078170+00:00,initial_source_verification,GEO_POINT_c0c76b9b3ed6,swisstopo / geo.admin.ch,https://api3.geo.admin.ch/rest/services/ech/MapServer/identify?geometryType=esriGeometryPoint&geometry=8.838201%2C46.111627&layers=all%3Ach.swisstopo.swissboundaries3d-gemeinde-flaeche.fill&returnGeometry=false&sr=4326&tolerance=0&mapExtent=0%2C0%2C0%2C0&imageDisplay=0%2C0%2C0&lang=fr,https://api3.geo.admin.ch/rest/services/ech/MapServer/identify?geometryType=esriGeometryPoint&geometry=8.838201%2C46.111627&layers=all%3Ach.swisstopo.swissboundaries3d-gemeinde-flaeche.fill&returnGeometry=false&sr=4326&tolerance=0&mapExtent=0%2C0%2C0%2C0&imageDisplay=0%2C0%2C0&lang=fr,GET,urllib GET,200,downloaded,data_external/source_evidence/GEO_POINT_c0c76b9b3ed6_20260919T233224Z.json,data_external/source_evidence/GEO_POINT_c0c76b9b3ed6_20260919T233224Z.json,4dd1d292dd1523e86e7a7144cb2f2870c97694fb48cec9dec8e15464a9959fbf,,,True,,
2026-09-19T23:32:25.523414+00:00,initial_source_verification,GEO_POINT_0bf38a1e1c3b,swisstopo / geo.admin.ch,https://api3.geo.admin.ch/rest/services/ech/MapServer/identify?geometryType=esriGeometryPoint&geometry=8.862062%2C46.009597&layers=all%3Ach.swisstopo.swissboundaries3d-gemeinde-flaeche.fill&returnGeometry=false&sr=4326&tolerance=0&mapExtent=0%2C0%2C0%2C0&imageDisplay=0%2C0%2C0&lang=fr,https://api3.geo.admin.ch/rest/services/ech/MapServer/identify?geometryType=esriGeometryPoint&geometry=8.862062%2C46.009597&layers=all%3Ach.swisstopo.swissboundaries3d-gemeinde-flaeche.fill&returnGeometry=false&sr=4326&tolerance=0&mapExtent=0%2C0%2C0%2C0&imageDisplay=0%2C0%2C0&lang=fr,GET,urllib GET,200,downloaded,data_external/source_evidence/GEO_POINT_0bf38a1e1c3b_20260919T233225Z.json,data_external/source_evidence/GEO_POINT_0bf38a1e1c3b_20260919T233225Z.json,24f5ad7df71d547c3ec0b36b3ad91970122531d65e2a1ea3125cc27a75e07120,,,True,,
2026-09-19T23:32:27.085726+00:00,initial_source_verification,GEO_POINT_deb870980231,swisstopo / geo.admin.ch,https://api3.geo.admin.ch/rest/services/ech/MapServer/identify?geometryType=esriGeometryPoint&geometry=8.775826%2C46.471723&layers=all%3Ach.swisstopo.swissboundaries3d-gemeinde-flaeche.fill&returnGeometry=false&sr=4326&tolerance=0&mapExtent=0%2C0%2C0%2C0&imageDisplay=0%2C0%2C0&lang=fr,https://api3.geo.admin.ch/rest/services/ech/MapServer/identify?geometryType=esriGeometryPoint&geometry=8.775826%2C46.471723&layers=all%3Ach.swisstopo.swissboundaries3d-gemeinde-flaeche.fill&returnGeometry=false&sr=4326&tolerance=0&mapExtent=0%2C0%2C0%2C0&imageDisplay=0%2C0%2C0&lang=fr,GET,urllib GET,200,downloaded,data_external/source_evidence/GEO_POINT_deb870980231_20260919T233227Z.json,data_external/source_evidence/GEO_POINT_deb870980231_20260919T233227Z.json,a41418385d0dfb7a607efb8fdd26cc2b7f342b804a9d67efab9e981b53f4f501,,,True,,
2026-09-19T23:32:28.414134+00:00,initial_source_verification,GEO_POINT_ad2a1792ba87,swisstopo / geo.admin.ch,https://api3.geo.admin.ch/rest/services/ech/MapServer/identify?geometryType=esriGeometryPoint&geometry=8.467541%2C46.316644&layers=all%3Ach.swisstopo.swissboundaries3d-gemeinde-flaeche.fill&returnGeometry=false&sr=4326&tolerance=0&mapExtent=0%2C0%2C0%2C0&imageDisplay=0%2C0%2C0&lang=fr,https://api3.geo.admin.ch/rest/services/ech/MapServer/identify?geometryType=esriGeometryPoint&geometry=8.467541%2C46.316644&layers=all%3Ach.swisstopo.swissboundaries3d-gemeinde-flaeche.fill&returnGeometry=false&sr=4326&tolerance=0&mapExtent=0%2C0%2C0%2C0&imageDisplay=0%2C0%2C0&lang=fr,GET,urllib GET,200,downloaded,data_external/source_evidence/GEO_POINT_ad2a1792ba87_20260919T233228Z.json,data_external/source_evidence/GEO_POINT_ad2a1792ba87_20260919T233228Z.json,6ae03e5821d80f972728a1bc8c2d94f5e2ae9ad76e80997931f81cb7f0695cfd,,,True,,
2026-09-19T23:32:29.645992+00:00,initial_source_verification,GEO_POINT_a013fec007d0,swisstopo / geo.admin.ch,https://api3.geo.admin.ch/rest/services/ech/MapServer/identify?geometryType=esriGeometryPoint&geometry=8.936605%2C46.556234&layers=all%3Ach.swisstopo.swissboundaries3d-gemeinde-flaeche.fill&returnGeometry=false&sr=4326&tolerance=0&mapExtent=0%2C0%2C0%2C0&imageDisplay=0%2C0%2C0&lang=fr,https://api3.geo.admin.ch/rest/services/ech/MapServer/identify?geometryType=esriGeometryPoint&geometry=8.936605%2C46.556234&layers=all%3Ach.swisstopo.swissboundaries3d-gemeinde-flaeche.fill&returnGeometry=false&sr=4326&tolerance=0&mapExtent=0%2C0%2C0%2C0&imageDisplay=0%2C0%2C0&lang=fr,GET,urllib GET,200,downloaded,data_external/source_evidence/GEO_POINT_a013fec007d0_20260919T233229Z.json,data_external/source_evidence/GEO_POINT_a013fec007d0_20260919T233229Z.json,022b473730a39dae866cad892fa9226db411ea7ef17f79ba7d017d706d33aa90,,,True,,
2026-09-19T23:32:31.064114+00:00,initial_source_verification,GEO_POINT_e8b35455a904,swisstopo / geo.admin.ch,https://api3.geo.admin.ch/rest/services/ech/MapServer/identify?geometryType=esriGeometryPoint&geometry=8.788161%2C46.196795&layers=all%3Ach.swisstopo.swissboundaries3d-gemeinde-flaeche.fill&returnGeometry=false&sr=4326&tolerance=0&mapExtent=0%2C0%2C0%2C0&imageDisplay=0%2C0%2C0&lang=fr,https://api3.geo.admin.ch/rest/services/ech/MapServer/identify?geometryType=esriGeometryPoint&geometry=8.788161%2C46.196795&layers=all%3Ach.swisstopo.swissboundaries3d-gemeinde-flaeche.fill&returnGeometry=false&sr=4326&tolerance=0&mapExtent=0%2C0%2C0%2C0&imageDisplay=0%2C0%2C0&lang=fr,GET,urllib GET,200,downloaded,data_external/source_evidence/GEO_POINT_e8b35455a904_20260919T233231Z.json,data_external/source_evidence/GEO_POINT_e8b35455a904_20260919T233231Z.json,9a2797372829d09baaaa3f362f41fd471c7e4132875a2a13d467fc543526a131,,,True,,
2026-09-19T23:32:32.412291+00:00,initial_source_verification,GEO_POINT_9b0d94643185,swisstopo / geo.admin.ch,https://api3.geo.admin.ch/rest/services/ech/MapServer/identify?geometryType=esriGeometryPoint&geometry=8.818052%2C46.503709&layers=all%3Ach.swisstopo.swissboundaries3d-gemeinde-flaeche.fill&returnGeometry=false&sr=4326&tolerance=0&mapExtent=0%2C0%2C0%2C0&imageDisplay=0%2C0%2C0&lang=fr,https://api3.geo.admin.ch/rest/services/ech/MapServer/identify?geometryType=esriGeometryPoint&geometry=8.818052%2C46.503709&layers=all%3Ach.swisstopo.swissboundaries3d-gemeinde-flaeche.fill&returnGeometry=false&sr=4326&tolerance=0&mapExtent=0%2C0%2C0%2C0&imageDisplay=0%2C0%2C0&lang=fr,GET,urllib GET,200,downloaded,data_external/source_evidence/GEO_POINT_9b0d94643185_20260919T233232Z.json,data_external/source_evidence/GEO_POINT_9b0d94643185_20260919T233232Z.json,c5b264de89634667123b16100227095fd783011c64fd5b72c843445a3a2aaad6,,,True,,
2026-09-19T23:32:33.704507+00:00,initial_source_verification,GEO_POINT_2a1372d3aeb4,swisstopo / geo.admin.ch,https://api3.geo.admin.ch/rest/services/ech/MapServer/identify?geometryType=esriGeometryPoint&geometry=8.484889%2C46.491341&layers=all%3Ach.swisstopo.swissboundaries3d-gemeinde-flaeche.fill&returnGeometry=false&sr=4326&tolerance=0&mapExtent=0%2C0%2C0%2C0&imageDisplay=0%2C0%2C0&lang=fr,https://api3.geo.admin.ch/rest/services/ech/MapServer/identify?geometryType=esriGeometryPoint&geometry=8.484889%2C46.491341&layers=all%3Ach.swisstopo.swissboundaries3d-gemeinde-flaeche.fill&returnGeometry=false&sr=4326&tolerance=0&mapExtent=0%2C0%2C0%2C0&imageDisplay=0%2C0%2C0&lang=fr,GET,urllib GET,200,downloaded,data_external/source_evidence/GEO_POINT_2a1372d3aeb4_20260919T233233Z.json,data_external/source_evidence/GEO_POINT_2a1372d3aeb4_20260919T233233Z.json,260185beb89ef392c48d6d6af8f7eb127c7208624757ac954034bd1f59dddd72,,,True,,
2026-09-19T23:32:34.937983+00:00,initial_source_verification,GEO_POINT_f1c5b8863d50,swisstopo / geo.admin.ch,https://api3.geo.admin.ch/rest/services/ech/MapServer/identify?geometryType=esriGeometryPoint&geometry=8.661765%2C46.428061&layers=all%3Ach.swisstopo.swissboundaries3d-gemeinde-flaeche.fill&returnGeometry=false&sr=4326&tolerance=0&mapExtent=0%2C0%2C0%2C0&imageDisplay=0%2C0%2C0&lang=fr,https://api3.geo.admin.ch/rest/services/ech/MapServer/identify?geometryType=esriGeometryPoint&geometry=8.661765%2C46.428061&layers=all%3Ach.swisstopo.swissboundaries3d-gemeinde-flaeche.fill&returnGeometry=false&sr=4326&tolerance=0&mapExtent=0%2C0%2C0%2C0&imageDisplay=0%2C0%2C0&lang=fr,GET,urllib GET,200,downloaded,data_external/source_evidence/GEO_POINT_f1c5b8863d50_20260919T233234Z.json,data_external/source_evidence/GEO_POINT_f1c5b8863d50_20260919T233234Z.json,17e6a6d7950588238455db85c4ed74f97ef94f7b97d666950cf637499eddbe0b,,,True,,
2026-09-19T23:32:36.577793+00:00,initial_source_verification,GEO_POINT_0ba0c4d6e822,swisstopo / geo.admin.ch,https://api3.geo.admin.ch/rest/services/ech/MapServer/identify?geometryType=esriGeometryPoint&geometry=8.898282%2C46.460122&layers=all%3Ach.swisstopo.swissboundaries3d-gemeinde-flaeche.fill&returnGeometry=false&sr=4326&tolerance=0&mapExtent=0%2C0%2C0%2C0&imageDisplay=0%2C0%2C0&lang=fr,https://api3.geo.admin.ch/rest/services/ech/MapServer/identify?geometryType=esriGeometryPoint&geometry=8.898282%2C46.460122&layers=all%3Ach.swisstopo.swissboundaries3d-gemeinde-flaeche.fill&returnGeometry=false&sr=4326&tolerance=0&mapExtent=0%2C0%2C0%2C0&imageDisplay=0%2C0%2C0&lang=fr,GET,urllib GET,200,downloaded,data_external/source_evidence/GEO_POINT_0ba0c4d6e822_20260919T233236Z.json,data_external/source_evidence/GEO_POINT_0ba0c4d6e822_20260919T233236Z.json,c257e6541b6a8f5cc631e01eef4c5e7b18daed5ba30af185ddcc1674653bae0b,,,True,,
2026-09-19T23:32:37.853235+00:00,initial_source_verification,GEO_POINT_e104e357ffa4,swisstopo / geo.admin.ch,https://api3.geo.admin.ch/rest/services/ech/MapServer/identify?geometryType=esriGeometryPoint&geometry=8.610607%2C46.410422&layers=all%3Ach.swisstopo.swissboundaries3d-gemeinde-flaeche.fill&returnGeometry=false&sr=4326&tolerance=0&mapExtent=0%2C0%2C0%2C0&imageDisplay=0%2C0%2C0&lang=fr,https://api3.geo.admin.ch/rest/services/ech/MapServer/identify?geometryType=esriGeometryPoint&geometry=8.610607%2C46.410422&layers=all%3Ach.swisstopo.swissboundaries3d-gemeinde-flaeche.fill&returnGeometry=false&sr=4326&tolerance=0&mapExtent=0%2C0%2C0%2C0&imageDisplay=0%2C0%2C0&lang=fr,GET,urllib GET,200,downloaded,data_external/source_evidence/GEO_POINT_e104e357ffa4_20260919T233237Z.json,data_external/source_evidence/GEO_POINT_e104e357ffa4_20260919T233237Z.json,a3b50e98f64d961d3c20f7235c8e41c8972a14fc9ea8541f32a575698a92ac47,,,True,,
2026-09-19T23:32:39.310769+00:00,initial_source_verification,GEO_POINT_19e1736b644f,swisstopo / geo.admin.ch,https://api3.geo.admin.ch/rest/services/ech/MapServer/identify?geometryType=esriGeometryPoint&geometry=8.757745%2C46.481156&layers=all%3Ach.swisstopo.swissboundaries3d-gemeinde-flaeche.fill&returnGeometry=false&sr=4326&tolerance=0&mapExtent=0%2C0%2C0%2C0&imageDisplay=0%2C0%2C0&lang=fr,https://api3.geo.admin.ch/rest/services/ech/MapServer/identify?geometryType=esriGeometryPoint&geometry=8.757745%2C46.481156&layers=all%3Ach.swisstopo.swissboundaries3d-gemeinde-flaeche.fill&returnGeometry=false&sr=4326&tolerance=0&mapExtent=0%2C0%2C0%2C0&imageDisplay=0%2C0%2C0&lang=fr,GET,urllib GET,200,downloaded,data_external/source_evidence/GEO_POINT_19e1736b644f_20260919T233239Z.json,data_external/source_evidence/GEO_POINT_19e1736b644f_20260919T233239Z.json,7bb128ba4412b61381fb6960052dea0ac612e5dd31737f5eb3af328763ebb629,,,True,,
2026-09-19T23:32:40.618458+00:00,initial_source_verification,GEO_POINT_3127af4bdfa9,swisstopo / geo.admin.ch,https://api3.geo.admin.ch/rest/services/ech/MapServer/identify?geometryType=esriGeometryPoint&geometry=8.099413%2C46.416381&layers=all%3Ach.swisstopo.swissboundaries3d-gemeinde-flaeche.fill&returnGeometry=false&sr=4326&tolerance=0&mapExtent=0%2C0%2C0%2C0&imageDisplay=0%2C0%2C0&lang=fr,https://api3.geo.admin.ch/rest/services/ech/MapServer/identify?geometryType=esriGeometryPoint&geometry=8.099413%2C46.416381&layers=all%3Ach.swisstopo.swissboundaries3d-gemeinde-flaeche.fill&returnGeometry=false&sr=4326&tolerance=0&mapExtent=0%2C0%2C0%2C0&imageDisplay=0%2C0%2C0&lang=fr,GET,urllib GET,200,downloaded,data_external/source_evidence/GEO_POINT_3127af4bdfa9_20260919T233240Z.json,data_external/source_evidence/GEO_POINT_3127af4bdfa9_20260919T233240Z.json,5750aa6c5561fe86c58a7566ab6ba3cb7b4a552b2f2127b2906c0b40bb39f68e,,,True,,
2026-09-19T23:32:42.028754+00:00,initial_source_verification,GEO_POINT_d5b9ca029376,swisstopo / geo.admin.ch,https://api3.geo.admin.ch/rest/services/ech/MapServer/identify?geometryType=esriGeometryPoint&geometry=7.397490%2C46.312909&layers=all%3Ach.swisstopo.swissboundaries3d-gemeinde-flaeche.fill&returnGeometry=false&sr=4326&tolerance=0&mapExtent=0%2C0%2C0%2C0&imageDisplay=0%2C0%2C0&lang=fr,https://api3.geo.admin.ch/rest/services/ech/MapServer/identify?geometryType=esriGeometryPoint&geometry=7.397490%2C46.312909&layers=all%3Ach.swisstopo.swissboundaries3d-gemeinde-flaeche.fill&returnGeometry=false&sr=4326&tolerance=0&mapExtent=0%2C0%2C0%2C0&imageDisplay=0%2C0%2C0&lang=fr,GET,urllib GET,200,downloaded,data_external/source_evidence/GEO_POINT_d5b9ca029376_20260919T233242Z.json,data_external/source_evidence/GEO_POINT_d5b9ca029376_20260919T233242Z.json,08f135a6ccab807008f855287c183d028ba1053f9a3edf34dd534b6d8f50222c,,,True,,
2026-09-19T23:32:43.472464+00:00,initial_source_verification,GEO_POINT_048fa16e902a,swisstopo / geo.admin.ch,https://api3.geo.admin.ch/rest/services/ech/MapServer/identify?geometryType=esriGeometryPoint&geometry=7.469587%2C46.027482&layers=all%3Ach.swisstopo.swissboundaries3d-gemeinde-flaeche.fill&returnGeometry=false&sr=4326&tolerance=0&mapExtent=0%2C0%2C0%2C0&imageDisplay=0%2C0%2C0&lang=fr,https://api3.geo.admin.ch/rest/services/ech/MapServer/identify?geometryType=esriGeometryPoint&geometry=7.469587%2C46.027482&layers=all%3Ach.swisstopo.swissboundaries3d-gemeinde-flaeche.fill&returnGeometry=false&sr=4326&tolerance=0&mapExtent=0%2C0%2C0%2C0&imageDisplay=0%2C0%2C0&lang=fr,GET,urllib GET,200,downloaded,data_external/source_evidence/GEO_POINT_048fa16e902a_20260919T233243Z.json,data_external/source_evidence/GEO_POINT_048fa16e902a_20260919T233243Z.json,8eef54923e721c56d51a9f5af63207563c1229c8cd182c86b13ed4bac04865d6,,,True,,
2026-09-19T23:32:44.902621+00:00,initial_source_verification,GEO_POINT_9771a5709f19,swisstopo / geo.admin.ch,https://api3.geo.admin.ch/rest/services/ech/MapServer/identify?geometryType=esriGeometryPoint&geometry=6.778607%2C46.178671&layers=all%3Ach.swisstopo.swissboundaries3d-gemeinde-flaeche.fill&returnGeometry=false&sr=4326&tolerance=0&mapExtent=0%2C0%2C0%2C0&imageDisplay=0%2C0%2C0&lang=fr,https://api3.geo.admin.ch/rest/services/ech/MapServer/identify?geometryType=esriGeometryPoint&geometry=6.778607%2C46.178671&layers=all%3Ach.swisstopo.swissboundaries3d-gemeinde-flaeche.fill&returnGeometry=false&sr=4326&tolerance=0&mapExtent=0%2C0%2C0%2C0&imageDisplay=0%2C0%2C0&lang=fr,GET,urllib GET,200,downloaded,data_external/source_evidence/GEO_POINT_9771a5709f19_20260919T233244Z.json,data_external/source_evidence/GEO_POINT_9771a5709f19_20260919T233244Z.json,6cecb20c79fa62eb775e45270a3cb9f2ca33c6a540c960ca88bb7a1d3700dcb5,,,True,,
2026-09-19T23:32:46.023285+00:00,initial_source_verification,GEO_POINT_5009e72be1ae,swisstopo / geo.admin.ch,https://api3.geo.admin.ch/rest/services/ech/MapServer/identify?geometryType=esriGeometryPoint&geometry=7.977705%2C46.379149&layers=all%3Ach.swisstopo.swissboundaries3d-gemeinde-flaeche.fill&returnGeometry=false&sr=4326&tolerance=0&mapExtent=0%2C0%2C0%2C0&imageDisplay=0%2C0%2C0&lang=fr,https://api3.geo.admin.ch/rest/services/ech/MapServer/identify?geometryType=esriGeometryPoint&geometry=7.977705%2C46.379149&layers=all%3Ach.swisstopo.swissboundaries3d-gemeinde-flaeche.fill&returnGeometry=false&sr=4326&tolerance=0&mapExtent=0%2C0%2C0%2C0&imageDisplay=0%2C0%2C0&lang=fr,GET,urllib GET,200,downloaded,data_external/source_evidence/GEO_POINT_5009e72be1ae_20260919T233246Z.json,data_external/source_evidence/GEO_POINT_5009e72be1ae_20260919T233246Z.json,6f5d81fef8097c7b4c8c7e2450637b57a8694c60a01fd45ddb70263063033d59,,,True,,
2026-09-19T23:32:47.564100+00:00,initial_source_verification,GEO_POINT_93efdfee95ce,swisstopo / geo.admin.ch,https://api3.geo.admin.ch/rest/services/ech/MapServer/identify?geometryType=esriGeometryPoint&geometry=8.166790%2C46.441347&layers=all%3Ach.swisstopo.swissboundaries3d-gemeinde-flaeche.fill&returnGeometry=false&sr=4326&tolerance=0&mapExtent=0%2C0%2C0%2C0&imageDisplay=0%2C0%2C0&lang=fr,https://api3.geo.admin.ch/rest/services/ech/MapServer/identify?geometryType=esriGeometryPoint&geometry=8.166790%2C46.441347&layers=all%3Ach.swisstopo.swissboundaries3d-gemeinde-flaeche.fill&returnGeometry=false&sr=4326&tolerance=0&mapExtent=0%2C0%2C0%2C0&imageDisplay=0%2C0%2C0&lang=fr,GET,urllib GET,200,downloaded,data_external/source_evidence/GEO_POINT_93efdfee95ce_20260919T233247Z.json,data_external/source_evidence/GEO_POINT_93efdfee95ce_20260919T233247Z.json,01de1cd7695d3f8cbf160f2b62f59ab8b76e5a4913ae9ef43b0468371384f7a5,,,True,,
2026-09-19T23:32:48.895163+00:00,initial_source_verification,GEO_POINT_ff83f29dd57f,swisstopo / geo.admin.ch,https://api3.geo.admin.ch/rest/services/ech/MapServer/identify?geometryType=esriGeometryPoint&geometry=7.199478%2C46.059832&layers=all%3Ach.swisstopo.swissboundaries3d-gemeinde-flaeche.fill&returnGeometry=false&sr=4326&tolerance=0&mapExtent=0%2C0%2C0%2C0&imageDisplay=0%2C0%2C0&lang=fr,https://api3.geo.admin.ch/rest/services/ech/MapServer/identify?geometryType=esriGeometryPoint&geometry=7.199478%2C46.059832&layers=all%3Ach.swisstopo.swissboundaries3d-gemeinde-flaeche.fill&returnGeometry=false&sr=4326&tolerance=0&mapExtent=0%2C0%2C0%2C0&imageDisplay=0%2C0%2C0&lang=fr,GET,urllib GET,200,downloaded,data_external/source_evidence/GEO_POINT_ff83f29dd57f_20260919T233248Z.json,data_external/source_evidence/GEO_POINT_ff83f29dd57f_20260919T233248Z.json,8e28f31d9c2e7319da355740dd006c1f692965443901ab7ff7a45444cdf74436,,,True,,
2026-09-19T23:32:50.837404+00:00,initial_source_verification,GEO_POINT_0f684ff70359,swisstopo / geo.admin.ch,https://api3.geo.admin.ch/rest/services/ech/MapServer/identify?geometryType=esriGeometryPoint&geometry=7.104979%2C46.027661&layers=all%3Ach.swisstopo.swissboundaries3d-gemeinde-flaeche.fill&returnGeometry=false&sr=4326&tolerance=0&mapExtent=0%2C0%2C0%2C0&imageDisplay=0%2C0%2C0&lang=fr,https://api3.geo.admin.ch/rest/services/ech/MapServer/identify?geometryType=esriGeometryPoint&geometry=7.104979%2C46.027661&layers=all%3Ach.swisstopo.swissboundaries3d-gemeinde-flaeche.fill&returnGeometry=false&sr=4326&tolerance=0&mapExtent=0%2C0%2C0%2C0&imageDisplay=0%2C0%2C0&lang=fr,GET,urllib GET,200,downloaded,data_external/source_evidence/GEO_POINT_0f684ff70359_20260919T233250Z.json,data_external/source_evidence/GEO_POINT_0f684ff70359_20260919T233250Z.json,052ae0e3e33a6f0e8d458e610f43eece62cae7bbcee84618f3a8df3d5abaaee2,,,True,,
2026-09-19T23:32:52.069515+00:00,initial_source_verification,GEO_POINT_733ecab3af60,swisstopo / geo.admin.ch,https://api3.geo.admin.ch/rest/services/ech/MapServer/identify?geometryType=esriGeometryPoint&geometry=6.849031%2C46.206567&layers=all%3Ach.swisstopo.swissboundaries3d-gemeinde-flaeche.fill&returnGeometry=false&sr=4326&tolerance=0&mapExtent=0%2C0%2C0%2C0&imageDisplay=0%2C0%2C0&lang=fr,https://api3.geo.admin.ch/rest/services/ech/MapServer/identify?geometryType=esriGeometryPoint&geometry=6.849031%2C46.206567&layers=all%3Ach.swisstopo.swissboundaries3d-gemeinde-flaeche.fill&returnGeometry=false&sr=4326&tolerance=0&mapExtent=0%2C0%2C0%2C0&imageDisplay=0%2C0%2C0&lang=fr,GET,urllib GET,200,downloaded,data_external/source_evidence/GEO_POINT_733ecab3af60_20260919T233252Z.json,data_external/source_evidence/GEO_POINT_733ecab3af60_20260919T233252Z.json,71756fa28c88466f02f001081283e781e04cfe06f1b74084e26430da71597041,,,True,,
2026-09-19T23:32:53.613564+00:00,initial_source_verification,GEO_POINT_c5bf631c341f,swisstopo / geo.admin.ch,https://api3.geo.admin.ch/rest/services/ech/MapServer/identify?geometryType=esriGeometryPoint&geometry=6.776779%2C46.284582&layers=all%3Ach.swisstopo.swissboundaries3d-gemeinde-flaeche.fill&returnGeometry=false&sr=4326&tolerance=0&mapExtent=0%2C0%2C0%2C0&imageDisplay=0%2C0%2C0&lang=fr,https://api3.geo.admin.ch/rest/services/ech/MapServer/identify?geometryType=esriGeometryPoint&geometry=6.776779%2C46.284582&layers=all%3Ach.swisstopo.swissboundaries3d-gemeinde-flaeche.fill&returnGeometry=false&sr=4326&tolerance=0&mapExtent=0%2C0%2C0%2C0&imageDisplay=0%2C0%2C0&lang=fr,GET,urllib GET,200,downloaded,data_external/source_evidence/GEO_POINT_c5bf631c341f_20260919T233253Z.json,data_external/source_evidence/GEO_POINT_c5bf631c341f_20260919T233253Z.json,6cecb20c79fa62eb775e45270a3cb9f2ca33c6a540c960ca88bb7a1d3700dcb5,,,True,,
2026-09-19T23:32:54.823904+00:00,initial_source_verification,GEO_POINT_76409f9c3da1,swisstopo / geo.admin.ch,https://api3.geo.admin.ch/rest/services/ech/MapServer/identify?geometryType=esriGeometryPoint&geometry=6.858344%2C46.267685&layers=all%3Ach.swisstopo.swissboundaries3d-gemeinde-flaeche.fill&returnGeometry=false&sr=4326&tolerance=0&mapExtent=0%2C0%2C0%2C0&imageDisplay=0%2C0%2C0&lang=fr,https://api3.geo.admin.ch/rest/services/ech/MapServer/identify?geometryType=esriGeometryPoint&geometry=6.858344%2C46.267685&layers=all%3Ach.swisstopo.swissboundaries3d-gemeinde-flaeche.fill&returnGeometry=false&sr=4326&tolerance=0&mapExtent=0%2C0%2C0%2C0&imageDisplay=0%2C0%2C0&lang=fr,GET,urllib GET,200,downloaded,data_external/source_evidence/GEO_POINT_76409f9c3da1_20260919T233254Z.json,data_external/source_evidence/GEO_POINT_76409f9c3da1_20260919T233254Z.json,6cecb20c79fa62eb775e45270a3cb9f2ca33c6a540c960ca88bb7a1d3700dcb5,,,True,,
2026-09-19T23:32:56.063818+00:00,initial_source_verification,GEO_POINT_9ac7d1db1e69,swisstopo / geo.admin.ch,https://api3.geo.admin.ch/rest/services/ech/MapServer/identify?geometryType=esriGeometryPoint&geometry=7.479029%2C46.336084&layers=all%3Ach.swisstopo.swissboundaries3d-gemeinde-flaeche.fill&returnGeometry=false&sr=4326&tolerance=0&mapExtent=0%2C0%2C0%2C0&imageDisplay=0%2C0%2C0&lang=fr,https://api3.geo.admin.ch/rest/services/ech/MapServer/identify?geometryType=esriGeometryPoint&geometry=7.479029%2C46.336084&layers=all%3Ach.swisstopo.swissboundaries3d-gemeinde-flaeche.fill&returnGeometry=false&sr=4326&tolerance=0&mapExtent=0%2C0%2C0%2C0&imageDisplay=0%2C0%2C0&lang=fr,GET,urllib GET,200,downloaded,data_external/source_evidence/GEO_POINT_9ac7d1db1e69_20260919T233256Z.json,data_external/source_evidence/GEO_POINT_9ac7d1db1e69_20260919T233256Z.json,fb0372f878e7a95dd35515fd8639759508fac017fa1a27261ff1c091e17f02a5,,,True,,
2026-09-19T23:32:57.609914+00:00,initial_source_verification,GEO_POINT_c7e9f1722ed7,swisstopo / geo.admin.ch,https://api3.geo.admin.ch/rest/services/ech/MapServer/identify?geometryType=esriGeometryPoint&geometry=7.767677%2C46.277000&layers=all%3Ach.swisstopo.swissboundaries3d-gemeinde-flaeche.fill&returnGeometry=false&sr=4326&tolerance=0&mapExtent=0%2C0%2C0%2C0&imageDisplay=0%2C0%2C0&lang=fr,https://api3.geo.admin.ch/rest/services/ech/MapServer/identify?geometryType=esriGeometryPoint&geometry=7.767677%2C46.277000&layers=all%3Ach.swisstopo.swissboundaries3d-gemeinde-flaeche.fill&returnGeometry=false&sr=4326&tolerance=0&mapExtent=0%2C0%2C0%2C0&imageDisplay=0%2C0%2C0&lang=fr,GET,urllib GET,200,downloaded,data_external/source_evidence/GEO_POINT_c7e9f1722ed7_20260919T233257Z.json,data_external/source_evidence/GEO_POINT_c7e9f1722ed7_20260919T233257Z.json,55bbd72edb2e10090460c82cc95f28317ec5d200f850a805390a71c999c0d8a4,,,True,,
2026-09-19T23:32:58.810825+00:00,initial_source_verification,GEO_POINT_e64c0fd83f0f,swisstopo / geo.admin.ch,https://api3.geo.admin.ch/rest/services/ech/MapServer/identify?geometryType=esriGeometryPoint&geometry=7.465553%2C46.121738&layers=all%3Ach.swisstopo.swissboundaries3d-gemeinde-flaeche.fill&returnGeometry=false&sr=4326&tolerance=0&mapExtent=0%2C0%2C0%2C0&imageDisplay=0%2C0%2C0&lang=fr,https://api3.geo.admin.ch/rest/services/ech/MapServer/identify?geometryType=esriGeometryPoint&geometry=7.465553%2C46.121738&layers=all%3Ach.swisstopo.swissboundaries3d-gemeinde-flaeche.fill&returnGeometry=false&sr=4326&tolerance=0&mapExtent=0%2C0%2C0%2C0&imageDisplay=0%2C0%2C0&lang=fr,GET,urllib GET,200,downloaded,data_external/source_evidence/GEO_POINT_e64c0fd83f0f_20260919T233258Z.json,data_external/source_evidence/GEO_POINT_e64c0fd83f0f_20260919T233258Z.json,8eef54923e721c56d51a9f5af63207563c1229c8cd182c86b13ed4bac04865d6,,,True,,
2026-09-19T23:33:00.356819+00:00,initial_source_verification,GEO_POINT_13f259f5288b,swisstopo / geo.admin.ch,https://api3.geo.admin.ch/rest/services/ech/MapServer/identify?geometryType=esriGeometryPoint&geometry=7.722965%2C46.328142&layers=all%3Ach.swisstopo.swissboundaries3d-gemeinde-flaeche.fill&returnGeometry=false&sr=4326&tolerance=0&mapExtent=0%2C0%2C0%2C0&imageDisplay=0%2C0%2C0&lang=fr,https://api3.geo.admin.ch/rest/services/ech/MapServer/identify?geometryType=esriGeometryPoint&geometry=7.722965%2C46.328142&layers=all%3Ach.swisstopo.swissboundaries3d-gemeinde-flaeche.fill&returnGeometry=false&sr=4326&tolerance=0&mapExtent=0%2C0%2C0%2C0&imageDisplay=0%2C0%2C0&lang=fr,GET,urllib GET,200,downloaded,data_external/source_evidence/GEO_POINT_13f259f5288b_20260919T233300Z.json,data_external/source_evidence/GEO_POINT_13f259f5288b_20260919T233300Z.json,c8fd6933a01300a9de728cf512c0e98c59788e297037381bbcafd931bfef1e17,,,True,,
2026-09-19T23:33:01.869482+00:00,initial_source_verification,GEO_POINT_f5a9cd6bad72,swisstopo / geo.admin.ch,https://api3.geo.admin.ch/rest/services/ech/MapServer/identify?geometryType=esriGeometryPoint&geometry=7.556791%2C46.180841&layers=all%3Ach.swisstopo.swissboundaries3d-gemeinde-flaeche.fill&returnGeometry=false&sr=4326&tolerance=0&mapExtent=0%2C0%2C0%2C0&imageDisplay=0%2C0%2C0&lang=fr,https://api3.geo.admin.ch/rest/services/ech/MapServer/identify?geometryType=esriGeometryPoint&geometry=7.556791%2C46.180841&layers=all%3Ach.swisstopo.swissboundaries3d-gemeinde-flaeche.fill&returnGeometry=false&sr=4326&tolerance=0&mapExtent=0%2C0%2C0%2C0&imageDisplay=0%2C0%2C0&lang=fr,GET,urllib GET,200,downloaded,data_external/source_evidence/GEO_POINT_f5a9cd6bad72_20260919T233301Z.json,data_external/source_evidence/GEO_POINT_f5a9cd6bad72_20260919T233301Z.json,1657c9bf7a15700b4b6078b08ac84e75d396c1baa000411ba241f7eb612d557b,,,True,,
2026-09-19T23:33:03.233408+00:00,initial_source_verification,GEO_POINT_9e818caaa9d9,swisstopo / geo.admin.ch,https://api3.geo.admin.ch/rest/services/ech/MapServer/identify?geometryType=esriGeometryPoint&geometry=7.852221%2C46.193973&layers=all%3Ach.swisstopo.swissboundaries3d-gemeinde-flaeche.fill&returnGeometry=false&sr=4326&tolerance=0&mapExtent=0%2C0%2C0%2C0&imageDisplay=0%2C0%2C0&lang=fr,https://api3.geo.admin.ch/rest/services/ech/MapServer/identify?geometryType=esriGeometryPoint&geometry=7.852221%2C46.193973&layers=all%3Ach.swisstopo.swissboundaries3d-gemeinde-flaeche.fill&returnGeometry=false&sr=4326&tolerance=0&mapExtent=0%2C0%2C0%2C0&imageDisplay=0%2C0%2C0&lang=fr,GET,urllib GET,200,downloaded,data_external/source_evidence/GEO_POINT_9e818caaa9d9_20260919T233303Z.json,data_external/source_evidence/GEO_POINT_9e818caaa9d9_20260919T233303Z.json,1f7e6ec6213fc05fa6cbac22170409bc94043e7ebe72244e3b1255b14fb2dff2,,,True,,
2026-09-19T23:33:04.649996+00:00,initial_source_verification,GEO_POINT_a7fbc0358b88,swisstopo / geo.admin.ch,https://api3.geo.admin.ch/rest/services/ech/MapServer/identify?geometryType=esriGeometryPoint&geometry=7.965088%2C46.138512&layers=all%3Ach.swisstopo.swissboundaries3d-gemeinde-flaeche.fill&returnGeometry=false&sr=4326&tolerance=0&mapExtent=0%2C0%2C0%2C0&imageDisplay=0%2C0%2C0&lang=fr,https://api3.geo.admin.ch/rest/services/ech/MapServer/identify?geometryType=esriGeometryPoint&geometry=7.965088%2C46.138512&layers=all%3Ach.swisstopo.swissboundaries3d-gemeinde-flaeche.fill&returnGeometry=false&sr=4326&tolerance=0&mapExtent=0%2C0%2C0%2C0&imageDisplay=0%2C0%2C0&lang=fr,GET,urllib GET,200,downloaded,data_external/source_evidence/GEO_POINT_a7fbc0358b88_20260919T233304Z.json,data_external/source_evidence/GEO_POINT_a7fbc0358b88_20260919T233304Z.json,b3e86cc8f0c34249d36c95b1b782ec4f05f452a23d1cdf725ef240cb55bfc02f,,,True,,
2026-09-19T23:33:05.868478+00:00,initial_source_verification,GEO_POINT_bf558902bf90,swisstopo / geo.admin.ch,https://api3.geo.admin.ch/rest/services/ech/MapServer/identify?geometryType=esriGeometryPoint&geometry=7.526180%2C46.091229&layers=all%3Ach.swisstopo.swissboundaries3d-gemeinde-flaeche.fill&returnGeometry=false&sr=4326&tolerance=0&mapExtent=0%2C0%2C0%2C0&imageDisplay=0%2C0%2C0&lang=fr,https://api3.geo.admin.ch/rest/services/ech/MapServer/identify?geometryType=esriGeometryPoint&geometry=7.526180%2C46.091229&layers=all%3Ach.swisstopo.swissboundaries3d-gemeinde-flaeche.fill&returnGeometry=false&sr=4326&tolerance=0&mapExtent=0%2C0%2C0%2C0&imageDisplay=0%2C0%2C0&lang=fr,GET,urllib GET,200,downloaded,data_external/source_evidence/GEO_POINT_bf558902bf90_20260919T233305Z.json,data_external/source_evidence/GEO_POINT_bf558902bf90_20260919T233305Z.json,efc7c2a312b465c696e7b39676c1ed21934a90da314cd588f43bfc57efed378b,,,True,,
2026-09-19T23:33:07.101527+00:00,initial_source_verification,GEO_POINT_492a27f13b72,swisstopo / geo.admin.ch,https://api3.geo.admin.ch/rest/services/ech/MapServer/identify?geometryType=esriGeometryPoint&geometry=7.206459%2C45.954811&layers=all%3Ach.swisstopo.swissboundaries3d-gemeinde-flaeche.fill&returnGeometry=false&sr=4326&tolerance=0&mapExtent=0%2C0%2C0%2C0&imageDisplay=0%2C0%2C0&lang=fr,https://api3.geo.admin.ch/rest/services/ech/MapServer/identify?geometryType=esriGeometryPoint&geometry=7.206459%2C45.954811&layers=all%3Ach.swisstopo.swissboundaries3d-gemeinde-flaeche.fill&returnGeometry=false&sr=4326&tolerance=0&mapExtent=0%2C0%2C0%2C0&imageDisplay=0%2C0%2C0&lang=fr,GET,urllib GET,200,downloaded,data_external/source_evidence/GEO_POINT_492a27f13b72_20260919T233307Z.json,data_external/source_evidence/GEO_POINT_492a27f13b72_20260919T233307Z.json,6ba0328e5c8ae64450a341cf7625050506c2deead5764378cf1e5012558e8f11,,,True,,
2026-09-19T23:33:08.314692+00:00,initial_source_verification,GEO_POINT_c59fd006a9a1,swisstopo / geo.admin.ch,https://api3.geo.admin.ch/rest/services/ech/MapServer/identify?geometryType=esriGeometryPoint&geometry=7.224455%2C46.130363&layers=all%3Ach.swisstopo.swissboundaries3d-gemeinde-flaeche.fill&returnGeometry=false&sr=4326&tolerance=0&mapExtent=0%2C0%2C0%2C0&imageDisplay=0%2C0%2C0&lang=fr,https://api3.geo.admin.ch/rest/services/ech/MapServer/identify?geometryType=esriGeometryPoint&geometry=7.224455%2C46.130363&layers=all%3Ach.swisstopo.swissboundaries3d-gemeinde-flaeche.fill&returnGeometry=false&sr=4326&tolerance=0&mapExtent=0%2C0%2C0%2C0&imageDisplay=0%2C0%2C0&lang=fr,GET,urllib GET,200,downloaded,data_external/source_evidence/GEO_POINT_c59fd006a9a1_20260919T233308Z.json,data_external/source_evidence/GEO_POINT_c59fd006a9a1_20260919T233308Z.json,74af880fe1738b0d7f6d6e384de1a019b210c16bfd6cb1f3e0c4d1d721c8561a,,,True,,
2026-09-19T23:33:09.671815+00:00,initial_source_verification,GEO_POINT_1bff468a1441,swisstopo / geo.admin.ch,https://api3.geo.admin.ch/rest/services/ech/MapServer/identify?geometryType=esriGeometryPoint&geometry=7.770939%2C46.416677&layers=all%3Ach.swisstopo.swissboundaries3d-gemeinde-flaeche.fill&returnGeometry=false&sr=4326&tolerance=0&mapExtent=0%2C0%2C0%2C0&imageDisplay=0%2C0%2C0&lang=fr,https://api3.geo.admin.ch/rest/services/ech/MapServer/identify?geometryType=esriGeometryPoint&geometry=7.770939%2C46.416677&layers=all%3Ach.swisstopo.swissboundaries3d-gemeinde-flaeche.fill&returnGeometry=false&sr=4326&tolerance=0&mapExtent=0%2C0%2C0%2C0&imageDisplay=0%2C0%2C0&lang=fr,GET,urllib GET,200,downloaded,data_external/source_evidence/GEO_POINT_1bff468a1441_20260919T233309Z.json,data_external/source_evidence/GEO_POINT_1bff468a1441_20260919T233309Z.json,42beec3107d8d5dde38134a72d8982ee94d4527527c60af408230351938fab66,,,True,,
2026-09-19T23:33:11.218154+00:00,initial_source_verification,GEO_POINT_2bdc161fa71a,swisstopo / geo.admin.ch,https://api3.geo.admin.ch/rest/services/ech/MapServer/identify?geometryType=esriGeometryPoint&geometry=7.004299%2C46.111683&layers=all%3Ach.swisstopo.swissboundaries3d-gemeinde-flaeche.fill&returnGeometry=false&sr=4326&tolerance=0&mapExtent=0%2C0%2C0%2C0&imageDisplay=0%2C0%2C0&lang=fr,https://api3.geo.admin.ch/rest/services/ech/MapServer/identify?geometryType=esriGeometryPoint&geometry=7.004299%2C46.111683&layers=all%3Ach.swisstopo.swissboundaries3d-gemeinde-flaeche.fill&returnGeometry=false&sr=4326&tolerance=0&mapExtent=0%2C0%2C0%2C0&imageDisplay=0%2C0%2C0&lang=fr,GET,urllib GET,200,downloaded,data_external/source_evidence/GEO_POINT_2bdc161fa71a_20260919T233311Z.json,data_external/source_evidence/GEO_POINT_2bdc161fa71a_20260919T233311Z.json,5b42393c593202758f881db6d74fde5cdb3e6149438b9365de8e6d4269c86265,,,True,,
2026-09-19T23:33:12.495007+00:00,initial_source_verification,GEO_POINT_cbf88fb3041f,swisstopo / geo.admin.ch,https://api3.geo.admin.ch/rest/services/ech/MapServer/identify?geometryType=esriGeometryPoint&geometry=7.649295%2C46.368653&layers=all%3Ach.swisstopo.swissboundaries3d-gemeinde-flaeche.fill&returnGeometry=false&sr=4326&tolerance=0&mapExtent=0%2C0%2C0%2C0&imageDisplay=0%2C0%2C0&lang=fr,https://api3.geo.admin.ch/rest/services/ech/MapServer/identify?geometryType=esriGeometryPoint&geometry=7.649295%2C46.368653&layers=all%3Ach.swisstopo.swissboundaries3d-gemeinde-flaeche.fill&returnGeometry=false&sr=4326&tolerance=0&mapExtent=0%2C0%2C0%2C0&imageDisplay=0%2C0%2C0&lang=fr,GET,urllib GET,200,downloaded,data_external/source_evidence/GEO_POINT_cbf88fb3041f_20260919T233312Z.json,data_external/source_evidence/GEO_POINT_cbf88fb3041f_20260919T233312Z.json,fa90ca2b0869e1e3e089cb2ab6ae2edc4e4a7d611d259673927037adb4121956,,,True,,
2026-09-19T23:33:13.784375+00:00,initial_source_verification,GEO_POINT_d572755fec09,swisstopo / geo.admin.ch,https://api3.geo.admin.ch/rest/services/ech/MapServer/identify?geometryType=esriGeometryPoint&geometry=7.474308%2C46.211817&layers=all%3Ach.swisstopo.swissboundaries3d-gemeinde-flaeche.fill&returnGeometry=false&sr=4326&tolerance=0&mapExtent=0%2C0%2C0%2C0&imageDisplay=0%2C0%2C0&lang=fr,https://api3.geo.admin.ch/rest/services/ech/MapServer/identify?geometryType=esriGeometryPoint&geometry=7.474308%2C46.211817&layers=all%3Ach.swisstopo.swissboundaries3d-gemeinde-flaeche.fill&returnGeometry=false&sr=4326&tolerance=0&mapExtent=0%2C0%2C0%2C0&imageDisplay=0%2C0%2C0&lang=fr,GET,urllib GET,200,downloaded,data_external/source_evidence/GEO_POINT_d572755fec09_20260919T233313Z.json,data_external/source_evidence/GEO_POINT_d572755fec09_20260919T233313Z.json,2ac12163991985b343b7230e1512f545a5d8edb9c635d455759f0ba12ce735ed,,,True,,
2026-09-19T23:33:14.995479+00:00,initial_source_verification,GEO_POINT_6bf683ddc9b4,swisstopo / geo.admin.ch,https://api3.geo.admin.ch/rest/services/ech/MapServer/identify?geometryType=esriGeometryPoint&geometry=7.826857%2C46.251225&layers=all%3Ach.swisstopo.swissboundaries3d-gemeinde-flaeche.fill&returnGeometry=false&sr=4326&tolerance=0&mapExtent=0%2C0%2C0%2C0&imageDisplay=0%2C0%2C0&lang=fr,https://api3.geo.admin.ch/rest/services/ech/MapServer/identify?geometryType=esriGeometryPoint&geometry=7.826857%2C46.251225&layers=all%3Ach.swisstopo.swissboundaries3d-gemeinde-flaeche.fill&returnGeometry=false&sr=4326&tolerance=0&mapExtent=0%2C0%2C0%2C0&imageDisplay=0%2C0%2C0&lang=fr,GET,urllib GET,200,downloaded,data_external/source_evidence/GEO_POINT_6bf683ddc9b4_20260919T233314Z.json,data_external/source_evidence/GEO_POINT_6bf683ddc9b4_20260919T233314Z.json,8df31f8bac8a202594c0e762eff3a18a4ddd266d2a43c1147a0e337a6a74ee06,,,True,,
2026-09-19T23:33:16.279942+00:00,initial_source_verification,GEO_POINT_9e560b3a4eaa,swisstopo / geo.admin.ch,https://api3.geo.admin.ch/rest/services/ech/MapServer/identify?geometryType=esriGeometryPoint&geometry=7.308655%2C46.132848&layers=all%3Ach.swisstopo.swissboundaries3d-gemeinde-flaeche.fill&returnGeometry=false&sr=4326&tolerance=0&mapExtent=0%2C0%2C0%2C0&imageDisplay=0%2C0%2C0&lang=fr,https://api3.geo.admin.ch/rest/services/ech/MapServer/identify?geometryType=esriGeometryPoint&geometry=7.308655%2C46.132848&layers=all%3Ach.swisstopo.swissboundaries3d-gemeinde-flaeche.fill&returnGeometry=false&sr=4326&tolerance=0&mapExtent=0%2C0%2C0%2C0&imageDisplay=0%2C0%2C0&lang=fr,GET,urllib GET,200,downloaded,data_external/source_evidence/GEO_POINT_9e560b3a4eaa_20260919T233316Z.json,data_external/source_evidence/GEO_POINT_9e560b3a4eaa_20260919T233316Z.json,a476d81c012f9dcb8b4e4d44dc4af12b6ca809e8acfa0e36f7057d103c98c9d6,,,True,,
2026-09-19T23:33:17.656376+00:00,initial_source_verification,GEO_POINT_b1c40c952682,swisstopo / geo.admin.ch,https://api3.geo.admin.ch/rest/services/ech/MapServer/identify?geometryType=esriGeometryPoint&geometry=8.267781%2C46.491440&layers=all%3Ach.swisstopo.swissboundaries3d-gemeinde-flaeche.fill&returnGeometry=false&sr=4326&tolerance=0&mapExtent=0%2C0%2C0%2C0&imageDisplay=0%2C0%2C0&lang=fr,https://api3.geo.admin.ch/rest/services/ech/MapServer/identify?geometryType=esriGeometryPoint&geometry=8.267781%2C46.491440&layers=all%3Ach.swisstopo.swissboundaries3d-gemeinde-flaeche.fill&returnGeometry=false&sr=4326&tolerance=0&mapExtent=0%2C0%2C0%2C0&imageDisplay=0%2C0%2C0&lang=fr,GET,urllib GET,200,downloaded,data_external/source_evidence/GEO_POINT_b1c40c952682_20260919T233317Z.json,data_external/source_evidence/GEO_POINT_b1c40c952682_20260919T233317Z.json,92d119e93f3913161f7a7af1124c9a213c029a7b0ec711a913b5c39c582ea9f8,,,True,,
2026-09-19T23:33:19.035790+00:00,initial_source_verification,GEO_POINT_c9c1a8b180f8,swisstopo / geo.admin.ch,https://api3.geo.admin.ch/rest/services/ech/MapServer/identify?geometryType=esriGeometryPoint&geometry=7.139568%2C46.203537&layers=all%3Ach.swisstopo.swissboundaries3d-gemeinde-flaeche.fill&returnGeometry=false&sr=4326&tolerance=0&mapExtent=0%2C0%2C0%2C0&imageDisplay=0%2C0%2C0&lang=fr,https://api3.geo.admin.ch/rest/services/ech/MapServer/identify?geometryType=esriGeometryPoint&geometry=7.139568%2C46.203537&layers=all%3Ach.swisstopo.swissboundaries3d-gemeinde-flaeche.fill&returnGeometry=false&sr=4326&tolerance=0&mapExtent=0%2C0%2C0%2C0&imageDisplay=0%2C0%2C0&lang=fr,GET,urllib GET,200,downloaded,data_external/source_evidence/GEO_POINT_c9c1a8b180f8_20260919T233319Z.json,data_external/source_evidence/GEO_POINT_c9c1a8b180f8_20260919T233319Z.json,95e2b9d7d099a668817368a510db7432b3e450b54e5378602aeaec4495e751e3,,,True,,
2026-09-19T23:33:20.219704+00:00,initial_source_verification,GEO_POINT_b1663aa4a933,swisstopo / geo.admin.ch,https://api3.geo.admin.ch/rest/services/ech/MapServer/identify?geometryType=esriGeometryPoint&geometry=8.043537%2C46.304490&layers=all%3Ach.swisstopo.swissboundaries3d-gemeinde-flaeche.fill&returnGeometry=false&sr=4326&tolerance=0&mapExtent=0%2C0%2C0%2C0&imageDisplay=0%2C0%2C0&lang=fr,https://api3.geo.admin.ch/rest/services/ech/MapServer/identify?geometryType=esriGeometryPoint&geometry=8.043537%2C46.304490&layers=all%3Ach.swisstopo.swissboundaries3d-gemeinde-flaeche.fill&returnGeometry=false&sr=4326&tolerance=0&mapExtent=0%2C0%2C0%2C0&imageDisplay=0%2C0%2C0&lang=fr,GET,urllib GET,200,downloaded,data_external/source_evidence/GEO_POINT_b1663aa4a933_20260919T233320Z.json,data_external/source_evidence/GEO_POINT_b1663aa4a933_20260919T233320Z.json,f281433bf8bc3a96ada5235f1bfa34029c458dc485e7893d719f0035cb172441,,,True,,
2026-09-19T23:33:21.464473+00:00,initial_source_verification,GEO_POINT_2b911420fffa,swisstopo / geo.admin.ch,https://api3.geo.admin.ch/rest/services/ech/MapServer/identify?geometryType=esriGeometryPoint&geometry=8.038130%2C46.279877&layers=all%3Ach.swisstopo.swissboundaries3d-gemeinde-flaeche.fill&returnGeometry=false&sr=4326&tolerance=0&mapExtent=0%2C0%2C0%2C0&imageDisplay=0%2C0%2C0&lang=fr,https://api3.geo.admin.ch/rest/services/ech/MapServer/identify?geometryType=esriGeometryPoint&geometry=8.038130%2C46.279877&layers=all%3Ach.swisstopo.swissboundaries3d-gemeinde-flaeche.fill&returnGeometry=false&sr=4326&tolerance=0&mapExtent=0%2C0%2C0%2C0&imageDisplay=0%2C0%2C0&lang=fr,GET,urllib GET,200,downloaded,data_external/source_evidence/GEO_POINT_2b911420fffa_20260919T233321Z.json,data_external/source_evidence/GEO_POINT_2b911420fffa_20260919T233321Z.json,84871abc386462c5e7562c13c6e16ebd2c290b351f2bde96f5c84c6043cf1a48,,,True,,
2026-09-19T23:33:22.630546+00:00,initial_source_verification,GEO_POINT_8f2cd50ba680,swisstopo / geo.admin.ch,https://api3.geo.admin.ch/rest/services/ech/MapServer/identify?geometryType=esriGeometryPoint&geometry=7.957824%2C46.092244&layers=all%3Ach.swisstopo.swissboundaries3d-gemeinde-flaeche.fill&returnGeometry=false&sr=4326&tolerance=0&mapExtent=0%2C0%2C0%2C0&imageDisplay=0%2C0%2C0&lang=fr,https://api3.geo.admin.ch/rest/services/ech/MapServer/identify?geometryType=esriGeometryPoint&geometry=7.957824%2C46.092244&layers=all%3Ach.swisstopo.swissboundaries3d-gemeinde-flaeche.fill&returnGeometry=false&sr=4326&tolerance=0&mapExtent=0%2C0%2C0%2C0&imageDisplay=0%2C0%2C0&lang=fr,GET,urllib GET,200,downloaded,data_external/source_evidence/GEO_POINT_8f2cd50ba680_20260919T233322Z.json,data_external/source_evidence/GEO_POINT_8f2cd50ba680_20260919T233322Z.json,384c418833a42eacb0c510038028a5024ba90bbe4e55c7b95f4ff3218827c976,,,True,,
2026-09-19T23:33:24.038903+00:00,initial_source_verification,GEO_POINT_8dc7659e588f,swisstopo / geo.admin.ch,https://api3.geo.admin.ch/rest/services/ech/MapServer/identify?geometryType=esriGeometryPoint&geometry=7.919168%2C46.089067&layers=all%3Ach.swisstopo.swissboundaries3d-gemeinde-flaeche.fill&returnGeometry=false&sr=4326&tolerance=0&mapExtent=0%2C0%2C0%2C0&imageDisplay=0%2C0%2C0&lang=fr,https://api3.geo.admin.ch/rest/services/ech/MapServer/identify?geometryType=esriGeometryPoint&geometry=7.919168%2C46.089067&layers=all%3Ach.swisstopo.swissboundaries3d-gemeinde-flaeche.fill&returnGeometry=false&sr=4326&tolerance=0&mapExtent=0%2C0%2C0%2C0&imageDisplay=0%2C0%2C0&lang=fr,GET,urllib GET,200,downloaded,data_external/source_evidence/GEO_POINT_8dc7659e588f_20260919T233324Z.json,data_external/source_evidence/GEO_POINT_8dc7659e588f_20260919T233324Z.json,60e49f9aaf95dc60ff23e7e8e40a5ad69cf11e410b722ebb97f121de3ce0a657,,,True,,
2026-09-19T23:33:25.390920+00:00,initial_source_verification,GEO_POINT_e1b0181373bb,swisstopo / geo.admin.ch,https://api3.geo.admin.ch/rest/services/ech/MapServer/identify?geometryType=esriGeometryPoint&geometry=7.614641%2C46.237981&layers=all%3Ach.swisstopo.swissboundaries3d-gemeinde-flaeche.fill&returnGeometry=false&sr=4326&tolerance=0&mapExtent=0%2C0%2C0%2C0&imageDisplay=0%2C0%2C0&lang=fr,https://api3.geo.admin.ch/rest/services/ech/MapServer/identify?geometryType=esriGeometryPoint&geometry=7.614641%2C46.237981&layers=all%3Ach.swisstopo.swissboundaries3d-gemeinde-flaeche.fill&returnGeometry=false&sr=4326&tolerance=0&mapExtent=0%2C0%2C0%2C0&imageDisplay=0%2C0%2C0&lang=fr,GET,urllib GET,200,downloaded,data_external/source_evidence/GEO_POINT_e1b0181373bb_20260919T233325Z.json,data_external/source_evidence/GEO_POINT_e1b0181373bb_20260919T233325Z.json,6d72b74c8471209f1140bc5721f98e58148b9df9c0b602ff36855391b16b7a43,,,True,,
2026-09-19T23:33:26.638280+00:00,initial_source_verification,GEO_POINT_3b5d78c1c8a0,swisstopo / geo.admin.ch,https://api3.geo.admin.ch/rest/services/ech/MapServer/identify?geometryType=esriGeometryPoint&geometry=7.889643%2C46.229491&layers=all%3Ach.swisstopo.swissboundaries3d-gemeinde-flaeche.fill&returnGeometry=false&sr=4326&tolerance=0&mapExtent=0%2C0%2C0%2C0&imageDisplay=0%2C0%2C0&lang=fr,https://api3.geo.admin.ch/rest/services/ech/MapServer/identify?geometryType=esriGeometryPoint&geometry=7.889643%2C46.229491&layers=all%3Ach.swisstopo.swissboundaries3d-gemeinde-flaeche.fill&returnGeometry=false&sr=4326&tolerance=0&mapExtent=0%2C0%2C0%2C0&imageDisplay=0%2C0%2C0&lang=fr,GET,urllib GET,200,downloaded,data_external/source_evidence/GEO_POINT_3b5d78c1c8a0_20260919T233326Z.json,data_external/source_evidence/GEO_POINT_3b5d78c1c8a0_20260919T233326Z.json,75e5b2065384a2f358c71716ccddc0b7439235c0c540072c2b80774a0328db1e,,,True,,
2026-09-19T23:33:27.898308+00:00,initial_source_verification,GEO_POINT_c1ba6d2b9f44,swisstopo / geo.admin.ch,https://api3.geo.admin.ch/rest/services/ech/MapServer/identify?geometryType=esriGeometryPoint&geometry=7.379164%2C46.177914&layers=all%3Ach.swisstopo.swissboundaries3d-gemeinde-flaeche.fill&returnGeometry=false&sr=4326&tolerance=0&mapExtent=0%2C0%2C0%2C0&imageDisplay=0%2C0%2C0&lang=fr,https://api3.geo.admin.ch/rest/services/ech/MapServer/identify?geometryType=esriGeometryPoint&geometry=7.379164%2C46.177914&layers=all%3Ach.swisstopo.swissboundaries3d-gemeinde-flaeche.fill&returnGeometry=false&sr=4326&tolerance=0&mapExtent=0%2C0%2C0%2C0&imageDisplay=0%2C0%2C0&lang=fr,GET,urllib GET,200,downloaded,data_external/source_evidence/GEO_POINT_c1ba6d2b9f44_20260919T233327Z.json,data_external/source_evidence/GEO_POINT_c1ba6d2b9f44_20260919T233327Z.json,214db0b35d7b9cf8412fd6c0eacabc2f155bc0e9301f4571889c42ff722ea41e,,,True,,
2026-09-19T23:33:29.214933+00:00,initial_source_verification,GEO_POINT_69e5d981aa54,swisstopo / geo.admin.ch,https://api3.geo.admin.ch/rest/services/ech/MapServer/identify?geometryType=esriGeometryPoint&geometry=6.866755%2C46.313146&layers=all%3Ach.swisstopo.swissboundaries3d-gemeinde-flaeche.fill&returnGeometry=false&sr=4326&tolerance=0&mapExtent=0%2C0%2C0%2C0&imageDisplay=0%2C0%2C0&lang=fr,https://api3.geo.admin.ch/rest/services/ech/MapServer/identify?geometryType=esriGeometryPoint&geometry=6.866755%2C46.313146&layers=all%3Ach.swisstopo.swissboundaries3d-gemeinde-flaeche.fill&returnGeometry=false&sr=4326&tolerance=0&mapExtent=0%2C0%2C0%2C0&imageDisplay=0%2C0%2C0&lang=fr,GET,urllib GET,200,downloaded,data_external/source_evidence/GEO_POINT_69e5d981aa54_20260919T233329Z.json,data_external/source_evidence/GEO_POINT_69e5d981aa54_20260919T233329Z.json,d78093fc6ce77b0fe86669f7970f85e93f2bdd5347e7467b80284642d270f33b,,,True,,
2026-09-19T23:33:30.773963+00:00,initial_source_verification,GEO_POINT_96ad552f8289,swisstopo / geo.admin.ch,https://api3.geo.admin.ch/rest/services/ech/MapServer/identify?geometryType=esriGeometryPoint&geometry=7.787590%2C46.269970&layers=all%3Ach.swisstopo.swissboundaries3d-gemeinde-flaeche.fill&returnGeometry=false&sr=4326&tolerance=0&mapExtent=0%2C0%2C0%2C0&imageDisplay=0%2C0%2C0&lang=fr,https://api3.geo.admin.ch/rest/services/ech/MapServer/identify?geometryType=esriGeometryPoint&geometry=7.787590%2C46.269970&layers=all%3Ach.swisstopo.swissboundaries3d-gemeinde-flaeche.fill&returnGeometry=false&sr=4326&tolerance=0&mapExtent=0%2C0%2C0%2C0&imageDisplay=0%2C0%2C0&lang=fr,GET,urllib GET,200,downloaded,data_external/source_evidence/GEO_POINT_96ad552f8289_20260919T233330Z.json,data_external/source_evidence/GEO_POINT_96ad552f8289_20260919T233330Z.json,12be9388a8459a4818d181bac2a4a8455adefb956c8610c1e355915930aeab1c,,,True,,
2026-09-19T23:33:31.987648+00:00,initial_source_verification,GEO_POINT_17f0a177ad3c,swisstopo / geo.admin.ch,https://api3.geo.admin.ch/rest/services/ech/MapServer/identify?geometryType=esriGeometryPoint&geometry=7.103475%2C45.930617&layers=all%3Ach.swisstopo.swissboundaries3d-gemeinde-flaeche.fill&returnGeometry=false&sr=4326&tolerance=0&mapExtent=0%2C0%2C0%2C0&imageDisplay=0%2C0%2C0&lang=fr,https://api3.geo.admin.ch/rest/services/ech/MapServer/identify?geometryType=esriGeometryPoint&geometry=7.103475%2C45.930617&layers=all%3Ach.swisstopo.swissboundaries3d-gemeinde-flaeche.fill&returnGeometry=false&sr=4326&tolerance=0&mapExtent=0%2C0%2C0%2C0&imageDisplay=0%2C0%2C0&lang=fr,GET,urllib GET,200,downloaded,data_external/source_evidence/GEO_POINT_17f0a177ad3c_20260919T233331Z.json,data_external/source_evidence/GEO_POINT_17f0a177ad3c_20260919T233331Z.json,052ae0e3e33a6f0e8d458e610f43eece62cae7bbcee84618f3a8df3d5abaaee2,,,True,,
2026-09-19T23:33:33.207904+00:00,initial_source_verification,GEO_POINT_525be56a2e59,swisstopo / geo.admin.ch,https://api3.geo.admin.ch/rest/services/ech/MapServer/identify?geometryType=esriGeometryPoint&geometry=7.274752%2C46.097460&layers=all%3Ach.swisstopo.swissboundaries3d-gemeinde-flaeche.fill&returnGeometry=false&sr=4326&tolerance=0&mapExtent=0%2C0%2C0%2C0&imageDisplay=0%2C0%2C0&lang=fr,https://api3.geo.admin.ch/rest/services/ech/MapServer/identify?geometryType=esriGeometryPoint&geometry=7.274752%2C46.097460&layers=all%3Ach.swisstopo.swissboundaries3d-gemeinde-flaeche.fill&returnGeometry=false&sr=4326&tolerance=0&mapExtent=0%2C0%2C0%2C0&imageDisplay=0%2C0%2C0&lang=fr,GET,urllib GET,200,downloaded,data_external/source_evidence/GEO_POINT_525be56a2e59_20260919T233333Z.json,data_external/source_evidence/GEO_POINT_525be56a2e59_20260919T233333Z.json,179eb6c3db094a98a2c034354ed9ac6d00a245caf1ebdc99ce98929f04c911fc,,,True,,
2026-09-19T23:33:34.439989+00:00,initial_source_verification,GEO_POINT_d8618ae7317a,swisstopo / geo.admin.ch,https://api3.geo.admin.ch/rest/services/ech/MapServer/identify?geometryType=esriGeometryPoint&geometry=7.528897%2C46.238277&layers=all%3Ach.swisstopo.swissboundaries3d-gemeinde-flaeche.fill&returnGeometry=false&sr=4326&tolerance=0&mapExtent=0%2C0%2C0%2C0&imageDisplay=0%2C0%2C0&lang=fr,https://api3.geo.admin.ch/rest/services/ech/MapServer/identify?geometryType=esriGeometryPoint&geometry=7.528897%2C46.238277&layers=all%3Ach.swisstopo.swissboundaries3d-gemeinde-flaeche.fill&returnGeometry=false&sr=4326&tolerance=0&mapExtent=0%2C0%2C0%2C0&imageDisplay=0%2C0%2C0&lang=fr,GET,urllib GET,200,downloaded,data_external/source_evidence/GEO_POINT_d8618ae7317a_20260919T233334Z.json,data_external/source_evidence/GEO_POINT_d8618ae7317a_20260919T233334Z.json,58c28089ecd5fa193837e45a8659353c4d7f3c5d5e7700a73d20630375435595,,,True,,
2026-09-19T23:33:35.656904+00:00,initial_source_verification,GEO_POINT_6dba6783caac,swisstopo / geo.admin.ch,https://api3.geo.admin.ch/rest/services/ech/MapServer/identify?geometryType=esriGeometryPoint&geometry=7.354145%2C46.188209&layers=all%3Ach.swisstopo.swissboundaries3d-gemeinde-flaeche.fill&returnGeometry=false&sr=4326&tolerance=0&mapExtent=0%2C0%2C0%2C0&imageDisplay=0%2C0%2C0&lang=fr,https://api3.geo.admin.ch/rest/services/ech/MapServer/identify?geometryType=esriGeometryPoint&geometry=7.354145%2C46.188209&layers=all%3Ach.swisstopo.swissboundaries3d-gemeinde-flaeche.fill&returnGeometry=false&sr=4326&tolerance=0&mapExtent=0%2C0%2C0%2C0&imageDisplay=0%2C0%2C0&lang=fr,GET,urllib GET,200,downloaded,data_external/source_evidence/GEO_POINT_6dba6783caac_20260919T233335Z.json,data_external/source_evidence/GEO_POINT_6dba6783caac_20260919T233335Z.json,828d982273b9ad2ad93b1a0008e85bb8d9cf52f3b3a5a33d70714ce9035a00e2,,,True,,
2026-09-19T23:33:37.025983+00:00,initial_source_verification,GEO_POINT_26e17ce037f4,swisstopo / geo.admin.ch,https://api3.geo.admin.ch/rest/services/ech/MapServer/identify?geometryType=esriGeometryPoint&geometry=7.155556%2C45.989445&layers=all%3Ach.swisstopo.swissboundaries3d-gemeinde-flaeche.fill&returnGeometry=false&sr=4326&tolerance=0&mapExtent=0%2C0%2C0%2C0&imageDisplay=0%2C0%2C0&lang=fr,https://api3.geo.admin.ch/rest/services/ech/MapServer/identify?geometryType=esriGeometryPoint&geometry=7.155556%2C45.989445&layers=all%3Ach.swisstopo.swissboundaries3d-gemeinde-flaeche.fill&returnGeometry=false&sr=4326&tolerance=0&mapExtent=0%2C0%2C0%2C0&imageDisplay=0%2C0%2C0&lang=fr,GET,urllib GET,200,downloaded,data_external/source_evidence/GEO_POINT_26e17ce037f4_20260919T233337Z.json,data_external/source_evidence/GEO_POINT_26e17ce037f4_20260919T233337Z.json,7a66285ff6f14c94df660f11b2153a1e3156de7fe1fbc893f5522d755c0ed45e,,,True,,
2026-09-19T23:33:38.243454+00:00,initial_source_verification,GEO_POINT_41ec2bd5245c,swisstopo / geo.admin.ch,https://api3.geo.admin.ch/rest/services/ech/MapServer/identify?geometryType=esriGeometryPoint&geometry=7.902603%2C46.259111&layers=all%3Ach.swisstopo.swissboundaries3d-gemeinde-flaeche.fill&returnGeometry=false&sr=4326&tolerance=0&mapExtent=0%2C0%2C0%2C0&imageDisplay=0%2C0%2C0&lang=fr,https://api3.geo.admin.ch/rest/services/ech/MapServer/identify?geometryType=esriGeometryPoint&geometry=7.902603%2C46.259111&layers=all%3Ach.swisstopo.swissboundaries3d-gemeinde-flaeche.fill&returnGeometry=false&sr=4326&tolerance=0&mapExtent=0%2C0%2C0%2C0&imageDisplay=0%2C0%2C0&lang=fr,GET,urllib GET,200,downloaded,data_external/source_evidence/GEO_POINT_41ec2bd5245c_20260919T233338Z.json,data_external/source_evidence/GEO_POINT_41ec2bd5245c_20260919T233338Z.json,fe6c2ce314c5272428484efa74f93acefcf2dbf6a8edb73f77a027f0a3fa2408,,,True,,
2026-09-19T23:33:39.447317+00:00,initial_source_verification,GEO_POINT_347f5081f496,swisstopo / geo.admin.ch,https://api3.geo.admin.ch/rest/services/ech/MapServer/identify?geometryType=esriGeometryPoint&geometry=7.770081%2C46.017112&layers=all%3Ach.swisstopo.swissboundaries3d-gemeinde-flaeche.fill&returnGeometry=false&sr=4326&tolerance=0&mapExtent=0%2C0%2C0%2C0&imageDisplay=0%2C0%2C0&lang=fr,https://api3.geo.admin.ch/rest/services/ech/MapServer/identify?geometryType=esriGeometryPoint&geometry=7.770081%2C46.017112&layers=all%3Ach.swisstopo.swissboundaries3d-gemeinde-flaeche.fill&returnGeometry=false&sr=4326&tolerance=0&mapExtent=0%2C0%2C0%2C0&imageDisplay=0%2C0%2C0&lang=fr,GET,urllib GET,200,downloaded,data_external/source_evidence/GEO_POINT_347f5081f496_20260919T233339Z.json,data_external/source_evidence/GEO_POINT_347f5081f496_20260919T233339Z.json,c7b1410ef9de7e71a59feb9bce93f67fa6aea915f73e7027be215ab0b09881b7,,,True,,
2026-09-19T23:33:41.052940+00:00,initial_source_verification,GEO_POINT_5ed5c3b1b18b,swisstopo / geo.admin.ch,https://api3.geo.admin.ch/rest/services/ech/MapServer/identify?geometryType=esriGeometryPoint&geometry=7.212782%2C46.318303&layers=all%3Ach.swisstopo.swissboundaries3d-gemeinde-flaeche.fill&returnGeometry=false&sr=4326&tolerance=0&mapExtent=0%2C0%2C0%2C0&imageDisplay=0%2C0%2C0&lang=fr,https://api3.geo.admin.ch/rest/services/ech/MapServer/identify?geometryType=esriGeometryPoint&geometry=7.212782%2C46.318303&layers=all%3Ach.swisstopo.swissboundaries3d-gemeinde-flaeche.fill&returnGeometry=false&sr=4326&tolerance=0&mapExtent=0%2C0%2C0%2C0&imageDisplay=0%2C0%2C0&lang=fr,GET,urllib GET,200,downloaded,data_external/source_evidence/GEO_POINT_5ed5c3b1b18b_20260919T233341Z.json,data_external/source_evidence/GEO_POINT_5ed5c3b1b18b_20260919T233341Z.json,d725939a44795be80717a8e8c029c858aecb7fd4bbd8b0853edb0134838cc576,,,True,,
2026-09-19T23:33:42.286929+00:00,initial_source_verification,GEO_POINT_96ccdafca199,swisstopo / geo.admin.ch,https://api3.geo.admin.ch/rest/services/ech/MapServer/identify?geometryType=esriGeometryPoint&geometry=6.093979%2C46.433480&layers=all%3Ach.swisstopo.swissboundaries3d-gemeinde-flaeche.fill&returnGeometry=false&sr=4326&tolerance=0&mapExtent=0%2C0%2C0%2C0&imageDisplay=0%2C0%2C0&lang=fr,https://api3.geo.admin.ch/rest/services/ech/MapServer/identify?geometryType=esriGeometryPoint&geometry=6.093979%2C46.433480&layers=all%3Ach.swisstopo.swissboundaries3d-gemeinde-flaeche.fill&returnGeometry=false&sr=4326&tolerance=0&mapExtent=0%2C0%2C0%2C0&imageDisplay=0%2C0%2C0&lang=fr,GET,urllib GET,200,downloaded,data_external/source_evidence/GEO_POINT_96ccdafca199_20260919T233342Z.json,data_external/source_evidence/GEO_POINT_96ccdafca199_20260919T233342Z.json,8a1f56aabc530184696391fdc541e410460e6255d64c244324f8e0368069b27b,,,True,,
2026-09-19T23:33:43.556537+00:00,initial_source_verification,GEO_POINT_4d7924945835,swisstopo / geo.admin.ch,https://api3.geo.admin.ch/rest/services/ech/MapServer/identify?geometryType=esriGeometryPoint&geometry=7.140170%2C46.341773&layers=all%3Ach.swisstopo.swissboundaries3d-gemeinde-flaeche.fill&returnGeometry=false&sr=4326&tolerance=0&mapExtent=0%2C0%2C0%2C0&imageDisplay=0%2C0%2C0&lang=fr,https://api3.geo.admin.ch/rest/services/ech/MapServer/identify?geometryType=esriGeometryPoint&geometry=7.140170%2C46.341773&layers=all%3Ach.swisstopo.swissboundaries3d-gemeinde-flaeche.fill&returnGeometry=false&sr=4326&tolerance=0&mapExtent=0%2C0%2C0%2C0&imageDisplay=0%2C0%2C0&lang=fr,GET,urllib GET,200,downloaded,data_external/source_evidence/GEO_POINT_4d7924945835_20260919T233343Z.json,data_external/source_evidence/GEO_POINT_4d7924945835_20260919T233343Z.json,7d6c132ca20ba4c977caa12361aa300e986328fe2c1e33f8002ad35779351a07,,,True,,
2026-09-19T23:33:44.752852+00:00,initial_source_verification,GEO_POINT_39daa6a93148,swisstopo / geo.admin.ch,https://api3.geo.admin.ch/rest/services/ech/MapServer/identify?geometryType=esriGeometryPoint&geometry=6.915979%2C46.495024&layers=all%3Ach.swisstopo.swissboundaries3d-gemeinde-flaeche.fill&returnGeometry=false&sr=4326&tolerance=0&mapExtent=0%2C0%2C0%2C0&imageDisplay=0%2C0%2C0&lang=fr,https://api3.geo.admin.ch/rest/services/ech/MapServer/identify?geometryType=esriGeometryPoint&geometry=6.915979%2C46.495024&layers=all%3Ach.swisstopo.swissboundaries3d-gemeinde-flaeche.fill&returnGeometry=false&sr=4326&tolerance=0&mapExtent=0%2C0%2C0%2C0&imageDisplay=0%2C0%2C0&lang=fr,GET,urllib GET,200,downloaded,data_external/source_evidence/GEO_POINT_39daa6a93148_20260919T233344Z.json,data_external/source_evidence/GEO_POINT_39daa6a93148_20260919T233344Z.json,556e66e8c4949548f70c62555442a2dad3f00753d6d4ba5751da0d099cbca251,,,True,,
2026-09-19T23:33:46.340507+00:00,initial_source_verification,GEO_POINT_145ed6337049,swisstopo / geo.admin.ch,https://api3.geo.admin.ch/rest/services/ech/MapServer/identify?geometryType=esriGeometryPoint&geometry=6.933703%2C46.458319&layers=all%3Ach.swisstopo.swissboundaries3d-gemeinde-flaeche.fill&returnGeometry=false&sr=4326&tolerance=0&mapExtent=0%2C0%2C0%2C0&imageDisplay=0%2C0%2C0&lang=fr,https://api3.geo.admin.ch/rest/services/ech/MapServer/identify?geometryType=esriGeometryPoint&geometry=6.933703%2C46.458319&layers=all%3Ach.swisstopo.swissboundaries3d-gemeinde-flaeche.fill&returnGeometry=false&sr=4326&tolerance=0&mapExtent=0%2C0%2C0%2C0&imageDisplay=0%2C0%2C0&lang=fr,GET,urllib GET,200,downloaded,data_external/source_evidence/GEO_POINT_145ed6337049_20260919T233346Z.json,data_external/source_evidence/GEO_POINT_145ed6337049_20260919T233346Z.json,e988356f350f4993b5f93f53dba8a3d2ef391acca148bec4ff7d88cdbffcb593,,,True,,
2026-09-19T23:33:47.573793+00:00,initial_source_verification,GEO_POINT_07f2678bfcd4,swisstopo / geo.admin.ch,https://api3.geo.admin.ch/rest/services/ech/MapServer/identify?geometryType=esriGeometryPoint&geometry=7.009964%2C46.358421&layers=all%3Ach.swisstopo.swissboundaries3d-gemeinde-flaeche.fill&returnGeometry=false&sr=4326&tolerance=0&mapExtent=0%2C0%2C0%2C0&imageDisplay=0%2C0%2C0&lang=fr,https://api3.geo.admin.ch/rest/services/ech/MapServer/identify?geometryType=esriGeometryPoint&geometry=7.009964%2C46.358421&layers=all%3Ach.swisstopo.swissboundaries3d-gemeinde-flaeche.fill&returnGeometry=false&sr=4326&tolerance=0&mapExtent=0%2C0%2C0%2C0&imageDisplay=0%2C0%2C0&lang=fr,GET,urllib GET,200,downloaded,data_external/source_evidence/GEO_POINT_07f2678bfcd4_20260919T233347Z.json,data_external/source_evidence/GEO_POINT_07f2678bfcd4_20260919T233347Z.json,ce4c26ca44230d91819a1084ca19ac9c549baa0d721cdbe7611addb4ca246e64,,,True,,
2026-09-19T23:33:48.745757+00:00,initial_source_verification,GEO_POINT_51e759ceae81,swisstopo / geo.admin.ch,https://api3.geo.admin.ch/rest/services/ech/MapServer/identify?geometryType=esriGeometryPoint&geometry=6.978421%2C46.431587&layers=all%3Ach.swisstopo.swissboundaries3d-gemeinde-flaeche.fill&returnGeometry=false&sr=4326&tolerance=0&mapExtent=0%2C0%2C0%2C0&imageDisplay=0%2C0%2C0&lang=fr,https://api3.geo.admin.ch/rest/services/ech/MapServer/identify?geometryType=esriGeometryPoint&geometry=6.978421%2C46.431587&layers=all%3Ach.swisstopo.swissboundaries3d-gemeinde-flaeche.fill&returnGeometry=false&sr=4326&tolerance=0&mapExtent=0%2C0%2C0%2C0&imageDisplay=0%2C0%2C0&lang=fr,GET,urllib GET,200,downloaded,data_external/source_evidence/GEO_POINT_51e759ceae81_20260919T233348Z.json,data_external/source_evidence/GEO_POINT_51e759ceae81_20260919T233348Z.json,051f6200f5beb1765857d007c23a2477dccf3f094cdd7b98c68b2fc6f7b7d25a,,,True,,
2026-09-19T23:33:50.134539+00:00,initial_source_verification,GEO_POINT_6fa81466aae8,swisstopo / geo.admin.ch,https://api3.geo.admin.ch/rest/services/ech/MapServer/identify?geometryType=esriGeometryPoint&geometry=7.226973%2C46.454889&layers=all%3Ach.swisstopo.swissboundaries3d-gemeinde-flaeche.fill&returnGeometry=false&sr=4326&tolerance=0&mapExtent=0%2C0%2C0%2C0&imageDisplay=0%2C0%2C0&lang=fr,https://api3.geo.admin.ch/rest/services/ech/MapServer/identify?geometryType=esriGeometryPoint&geometry=7.226973%2C46.454889&layers=all%3Ach.swisstopo.swissboundaries3d-gemeinde-flaeche.fill&returnGeometry=false&sr=4326&tolerance=0&mapExtent=0%2C0%2C0%2C0&imageDisplay=0%2C0%2C0&lang=fr,GET,urllib GET,200,downloaded,data_external/source_evidence/GEO_POINT_6fa81466aae8_20260919T233350Z.json,data_external/source_evidence/GEO_POINT_6fa81466aae8_20260919T233350Z.json,d57d9956d05057fc973a3a2ae56f1eb9370b0553e5c07e49c1e0a63cfb172956,,,True,,
2026-09-19T23:33:51.563028+00:00,initial_source_verification,GEO_POINT_19a76a800f5c,swisstopo / geo.admin.ch,https://api3.geo.admin.ch/rest/services/ech/MapServer/identify?geometryType=esriGeometryPoint&geometry=6.257503%2C46.515628&layers=all%3Ach.swisstopo.swissboundaries3d-gemeinde-flaeche.fill&returnGeometry=false&sr=4326&tolerance=0&mapExtent=0%2C0%2C0%2C0&imageDisplay=0%2C0%2C0&lang=fr,https://api3.geo.admin.ch/rest/services/ech/MapServer/identify?geometryType=esriGeometryPoint&geometry=6.257503%2C46.515628&layers=all%3Ach.swisstopo.swissboundaries3d-gemeinde-flaeche.fill&returnGeometry=false&sr=4326&tolerance=0&mapExtent=0%2C0%2C0%2C0&imageDisplay=0%2C0%2C0&lang=fr,GET,urllib GET,200,downloaded,data_external/source_evidence/GEO_POINT_19a76a800f5c_20260919T233351Z.json,data_external/source_evidence/GEO_POINT_19a76a800f5c_20260919T233351Z.json,7af122f64adaac1d35ba1f4e2c242d8447003ec6d47a596f13b170c18dcafdcb,,,True,,
2026-09-19T23:33:52.792158+00:00,initial_source_verification,GEO_POINT_f997b13cf3ea,swisstopo / geo.admin.ch,https://api3.geo.admin.ch/rest/services/ech/MapServer/identify?geometryType=esriGeometryPoint&geometry=6.528625%2C46.840057&layers=all%3Ach.swisstopo.swissboundaries3d-gemeinde-flaeche.fill&returnGeometry=false&sr=4326&tolerance=0&mapExtent=0%2C0%2C0%2C0&imageDisplay=0%2C0%2C0&lang=fr,https://api3.geo.admin.ch/rest/services/ech/MapServer/identify?geometryType=esriGeometryPoint&geometry=6.528625%2C46.840057&layers=all%3Ach.swisstopo.swissboundaries3d-gemeinde-flaeche.fill&returnGeometry=false&sr=4326&tolerance=0&mapExtent=0%2C0%2C0%2C0&imageDisplay=0%2C0%2C0&lang=fr,GET,urllib GET,200,downloaded,data_external/source_evidence/GEO_POINT_f997b13cf3ea_20260919T233352Z.json,data_external/source_evidence/GEO_POINT_f997b13cf3ea_20260919T233352Z.json,bcd1e7fc0b43058e652644b1ba456ddc6832496c14ca70b46121cafb12a49820,,,True,,
2026-09-19T23:33:53.992336+00:00,initial_source_verification,GEO_POINT_dda9651a804f,swisstopo / geo.admin.ch,https://api3.geo.admin.ch/rest/services/ech/MapServer/identify?geometryType=esriGeometryPoint&geometry=6.150305%2C46.444289&layers=all%3Ach.swisstopo.swissboundaries3d-gemeinde-flaeche.fill&returnGeometry=false&sr=4326&tolerance=0&mapExtent=0%2C0%2C0%2C0&imageDisplay=0%2C0%2C0&lang=fr,https://api3.geo.admin.ch/rest/services/ech/MapServer/identify?geometryType=esriGeometryPoint&geometry=6.150305%2C46.444289&layers=all%3Ach.swisstopo.swissboundaries3d-gemeinde-flaeche.fill&returnGeometry=false&sr=4326&tolerance=0&mapExtent=0%2C0%2C0%2C0&imageDisplay=0%2C0%2C0&lang=fr,GET,urllib GET,200,downloaded,data_external/source_evidence/GEO_POINT_dda9651a804f_20260919T233353Z.json,data_external/source_evidence/GEO_POINT_dda9651a804f_20260919T233353Z.json,0e937a8a0b81548b953e35664d056ee29617e0e902e5d92816cabef4498ee9d5,,,True,,
2026-09-19T23:33:55.254802+00:00,initial_source_verification,GEO_POINT_0e29e51097df,swisstopo / geo.admin.ch,https://api3.geo.admin.ch/rest/services/ech/MapServer/identify?geometryType=esriGeometryPoint&geometry=6.105243%2C46.451521&layers=all%3Ach.swisstopo.swissboundaries3d-gemeinde-flaeche.fill&returnGeometry=false&sr=4326&tolerance=0&mapExtent=0%2C0%2C0%2C0&imageDisplay=0%2C0%2C0&lang=fr,https://api3.geo.admin.ch/rest/services/ech/MapServer/identify?geometryType=esriGeometryPoint&geometry=6.105243%2C46.451521&layers=all%3Ach.swisstopo.swissboundaries3d-gemeinde-flaeche.fill&returnGeometry=false&sr=4326&tolerance=0&mapExtent=0%2C0%2C0%2C0&imageDisplay=0%2C0%2C0&lang=fr,GET,urllib GET,200,downloaded,data_external/source_evidence/GEO_POINT_0e29e51097df_20260919T233355Z.json,data_external/source_evidence/GEO_POINT_0e29e51097df_20260919T233355Z.json,0e937a8a0b81548b953e35664d056ee29617e0e902e5d92816cabef4498ee9d5,,,True,,
2026-09-19T23:33:56.466120+00:00,initial_source_verification,GEO_POINT_870299307027,swisstopo / geo.admin.ch,https://api3.geo.admin.ch/rest/services/ech/MapServer/identify?geometryType=esriGeometryPoint&geometry=6.247745%2C46.594702&layers=all%3Ach.swisstopo.swissboundaries3d-gemeinde-flaeche.fill&returnGeometry=false&sr=4326&tolerance=0&mapExtent=0%2C0%2C0%2C0&imageDisplay=0%2C0%2C0&lang=fr,https://api3.geo.admin.ch/rest/services/ech/MapServer/identify?geometryType=esriGeometryPoint&geometry=6.247745%2C46.594702&layers=all%3Ach.swisstopo.swissboundaries3d-gemeinde-flaeche.fill&returnGeometry=false&sr=4326&tolerance=0&mapExtent=0%2C0%2C0%2C0&imageDisplay=0%2C0%2C0&lang=fr,GET,urllib GET,200,downloaded,data_external/source_evidence/GEO_POINT_870299307027_20260919T233356Z.json,data_external/source_evidence/GEO_POINT_870299307027_20260919T233356Z.json,caac2dfa5ac68fb997a0d691b3839fb7cd116b04dd09c1e370ea78e68aec74c5,,,True,,
2026-09-19T23:33:57.667946+00:00,initial_source_verification,GEO_POINT_4b012307fc34,swisstopo / geo.admin.ch,https://api3.geo.admin.ch/rest/services/ech/MapServer/identify?geometryType=esriGeometryPoint&geometry=7.064209%2C46.321504&layers=all%3Ach.swisstopo.swissboundaries3d-gemeinde-flaeche.fill&returnGeometry=false&sr=4326&tolerance=0&mapExtent=0%2C0%2C0%2C0&imageDisplay=0%2C0%2C0&lang=fr,https://api3.geo.admin.ch/rest/services/ech/MapServer/identify?geometryType=esriGeometryPoint&geometry=7.064209%2C46.321504&layers=all%3Ach.swisstopo.swissboundaries3d-gemeinde-flaeche.fill&returnGeometry=false&sr=4326&tolerance=0&mapExtent=0%2C0%2C0%2C0&imageDisplay=0%2C0%2C0&lang=fr,GET,urllib GET,200,downloaded,data_external/source_evidence/GEO_POINT_4b012307fc34_20260919T233357Z.json,data_external/source_evidence/GEO_POINT_4b012307fc34_20260919T233357Z.json,8cfef4b62ca1a1d157fc48313f1fb767874acd79f2786db82025803d95862760,,,True,,
2026-09-19T23:33:58.850032+00:00,initial_source_verification,GEO_POINT_72eef9212c30,swisstopo / geo.admin.ch,https://api3.geo.admin.ch/rest/services/ech/MapServer/identify?geometryType=esriGeometryPoint&geometry=8.760052%2C47.434103&layers=all%3Ach.swisstopo.swissboundaries3d-gemeinde-flaeche.fill&returnGeometry=false&sr=4326&tolerance=0&mapExtent=0%2C0%2C0%2C0&imageDisplay=0%2C0%2C0&lang=fr,https://api3.geo.admin.ch/rest/services/ech/MapServer/identify?geometryType=esriGeometryPoint&geometry=8.760052%2C47.434103&layers=all%3Ach.swisstopo.swissboundaries3d-gemeinde-flaeche.fill&returnGeometry=false&sr=4326&tolerance=0&mapExtent=0%2C0%2C0%2C0&imageDisplay=0%2C0%2C0&lang=fr,GET,urllib GET,200,downloaded,data_external/source_evidence/GEO_POINT_72eef9212c30_20260919T233358Z.json,data_external/source_evidence/GEO_POINT_72eef9212c30_20260919T233358Z.json,aaa2415e2e4e9022c272c3e419dcf524ba8d5ed6825ef6d00149776e39cc7bb2,,,True,,
2026-09-19T23:34:00.155738+00:00,initial_source_verification,GEO_POINT_456be8432080,swisstopo / geo.admin.ch,https://api3.geo.admin.ch/rest/services/ech/MapServer/identify?geometryType=esriGeometryPoint&geometry=8.902917%2C47.333543&layers=all%3Ach.swisstopo.swissboundaries3d-gemeinde-flaeche.fill&returnGeometry=false&sr=4326&tolerance=0&mapExtent=0%2C0%2C0%2C0&imageDisplay=0%2C0%2C0&lang=fr,https://api3.geo.admin.ch/rest/services/ech/MapServer/identify?geometryType=esriGeometryPoint&geometry=8.902917%2C47.333543&layers=all%3Ach.swisstopo.swissboundaries3d-gemeinde-flaeche.fill&returnGeometry=false&sr=4326&tolerance=0&mapExtent=0%2C0%2C0%2C0&imageDisplay=0%2C0%2C0&lang=fr,GET,urllib GET,200,downloaded,data_external/source_evidence/GEO_POINT_456be8432080_20260919T233400Z.json,data_external/source_evidence/GEO_POINT_456be8432080_20260919T233400Z.json,a611aa3b8088169e8e20a86dfe4183f68f7ad27723aae7d8cfef88287abb655d,,,True,,
2026-09-19T23:34:01.559074+00:00,initial_source_verification,GEO_POINT_4cc38fea8d37,swisstopo / geo.admin.ch,https://api3.geo.admin.ch/rest/services/ech/MapServer/identify?geometryType=esriGeometryPoint&geometry=8.942528%2C47.287597&layers=all%3Ach.swisstopo.swissboundaries3d-gemeinde-flaeche.fill&returnGeometry=false&sr=4326&tolerance=0&mapExtent=0%2C0%2C0%2C0&imageDisplay=0%2C0%2C0&lang=fr,https://api3.geo.admin.ch/rest/services/ech/MapServer/identify?geometryType=esriGeometryPoint&geometry=8.942528%2C47.287597&layers=all%3Ach.swisstopo.swissboundaries3d-gemeinde-flaeche.fill&returnGeometry=false&sr=4326&tolerance=0&mapExtent=0%2C0%2C0%2C0&imageDisplay=0%2C0%2C0&lang=fr,GET,urllib GET,200,downloaded,data_external/source_evidence/GEO_POINT_4cc38fea8d37_20260919T233401Z.json,data_external/source_evidence/GEO_POINT_4cc38fea8d37_20260919T233401Z.json,1f3a6f93da5bcd0045034172eb86b02d3d67c1e2af3ab741e4da77ba0c290001,,,True,,
2026-09-19T23:34:02.932385+00:00,initial_source_verification,GEO_POINT_30452d304447,swisstopo / geo.admin.ch,https://api3.geo.admin.ch/rest/services/ech/MapServer/identify?geometryType=esriGeometryPoint&geometry=8.986676%2C47.420394&layers=all%3Ach.swisstopo.swissboundaries3d-gemeinde-flaeche.fill&returnGeometry=false&sr=4326&tolerance=0&mapExtent=0%2C0%2C0%2C0&imageDisplay=0%2C0%2C0&lang=fr,https://api3.geo.admin.ch/rest/services/ech/MapServer/identify?geometryType=esriGeometryPoint&geometry=8.986676%2C47.420394&layers=all%3Ach.swisstopo.swissboundaries3d-gemeinde-flaeche.fill&returnGeometry=false&sr=4326&tolerance=0&mapExtent=0%2C0%2C0%2C0&imageDisplay=0%2C0%2C0&lang=fr,GET,urllib GET,200,downloaded,data_external/source_evidence/GEO_POINT_30452d304447_20260919T233402Z.json,data_external/source_evidence/GEO_POINT_30452d304447_20260919T233402Z.json,7ed6aea234aa3ea0b607b69f6d7c87ca6e27cb996f1cfcd0c93e8d0cb7272459,,,True,,
2026-09-19T23:34:04.205648+00:00,initial_source_verification,GEO_POINT_3a8d41771644,swisstopo / geo.admin.ch,https://api3.geo.admin.ch/rest/services/ech/MapServer/identify?geometryType=esriGeometryPoint&geometry=8.429014%2C47.473696&layers=all%3Ach.swisstopo.swissboundaries3d-gemeinde-flaeche.fill&returnGeometry=false&sr=4326&tolerance=0&mapExtent=0%2C0%2C0%2C0&imageDisplay=0%2C0%2C0&lang=fr,https://api3.geo.admin.ch/rest/services/ech/MapServer/identify?geometryType=esriGeometryPoint&geometry=8.429014%2C47.473696&layers=all%3Ach.swisstopo.swissboundaries3d-gemeinde-flaeche.fill&returnGeometry=false&sr=4326&tolerance=0&mapExtent=0%2C0%2C0%2C0&imageDisplay=0%2C0%2C0&lang=fr,GET,urllib GET,200,downloaded,data_external/source_evidence/GEO_POINT_3a8d41771644_20260919T233404Z.json,data_external/source_evidence/GEO_POINT_3a8d41771644_20260919T233404Z.json,73dd826e1e0e80fce44ffc4b8497982acecee83d291642c5c969276e3e03b789,,,True,,
2026-09-19T23:34:05.571709+00:00,initial_source_verification,GEO_POINT_57d2c45ca303,swisstopo / geo.admin.ch,https://api3.geo.admin.ch/rest/services/ech/MapServer/identify?geometryType=esriGeometryPoint&geometry=8.380101%2C47.400898&layers=all%3Ach.swisstopo.swissboundaries3d-gemeinde-flaeche.fill&returnGeometry=false&sr=4326&tolerance=0&mapExtent=0%2C0%2C0%2C0&imageDisplay=0%2C0%2C0&lang=fr,https://api3.geo.admin.ch/rest/services/ech/MapServer/identify?geometryType=esriGeometryPoint&geometry=8.380101%2C47.400898&layers=all%3Ach.swisstopo.swissboundaries3d-gemeinde-flaeche.fill&returnGeometry=false&sr=4326&tolerance=0&mapExtent=0%2C0%2C0%2C0&imageDisplay=0%2C0%2C0&lang=fr,GET,urllib GET,200,downloaded,data_external/source_evidence/GEO_POINT_57d2c45ca303_20260919T233405Z.json,data_external/source_evidence/GEO_POINT_57d2c45ca303_20260919T233405Z.json,fe7b599f4d26955fb14b201cdfc71982bf4631da90a49732cbf9842b49fdfb46,,,True,,
2026-09-19T23:34:06.942207+00:00,initial_source_verification,GEO_POINT_bdea1f3fa005,swisstopo / geo.admin.ch,https://api3.geo.admin.ch/rest/services/ech/MapServer/identify?geometryType=esriGeometryPoint&geometry=8.815370%2C47.421584&layers=all%3Ach.swisstopo.swissboundaries3d-gemeinde-flaeche.fill&returnGeometry=false&sr=4326&tolerance=0&mapExtent=0%2C0%2C0%2C0&imageDisplay=0%2C0%2C0&lang=fr,https://api3.geo.admin.ch/rest/services/ech/MapServer/identify?geometryType=esriGeometryPoint&geometry=8.815370%2C47.421584&layers=all%3Ach.swisstopo.swissboundaries3d-gemeinde-flaeche.fill&returnGeometry=false&sr=4326&tolerance=0&mapExtent=0%2C0%2C0%2C0&imageDisplay=0%2C0%2C0&lang=fr,GET,urllib GET,200,downloaded,data_external/source_evidence/GEO_POINT_bdea1f3fa005_20260919T233406Z.json,data_external/source_evidence/GEO_POINT_bdea1f3fa005_20260919T233406Z.json,a7c9f6c54a6ba7b5b9df8b5c0d97e39f4bb666a8d423ca6546f545f67b58b9ee,,,True,,
2026-09-19T23:34:08.237196+00:00,initial_source_verification,GEO_POINT_d1c733eb2a45,swisstopo / geo.admin.ch,https://api3.geo.admin.ch/rest/services/ech/MapServer/identify?geometryType=esriGeometryPoint&geometry=8.913517%2C47.426313&layers=all%3Ach.swisstopo.swissboundaries3d-gemeinde-flaeche.fill&returnGeometry=false&sr=4326&tolerance=0&mapExtent=0%2C0%2C0%2C0&imageDisplay=0%2C0%2C0&lang=fr,https://api3.geo.admin.ch/rest/services/ech/MapServer/identify?geometryType=esriGeometryPoint&geometry=8.913517%2C47.426313&layers=all%3Ach.swisstopo.swissboundaries3d-gemeinde-flaeche.fill&returnGeometry=false&sr=4326&tolerance=0&mapExtent=0%2C0%2C0%2C0&imageDisplay=0%2C0%2C0&lang=fr,GET,urllib GET,200,downloaded,data_external/source_evidence/GEO_POINT_d1c733eb2a45_20260919T233408Z.json,data_external/source_evidence/GEO_POINT_d1c733eb2a45_20260919T233408Z.json,0a15179e3a68b0548493fd934978c459547216e88ba6759bc3b12239c876e4ba,,,True,,
2026-09-19T23:34:09.639012+00:00,initial_source_verification,GEO_POINT_1be02b7f2d0d,swisstopo / geo.admin.ch,https://api3.geo.admin.ch/rest/services/ech/MapServer/identify?geometryType=esriGeometryPoint&geometry=8.936402%2C47.343247&layers=all%3Ach.swisstopo.swissboundaries3d-gemeinde-flaeche.fill&returnGeometry=false&sr=4326&tolerance=0&mapExtent=0%2C0%2C0%2C0&imageDisplay=0%2C0%2C0&lang=fr,https://api3.geo.admin.ch/rest/services/ech/MapServer/identify?geometryType=esriGeometryPoint&geometry=8.936402%2C47.343247&layers=all%3Ach.swisstopo.swissboundaries3d-gemeinde-flaeche.fill&returnGeometry=false&sr=4326&tolerance=0&mapExtent=0%2C0%2C0%2C0&imageDisplay=0%2C0%2C0&lang=fr,GET,urllib GET,200,downloaded,data_external/source_evidence/GEO_POINT_1be02b7f2d0d_20260919T233409Z.json,data_external/source_evidence/GEO_POINT_1be02b7f2d0d_20260919T233409Z.json,c092266d4235fb36cd43d4fd0392d17178bfaea09ca587bdcad2e9f279a71919,,,True,,
2026-09-19T23:34:11.019043+00:00,initial_source_verification,GEO_POINT_69154cf98ef6,swisstopo / geo.admin.ch,https://api3.geo.admin.ch/rest/services/ech/MapServer/identify?geometryType=esriGeometryPoint&geometry=8.859047%2C47.340218&layers=all%3Ach.swisstopo.swissboundaries3d-gemeinde-flaeche.fill&returnGeometry=false&sr=4326&tolerance=0&mapExtent=0%2C0%2C0%2C0&imageDisplay=0%2C0%2C0&lang=fr,https://api3.geo.admin.ch/rest/services/ech/MapServer/identify?geometryType=esriGeometryPoint&geometry=8.859047%2C47.340218&layers=all%3Ach.swisstopo.swissboundaries3d-gemeinde-flaeche.fill&returnGeometry=false&sr=4326&tolerance=0&mapExtent=0%2C0%2C0%2C0&imageDisplay=0%2C0%2C0&lang=fr,GET,urllib GET,200,downloaded,data_external/source_evidence/GEO_POINT_69154cf98ef6_20260919T233411Z.json,data_external/source_evidence/GEO_POINT_69154cf98ef6_20260919T233411Z.json,a611aa3b8088169e8e20a86dfe4183f68f7ad27723aae7d8cfef88287abb655d,,,True,,
2026-09-19T23:34:12.228719+00:00,initial_source_verification,GEO_POINT_75d76eb13319,swisstopo / geo.admin.ch,https://api3.geo.admin.ch/rest/services/ech/MapServer/identify?geometryType=esriGeometryPoint&geometry=8.912187%2C47.386108&layers=all%3Ach.swisstopo.swissboundaries3d-gemeinde-flaeche.fill&returnGeometry=false&sr=4326&tolerance=0&mapExtent=0%2C0%2C0%2C0&imageDisplay=0%2C0%2C0&lang=fr,https://api3.geo.admin.ch/rest/services/ech/MapServer/identify?geometryType=esriGeometryPoint&geometry=8.912187%2C47.386108&layers=all%3Ach.swisstopo.swissboundaries3d-gemeinde-flaeche.fill&returnGeometry=false&sr=4326&tolerance=0&mapExtent=0%2C0%2C0%2C0&imageDisplay=0%2C0%2C0&lang=fr,GET,urllib GET,200,downloaded,data_external/source_evidence/GEO_POINT_75d76eb13319_20260919T233412Z.json,data_external/source_evidence/GEO_POINT_75d76eb13319_20260919T233412Z.json,6dee41c870777f9e21e1caa2fa28eafe1082ec7ee048c438d1c64558541b50b0,,,True,,
2026-09-20T00:55:12.578847+00:00,initial_source_verification,MAGIC_2021,Magic Mountains Cooperation,https://www.magicpass.ch/media/document/0/210316_magicpass-dossier-de-presse-final.pdf,https://www.magicpass.ch/media/document/0/210316_magicpass-dossier-de-presse-final.pdf,GET,urllib GET,,failed,,,,,,False,IncompleteRead: IncompleteRead(1769472 bytes read),
2026-09-20T00:55:23.095253+00:00,initial_source_verification,MAGIC_2026,Magic Mountains Cooperation,https://www.magicpass.ch/media/document/0/magicpass-2026-dossier-de-presse-chfr-avec-compression.pdf,https://www.magicpass.ch/media/document/0/magicpass-2026-dossier-de-presse-chfr-avec-compression.pdf,GET,urllib GET,,failed,,,,,,False,IncompleteRead: IncompleteRead(3866624 bytes read),
2026-09-20T00:55:33.490971+00:00,initial_source_verification,ANNIVIERS_SCOPE_OFFICIAL,Commune d'Anniviers,https://www.anniviers.org/fr/villages-hameaux-6.html,https://www.anniviers.org/fr/villages-hameaux-6.html,GET,urllib GET,200,downloaded,data_external/source_evidence/ANNIVIERS_SCOPE_OFFICIAL_20260920T005533Z.html,data_external/source_evidence/ANNIVIERS_SCOPE_OFFICIAL_20260920T005533Z.html,ec9f8e8bdd4e0ef63c10ba660edc22e6b295e5c89b57ae40475858fcb27a3880,,,True,,
2026-09-20T00:55:34.825822+00:00,initial_source_verification,EVOLENE_SCOPE_OFFICIAL,Commune d'Evolène,https://www.commune-evolene.ch/fr/villages-35.html,https://www.commune-evolene.ch/fr/villages-35.html,GET,urllib GET,200,downloaded,data_external/source_evidence/EVOLENE_SCOPE_OFFICIAL_20260920T005534Z.html,data_external/source_evidence/EVOLENE_SCOPE_OFFICIAL_20260920T005534Z.html,660e0b1f60f8cdd24b5ba4bc94d1c7430c45f59bc7779fd42607468a31f9c1c8,,,True,,
2026-09-20T00:55:36.148672+00:00,initial_source_verification,REICHENBACH_SCOPE_OFFICIAL,Gemeinde Reichenbach im Kandertal,https://www.reichenbach.ch/de/gemeinde/reichenbach/zahlen-und-fakten/,https://www.reichenbach.ch/de/gemeinde/reichenbach/zahlen-und-fakten/,GET,urllib GET,200,downloaded,data_external/source_evidence/REICHENBACH_SCOPE_OFFICIAL_20260920T005536Z.html,data_external/source_evidence/REICHENBACH_SCOPE_OFFICIAL_20260920T005536Z.html,03a1bcab79c8c557b3441c85ccbe051db0c82e624b6464012de780440169771b,,,True,,
2026-09-20T00:55:37.624544+00:00,initial_source_verification,VILLARS_GRYON_SCOPE_OFFICIAL,Télé-Villars-Gryon-Diablerets SA,https://www.tvgd.ch/ski/,https://www.tvgd.ch/ski/,GET,urllib GET,200,downloaded,data_external/source_evidence/VILLARS_GRYON_SCOPE_OFFICIAL_20260920T005537Z.html,data_external/source_evidence/VILLARS_GRYON_SCOPE_OFFICIAL_20260920T005537Z.html,6e893fd9d1a30e00befd9df046296a28ab74ccbe99b70304e3d3be88dd24f6ae,,,True,,
2026-09-20T00:55:39.094372+00:00,initial_source_verification,SAINTE_CROIX_SCOPE_OFFICIAL,Ski Lift Les Rasses SA,https://www.ski-vaud.ch/,https://www.ski-vaud.ch/,GET,urllib GET,200,downloaded,data_external/source_evidence/SAINTE_CROIX_SCOPE_OFFICIAL_20260920T005539Z.html,data_external/source_evidence/SAINTE_CROIX_SCOPE_OFFICIAL_20260920T005539Z.html,67594c8ff364afd067e3fda5e6780c592c23daa2d6e0086dd47874d38317dda4,,,True,,
2026-09-20T00:55:49.309926+00:00,initial_source_verification,GSTAAD_SCOPE_OFFICIAL,Bergbahnen Destination Gstaad AG,https://bergbahnen-gstaad.ch/en/arrival-parking,https://bergbahnen-gstaad.ch/en/arrival-parking,GET,urllib GET,200,downloaded,data_external/source_evidence/GSTAAD_SCOPE_OFFICIAL_20260920T005549Z.html,data_external/source_evidence/GSTAAD_SCOPE_OFFICIAL_20260920T005549Z.html,f061535528278cb8ec8a0a79df256da500f8791d3a64bcca91d7fa267500946a,,,True,,
2026-09-20T00:55:50.713606+00:00,initial_source_verification,MEIRINGEN_HASLIBERG_SCOPE_OFFICIAL,Bergbahnen Meiringen-Hasliberg AG,https://en.meiringen-hasliberg.ch/Infos/anreise,https://en.meiringen-hasliberg.ch/Infos/anreise,GET,urllib GET,200,downloaded,data_external/source_evidence/MEIRINGEN_HASLIBERG_SCOPE_OFFICIAL_20260920T005550Z.html,data_external/source_evidence/MEIRINGEN_HASLIBERG_SCOPE_OFFICIAL_20260920T005550Z.html,2fba63bea5b96a62686b82ef41db8b1982d006327bb1c4df2a1c1e7b3fab724c,,,True,,
2026-09-20T00:55:52.206162+00:00,initial_source_verification,MEIRINGEN_HASLIBERG_MAGIC_OFFICIAL,Bergbahnen Meiringen-Hasliberg AG,https://en.meiringen-hasliberg.ch/Infos/magic-pass,https://en.meiringen-hasliberg.ch/Infos/magic-pass,GET,urllib GET,200,downloaded,data_external/source_evidence/MEIRINGEN_HASLIBERG_MAGIC_OFFICIAL_20260920T005552Z.html,data_external/source_evidence/MEIRINGEN_HASLIBERG_MAGIC_OFFICIAL_20260920T005552Z.html,55f1d75399f494f6b33860f673be451e06bdd3c8578f2505be70b9a21f68db34,,,True,,
2026-09-20T00:56:02.242977+00:00,initial_source_verification,MAGIC_2021,Magic Mountains Cooperation,https://www.magicpass.ch/media/document/0/210316_magicpass-dossier-de-presse-final.pdf,https://www.magicpass.ch/media/document/0/210316_magicpass-dossier-de-presse-final.pdf,GET,urllib GET,,failed,,,,,,False,IncompleteRead: IncompleteRead(6029312 bytes read),
2026-09-20T00:56:13.071390+00:00,initial_source_verification,MAGIC_2026,Magic Mountains Cooperation,https://www.magicpass.ch/media/document/0/magicpass-2026-dossier-de-presse-chfr-avec-compression.pdf,https://www.magicpass.ch/media/document/0/magicpass-2026-dossier-de-presse-chfr-avec-compression.pdf,GET,urllib GET,200,downloaded,data_external/source_evidence/MAGIC_2026_20260920T005613Z.pdf,data_external/source_evidence/MAGIC_2026_20260920T005613Z.pdf,61c7234d95dd3d899c5cc7ce955248765a46eb0529881874140c36a596b7b3cd,,,True,,
2026-09-20T01:15:08.637699+00:00,initial_source_verification,MAGIC_2021,Magic Mountains Cooperation,https://www.magicpass.ch/media/document/0/210316_magicpass-dossier-de-presse-final.pdf,https://www.magicpass.ch/media/document/0/210316_magicpass-dossier-de-presse-final.pdf,GET,urllib GET,,failed,,,,,,False,IncompleteRead: IncompleteRead(5111808 bytes read),
2026-09-20T01:15:19.337900+00:00,initial_source_verification,MAGIC_2021_APRIL,Magic Mountains Cooperation,https://www.magicpass.ch/media/document/0/210412_magicpass_communiquedepresse.pdf,https://www.magicpass.ch/media/document/0/210412_magicpass_communiquedepresse.pdf,GET,urllib GET,200,downloaded,data_external/source_evidence/MAGIC_2021_APRIL_20260920T011519Z.pdf,data_external/source_evidence/MAGIC_2021_APRIL_20260920T011519Z.pdf,009c422501845aa112cd577654044415fd0644f3dc60ec57b7d722447a0df043,,,True,,
2026-09-20T01:15:29.635112+00:00,initial_source_verification,MAGIC_2022_DOSSIER,Magic Mountains Cooperation,https://www.magicpass.ch/media/document/0/magicpass-dossierpresse-2022-fr-1.pdf,https://www.magicpass.ch/media/document/0/magicpass-dossierpresse-2022-fr-1.pdf,GET,urllib GET,,failed,,,,,,False,IncompleteRead: IncompleteRead(4194304 bytes read),
2026-09-20T01:16:51.624040+00:00,initial_source_verification,MAGIC_2022_DOSSIER,Magic Mountains Cooperation,https://www.magicpass.ch/media/document/0/magicpass-dossierpresse-2022-fr-1.pdf,https://www.magicpass.ch/media/document/0/magicpass-dossierpresse-2022-fr-1.pdf,GET,urllib GET,200,downloaded,data_external/source_evidence/MAGIC_2022_DOSSIER_20260920T011651Z.pdf,data_external/source_evidence/MAGIC_2022_DOSSIER_20260920T011651Z.pdf,6b8c8322d82bb9cb405468cd6f75cec1aaa83bb7f053c97ec77219757c401633,,,True,,
2026-09-20T01:18:02.596207+00:00,initial_source_verification,MAGIC_2021,Magic Mountains Cooperation,https://www.magicpass.ch/media/document/0/210316_magicpass-dossier-de-presse-final.pdf,https://www.magicpass.ch/media/document/0/210316_magicpass-dossier-de-presse-final.pdf,GET,urllib GET,,failed,,,,,,False,IncompleteRead: IncompleteRead(7995392 bytes read),
2026-09-20T08:36:08.846339+00:00,initial_source_verification,BFS_HOTEL_CAPACITY_METADATA,Swiss Federal Statistical Office,https://www.pxweb.bfs.admin.ch/api/v1/fr/px-x-1003020000_201/px-x-1003020000_201.px,https://www.pxweb.bfs.admin.ch/api/v1/fr/px-x-1003020000_201/px-x-1003020000_201.px,GET,urllib GET,200,downloaded,data_external/source_evidence/BFS_HOTEL_CAPACITY_METADATA_20260920T083608Z.json,data_external/source_evidence/BFS_HOTEL_CAPACITY_METADATA_20260920T083608Z.json,16278884419ed97dc59ff841189c063a43b07624c65a450e93ae1612247cdb07,,,True,,
2026-09-20T08:37:34.632956+00:00,hotel_capacity_collection,BFS_HOTEL_CAPACITY_DATA,Swiss Federal Statistical Office,https://www.pxweb.bfs.admin.ch/api/v1/fr/px-x-1003020000_201/px-x-1003020000_201.px,https://www.pxweb.bfs.admin.ch/api/v1/fr/px-x-1003020000_201/px-x-1003020000_201.px,"{""query"":[{""code"":""Jahr"",""selection"":{""filter"":""item"",""values"":[""2013"",""2014"",""2015"",""2016"",""2017"",""2018"",""2019"",""2020"",""2021"",""2022"",""2023"",""2024"",""2025"",""2026""]}},{""code"":""Monat"",""selection"":{""filter"":""item"",""values"":[""1"",""2"",""3"",""4"",""5"",""6"",""7"",""8"",""9"",""10"",""11"",""12""]}},{""code"":""Gemeinde"",""selection"":{""filter"":""item"",""values"":[""62"",""66"",""191"",""198"",""230"",""261"",""293"",""295"",""329"",""351"",""355"",""371"",""404"",""561"",""562"",""565"",""567"",""571"",""573"",""576"",""581"",""584"",""587"",""593"",""594"",""700"",""762"",""768"",""783"",""784"",""785"",""792"",""843"",""902"",""906"",""938"",""942"",""979"",""1024"",""1059"",""1061"",""1063"",""1068"",""1069"",""1103"",""1202"",""1209"",""1301"",""1321"",""1322"",""1331"",""1364"",""1366"",""1372"",""1402"",""1406"",""1407"",""1501"",""1504"",""1630"",""1631"",""1709"",""1711"",""2121"",""2125"",""2135"",""2196"",""2275"",""2299"",""2401"",""2546"",""2581"",""2601"",""2701"",""2829"",""2831"",""2939"",""3002"",""3022"",""3024"",""3032"",""3101"",""3102"",""3203"",""3216"",""3251"",""3271"",""3291"",""3292"",""3295"",""3298"",""3311"",""3340"",""3342"",""3359"",""3396"",""3408"",""3427"",""3506"",""3543"",""3561"",""3575"",""3603"",""3618"",""3619"",""3714"",""3732"",""3746"",""3752"",""3762"",""3782"",""3784"",""3786"",""3787"",""3792"",""3847"",""3851"",""3871"",""3901"",""3921"",""3953"",""3981"",""3986"",""4001"",""4021"",""4201"",""4258"",""4289"",""4401"",""4566"",""4671"",""5002"",""5091"",""5113"",""5120"",""5192"",""5210"",""5236"",""5238"",""5250"",""5254"",""5407"",""5409"",""5411"",""5552"",""5586"",""5613"",""5642"",""5724"",""5841"",""5872"",""5886"",""5890"",""5892"",""5938"",""6002"",""6024"",""6034"",""6037"",""6077"",""6083"",""6111"",""6136"",""6151"",""6217"",""6248"",""6252"",""6253"",""6266"",""6290"",""6291"",""6297"",""6300"",""6417"",""6421"",""6458"",""6513"",""6621"",""6628"",""6630"",""6643"",""6711"",""6757"",""6800"",""6808"",""6831""]}},{""code"":""Indikator"",""selection"":{""filter"":""item"",""values"":[""1"",""2"",""3"",""4"",""5"",""6"",""7"",""8""]}}],""response"":{""format"":""csv""}}",PXWeb HTTP POST,403,failed,,,,,,False,HTTPError: HTTP Error 403: Forbidden,
2026-09-20T08:39:01.648570+00:00,hotel_capacity_collection,BFS_HOTEL_CAPACITY_DATA,Swiss Federal Statistical Office,https://www.pxweb.bfs.admin.ch/api/v1/fr/px-x-1003020000_201/px-x-1003020000_201.px,https://www.pxweb.bfs.admin.ch/api/v1/fr/px-x-1003020000_201/px-x-1003020000_201.px,"{""query"":[{""code"":""Jahr"",""selection"":{""filter"":""item"",""values"":[""2013""]}},{""code"":""Monat"",""selection"":{""filter"":""item"",""values"":[""1"",""2"",""3"",""4"",""5"",""6"",""7"",""8"",""9"",""10"",""11"",""12""]}},{""code"":""Gemeinde"",""selection"":{""filter"":""item"",""values"":[""62"",""66"",""191"",""198"",""230"",""261"",""293"",""295"",""329"",""351"",""355"",""371"",""404"",""561"",""562"",""565"",""567"",""571"",""573"",""576"",""581"",""584"",""587"",""593"",""594"",""700"",""762"",""768"",""783"",""784"",""785"",""792"",""843"",""902"",""906"",""938"",""942"",""979"",""1024"",""1059"",""1061"",""1063"",""1068"",""1069"",""1103"",""1202"",""1209"",""1301"",""1321"",""1322"",""1331"",""1364"",""1366"",""1372"",""1402"",""1406"",""1407"",""1501"",""1504"",""1630"",""1631"",""1709"",""1711"",""2121"",""2125"",""2135"",""2196"",""2275"",""2299"",""2401"",""2546"",""2581"",""2601"",""2701"",""2829"",""2831"",""2939"",""3002"",""3022"",""3024"",""3032"",""3101"",""3102"",""3203"",""3216"",""3251"",""3271"",""3291"",""3292"",""3295"",""3298"",""3311"",""3340"",""3342"",""3359"",""3396"",""3408"",""3427"",""3506"",""3543"",""3561"",""3575"",""3603"",""3618"",""3619"",""3714"",""3732"",""3746"",""3752"",""3762"",""3782"",""3784"",""3786"",""3787"",""3792"",""3847"",""3851"",""3871"",""3901"",""3921"",""3953"",""3981"",""3986"",""4001"",""4021"",""4201"",""4258"",""4289"",""4401"",""4566"",""4671"",""5002"",""5091"",""5113"",""5120"",""5192"",""5210"",""5236"",""5238"",""5250"",""5254"",""5407"",""5409"",""5411"",""5552"",""5586"",""5613"",""5642"",""5724"",""5841"",""5872"",""5886"",""5890"",""5892"",""5938"",""6002"",""6024"",""6034"",""6037"",""6077"",""6083"",""6111"",""6136"",""6151"",""6217"",""6248"",""6252"",""6253"",""6266"",""6290"",""6291"",""6297"",""6300"",""6417"",""6421"",""6458"",""6513"",""6621"",""6628"",""6630"",""6643"",""6711"",""6757"",""6800"",""6808"",""6831""]}},{""code"":""Indikator"",""selection"":{""filter"":""item"",""values"":[""1"",""2"",""3"",""4"",""5"",""6"",""7"",""8""]}}],""response"":{""format"":""csv""}}",PXWeb HTTP POST; annual chunk,200,downloaded,data_external/source_evidence/BFS_HOTEL_CAPACITY_DATA_2013_20260920T083901Z.csv,data_external/source_evidence/BFS_HOTEL_CAPACITY_DATA_2013_20260920T083901Z.csv,532ec366eeb719e0f0b1e3d0813a6a0800990b09933a976c2dd21228fb2f0f95,2232,2232,True,,Annual-total month excluded; calendar year 2013.
2026-09-20T08:39:02.917999+00:00,hotel_capacity_collection,BFS_HOTEL_CAPACITY_DATA,Swiss Federal Statistical Office,https://www.pxweb.bfs.admin.ch/api/v1/fr/px-x-1003020000_201/px-x-1003020000_201.px,https://www.pxweb.bfs.admin.ch/api/v1/fr/px-x-1003020000_201/px-x-1003020000_201.px,"{""query"":[{""code"":""Jahr"",""selection"":{""filter"":""item"",""values"":[""2014""]}},{""code"":""Monat"",""selection"":{""filter"":""item"",""values"":[""1"",""2"",""3"",""4"",""5"",""6"",""7"",""8"",""9"",""10"",""11"",""12""]}},{""code"":""Gemeinde"",""selection"":{""filter"":""item"",""values"":[""62"",""66"",""191"",""198"",""230"",""261"",""293"",""295"",""329"",""351"",""355"",""371"",""404"",""561"",""562"",""565"",""567"",""571"",""573"",""576"",""581"",""584"",""587"",""593"",""594"",""700"",""762"",""768"",""783"",""784"",""785"",""792"",""843"",""902"",""906"",""938"",""942"",""979"",""1024"",""1059"",""1061"",""1063"",""1068"",""1069"",""1103"",""1202"",""1209"",""1301"",""1321"",""1322"",""1331"",""1364"",""1366"",""1372"",""1402"",""1406"",""1407"",""1501"",""1504"",""1630"",""1631"",""1709"",""1711"",""2121"",""2125"",""2135"",""2196"",""2275"",""2299"",""2401"",""2546"",""2581"",""2601"",""2701"",""2829"",""2831"",""2939"",""3002"",""3022"",""3024"",""3032"",""3101"",""3102"",""3203"",""3216"",""3251"",""3271"",""3291"",""3292"",""3295"",""3298"",""3311"",""3340"",""3342"",""3359"",""3396"",""3408"",""3427"",""3506"",""3543"",""3561"",""3575"",""3603"",""3618"",""3619"",""3714"",""3732"",""3746"",""3752"",""3762"",""3782"",""3784"",""3786"",""3787"",""3792"",""3847"",""3851"",""3871"",""3901"",""3921"",""3953"",""3981"",""3986"",""4001"",""4021"",""4201"",""4258"",""4289"",""4401"",""4566"",""4671"",""5002"",""5091"",""5113"",""5120"",""5192"",""5210"",""5236"",""5238"",""5250"",""5254"",""5407"",""5409"",""5411"",""5552"",""5586"",""5613"",""5642"",""5724"",""5841"",""5872"",""5886"",""5890"",""5892"",""5938"",""6002"",""6024"",""6034"",""6037"",""6077"",""6083"",""6111"",""6136"",""6151"",""6217"",""6248"",""6252"",""6253"",""6266"",""6290"",""6291"",""6297"",""6300"",""6417"",""6421"",""6458"",""6513"",""6621"",""6628"",""6630"",""6643"",""6711"",""6757"",""6800"",""6808"",""6831""]}},{""code"":""Indikator"",""selection"":{""filter"":""item"",""values"":[""1"",""2"",""3"",""4"",""5"",""6"",""7"",""8""]}}],""response"":{""format"":""csv""}}",PXWeb HTTP POST; annual chunk,200,downloaded,data_external/source_evidence/BFS_HOTEL_CAPACITY_DATA_2014_20260920T083902Z.csv,data_external/source_evidence/BFS_HOTEL_CAPACITY_DATA_2014_20260920T083902Z.csv,cae821688ea5cf3d9e490adf9f6022318887c14bdd47332b11c5991e1c4cbb52,2232,2232,True,,Annual-total month excluded; calendar year 2014.
2026-09-20T08:39:04.530520+00:00,hotel_capacity_collection,BFS_HOTEL_CAPACITY_DATA,Swiss Federal Statistical Office,https://www.pxweb.bfs.admin.ch/api/v1/fr/px-x-1003020000_201/px-x-1003020000_201.px,https://www.pxweb.bfs.admin.ch/api/v1/fr/px-x-1003020000_201/px-x-1003020000_201.px,"{""query"":[{""code"":""Jahr"",""selection"":{""filter"":""item"",""values"":[""2015""]}},{""code"":""Monat"",""selection"":{""filter"":""item"",""values"":[""1"",""2"",""3"",""4"",""5"",""6"",""7"",""8"",""9"",""10"",""11"",""12""]}},{""code"":""Gemeinde"",""selection"":{""filter"":""item"",""values"":[""62"",""66"",""191"",""198"",""230"",""261"",""293"",""295"",""329"",""351"",""355"",""371"",""404"",""561"",""562"",""565"",""567"",""571"",""573"",""576"",""581"",""584"",""587"",""593"",""594"",""700"",""762"",""768"",""783"",""784"",""785"",""792"",""843"",""902"",""906"",""938"",""942"",""979"",""1024"",""1059"",""1061"",""1063"",""1068"",""1069"",""1103"",""1202"",""1209"",""1301"",""1321"",""1322"",""1331"",""1364"",""1366"",""1372"",""1402"",""1406"",""1407"",""1501"",""1504"",""1630"",""1631"",""1709"",""1711"",""2121"",""2125"",""2135"",""2196"",""2275"",""2299"",""2401"",""2546"",""2581"",""2601"",""2701"",""2829"",""2831"",""2939"",""3002"",""3022"",""3024"",""3032"",""3101"",""3102"",""3203"",""3216"",""3251"",""3271"",""3291"",""3292"",""3295"",""3298"",""3311"",""3340"",""3342"",""3359"",""3396"",""3408"",""3427"",""3506"",""3543"",""3561"",""3575"",""3603"",""3618"",""3619"",""3714"",""3732"",""3746"",""3752"",""3762"",""3782"",""3784"",""3786"",""3787"",""3792"",""3847"",""3851"",""3871"",""3901"",""3921"",""3953"",""3981"",""3986"",""4001"",""4021"",""4201"",""4258"",""4289"",""4401"",""4566"",""4671"",""5002"",""5091"",""5113"",""5120"",""5192"",""5210"",""5236"",""5238"",""5250"",""5254"",""5407"",""5409"",""5411"",""5552"",""5586"",""5613"",""5642"",""5724"",""5841"",""5872"",""5886"",""5890"",""5892"",""5938"",""6002"",""6024"",""6034"",""6037"",""6077"",""6083"",""6111"",""6136"",""6151"",""6217"",""6248"",""6252"",""6253"",""6266"",""6290"",""6291"",""6297"",""6300"",""6417"",""6421"",""6458"",""6513"",""6621"",""6628"",""6630"",""6643"",""6711"",""6757"",""6800"",""6808"",""6831""]}},{""code"":""Indikator"",""selection"":{""filter"":""item"",""values"":[""1"",""2"",""3"",""4"",""5"",""6"",""7"",""8""]}}],""response"":{""format"":""csv""}}",PXWeb HTTP POST; annual chunk,200,downloaded,data_external/source_evidence/BFS_HOTEL_CAPACITY_DATA_2015_20260920T083904Z.csv,data_external/source_evidence/BFS_HOTEL_CAPACITY_DATA_2015_20260920T083904Z.csv,29214f06610827d80a09d3772fa9254ae737d91dc6837a2da9cf488e5478d8ba,2232,2232,True,,Annual-total month excluded; calendar year 2015.
2026-09-20T08:39:05.188139+00:00,hotel_capacity_collection,BFS_HOTEL_CAPACITY_DATA,Swiss Federal Statistical Office,https://www.pxweb.bfs.admin.ch/api/v1/fr/px-x-1003020000_201/px-x-1003020000_201.px,https://www.pxweb.bfs.admin.ch/api/v1/fr/px-x-1003020000_201/px-x-1003020000_201.px,"{""query"":[{""code"":""Jahr"",""selection"":{""filter"":""item"",""values"":[""2016""]}},{""code"":""Monat"",""selection"":{""filter"":""item"",""values"":[""1"",""2"",""3"",""4"",""5"",""6"",""7"",""8"",""9"",""10"",""11"",""12""]}},{""code"":""Gemeinde"",""selection"":{""filter"":""item"",""values"":[""62"",""66"",""191"",""198"",""230"",""261"",""293"",""295"",""329"",""351"",""355"",""371"",""404"",""561"",""562"",""565"",""567"",""571"",""573"",""576"",""581"",""584"",""587"",""593"",""594"",""700"",""762"",""768"",""783"",""784"",""785"",""792"",""843"",""902"",""906"",""938"",""942"",""979"",""1024"",""1059"",""1061"",""1063"",""1068"",""1069"",""1103"",""1202"",""1209"",""1301"",""1321"",""1322"",""1331"",""1364"",""1366"",""1372"",""1402"",""1406"",""1407"",""1501"",""1504"",""1630"",""1631"",""1709"",""1711"",""2121"",""2125"",""2135"",""2196"",""2275"",""2299"",""2401"",""2546"",""2581"",""2601"",""2701"",""2829"",""2831"",""2939"",""3002"",""3022"",""3024"",""3032"",""3101"",""3102"",""3203"",""3216"",""3251"",""3271"",""3291"",""3292"",""3295"",""3298"",""3311"",""3340"",""3342"",""3359"",""3396"",""3408"",""3427"",""3506"",""3543"",""3561"",""3575"",""3603"",""3618"",""3619"",""3714"",""3732"",""3746"",""3752"",""3762"",""3782"",""3784"",""3786"",""3787"",""3792"",""3847"",""3851"",""3871"",""3901"",""3921"",""3953"",""3981"",""3986"",""4001"",""4021"",""4201"",""4258"",""4289"",""4401"",""4566"",""4671"",""5002"",""5091"",""5113"",""5120"",""5192"",""5210"",""5236"",""5238"",""5250"",""5254"",""5407"",""5409"",""5411"",""5552"",""5586"",""5613"",""5642"",""5724"",""5841"",""5872"",""5886"",""5890"",""5892"",""5938"",""6002"",""6024"",""6034"",""6037"",""6077"",""6083"",""6111"",""6136"",""6151"",""6217"",""6248"",""6252"",""6253"",""6266"",""6290"",""6291"",""6297"",""6300"",""6417"",""6421"",""6458"",""6513"",""6621"",""6628"",""6630"",""6643"",""6711"",""6757"",""6800"",""6808"",""6831""]}},{""code"":""Indikator"",""selection"":{""filter"":""item"",""values"":[""1"",""2"",""3"",""4"",""5"",""6"",""7"",""8""]}}],""response"":{""format"":""csv""}}",PXWeb HTTP POST; annual chunk,200,downloaded,data_external/source_evidence/BFS_HOTEL_CAPACITY_DATA_2016_20260920T083905Z.csv,data_external/source_evidence/BFS_HOTEL_CAPACITY_DATA_2016_20260920T083905Z.csv,ef049d6119cbc02534791e2fbb7de5b14efeb4d36d70f008fd8dfb5f3a71d150,2232,2232,True,,Annual-total month excluded; calendar year 2016.
2026-09-20T08:39:05.839076+00:00,hotel_capacity_collection,BFS_HOTEL_CAPACITY_DATA,Swiss Federal Statistical Office,https://www.pxweb.bfs.admin.ch/api/v1/fr/px-x-1003020000_201/px-x-1003020000_201.px,https://www.pxweb.bfs.admin.ch/api/v1/fr/px-x-1003020000_201/px-x-1003020000_201.px,"{""query"":[{""code"":""Jahr"",""selection"":{""filter"":""item"",""values"":[""2017""]}},{""code"":""Monat"",""selection"":{""filter"":""item"",""values"":[""1"",""2"",""3"",""4"",""5"",""6"",""7"",""8"",""9"",""10"",""11"",""12""]}},{""code"":""Gemeinde"",""selection"":{""filter"":""item"",""values"":[""62"",""66"",""191"",""198"",""230"",""261"",""293"",""295"",""329"",""351"",""355"",""371"",""404"",""561"",""562"",""565"",""567"",""571"",""573"",""576"",""581"",""584"",""587"",""593"",""594"",""700"",""762"",""768"",""783"",""784"",""785"",""792"",""843"",""902"",""906"",""938"",""942"",""979"",""1024"",""1059"",""1061"",""1063"",""1068"",""1069"",""1103"",""1202"",""1209"",""1301"",""1321"",""1322"",""1331"",""1364"",""1366"",""1372"",""1402"",""1406"",""1407"",""1501"",""1504"",""1630"",""1631"",""1709"",""1711"",""2121"",""2125"",""2135"",""2196"",""2275"",""2299"",""2401"",""2546"",""2581"",""2601"",""2701"",""2829"",""2831"",""2939"",""3002"",""3022"",""3024"",""3032"",""3101"",""3102"",""3203"",""3216"",""3251"",""3271"",""3291"",""3292"",""3295"",""3298"",""3311"",""3340"",""3342"",""3359"",""3396"",""3408"",""3427"",""3506"",""3543"",""3561"",""3575"",""3603"",""3618"",""3619"",""3714"",""3732"",""3746"",""3752"",""3762"",""3782"",""3784"",""3786"",""3787"",""3792"",""3847"",""3851"",""3871"",""3901"",""3921"",""3953"",""3981"",""3986"",""4001"",""4021"",""4201"",""4258"",""4289"",""4401"",""4566"",""4671"",""5002"",""5091"",""5113"",""5120"",""5192"",""5210"",""5236"",""5238"",""5250"",""5254"",""5407"",""5409"",""5411"",""5552"",""5586"",""5613"",""5642"",""5724"",""5841"",""5872"",""5886"",""5890"",""5892"",""5938"",""6002"",""6024"",""6034"",""6037"",""6077"",""6083"",""6111"",""6136"",""6151"",""6217"",""6248"",""6252"",""6253"",""6266"",""6290"",""6291"",""6297"",""6300"",""6417"",""6421"",""6458"",""6513"",""6621"",""6628"",""6630"",""6643"",""6711"",""6757"",""6800"",""6808"",""6831""]}},{""code"":""Indikator"",""selection"":{""filter"":""item"",""values"":[""1"",""2"",""3"",""4"",""5"",""6"",""7"",""8""]}}],""response"":{""format"":""csv""}}",PXWeb HTTP POST; annual chunk,200,downloaded,data_external/source_evidence/BFS_HOTEL_CAPACITY_DATA_2017_20260920T083905Z.csv,data_external/source_evidence/BFS_HOTEL_CAPACITY_DATA_2017_20260920T083905Z.csv,0027707e7faa9ae5be6766639a421776667b83b62591d28d3c64daca55f1b7a0,2232,2232,True,,Annual-total month excluded; calendar year 2017.
2026-09-20T08:39:06.505658+00:00,hotel_capacity_collection,BFS_HOTEL_CAPACITY_DATA,Swiss Federal Statistical Office,https://www.pxweb.bfs.admin.ch/api/v1/fr/px-x-1003020000_201/px-x-1003020000_201.px,https://www.pxweb.bfs.admin.ch/api/v1/fr/px-x-1003020000_201/px-x-1003020000_201.px,"{""query"":[{""code"":""Jahr"",""selection"":{""filter"":""item"",""values"":[""2018""]}},{""code"":""Monat"",""selection"":{""filter"":""item"",""values"":[""1"",""2"",""3"",""4"",""5"",""6"",""7"",""8"",""9"",""10"",""11"",""12""]}},{""code"":""Gemeinde"",""selection"":{""filter"":""item"",""values"":[""62"",""66"",""191"",""198"",""230"",""261"",""293"",""295"",""329"",""351"",""355"",""371"",""404"",""561"",""562"",""565"",""567"",""571"",""573"",""576"",""581"",""584"",""587"",""593"",""594"",""700"",""762"",""768"",""783"",""784"",""785"",""792"",""843"",""902"",""906"",""938"",""942"",""979"",""1024"",""1059"",""1061"",""1063"",""1068"",""1069"",""1103"",""1202"",""1209"",""1301"",""1321"",""1322"",""1331"",""1364"",""1366"",""1372"",""1402"",""1406"",""1407"",""1501"",""1504"",""1630"",""1631"",""1709"",""1711"",""2121"",""2125"",""2135"",""2196"",""2275"",""2299"",""2401"",""2546"",""2581"",""2601"",""2701"",""2829"",""2831"",""2939"",""3002"",""3022"",""3024"",""3032"",""3101"",""3102"",""3203"",""3216"",""3251"",""3271"",""3291"",""3292"",""3295"",""3298"",""3311"",""3340"",""3342"",""3359"",""3396"",""3408"",""3427"",""3506"",""3543"",""3561"",""3575"",""3603"",""3618"",""3619"",""3714"",""3732"",""3746"",""3752"",""3762"",""3782"",""3784"",""3786"",""3787"",""3792"",""3847"",""3851"",""3871"",""3901"",""3921"",""3953"",""3981"",""3986"",""4001"",""4021"",""4201"",""4258"",""4289"",""4401"",""4566"",""4671"",""5002"",""5091"",""5113"",""5120"",""5192"",""5210"",""5236"",""5238"",""5250"",""5254"",""5407"",""5409"",""5411"",""5552"",""5586"",""5613"",""5642"",""5724"",""5841"",""5872"",""5886"",""5890"",""5892"",""5938"",""6002"",""6024"",""6034"",""6037"",""6077"",""6083"",""6111"",""6136"",""6151"",""6217"",""6248"",""6252"",""6253"",""6266"",""6290"",""6291"",""6297"",""6300"",""6417"",""6421"",""6458"",""6513"",""6621"",""6628"",""6630"",""6643"",""6711"",""6757"",""6800"",""6808"",""6831""]}},{""code"":""Indikator"",""selection"":{""filter"":""item"",""values"":[""1"",""2"",""3"",""4"",""5"",""6"",""7"",""8""]}}],""response"":{""format"":""csv""}}",PXWeb HTTP POST; annual chunk,200,downloaded,data_external/source_evidence/BFS_HOTEL_CAPACITY_DATA_2018_20260920T083906Z.csv,data_external/source_evidence/BFS_HOTEL_CAPACITY_DATA_2018_20260920T083906Z.csv,453ebdedeb10ca1faea3383a1cd6d41045c6f7322c4854c21aab231b6fffb140,2232,2232,True,,Annual-total month excluded; calendar year 2018.
2026-09-20T08:39:07.441382+00:00,hotel_capacity_collection,BFS_HOTEL_CAPACITY_DATA,Swiss Federal Statistical Office,https://www.pxweb.bfs.admin.ch/api/v1/fr/px-x-1003020000_201/px-x-1003020000_201.px,https://www.pxweb.bfs.admin.ch/api/v1/fr/px-x-1003020000_201/px-x-1003020000_201.px,"{""query"":[{""code"":""Jahr"",""selection"":{""filter"":""item"",""values"":[""2019""]}},{""code"":""Monat"",""selection"":{""filter"":""item"",""values"":[""1"",""2"",""3"",""4"",""5"",""6"",""7"",""8"",""9"",""10"",""11"",""12""]}},{""code"":""Gemeinde"",""selection"":{""filter"":""item"",""values"":[""62"",""66"",""191"",""198"",""230"",""261"",""293"",""295"",""329"",""351"",""355"",""371"",""404"",""561"",""562"",""565"",""567"",""571"",""573"",""576"",""581"",""584"",""587"",""593"",""594"",""700"",""762"",""768"",""783"",""784"",""785"",""792"",""843"",""902"",""906"",""938"",""942"",""979"",""1024"",""1059"",""1061"",""1063"",""1068"",""1069"",""1103"",""1202"",""1209"",""1301"",""1321"",""1322"",""1331"",""1364"",""1366"",""1372"",""1402"",""1406"",""1407"",""1501"",""1504"",""1630"",""1631"",""1709"",""1711"",""2121"",""2125"",""2135"",""2196"",""2275"",""2299"",""2401"",""2546"",""2581"",""2601"",""2701"",""2829"",""2831"",""2939"",""3002"",""3022"",""3024"",""3032"",""3101"",""3102"",""3203"",""3216"",""3251"",""3271"",""3291"",""3292"",""3295"",""3298"",""3311"",""3340"",""3342"",""3359"",""3396"",""3408"",""3427"",""3506"",""3543"",""3561"",""3575"",""3603"",""3618"",""3619"",""3714"",""3732"",""3746"",""3752"",""3762"",""3782"",""3784"",""3786"",""3787"",""3792"",""3847"",""3851"",""3871"",""3901"",""3921"",""3953"",""3981"",""3986"",""4001"",""4021"",""4201"",""4258"",""4289"",""4401"",""4566"",""4671"",""5002"",""5091"",""5113"",""5120"",""5192"",""5210"",""5236"",""5238"",""5250"",""5254"",""5407"",""5409"",""5411"",""5552"",""5586"",""5613"",""5642"",""5724"",""5841"",""5872"",""5886"",""5890"",""5892"",""5938"",""6002"",""6024"",""6034"",""6037"",""6077"",""6083"",""6111"",""6136"",""6151"",""6217"",""6248"",""6252"",""6253"",""6266"",""6290"",""6291"",""6297"",""6300"",""6417"",""6421"",""6458"",""6513"",""6621"",""6628"",""6630"",""6643"",""6711"",""6757"",""6800"",""6808"",""6831""]}},{""code"":""Indikator"",""selection"":{""filter"":""item"",""values"":[""1"",""2"",""3"",""4"",""5"",""6"",""7"",""8""]}}],""response"":{""format"":""csv""}}",PXWeb HTTP POST; annual chunk,200,downloaded,data_external/source_evidence/BFS_HOTEL_CAPACITY_DATA_2019_20260920T083907Z.csv,data_external/source_evidence/BFS_HOTEL_CAPACITY_DATA_2019_20260920T083907Z.csv,b407a42f0ff2acddb1e14141b0df862e3d35c6bca7d653a8222d34a70d8acadd,2232,2232,True,,Annual-total month excluded; calendar year 2019.
2026-09-20T08:39:08.272455+00:00,hotel_capacity_collection,BFS_HOTEL_CAPACITY_DATA,Swiss Federal Statistical Office,https://www.pxweb.bfs.admin.ch/api/v1/fr/px-x-1003020000_201/px-x-1003020000_201.px,https://www.pxweb.bfs.admin.ch/api/v1/fr/px-x-1003020000_201/px-x-1003020000_201.px,"{""query"":[{""code"":""Jahr"",""selection"":{""filter"":""item"",""values"":[""2020""]}},{""code"":""Monat"",""selection"":{""filter"":""item"",""values"":[""1"",""2"",""3"",""4"",""5"",""6"",""7"",""8"",""9"",""10"",""11"",""12""]}},{""code"":""Gemeinde"",""selection"":{""filter"":""item"",""values"":[""62"",""66"",""191"",""198"",""230"",""261"",""293"",""295"",""329"",""351"",""355"",""371"",""404"",""561"",""562"",""565"",""567"",""571"",""573"",""576"",""581"",""584"",""587"",""593"",""594"",""700"",""762"",""768"",""783"",""784"",""785"",""792"",""843"",""902"",""906"",""938"",""942"",""979"",""1024"",""1059"",""1061"",""1063"",""1068"",""1069"",""1103"",""1202"",""1209"",""1301"",""1321"",""1322"",""1331"",""1364"",""1366"",""1372"",""1402"",""1406"",""1407"",""1501"",""1504"",""1630"",""1631"",""1709"",""1711"",""2121"",""2125"",""2135"",""2196"",""2275"",""2299"",""2401"",""2546"",""2581"",""2601"",""2701"",""2829"",""2831"",""2939"",""3002"",""3022"",""3024"",""3032"",""3101"",""3102"",""3203"",""3216"",""3251"",""3271"",""3291"",""3292"",""3295"",""3298"",""3311"",""3340"",""3342"",""3359"",""3396"",""3408"",""3427"",""3506"",""3543"",""3561"",""3575"",""3603"",""3618"",""3619"",""3714"",""3732"",""3746"",""3752"",""3762"",""3782"",""3784"",""3786"",""3787"",""3792"",""3847"",""3851"",""3871"",""3901"",""3921"",""3953"",""3981"",""3986"",""4001"",""4021"",""4201"",""4258"",""4289"",""4401"",""4566"",""4671"",""5002"",""5091"",""5113"",""5120"",""5192"",""5210"",""5236"",""5238"",""5250"",""5254"",""5407"",""5409"",""5411"",""5552"",""5586"",""5613"",""5642"",""5724"",""5841"",""5872"",""5886"",""5890"",""5892"",""5938"",""6002"",""6024"",""6034"",""6037"",""6077"",""6083"",""6111"",""6136"",""6151"",""6217"",""6248"",""6252"",""6253"",""6266"",""6290"",""6291"",""6297"",""6300"",""6417"",""6421"",""6458"",""6513"",""6621"",""6628"",""6630"",""6643"",""6711"",""6757"",""6800"",""6808"",""6831""]}},{""code"":""Indikator"",""selection"":{""filter"":""item"",""values"":[""1"",""2"",""3"",""4"",""5"",""6"",""7"",""8""]}}],""response"":{""format"":""csv""}}",PXWeb HTTP POST; annual chunk,200,downloaded,data_external/source_evidence/BFS_HOTEL_CAPACITY_DATA_2020_20260920T083908Z.csv,data_external/source_evidence/BFS_HOTEL_CAPACITY_DATA_2020_20260920T083908Z.csv,31ad748bc84a062aafc41b2a85d9b0fc0c387c41057da8026868e43db4e90eb3,2232,2232,True,,Annual-total month excluded; calendar year 2020.
2026-09-20T08:39:09.236690+00:00,hotel_capacity_collection,BFS_HOTEL_CAPACITY_DATA,Swiss Federal Statistical Office,https://www.pxweb.bfs.admin.ch/api/v1/fr/px-x-1003020000_201/px-x-1003020000_201.px,https://www.pxweb.bfs.admin.ch/api/v1/fr/px-x-1003020000_201/px-x-1003020000_201.px,"{""query"":[{""code"":""Jahr"",""selection"":{""filter"":""item"",""values"":[""2021""]}},{""code"":""Monat"",""selection"":{""filter"":""item"",""values"":[""1"",""2"",""3"",""4"",""5"",""6"",""7"",""8"",""9"",""10"",""11"",""12""]}},{""code"":""Gemeinde"",""selection"":{""filter"":""item"",""values"":[""62"",""66"",""191"",""198"",""230"",""261"",""293"",""295"",""329"",""351"",""355"",""371"",""404"",""561"",""562"",""565"",""567"",""571"",""573"",""576"",""581"",""584"",""587"",""593"",""594"",""700"",""762"",""768"",""783"",""784"",""785"",""792"",""843"",""902"",""906"",""938"",""942"",""979"",""1024"",""1059"",""1061"",""1063"",""1068"",""1069"",""1103"",""1202"",""1209"",""1301"",""1321"",""1322"",""1331"",""1364"",""1366"",""1372"",""1402"",""1406"",""1407"",""1501"",""1504"",""1630"",""1631"",""1709"",""1711"",""2121"",""2125"",""2135"",""2196"",""2275"",""2299"",""2401"",""2546"",""2581"",""2601"",""2701"",""2829"",""2831"",""2939"",""3002"",""3022"",""3024"",""3032"",""3101"",""3102"",""3203"",""3216"",""3251"",""3271"",""3291"",""3292"",""3295"",""3298"",""3311"",""3340"",""3342"",""3359"",""3396"",""3408"",""3427"",""3506"",""3543"",""3561"",""3575"",""3603"",""3618"",""3619"",""3714"",""3732"",""3746"",""3752"",""3762"",""3782"",""3784"",""3786"",""3787"",""3792"",""3847"",""3851"",""3871"",""3901"",""3921"",""3953"",""3981"",""3986"",""4001"",""4021"",""4201"",""4258"",""4289"",""4401"",""4566"",""4671"",""5002"",""5091"",""5113"",""5120"",""5192"",""5210"",""5236"",""5238"",""5250"",""5254"",""5407"",""5409"",""5411"",""5552"",""5586"",""5613"",""5642"",""5724"",""5841"",""5872"",""5886"",""5890"",""5892"",""5938"",""6002"",""6024"",""6034"",""6037"",""6077"",""6083"",""6111"",""6136"",""6151"",""6217"",""6248"",""6252"",""6253"",""6266"",""6290"",""6291"",""6297"",""6300"",""6417"",""6421"",""6458"",""6513"",""6621"",""6628"",""6630"",""6643"",""6711"",""6757"",""6800"",""6808"",""6831""]}},{""code"":""Indikator"",""selection"":{""filter"":""item"",""values"":[""1"",""2"",""3"",""4"",""5"",""6"",""7"",""8""]}}],""response"":{""format"":""csv""}}",PXWeb HTTP POST; annual chunk,200,downloaded,data_external/source_evidence/BFS_HOTEL_CAPACITY_DATA_2021_20260920T083909Z.csv,data_external/source_evidence/BFS_HOTEL_CAPACITY_DATA_2021_20260920T083909Z.csv,70202fdf58c9034c963a47f43f52459167e8a24f758446dabb7904c57eacc72c,2232,2232,True,,Annual-total month excluded; calendar year 2021.
2026-09-20T08:39:10.022661+00:00,hotel_capacity_collection,BFS_HOTEL_CAPACITY_DATA,Swiss Federal Statistical Office,https://www.pxweb.bfs.admin.ch/api/v1/fr/px-x-1003020000_201/px-x-1003020000_201.px,https://www.pxweb.bfs.admin.ch/api/v1/fr/px-x-1003020000_201/px-x-1003020000_201.px,"{""query"":[{""code"":""Jahr"",""selection"":{""filter"":""item"",""values"":[""2022""]}},{""code"":""Monat"",""selection"":{""filter"":""item"",""values"":[""1"",""2"",""3"",""4"",""5"",""6"",""7"",""8"",""9"",""10"",""11"",""12""]}},{""code"":""Gemeinde"",""selection"":{""filter"":""item"",""values"":[""62"",""66"",""191"",""198"",""230"",""261"",""293"",""295"",""329"",""351"",""355"",""371"",""404"",""561"",""562"",""565"",""567"",""571"",""573"",""576"",""581"",""584"",""587"",""593"",""594"",""700"",""762"",""768"",""783"",""784"",""785"",""792"",""843"",""902"",""906"",""938"",""942"",""979"",""1024"",""1059"",""1061"",""1063"",""1068"",""1069"",""1103"",""1202"",""1209"",""1301"",""1321"",""1322"",""1331"",""1364"",""1366"",""1372"",""1402"",""1406"",""1407"",""1501"",""1504"",""1630"",""1631"",""1709"",""1711"",""2121"",""2125"",""2135"",""2196"",""2275"",""2299"",""2401"",""2546"",""2581"",""2601"",""2701"",""2829"",""2831"",""2939"",""3002"",""3022"",""3024"",""3032"",""3101"",""3102"",""3203"",""3216"",""3251"",""3271"",""3291"",""3292"",""3295"",""3298"",""3311"",""3340"",""3342"",""3359"",""3396"",""3408"",""3427"",""3506"",""3543"",""3561"",""3575"",""3603"",""3618"",""3619"",""3714"",""3732"",""3746"",""3752"",""3762"",""3782"",""3784"",""3786"",""3787"",""3792"",""3847"",""3851"",""3871"",""3901"",""3921"",""3953"",""3981"",""3986"",""4001"",""4021"",""4201"",""4258"",""4289"",""4401"",""4566"",""4671"",""5002"",""5091"",""5113"",""5120"",""5192"",""5210"",""5236"",""5238"",""5250"",""5254"",""5407"",""5409"",""5411"",""5552"",""5586"",""5613"",""5642"",""5724"",""5841"",""5872"",""5886"",""5890"",""5892"",""5938"",""6002"",""6024"",""6034"",""6037"",""6077"",""6083"",""6111"",""6136"",""6151"",""6217"",""6248"",""6252"",""6253"",""6266"",""6290"",""6291"",""6297"",""6300"",""6417"",""6421"",""6458"",""6513"",""6621"",""6628"",""6630"",""6643"",""6711"",""6757"",""6800"",""6808"",""6831""]}},{""code"":""Indikator"",""selection"":{""filter"":""item"",""values"":[""1"",""2"",""3"",""4"",""5"",""6"",""7"",""8""]}}],""response"":{""format"":""csv""}}",PXWeb HTTP POST; annual chunk,200,downloaded,data_external/source_evidence/BFS_HOTEL_CAPACITY_DATA_2022_20260920T083910Z.csv,data_external/source_evidence/BFS_HOTEL_CAPACITY_DATA_2022_20260920T083910Z.csv,87ff3dee173854c73408bb9a0830d4c27123576cdf88533c4dbed90da9de4ca5,2232,2232,True,,Annual-total month excluded; calendar year 2022.
2026-09-20T08:39:10.484569+00:00,hotel_capacity_collection,BFS_HOTEL_CAPACITY_DATA,Swiss Federal Statistical Office,https://www.pxweb.bfs.admin.ch/api/v1/fr/px-x-1003020000_201/px-x-1003020000_201.px,https://www.pxweb.bfs.admin.ch/api/v1/fr/px-x-1003020000_201/px-x-1003020000_201.px,"{""query"":[{""code"":""Jahr"",""selection"":{""filter"":""item"",""values"":[""2023""]}},{""code"":""Monat"",""selection"":{""filter"":""item"",""values"":[""1"",""2"",""3"",""4"",""5"",""6"",""7"",""8"",""9"",""10"",""11"",""12""]}},{""code"":""Gemeinde"",""selection"":{""filter"":""item"",""values"":[""62"",""66"",""191"",""198"",""230"",""261"",""293"",""295"",""329"",""351"",""355"",""371"",""404"",""561"",""562"",""565"",""567"",""571"",""573"",""576"",""581"",""584"",""587"",""593"",""594"",""700"",""762"",""768"",""783"",""784"",""785"",""792"",""843"",""902"",""906"",""938"",""942"",""979"",""1024"",""1059"",""1061"",""1063"",""1068"",""1069"",""1103"",""1202"",""1209"",""1301"",""1321"",""1322"",""1331"",""1364"",""1366"",""1372"",""1402"",""1406"",""1407"",""1501"",""1504"",""1630"",""1631"",""1709"",""1711"",""2121"",""2125"",""2135"",""2196"",""2275"",""2299"",""2401"",""2546"",""2581"",""2601"",""2701"",""2829"",""2831"",""2939"",""3002"",""3022"",""3024"",""3032"",""3101"",""3102"",""3203"",""3216"",""3251"",""3271"",""3291"",""3292"",""3295"",""3298"",""3311"",""3340"",""3342"",""3359"",""3396"",""3408"",""3427"",""3506"",""3543"",""3561"",""3575"",""3603"",""3618"",""3619"",""3714"",""3732"",""3746"",""3752"",""3762"",""3782"",""3784"",""3786"",""3787"",""3792"",""3847"",""3851"",""3871"",""3901"",""3921"",""3953"",""3981"",""3986"",""4001"",""4021"",""4201"",""4258"",""4289"",""4401"",""4566"",""4671"",""5002"",""5091"",""5113"",""5120"",""5192"",""5210"",""5236"",""5238"",""5250"",""5254"",""5407"",""5409"",""5411"",""5552"",""5586"",""5613"",""5642"",""5724"",""5841"",""5872"",""5886"",""5890"",""5892"",""5938"",""6002"",""6024"",""6034"",""6037"",""6077"",""6083"",""6111"",""6136"",""6151"",""6217"",""6248"",""6252"",""6253"",""6266"",""6290"",""6291"",""6297"",""6300"",""6417"",""6421"",""6458"",""6513"",""6621"",""6628"",""6630"",""6643"",""6711"",""6757"",""6800"",""6808"",""6831""]}},{""code"":""Indikator"",""selection"":{""filter"":""item"",""values"":[""1"",""2"",""3"",""4"",""5"",""6"",""7"",""8""]}}],""response"":{""format"":""csv""}}",PXWeb HTTP POST; annual chunk,200,downloaded,data_external/source_evidence/BFS_HOTEL_CAPACITY_DATA_2023_20260920T083910Z.csv,data_external/source_evidence/BFS_HOTEL_CAPACITY_DATA_2023_20260920T083910Z.csv,6ff42cc76616b438d291f4eb5a1a187c535482e05d2bff603f643d526641391c,2232,2232,True,,Annual-total month excluded; calendar year 2023.
2026-09-20T08:39:11.103984+00:00,hotel_capacity_collection,BFS_HOTEL_CAPACITY_DATA,Swiss Federal Statistical Office,https://www.pxweb.bfs.admin.ch/api/v1/fr/px-x-1003020000_201/px-x-1003020000_201.px,https://www.pxweb.bfs.admin.ch/api/v1/fr/px-x-1003020000_201/px-x-1003020000_201.px,"{""query"":[{""code"":""Jahr"",""selection"":{""filter"":""item"",""values"":[""2024""]}},{""code"":""Monat"",""selection"":{""filter"":""item"",""values"":[""1"",""2"",""3"",""4"",""5"",""6"",""7"",""8"",""9"",""10"",""11"",""12""]}},{""code"":""Gemeinde"",""selection"":{""filter"":""item"",""values"":[""62"",""66"",""191"",""198"",""230"",""261"",""293"",""295"",""329"",""351"",""355"",""371"",""404"",""561"",""562"",""565"",""567"",""571"",""573"",""576"",""581"",""584"",""587"",""593"",""594"",""700"",""762"",""768"",""783"",""784"",""785"",""792"",""843"",""902"",""906"",""938"",""942"",""979"",""1024"",""1059"",""1061"",""1063"",""1068"",""1069"",""1103"",""1202"",""1209"",""1301"",""1321"",""1322"",""1331"",""1364"",""1366"",""1372"",""1402"",""1406"",""1407"",""1501"",""1504"",""1630"",""1631"",""1709"",""1711"",""2121"",""2125"",""2135"",""2196"",""2275"",""2299"",""2401"",""2546"",""2581"",""2601"",""2701"",""2829"",""2831"",""2939"",""3002"",""3022"",""3024"",""3032"",""3101"",""3102"",""3203"",""3216"",""3251"",""3271"",""3291"",""3292"",""3295"",""3298"",""3311"",""3340"",""3342"",""3359"",""3396"",""3408"",""3427"",""3506"",""3543"",""3561"",""3575"",""3603"",""3618"",""3619"",""3714"",""3732"",""3746"",""3752"",""3762"",""3782"",""3784"",""3786"",""3787"",""3792"",""3847"",""3851"",""3871"",""3901"",""3921"",""3953"",""3981"",""3986"",""4001"",""4021"",""4201"",""4258"",""4289"",""4401"",""4566"",""4671"",""5002"",""5091"",""5113"",""5120"",""5192"",""5210"",""5236"",""5238"",""5250"",""5254"",""5407"",""5409"",""5411"",""5552"",""5586"",""5613"",""5642"",""5724"",""5841"",""5872"",""5886"",""5890"",""5892"",""5938"",""6002"",""6024"",""6034"",""6037"",""6077"",""6083"",""6111"",""6136"",""6151"",""6217"",""6248"",""6252"",""6253"",""6266"",""6290"",""6291"",""6297"",""6300"",""6417"",""6421"",""6458"",""6513"",""6621"",""6628"",""6630"",""6643"",""6711"",""6757"",""6800"",""6808"",""6831""]}},{""code"":""Indikator"",""selection"":{""filter"":""item"",""values"":[""1"",""2"",""3"",""4"",""5"",""6"",""7"",""8""]}}],""response"":{""format"":""csv""}}",PXWeb HTTP POST; annual chunk,200,downloaded,data_external/source_evidence/BFS_HOTEL_CAPACITY_DATA_2024_20260920T083911Z.csv,data_external/source_evidence/BFS_HOTEL_CAPACITY_DATA_2024_20260920T083911Z.csv,27c08a017dc3f03d769a7ac672b2bfca60acf401f7ba25fdbc04047039dd4807,2232,2232,True,,Annual-total month excluded; calendar year 2024.
2026-09-20T08:39:12.076147+00:00,hotel_capacity_collection,BFS_HOTEL_CAPACITY_DATA,Swiss Federal Statistical Office,https://www.pxweb.bfs.admin.ch/api/v1/fr/px-x-1003020000_201/px-x-1003020000_201.px,https://www.pxweb.bfs.admin.ch/api/v1/fr/px-x-1003020000_201/px-x-1003020000_201.px,"{""query"":[{""code"":""Jahr"",""selection"":{""filter"":""item"",""values"":[""2025""]}},{""code"":""Monat"",""selection"":{""filter"":""item"",""values"":[""1"",""2"",""3"",""4"",""5"",""6"",""7"",""8"",""9"",""10"",""11"",""12""]}},{""code"":""Gemeinde"",""selection"":{""filter"":""item"",""values"":[""62"",""66"",""191"",""198"",""230"",""261"",""293"",""295"",""329"",""351"",""355"",""371"",""404"",""561"",""562"",""565"",""567"",""571"",""573"",""576"",""581"",""584"",""587"",""593"",""594"",""700"",""762"",""768"",""783"",""784"",""785"",""792"",""843"",""902"",""906"",""938"",""942"",""979"",""1024"",""1059"",""1061"",""1063"",""1068"",""1069"",""1103"",""1202"",""1209"",""1301"",""1321"",""1322"",""1331"",""1364"",""1366"",""1372"",""1402"",""1406"",""1407"",""1501"",""1504"",""1630"",""1631"",""1709"",""1711"",""2121"",""2125"",""2135"",""2196"",""2275"",""2299"",""2401"",""2546"",""2581"",""2601"",""2701"",""2829"",""2831"",""2939"",""3002"",""3022"",""3024"",""3032"",""3101"",""3102"",""3203"",""3216"",""3251"",""3271"",""3291"",""3292"",""3295"",""3298"",""3311"",""3340"",""3342"",""3359"",""3396"",""3408"",""3427"",""3506"",""3543"",""3561"",""3575"",""3603"",""3618"",""3619"",""3714"",""3732"",""3746"",""3752"",""3762"",""3782"",""3784"",""3786"",""3787"",""3792"",""3847"",""3851"",""3871"",""3901"",""3921"",""3953"",""3981"",""3986"",""4001"",""4021"",""4201"",""4258"",""4289"",""4401"",""4566"",""4671"",""5002"",""5091"",""5113"",""5120"",""5192"",""5210"",""5236"",""5238"",""5250"",""5254"",""5407"",""5409"",""5411"",""5552"",""5586"",""5613"",""5642"",""5724"",""5841"",""5872"",""5886"",""5890"",""5892"",""5938"",""6002"",""6024"",""6034"",""6037"",""6077"",""6083"",""6111"",""6136"",""6151"",""6217"",""6248"",""6252"",""6253"",""6266"",""6290"",""6291"",""6297"",""6300"",""6417"",""6421"",""6458"",""6513"",""6621"",""6628"",""6630"",""6643"",""6711"",""6757"",""6800"",""6808"",""6831""]}},{""code"":""Indikator"",""selection"":{""filter"":""item"",""values"":[""1"",""2"",""3"",""4"",""5"",""6"",""7"",""8""]}}],""response"":{""format"":""csv""}}",PXWeb HTTP POST; annual chunk,200,downloaded,data_external/source_evidence/BFS_HOTEL_CAPACITY_DATA_2025_20260920T083912Z.csv,data_external/source_evidence/BFS_HOTEL_CAPACITY_DATA_2025_20260920T083912Z.csv,8999a850fc754d4b02cae46395ddb653641ab49ca0ba721bb4c7d98c5d1201eb,2232,2232,True,,Annual-total month excluded; calendar year 2025.
2026-09-20T08:39:12.872426+00:00,hotel_capacity_collection,BFS_HOTEL_CAPACITY_DATA,Swiss Federal Statistical Office,https://www.pxweb.bfs.admin.ch/api/v1/fr/px-x-1003020000_201/px-x-1003020000_201.px,https://www.pxweb.bfs.admin.ch/api/v1/fr/px-x-1003020000_201/px-x-1003020000_201.px,"{""query"":[{""code"":""Jahr"",""selection"":{""filter"":""item"",""values"":[""2026""]}},{""code"":""Monat"",""selection"":{""filter"":""item"",""values"":[""1"",""2"",""3"",""4"",""5"",""6"",""7"",""8"",""9"",""10"",""11"",""12""]}},{""code"":""Gemeinde"",""selection"":{""filter"":""item"",""values"":[""62"",""66"",""191"",""198"",""230"",""261"",""293"",""295"",""329"",""351"",""355"",""371"",""404"",""561"",""562"",""565"",""567"",""571"",""573"",""576"",""581"",""584"",""587"",""593"",""594"",""700"",""762"",""768"",""783"",""784"",""785"",""792"",""843"",""902"",""906"",""938"",""942"",""979"",""1024"",""1059"",""1061"",""1063"",""1068"",""1069"",""1103"",""1202"",""1209"",""1301"",""1321"",""1322"",""1331"",""1364"",""1366"",""1372"",""1402"",""1406"",""1407"",""1501"",""1504"",""1630"",""1631"",""1709"",""1711"",""2121"",""2125"",""2135"",""2196"",""2275"",""2299"",""2401"",""2546"",""2581"",""2601"",""2701"",""2829"",""2831"",""2939"",""3002"",""3022"",""3024"",""3032"",""3101"",""3102"",""3203"",""3216"",""3251"",""3271"",""3291"",""3292"",""3295"",""3298"",""3311"",""3340"",""3342"",""3359"",""3396"",""3408"",""3427"",""3506"",""3543"",""3561"",""3575"",""3603"",""3618"",""3619"",""3714"",""3732"",""3746"",""3752"",""3762"",""3782"",""3784"",""3786"",""3787"",""3792"",""3847"",""3851"",""3871"",""3901"",""3921"",""3953"",""3981"",""3986"",""4001"",""4021"",""4201"",""4258"",""4289"",""4401"",""4566"",""4671"",""5002"",""5091"",""5113"",""5120"",""5192"",""5210"",""5236"",""5238"",""5250"",""5254"",""5407"",""5409"",""5411"",""5552"",""5586"",""5613"",""5642"",""5724"",""5841"",""5872"",""5886"",""5890"",""5892"",""5938"",""6002"",""6024"",""6034"",""6037"",""6077"",""6083"",""6111"",""6136"",""6151"",""6217"",""6248"",""6252"",""6253"",""6266"",""6290"",""6291"",""6297"",""6300"",""6417"",""6421"",""6458"",""6513"",""6621"",""6628"",""6630"",""6643"",""6711"",""6757"",""6800"",""6808"",""6831""]}},{""code"":""Indikator"",""selection"":{""filter"":""item"",""values"":[""1"",""2"",""3"",""4"",""5"",""6"",""7"",""8""]}}],""response"":{""format"":""csv""}}",PXWeb HTTP POST; annual chunk,200,downloaded,data_external/source_evidence/BFS_HOTEL_CAPACITY_DATA_2026_20260920T083912Z.csv,data_external/source_evidence/BFS_HOTEL_CAPACITY_DATA_2026_20260920T083912Z.csv,8099372cce9ff3ebc476fae368b8cedc2858789754db3794daa841fb72905e68,2232,2232,True,,Annual-total month excluded; calendar year 2026.
2026-09-20T08:55:53.205098+00:00,initial_source_verification,SLF_DATA_SERVICE,WSL Institute for Snow and Avalanche Research SLF,https://www.slf.ch/en/services-and-products/slf-data-service/,https://www.slf.ch/en/services-and-products/slf-data-service/,GET,urllib GET,200,downloaded,data_external/source_evidence/SLF_DATA_SERVICE_20260920T085553Z.html,data_external/source_evidence/SLF_DATA_SERVICE_20260920T085553Z.html,b6255f56458e12c1f62087340775ed0986babc75dbc82490724f51cfb7d35f08,,,True,,
2026-09-20T08:55:54.645354+00:00,initial_source_verification,SLF_IMIS_README,WSL Institute for Snow and Avalanche Research SLF,https://measurement-data.slf.ch/README.md,https://measurement-data.slf.ch/README.md,GET,urllib GET,200,downloaded,data_external/source_evidence/SLF_IMIS_README_20260920T085554Z.md,data_external/source_evidence/SLF_IMIS_README_20260920T085554Z.md,ea4b9b766fe65fac98b4ff818315b522cd27e56e9ad65781d2bbceffee19d6f1,,,True,,
2026-09-20T08:55:55.917544+00:00,initial_source_verification,SLF_IMIS_STATIONS,WSL Institute for Snow and Avalanche Research SLF,https://measurement-data.slf.ch/imis/stations.csv,https://measurement-data.slf.ch/imis/stations.csv,GET,urllib GET,200,downloaded,data_external/source_evidence/SLF_IMIS_STATIONS_20260920T085555Z.csv,data_external/source_evidence/SLF_IMIS_STATIONS_20260920T085555Z.csv,3f759f561db3878ec3bf6bfe42cfaa26595e8a048f952e16f1622ad4f52e08ef,,,True,,
2026-09-20T08:55:57.098632+00:00,initial_source_verification,SLF_IMIS_DAILY_INDEX,WSL Institute for Snow and Avalanche Research SLF,https://measurement-data.slf.ch/imis/data/daily_snow_values/daily_snow_by_station/,https://measurement-data.slf.ch/imis/data/daily_snow_values/daily_snow_by_station/,GET,urllib GET,200,downloaded,data_external/source_evidence/SLF_IMIS_DAILY_INDEX_20260920T085557Z.html,data_external/source_evidence/SLF_IMIS_DAILY_INDEX_20260920T085557Z.html,3ab1c2df3b11c3b788372e6a60f9968b89d002a09a50f961feed1342b08b826e,,,True,,
2026-09-20T08:57:32.484947+00:00,initial_source_verification,SLF_IMIS_DAILY_SNOW,WSL Institute for Snow and Avalanche Research SLF,https://measurement-data.slf.ch/imis/data/daily_snow_values/daily_snow.csv,https://measurement-data.slf.ch/imis/data/daily_snow_values/daily_snow.csv,GET,urllib GET,200,downloaded,data_external/source_evidence/SLF_IMIS_DAILY_SNOW_20260920T085732Z.csv,data_external/source_evidence/SLF_IMIS_DAILY_SNOW_20260920T085732Z.csv,86c069a93f683f884a6042b1b314edd8c42b764478331b93304fd945e70bbef0,,,True,,
2026-09-20T09:14:28.151525+00:00,initial_source_verification,METEOSWISS_SMN_DOCUMENTATION,Federal Office of Meteorology and Climatology MeteoSwiss,https://opendatadocs.meteoswiss.ch/a-data-groundbased/a1-automatic-weather-stations,https://opendatadocs.meteoswiss.ch/a-data-groundbased/a1-automatic-weather-stations,GET,urllib GET,200,downloaded,data_external/source_evidence/METEOSWISS_SMN_DOCUMENTATION_20260920T091428Z.html,data_external/source_evidence/METEOSWISS_SMN_DOCUMENTATION_20260920T091428Z.html,85831472b90b61996dd543dab2bf2c794c7595ae428e8a7a8056eed7ead0d348,,,True,,
2026-09-20T09:14:30.310962+00:00,initial_source_verification,METEOSWISS_SMN_COLLECTION,Federal Office of Meteorology and Climatology MeteoSwiss,https://data.geo.admin.ch/api/stac/v1/collections/ch.meteoschweiz.ogd-smn,https://data.geo.admin.ch/api/stac/v1/collections/ch.meteoschweiz.ogd-smn,GET,urllib GET,200,downloaded,data_external/source_evidence/METEOSWISS_SMN_COLLECTION_20260920T091430Z.json,data_external/source_evidence/METEOSWISS_SMN_COLLECTION_20260920T091430Z.json,042d2ab620c65b3fdb8be016cb884aa0c2629d20decab3658fcea0cef52e7a61,,,True,,
2026-09-20T09:14:31.705550+00:00,initial_source_verification,METEOSWISS_SMN_PARAMETERS,Federal Office of Meteorology and Climatology MeteoSwiss,https://data.geo.admin.ch/ch.meteoschweiz.ogd-smn/ogd-smn_meta_parameters.csv,https://data.geo.admin.ch/ch.meteoschweiz.ogd-smn/ogd-smn_meta_parameters.csv,GET,urllib GET,200,downloaded,data_external/source_evidence/METEOSWISS_SMN_PARAMETERS_20260920T091431Z.csv,data_external/source_evidence/METEOSWISS_SMN_PARAMETERS_20260920T091431Z.csv,9fa4358356a1f856d5ba2ab8117e750ea5c742ec4c18594f16bf31e8a87fc2c0,,,True,,
2026-09-20T09:14:32.959152+00:00,initial_source_verification,METEOSWISS_SMN_STATIONS,Federal Office of Meteorology and Climatology MeteoSwiss,https://data.geo.admin.ch/ch.meteoschweiz.ogd-smn/ogd-smn_meta_stations.csv,https://data.geo.admin.ch/ch.meteoschweiz.ogd-smn/ogd-smn_meta_stations.csv,GET,urllib GET,200,downloaded,data_external/source_evidence/METEOSWISS_SMN_STATIONS_20260920T091432Z.csv,data_external/source_evidence/METEOSWISS_SMN_STATIONS_20260920T091432Z.csv,8087e755a9ec71b50313bd9be61d1159c53afb03fa34b9750fae49dcc111854b,,,True,,
2026-09-20T09:14:34.206029+00:00,initial_source_verification,METEOSWISS_SMN_INVENTORY,Federal Office of Meteorology and Climatology MeteoSwiss,https://data.geo.admin.ch/ch.meteoschweiz.ogd-smn/ogd-smn_meta_datainventory.csv,https://data.geo.admin.ch/ch.meteoschweiz.ogd-smn/ogd-smn_meta_datainventory.csv,GET,urllib GET,200,downloaded,data_external/source_evidence/METEOSWISS_SMN_INVENTORY_20260920T091434Z.csv,data_external/source_evidence/METEOSWISS_SMN_INVENTORY_20260920T091434Z.csv,83ab8befbeef5816c5cd622298c2f1509cb2fc20fd8821f10199f10f7fe05400,,,True,,
2026-09-20T09:15:57.136217+00:00,initial_source_verification,METEOSWISS_SMN_ITEMS,Federal Office of Meteorology and Climatology MeteoSwiss,https://data.geo.admin.ch/api/stac/v1/collections/ch.meteoschweiz.ogd-smn/items?limit=200,https://data.geo.admin.ch/api/stac/v1/collections/ch.meteoschweiz.ogd-smn/items?limit=200,GET,urllib GET,200,downloaded,data_external/source_evidence/METEOSWISS_SMN_ITEMS_20260920T091557Z.json,data_external/source_evidence/METEOSWISS_SMN_ITEMS_20260920T091557Z.json,915bf8bbef7c28319d3830ffd0cc254752caa7afeca847b80cd07e536a863a74,,,True,,
2026-09-20T09:17:27.802626+00:00,initial_source_verification,METEOSWISS_SMN_DAILY_ABO_HISTORICAL,Federal Office of Meteorology and Climatology MeteoSwiss,https://data.geo.admin.ch/ch.meteoschweiz.ogd-smn/abo/ogd-smn_abo_d_historical.csv,https://data.geo.admin.ch/ch.meteoschweiz.ogd-smn/abo/ogd-smn_abo_d_historical.csv,GET,urllib GET,200,downloaded,data_external/source_evidence/METEOSWISS_SMN_DAILY_ABO_HISTORICAL_20260920T091727Z.csv,data_external/source_evidence/METEOSWISS_SMN_DAILY_ABO_HISTORICAL_20260920T091727Z.csv,d52abfa2576e904bf993b974fca929a3ead3a72f3bdabf97eff4ea7b30c6bacf,,,True,,
2026-09-20T09:19:14.023277+00:00,initial_source_verification,METEOSWISS_SMN_DAILY_ABO_RECENT,Federal Office of Meteorology and Climatology MeteoSwiss,https://data.geo.admin.ch/ch.meteoschweiz.ogd-smn/abo/ogd-smn_abo_d_recent.csv,https://data.geo.admin.ch/ch.meteoschweiz.ogd-smn/abo/ogd-smn_abo_d_recent.csv,GET,urllib GET,200,downloaded,data_external/source_evidence/METEOSWISS_SMN_DAILY_ABO_RECENT_20260920T091914Z.csv,data_external/source_evidence/METEOSWISS_SMN_DAILY_ABO_RECENT_20260920T091914Z.csv,bd60dfbeec25c292dc5e72c35a816adfcb10996c3f75a31be1134f9e908b469f,,,True,,
2026-09-20T09:19:15.468878+00:00,initial_source_verification,METEOSWISS_SMN_DAILY_EVO_HISTORICAL,Federal Office of Meteorology and Climatology MeteoSwiss,https://data.geo.admin.ch/ch.meteoschweiz.ogd-smn/evo/ogd-smn_evo_d_historical.csv,https://data.geo.admin.ch/ch.meteoschweiz.ogd-smn/evo/ogd-smn_evo_d_historical.csv,GET,urllib GET,200,downloaded,data_external/source_evidence/METEOSWISS_SMN_DAILY_EVO_HISTORICAL_20260920T091915Z.csv,data_external/source_evidence/METEOSWISS_SMN_DAILY_EVO_HISTORICAL_20260920T091915Z.csv,c8f6425f7ac2550474f28d3f1e80b107490843b2c6df214b0db1a9bd6e67c222,,,True,,
2026-09-20T09:19:16.925387+00:00,initial_source_verification,METEOSWISS_SMN_DAILY_EVO_RECENT,Federal Office of Meteorology and Climatology MeteoSwiss,https://data.geo.admin.ch/ch.meteoschweiz.ogd-smn/evo/ogd-smn_evo_d_recent.csv,https://data.geo.admin.ch/ch.meteoschweiz.ogd-smn/evo/ogd-smn_evo_d_recent.csv,GET,urllib GET,200,downloaded,data_external/source_evidence/METEOSWISS_SMN_DAILY_EVO_RECENT_20260920T091916Z.csv,data_external/source_evidence/METEOSWISS_SMN_DAILY_EVO_RECENT_20260920T091916Z.csv,567b9394d37c5c5c13cb6e7998bebacecd19ced1b05195d1e7a9a344adab2f47,,,True,,
2026-09-20T09:19:18.146581+00:00,initial_source_verification,METEOSWISS_SMN_DAILY_GRC_HISTORICAL,Federal Office of Meteorology and Climatology MeteoSwiss,https://data.geo.admin.ch/ch.meteoschweiz.ogd-smn/grc/ogd-smn_grc_d_historical.csv,https://data.geo.admin.ch/ch.meteoschweiz.ogd-smn/grc/ogd-smn_grc_d_historical.csv,GET,urllib GET,200,downloaded,data_external/source_evidence/METEOSWISS_SMN_DAILY_GRC_HISTORICAL_20260920T091918Z.csv,data_external/source_evidence/METEOSWISS_SMN_DAILY_GRC_HISTORICAL_20260920T091918Z.csv,ba0ffcd8534b3be74d386a8ad986b57570fd5aa2189ca83bc3086aa0518877c9,,,True,,
2026-09-20T09:19:19.887419+00:00,initial_source_verification,METEOSWISS_SMN_DAILY_GRC_RECENT,Federal Office of Meteorology and Climatology MeteoSwiss,https://data.geo.admin.ch/ch.meteoschweiz.ogd-smn/grc/ogd-smn_grc_d_recent.csv,https://data.geo.admin.ch/ch.meteoschweiz.ogd-smn/grc/ogd-smn_grc_d_recent.csv,GET,urllib GET,200,downloaded,data_external/source_evidence/METEOSWISS_SMN_DAILY_GRC_RECENT_20260920T091919Z.csv,data_external/source_evidence/METEOSWISS_SMN_DAILY_GRC_RECENT_20260920T091919Z.csv,bfc7b7d67628dd15448bf1dae1baa027eb0b226d6bdeb06d7e4a2ef9f1cc0cc3,,,True,,
2026-09-20T09:19:21.089598+00:00,initial_source_verification,METEOSWISS_SMN_DAILY_INT_HISTORICAL,Federal Office of Meteorology and Climatology MeteoSwiss,https://data.geo.admin.ch/ch.meteoschweiz.ogd-smn/int/ogd-smn_int_d_historical.csv,https://data.geo.admin.ch/ch.meteoschweiz.ogd-smn/int/ogd-smn_int_d_historical.csv,GET,urllib GET,200,downloaded,data_external/source_evidence/METEOSWISS_SMN_DAILY_INT_HISTORICAL_20260920T091921Z.csv,data_external/source_evidence/METEOSWISS_SMN_DAILY_INT_HISTORICAL_20260920T091921Z.csv,e169ef7b2014339a43358d1a316ba0f300ce8579c940954bbb0ccd28d8c65bdc,,,True,,
2026-09-20T09:19:22.696453+00:00,initial_source_verification,METEOSWISS_SMN_DAILY_INT_RECENT,Federal Office of Meteorology and Climatology MeteoSwiss,https://data.geo.admin.ch/ch.meteoschweiz.ogd-smn/int/ogd-smn_int_d_recent.csv,https://data.geo.admin.ch/ch.meteoschweiz.ogd-smn/int/ogd-smn_int_d_recent.csv,GET,urllib GET,200,downloaded,data_external/source_evidence/METEOSWISS_SMN_DAILY_INT_RECENT_20260920T091922Z.csv,data_external/source_evidence/METEOSWISS_SMN_DAILY_INT_RECENT_20260920T091922Z.csv,eb5bbbbf72856de44e0e4e901d281c4cfa29054a3c5eee60b104acaade7d463e,,,True,,
2026-09-20T09:19:23.971243+00:00,initial_source_verification,METEOSWISS_SMN_DAILY_MER_HISTORICAL,Federal Office of Meteorology and Climatology MeteoSwiss,https://data.geo.admin.ch/ch.meteoschweiz.ogd-smn/mer/ogd-smn_mer_d_historical.csv,https://data.geo.admin.ch/ch.meteoschweiz.ogd-smn/mer/ogd-smn_mer_d_historical.csv,GET,urllib GET,200,downloaded,data_external/source_evidence/METEOSWISS_SMN_DAILY_MER_HISTORICAL_20260920T091923Z.csv,data_external/source_evidence/METEOSWISS_SMN_DAILY_MER_HISTORICAL_20260920T091923Z.csv,7616eb846806fa65754b7433fdc83d53444787894e9cc1434dcc1e122afac565,,,True,,
2026-09-20T09:19:25.607128+00:00,initial_source_verification,METEOSWISS_SMN_DAILY_MER_RECENT,Federal Office of Meteorology and Climatology MeteoSwiss,https://data.geo.admin.ch/ch.meteoschweiz.ogd-smn/mer/ogd-smn_mer_d_recent.csv,https://data.geo.admin.ch/ch.meteoschweiz.ogd-smn/mer/ogd-smn_mer_d_recent.csv,GET,urllib GET,200,downloaded,data_external/source_evidence/METEOSWISS_SMN_DAILY_MER_RECENT_20260920T091925Z.csv,data_external/source_evidence/METEOSWISS_SMN_DAILY_MER_RECENT_20260920T091925Z.csv,0ff859ff583bd1d1076b828b87add388fe86c4f8dd80eda0af32b3bd09224bae,,,True,,
2026-09-20T09:19:26.770781+00:00,initial_source_verification,METEOSWISS_SMN_DAILY_MLS_HISTORICAL,Federal Office of Meteorology and Climatology MeteoSwiss,https://data.geo.admin.ch/ch.meteoschweiz.ogd-smn/mls/ogd-smn_mls_d_historical.csv,https://data.geo.admin.ch/ch.meteoschweiz.ogd-smn/mls/ogd-smn_mls_d_historical.csv,GET,urllib GET,200,downloaded,data_external/source_evidence/METEOSWISS_SMN_DAILY_MLS_HISTORICAL_20260920T091926Z.csv,data_external/source_evidence/METEOSWISS_SMN_DAILY_MLS_HISTORICAL_20260920T091926Z.csv,93ba7456bd19cec07f95cccf718c0367753742b14cb1d705af2291d2ce35b8c5,,,True,,
2026-09-20T09:19:28.205398+00:00,initial_source_verification,METEOSWISS_SMN_DAILY_MLS_RECENT,Federal Office of Meteorology and Climatology MeteoSwiss,https://data.geo.admin.ch/ch.meteoschweiz.ogd-smn/mls/ogd-smn_mls_d_recent.csv,https://data.geo.admin.ch/ch.meteoschweiz.ogd-smn/mls/ogd-smn_mls_d_recent.csv,GET,urllib GET,200,downloaded,data_external/source_evidence/METEOSWISS_SMN_DAILY_MLS_RECENT_20260920T091928Z.csv,data_external/source_evidence/METEOSWISS_SMN_DAILY_MLS_RECENT_20260920T091928Z.csv,8c5468d7625a073a7a49ff23e472318f9be31b2dd656d6dc56739fc576da67a3,,,True,,
2026-09-20T09:19:29.406898+00:00,initial_source_verification,METEOSWISS_SMN_DAILY_MVE_HISTORICAL,Federal Office of Meteorology and Climatology MeteoSwiss,https://data.geo.admin.ch/ch.meteoschweiz.ogd-smn/mve/ogd-smn_mve_d_historical.csv,https://data.geo.admin.ch/ch.meteoschweiz.ogd-smn/mve/ogd-smn_mve_d_historical.csv,GET,urllib GET,200,downloaded,data_external/source_evidence/METEOSWISS_SMN_DAILY_MVE_HISTORICAL_20260920T091929Z.csv,data_external/source_evidence/METEOSWISS_SMN_DAILY_MVE_HISTORICAL_20260920T091929Z.csv,bb40fa2a031be97d7d67c9da25a22affabe63eaed6e7f718e83f3a2afe686097,,,True,,
2026-09-20T09:19:30.969388+00:00,initial_source_verification,METEOSWISS_SMN_DAILY_MVE_RECENT,Federal Office of Meteorology and Climatology MeteoSwiss,https://data.geo.admin.ch/ch.meteoschweiz.ogd-smn/mve/ogd-smn_mve_d_recent.csv,https://data.geo.admin.ch/ch.meteoschweiz.ogd-smn/mve/ogd-smn_mve_d_recent.csv,GET,urllib GET,200,downloaded,data_external/source_evidence/METEOSWISS_SMN_DAILY_MVE_RECENT_20260920T091930Z.csv,data_external/source_evidence/METEOSWISS_SMN_DAILY_MVE_RECENT_20260920T091930Z.csv,207d1a27f44c618131f2c556f5a3dad5d816e834fb2a13a2ef3084410ceaf8f4,,,True,,
2026-09-20T17:32:53.161428+00:00,initial_source_verification,MAGIC_2019_APRIL,Magic Mountains Cooperation,https://www.magicpass.ch/media/document/0/mp-cp-24avril-2019-fr-25.pdf,https://www.magicpass.ch/media/document/0/mp-cp-24avril-2019-fr-25.pdf,GET,urllib GET,200,downloaded,data_external/source_evidence/MAGIC_2019_APRIL_20260920T173253Z.pdf,data_external/source_evidence/MAGIC_2019_APRIL_20260920T173253Z.pdf,ac8a0e6c7b31e8bb0d7af629f37e7c8f695307ed4e4b68a4d62fe9d7c4142fcf,,,True,,
2026-09-20T17:33:03.755072+00:00,initial_source_verification,MAGIC_2024_MAP,Magic Mountains Cooperation; map distributed by Raiffeisen,https://www.raiffeisen.ch/content/dam/www/rch/pdf/produkte/mitglieder/de/magic-pass-de.pdf,https://www.raiffeisen.ch/content/dam/www/rch/pdf/produkte/mitglieder/de/magic-pass-de.pdf,GET,urllib GET,200,downloaded,data_external/source_evidence/MAGIC_2024_MAP_20260920T173303Z.pdf,data_external/source_evidence/MAGIC_2024_MAP_20260920T173303Z.pdf,39d25ad829a80ff43eadb7d2b7847b883b5ed1b7f605bfe0f42ae097fadd8d13,,,True,,
2026-09-20T17:33:05.072337+00:00,initial_source_verification,MAGIC_PLEIADES_2020_TARIFF,Cooperative des Pleiades,https://lespleiades.ch/documents/CP21_tarifs_MP_20-21.pdf,https://lespleiades.ch/documents/CP21_tarifs_MP_20-21.pdf,GET,urllib GET,200,downloaded,data_external/source_evidence/MAGIC_PLEIADES_2020_TARIFF_20260920T173305Z.pdf,data_external/source_evidence/MAGIC_PLEIADES_2020_TARIFF_20260920T173305Z.pdf,b12eff07c5ec6f2d5abb304af0f67ad79d2b405f02c48e71dd1d6147f596276c,,,True,,
2026-09-20T17:34:33.826817+00:00,initial_source_verification,MAGIC_PLEIADES_2021_TARIFF,Cooperative des Pleiades,https://lespleiades.ch/documents/CP22_tarifs_MP_21-22.pdf,https://lespleiades.ch/documents/CP22_tarifs_MP_21-22.pdf,GET,urllib GET,200,downloaded,data_external/source_evidence/MAGIC_PLEIADES_2021_TARIFF_20260920T173433Z.pdf,data_external/source_evidence/MAGIC_PLEIADES_2021_TARIFF_20260920T173433Z.pdf,cb050ba00d59b2d36bd2040bfdd50de8cfe4fe9babf17c87e4b35824e3b6affa,,,True,,
2026-09-20T17:34:44.091464+00:00,initial_source_verification,MAGIC_FRIBOURG_2021_WINTER,Fribourg Region,https://fribourg.ch/wp-content/uploads/2021/12/20211201_Fribourg-Region_hiver-2021-22_CP.pdf,https://fribourg.ch/wp-content/uploads/2021/12/20211201_Fribourg-Region_hiver-2021-22_CP.pdf,GET,urllib GET,200,downloaded,data_external/source_evidence/MAGIC_FRIBOURG_2021_WINTER_20260920T173444Z.pdf,data_external/source_evidence/MAGIC_FRIBOURG_2021_WINTER_20260920T173444Z.pdf,3dd84e82b16a24f89c659a3827e2ca8ce7e0b7420bb424d3afffeddfbce419dd,,,True,,
